SMILES,Smiles_Solvent,Smiles_Merged,Predicted_LogS,Prediction_Status,Prediction_Error
CC[n+]1ccc(/C=C/C(C)=C/C=C/C(C)=C/C=C/C=C(C)/C=C/C=C(C)/C=C/c2cc[n+](CC)cc2)cc1,O,CC[n+]1ccc(/C=C/C(C)=C/C=C/C(C)=C/C=C/C=C(C)/C=C/C=C(C)/C=C/c2cc[n+]3(CC)~O~c3c2)cc1,-1.8354415893554688,ok,
CN1CCSC1=CC=CC=CC=CC1=[N+](C)CCS1,O,C[N+]1=C2(~O~N3(C)CCSC3=CC=CC=CC=C2)SCC1,-2.4649264812469482,ok,
CC=CC=CC=CC=CC=CC(=O)C1=C(O)[C@@H](CCC(=O)O)N(C)C1=O,O,CC=CC=CC=CC=CC=CC(=O)C1=C2O~O~C(=O)(O)CC[C@H]2N(C)C1=O,-3.3343236446380615,ok,
CC1(C)C(C=CC2=C(Cl)C(=CC=C3N(CCCCS(=O)(=O)[O-])c4ccc5ccccc5c4C3(C)C)CCC2)=[N+](CCCCS(=O)(=O)[O-])c2ccc3ccccc3c21.[Na+],O,CC1(C)C(=CC=C2CCCC(C=CC3=[N+](CCCCS(=O)(=O)[O-])c4ccc5ccccc5c4C3(C)C)=C2Cl)N(CCCCS(=O)(=O)[O-]~O~[Na+])c2ccc3ccccc3c21,-3.9280388355255127,ok,
CCCCn1c(=CC=CC=CC=CC2=[N+](CCCC)c3cccc4cccc2c34)c2cccc3cccc1c32,O,CCCC[N+]1=C2C=CC=CC=CC=c3c4cccc5cccc(c54)n3(CCCC)~O~c13cccc1cccc2c13,-7.558506011962891,ok,
CC(C=CC=CC=CC=CC(=O)C1=C(O)C(CCC(=O)O)N(C)C1=O)=CC(C)C(O[C@H]1C[C@H](O)[C@H](O)[C@@H](C)O1)C(C)C,O,CC(C=CC=CC=CC=CC(=O)C1=C2O~O~C(=O)(O)CCC2N(C)C1=O)=CC(C)C(O[C@H]1C[C@H](O)[C@H](O)[C@@H](C)O1)C(C)C,-4.681009292602539,ok,
CC1CC2OC(C=CC=CC=CC=CC=CC(=O)C3=C(O)N(C)C(C(C)C)C3=O)C(O)C2O1,O,CC1CC2OC(C=CC=CC=CC=CC=CC(=O)C3=C4(~O~O4)N(C)C(C(C)C)C3=O)C(O)C2O1,-4.736331939697266,ok,
CCN1C(=CC=CC=C2CCC(C=CC=Cc3sc4ccccc4[n+]3CC)=C2Cl)Sc2ccccc21,O,CC[n+]1c2ccccc2sc12~O~N1(CC)C(=CC=CC=C3CCC(=C3Cl)C=CC=C2)Sc2ccccc21,,failed,Featurization failed: RDKit could not parse Smiles_Merged
CC1(C)C(=CC=C2CCCC(C=CC3=[N+](CCCCS(=O)(=O)[O-])c4ccc5ccccc5c4C3(C)C)=C2Cl)N(CCCCS(=O)(=O)[O-])c2ccc3ccccc3c21,O,CC1(C)C2=CC=C3CCCC(=C3Cl)C=CC3=[N+](CCCCS(=O)(=O)[O-])c4(~O~[O-]S(=O)(=O)CCCCN2c2ccc5ccccc5c21)ccc1ccccc1c4C3(C)C,-3.9097354412078857,ok,
CN1/C(=C\C=C2/CCC(C=CC3=[N+](C)c4ccccc4C3(C)C)=C2Cl)C(C)(C)c2ccccc21,O,C[N+]1=C2C=CC3=C(Cl)/C(=C/C=C4/C(C)(C)c5ccccc5N4(C)~O~c14ccccc4C2(C)C)CC3,-7.049056053161621,ok,
[K+].[K+].[O-]S([O-])(=O)=O,O,O=S(=O)([O-])[O-]~O~[K+].[K+],-1.6138817071914673,ok,
CN1/C(=C\C=C2/CCCC(C=CC3=[N+](C)c4ccccc4C3(C)C)=C2Cl)C(C)(C)c2ccccc21,O,C[N+]1=C2C=CC3=C(Cl)/C(=C/C=C4/C(C)(C)c5ccccc5N4(C)~O~c14ccccc4C2(C)C)CCC3,-7.165473937988281,ok,
CCN1C(=O)/C(=C\C=C\C=C\C=C2\N(C)c3ccccc3C2(C)C)SC1=S,O,CCN1C(=S)S/C2=C/C=C/C=C/C=C3\C(C)(C)c4ccccc4N3(C)~O~C21=O,-6.938182830810547,ok,
CC(C=CC=C(C)C=CC(=O)[C@@]1(C)C[C@@H](O)CC1(C)C)=CC=CC=C(C)C=CC=C(C)C=CC1=C(C)C[C@H](O)CC1(C)C,O,CC(C=CC=C(C)C=CC1=C(C)C[C@H](O)CC1(C)C)=CC=CC=C(C)C=CC=C(C)C=CC1(=O)~O~O[C@H]2CC(C)(C)[C@]1(C)C2,-5.966272354125977,ok,
CC(C=O)=CC=CC(C)=CC=CC=C(C)C=CC=C(C)C=CC1=C(C)CCCC1(C)C,O,CC(C=CC=C(C)C=CC1=C(C)CCCC1(C)C)=CC=CC=C(C)C=CC=C(C)C1~O~O=1,-6.144196510314941,ok,
CC(C=CC=C(C)C=CC(=O)[C@]1(C)C[C@@H](O)CC1(C)C)=CC=CC=C(C)C=CC=C(C)C=CC1=C(C)C[C@@H](O)CC1(C)C,O,CC(C=CC=C(C)C=CC1=C(C)C[C@@H](O)CC1(C)C)=CC=CC=C(C)C=CC=C(C)C=CC1(=O)~O~O[C@H]2CC(C)(C)[C@@]1(C)C2,-5.976720809936523,ok,
CC1(C)C(/C=C/C2=C(Cl)/C(=C/C=C3\N(CCCCS(=O)(=O)[O-])c4ccccc4C3(C)C)CCC2)=[N+](CCCCS(=O)(=O)[O-])c2ccccc21.[Na+],O,CC1(C)C(/C=C/C2=C(Cl)/C(=C/C=C3\N(CCCCS(=O)(=O)[O-]~O~[Na+])c4ccccc4C3(C)C)CCC2)=[N+](CCCCS(=O)(=O)[O-])c2ccccc21,-3.959909439086914,ok,
CC(C=CC=C(C)C=CC1=C(C)C[C@@H](O)CC1(C)C)=CC=CC=C(C)C=CC=C(C)C=CC1=C(C)C[C@@H](O)CC1(C)C,O,CC(C=CC=C(C)C=CC1=C(C)C[C@@H](O)CC1(C)C)=CC=CC=C(C)C=CC=C(C)C=CC1=C(C)CC2(~O~O2)CC1(C)C,-6.495113372802734,ok,
CC1(C)C(=CC=C2CCCC(C=CC3=[N+](CCCCCC(=O)O)c4ccccc4C3(C)C)=C2Cl)N(CCCCCC(=O)O)c2ccccc21,O,CC1(C)C2=CC=C3CCCC(=C3Cl)C=CC3=[N+](CCCCCC(=O)(O)~O~OC(=O)CCCCCN2c2ccccc21)c1ccccc1C3(C)C,-4.174327373504639,ok,
CCN1C(=CC=C2CCC(C=Cc3sc4ccccc4[n+]3CC)=C2Cl)Sc2ccccc21,O,CC[n+]1c2ccccc2sc12~O~N1(CC)C(=CC=C3CCC(=C3Cl)C=C2)Sc2ccccc21,,failed,Featurization failed: RDKit could not parse Smiles_Merged
CC(C=CC=C(C)C=CC1=C(C)CC(O)CC1(C)C)=CC=CC=C(C)C=CC=C(C)C=CC1=C(C)CC(O)CC1(C)C,O,CC(C=CC=C(C)C=CC1=C(C)CC(O)CC1(C)C)=CC=CC=C(C)C=CC=C(C)C=CC1=C(C)CC2(~O~O2)CC1(C)C,-6.341320991516113,ok,
CC1(C)C(C=CC2=C(Cl)C(=CC=C3N(CCCCCC(=O)O)c4ccccc4C3(C)C)CCC2)=[N+](CCCCCC(=O)O)c2ccccc21.[Br-],O,CC1(C)C(=CC=C2CCCC(C=CC3=[N+](CCCCCC(=O)(O)~O~[Br-])c4ccccc4C3(C)C)=C2Cl)N(CCCCCC(=O)O)c2ccccc21,-5.3486199378967285,ok,
CC1(C)C(/C=C/C=C/C=C/C=C2/N(CCCCS(=O)(=O)O[Na])c3ccc4ccccc4c3C2(C)C)=[N+](CCCCS(=O)(=O)[O-])c2ccc3ccccc3c21,O,CC1(C)C2=[N+](CCCCS(=O)(=O)[O-]~O~C(/C=C/C=C3/N(CCCCS(=O)(=O)O[Na])c4ccc5ccccc5c4C3(C)C)=C\C=C\2)c2ccc3ccccc3c21,-3.9751527309417725,ok,
CC(C)(C)C1=CC(=CC=CC=Cc2cc(C(C)(C)C)c3ccccc3[o+]2)Oc2ccccc21,O,CC(C)(C)C1=CC2=CC=CC=Cc3cc(C(C)(C)C)c4ccccc4(~O~O2c2ccccc21)[o+]3,-10.43283462524414,ok,
CC(C=CC=C(C)C=CC1=C(C)C(=O)CCC1(C)C)=CC=CC=C(C)C=CC=C(C)C=CC1=C(C)C(=O)C(O)CC1(C)C,O,CC(C=CC=C(C)C=CC1=C(C)C(=O)CCC1(C)C)=CC=CC=C(C)C=CC=C(C)C=CC1=C(C)C2(=O)~O~OC2CC1(C)C,-5.9145355224609375,ok,
CCCN1/C(=C\C=C2/CCCC(/C=C/C3=[N+](CCC)c4ccccc4C3(C)C)=C2Cl)C(C)(C)c2ccccc21.[I-],O,CCCN1/C(=C\C=C2/CCCC(/C=C/C3=[N+](CCC)c4(~O~[I-])ccccc4C3(C)C)=C2Cl)C(C)(C)c2ccccc21,-7.217012405395508,ok,
C[N+]1=C(C=CC=CC=CN2CCOCC2)C(C)(C)c2ccccc21,O,C[N+]1=C2C=CC=CC=CN3CCO(~O~c14ccccc4C2(C)C)CC3,-3.3620638847351074,ok,
CN(C)/C=C/C=C/C=C1\CC[n+]2c1sc1ccccc12,O,CN1(C)~O~c23sc4ccccc4[n+]2CC/C3=C\C=C\C=C\1,-5.5415143966674805,ok,
CC(C=CC=C(C)C=CC1=C(C)C(=O)CCC1(C)C)=CC=CC=C(C)C=CC=C(C)C=CC1=C(C)C(=O)CCC1(C)C,O,CC(C=CC=C(C)C=CC1=C(C)C(=O)CCC1(C)C)=CC=CC=C(C)C=CC=C(C)C=CC1=C(C)C2(~O~O=2)CCC1(C)C,-5.665128707885742,ok,
CN1/C(=C/C=C/C=C2\c3cc([N+](=O)[O-])ccc3-c3c2cc([N+](=O)[O-])cc3[N+](=O)[O-])C(C)(C)c2ccccc21,O,CC1(C)/C2=C\C=C\C=C3/c4cc([N+](=O)[O-])ccc4-c4c3cc([N+](=O)[O-])cc4([N+](=O)[O-])~O~N2(C)c2ccccc21,-7.007295608520508,ok,
CC(C=CC=C(C)C=CC1=C(C)C(=O)[C@@H](O)CC1(C)C)=CC=CC=C(C)C=CC=C(C)C=CC1=C(C)C(=O)[C@@H](O)CC1(C)C,O,CC(C=CC=C(C)C=CC1=C(C)C(=O)[C@@H](O)CC1(C)C)=CC=CC=C(C)C=CC=C(C)C=CC1=C(C)C2(=O)~O~O[C@H]2CC1(C)C,-5.642058849334717,ok,
CC[N+]1=C(/C=C/C=C/C=C/C=C2/N(CCCCCC(=O)O)c3ccc(S(=O)(=O)O)cc3C2(C)C)C(C)(C)c2cc(S(=O)(=O)[O-])ccc21,O,CC[N+]1=C2/C=C/C=C/C=C/C=C3/N(CCCCCC(=O)(O)~O~[O-]S(=O)(=O)c4ccc1c(c4)C2(C)C)c1ccc(S(=O)(=O)O)cc1C3(C)C,-4.47025203704834,ok,
CN1/C(=C\C=C\C=C\C=C\C2=[N+](C)c3ccccc3C2(C)C)C(C)(C)c2ccccc21,O,C[N+]1=C2/C=C/C=C/C=C/C=C3/C(C)(C)c4ccccc4N3(C)~O~c13ccccc3C2(C)C,-6.8068132400512695,ok,
CN1/C(=C/C=C/C=C/C=C/C2=[N+](C)c3ccccc3C2(C)C)C(C)(C)c2ccccc21,O,C[N+]1=C2/C=C/C=C/C=C/C=C3\C(C)(C)c4ccccc4N3(C)~O~c13ccccc3C2(C)C,-6.909885406494141,ok,
CCN1C(=CC=CC=CC=Cc2sc3ccccc3[n+]2CC)Sc2ccccc21,O,CC[n+]1c2ccccc2sc12~O~N1(CC)C(=CC=CC=CC=C2)Sc2ccccc21,,failed,Featurization failed: RDKit could not parse Smiles_Merged
CCCCn1c(=CC=CC2=[N+](CCCC)c3cccc4cccc2c34)c2cccc3cccc1c32,O,CCCC[N+]1=C2C=CC=c3c4cccc5cccc(c54)n3(CCCC)~O~c13cccc1cccc2c13,-7.4903764724731445,ok,
CCCN1/C(=C\C=C2/CCCC(/C=C/C3=[N+](CCC)c4ccccc4C3(C)C)=C2Cl)C(C)(C)c2ccccc21,O,CCC[N+]1=C2/C=C/C3=C(Cl)/C(=C/C=C4/C(C)(C)c5ccccc5N4(CCC)~O~c14ccccc4C2(C)C)CCC3,-7.357718467712402,ok,
CC[N+]1=C(C=CC=CC=CN(C)C)C(C)(C)c2c1ccc1ccccc21,O,CC[N+]1=C2C=CC=CC=CN(C)(C)~O~c13ccc1ccccc1c3C2(C)C,-6.168764114379883,ok,
CC1(C)C(/C=C/C2=C(Cl)/C(=C/C=C3\N(CCCCS(=O)(=O)[O-])c4ccccc4C3(C)C)CCC2)=[N+](CCCCS(=O)(=O)[O-])c2ccccc21,O,CC1(C)C2=[N+](CCCCS(=O)(=O)[O-])c3(~O~[O-]S(=O)(=O)CCCCN4/C(=C\C=C5/CCCC(=C5Cl)/C=C/2)C(C)(C)c2ccccc24)ccccc31,-4.375239849090576,ok,
CC(/C=C/C=C(\C)C(=O)[O-])=C\C=C\C=C(C)\C=C\C=C(/C)C(=O)[O-].[Na+].[Na+],O,CC(/C=C/C=C(\C)C(=O)[O-])=C\C=C\C=C(C)\C=C\C=C(/C)C([O-])=O~O~[Na+].[Na+],-1.755544900894165,ok,
CC[N+]1=C(/C=C/C=C/C=C/C=C2/N(CCCCCC(=O)ON3C(=O)CCC3=O)c3ccc(S(=O)(=O)O)cc3C2(C)C)C(C)(C)c2cc(S(=O)(=O)[O-])ccc21,O,CC[N+]1=C2/C=C/C=C/C=C/C=C3/N(CCCCCC(=O)(ON4C(=O)CCC4=O)~O~[O-]S(=O)(=O)c4ccc1c(c4)C2(C)C)c1ccc(S(=O)(=O)O)cc1C3(C)C,-4.361340522766113,ok,
CN1/C(=C\C=C\C=C\C2=[N+](C)c3ccc4ccccc4c3C2(C)C)C(C)(C)c2c1ccc1ccccc21,O,C[N+]1=C2/C=C/C=C/C=C3/C(C)(C)c4c(ccc5ccccc45)N3(C)~O~c13ccc1ccccc1c3C2(C)C,-7.027875900268555,ok,
CCc1ccc(-c2cc(-c3ccccc3)c3c([o+]2)/C(=C/c2ccc(N(C)C)cc2)CCC3)cc1,O,CCc1ccc(-c23~O~N(C)(C)c4ccc(cc4)/C=C4\CCCc(c(-c5ccccc5)c2)c4[o+]3)cc1,-10.112866401672363,ok,
CCN1C(=CC=C2CCc3c(-c4ccccc4)cc(-c4ccccc4)[o+]c32)Sc2ccccc21,O,CCN12~O~c3(-c4ccccc4)cc(-c4ccccc4)c4c([o+]3)C(=CC=C1Sc1ccccc12)CC4,-9.402202606201172,ok,
C(=CC=CC=Cc1ccco1)C=CC=CC=NN/C(=N\c1ccccc1)c1ccccn1,O,C1=CC=CC=Cc2ccco2~O~C(=Nc2ccccc2)(c2ccccn2)NN=CC=CC=C1,-5.533873558044434,ok,
CN1C(=CC=CC=CC=CC2=[N+](C)c3ccccc3C2(C)C)C(C)(C)c2ccccc21,O,C[N+]1=C2C=CC=CC=CC=C3C(C)(C)c4ccccc4N3(C)~O~c13ccccc3C2(C)C,-6.189366340637207,ok,
CN(C)/C=C/C=C/C=C1\c2ccccc2-c2ccc([N+](=O)[O-])cc21,O,CN1(C)~O~c2([N+](=O)[O-])ccc3c(c2)/C(=C/C=C/C=C/1)c1ccccc1-3,-6.494311332702637,ok,
O=[N+]([O-])C1=CC2=C(C=C1)C(C=CC=C3)=C3/C2=C\C=C\C=C\N(C)C,O,CN1(C)~O~c2([N+](=O)[O-])ccc3c(c2)/C(=C/C=C/C=C/1)c1ccccc1-3,-6.494311332702637,ok,
CCN1C(=O)/C(=C\C=C\C=C2\N(C)c3ccccc3C2(C)C)OC1=S,O,CCN1C(=S)O2~O~C1(=O)/C2=C\C=C\C=C1\N(C)c2ccccc2C1(C)C,-5.897018909454346,ok,
CC(C=CC1=C(C)CCCC1(C)C)=CC=CC(C)=CC(=O)ON1C(=O)CCC1=O,O,CC(C=CC1=C(C)CCCC1(C)C)=CC=CC(C)=CC1(=O)~O~O1N1C(=O)CCC1=O,-5.033585548400879,ok,
CCCCN1/C(=C\C=C\C=C\C2=[N+](CCCC)c3ccc4ccccc4c3C2(C)C)C(C)(C)c2c1ccc1ccccc21,O,CCCC[N+]1=C2/C=C/C=C/C=C3/C(C)(C)c4c(ccc5ccccc45)N3(CCCC)~O~c13ccc1ccccc1c3C2(C)C,-7.396979331970215,ok,
CN(C)c1ccc(C=C2CCCC(=Cc3ccc([N+](=O)[O-])cc3)C2=O)cc1,O,CN1(C)~O~c2([N+](=O)[O-])ccc(cc2)C=C2CCCC(=Cc3ccc1cc3)C2=O,-5.785580158233643,ok,
CCN1C(=CC=C2CCC(=CC=C3Sc4ccc5ccccc5c4N3CC)C2=O)Sc2ccc3ccccc3c21,O,CCN1C(=CC=C2CCC3=CC=C4Sc5ccc6ccccc6c5N4(CC)~O~C23=O)Sc2ccc3ccccc3c21,-5.949743270874023,ok,
CN(C)/C=C/C=C/C=C1\CCC/C(=C\C=C\C=C\N(C)C)C1=O,O,CN(C)/C=C/C=C/C=C1\CCC/C2=C\C=C\C=C\N(C)(C)~O~C12=O,-4.420198917388916,ok,
[2H]C([2H])([2H])C(C=CC=C(C)C=CC1=C(C)CCCC1(C)C)=CCOC(C)=O,O,[2H]C([2H])([2H])C(C=CC=C(C)C=CC1=C(C)CCCC1(C)C)=CCO1~O~C1(C)=O,-6.875775337219238,ok,
CCCCN(CCCC)c1ccc(C2=C([O-])C(=C3C=CC(=[N+](CCCC)CCCC)C=C3O)C2=O)c(O)c1,O,CCCCN(CCCC)c1ccc(C2=C3[O-]~O~C4(=[N+](CCCC)CCCC)C=CC(=C3C2=O)C(O)=C4)c(O)c1,-4.741591453552246,ok,
CN1C(=O)/C(=C(O)\C=C\C=C\C=C\C=C\C=C\C(=O)O)C(=O)[C@@H]1CO,O,CN1C(=O)/C(=C2\C=C\C=C\C=C\C=C\C=C\C(=O)(O)~O~O2)C(=O)[C@@H]1CO,-4.619618892669678,ok,
CCN1C(=CC=C2CCC(C=Cc3sc4ccccc4[n+]3CC)=C2C)Sc2ccccc21,O,CC[n+]1c2ccccc2sc12~O~N1(CC)C(=CC=C3CCC(=C3C)C=C2)Sc2ccccc21,,failed,Featurization failed: RDKit could not parse Smiles_Merged
CCc1ccc(-c2cc(-c3ccccc3)c3c([o+]2)C(=Cc2ccc(N(C)C)cc2)CCC3)cc1,O,CCc1ccc(-c23~O~N(C)(C)c4ccc(cc4)C=C4CCCc(c(-c5ccccc5)c2)c4[o+]3)cc1,-10.082942962646484,ok,
CN(C)/C=C/C=C/C=C1\CCC/C(=C\C=C\N(C)C)C1=O,O,CN(C)/C=C/C=C1\CCC/C2=C\C=C\C=C\N(C)(C)~O~C21=O,-3.209329605102539,ok,
CN1C(=O)C(=C(O)C=CC=CC=C[C@H]2C=CCC[C@@H]2C=CC=CC=CC(O)=C2C(=O)[C@H](CO)N(C)C2=O)C(=O)[C@@H]1CO,O,CN1C(=O)C(=C(O)C=CC=CC=C[C@H]2CCC=C[C@@H]2C=CC=CC=CC2=C3C(=O)[C@H](CO)N(C)C3(=O)~O~O2)C(=O)[C@@H]1CO,-4.226502418518066,ok,
CCN1C(=O)/C(=C\C=C\C=C\C=C2\N(C)c3ccccc3C2(C)C)OC1=S,O,CCN1C(=S)O2~O~C1(=O)/C2=C\C=C\C=C\C=C1\N(C)c2ccccc2C1(C)C,-6.236136436462402,ok,
CCN1/C(=C/C=C/C=C/C=C/c2sc3ccccc3[n+]2CC)Sc2ccccc21,O,CC[n+]1c2ccccc2sc12~O~N1(CC)/C(=C/C=C/C=C/C=C/2)Sc2ccccc21,,failed,Featurization failed: RDKit could not parse Smiles_Merged
CC(=O)N(/C=C/C=C/C=C/C1=[N+](CCCCS(=O)(=O)[O-])c2ccc3ccccc3c2C1(C)C)c1ccccc1,O,CC1(C)C2=[N+](CCCCS(=O)(=O)[O-]~O~C(C)(=O)N(c3ccccc3)/C=C/C=C/C=C/2)c2ccc3ccccc3c21,-3.7474191188812256,ok,
"[Na+].[O-]c1ccc(cc1)N=C1C=C(Cl)C(=O)C(Cl)=C1 |c:16,t:10|",O,O=C1C(Cl)=CC(=Nc2ccc([O-]~O~[Na+])cc2)C=C1Cl,-1.8595906496047974,ok,
CCN1/C(=C\C=C\C=C\C=C\c2sc3ccccc3[n+]2CC)Sc2ccccc21,O,CC[n+]1c2ccccc2sc12~O~N1(CC)/C(=C\C=C\C=C\C=C\2)Sc2ccccc21,,failed,Featurization failed: RDKit could not parse Smiles_Merged
CN(C)C=CC=CC=CC1=[N+](C)c2ccccc2C1(C)C,O,C[N+]1=C2C=CC=CC=CN(C)(C)~O~c13ccccc3C2(C)C,-3.737765073776245,ok,
O=C(O)c1ccccc1C1=c2cc3c4c(c2Oc2c1cc1c5c2CCCN5CCC1)CCC[N+]=4CCC3,O,O=C1(c2ccccc2C2=c3cc4c5c(c3Oc3c2cc2c6c3CCCN6CCC2)CCC[N+]=5CCC4)~O~O1,-3.3053553104400635,ok,
CC(C=CC1=C(C)CCCC1(C)C)=CC=CC(C)=CC(=O)O,O,CC(C=CC1=C(C)CCCC1(C)C)=CC=CC(C)=CC1(=O)~O~O1,-4.773195743560791,ok,
CC(=O)OCC=C(C)C=CC=C(C)C=CC1=C(C)CCCC1(C)C,O,CC(C=CC1=C(C)CCCC1(C)C)=CC=CC(C)=CCO1~O~C1(C)=O,-5.667824745178223,ok,
CC(C=CC=C(C)C=CC1=C(C)C(O)CCC1(C)C)=CC=O,O,CC1=CC=CC(C)=CC(=O)~O~OC2CCC(C)(C)C(=C2C)C=C1,-4.037902355194092,ok,
CN(C)c1ccc(/C=C2\CCc3c(-c4ccccc4)cc(-c4ccccc4)[se+]c32)cc1,O,,,failed,"Pre-condition Violation
	bond already exists
	Violation occurred on line 334 in file Code/GraphMol/RWMol.cpp
	Failed Expression: !(boost::edge(atomIdx1, atomIdx2, d_graph).second)
	RDKIT: 2022.09.5
	BOOST: 1_78
"
CC(C=CC1=C(C)C(O)CCC1(C)C)=CC=CC(C)=CC(=O)O,O,CC(C=CC1=C(C)C(O)CCC1(C)C)=CC=CC(C)=CC1(=O)~O~O1,-4.3068156242370605,ok,
N#CC(C#N)=C(C#N)C#N,O,N#CC(C#N)=C1(C#N)~O~N#C1,-3.511756658554077,ok,
CCCN(CCC)c1ccc(/C=C/c2cc(-c3ccc(OCC)cc3)cc(-c3ccc(OCC)cc3)[o+]2)cc1,O,CCCN(CCC)c1ccc(/C=C/c2cc3cc(-c4ccc(OCC)cc4)(~O~O(CC)c4ccc-3cc4)[o+]2)cc1,-11.023750305175781,ok,
CCN1/C(=C\C=C2\CCc3c(-c4ccccc4)cc(-c4ccccc4)[o+]c32)Sc2ccccc21,O,CCN12~O~c3(-c4ccccc4)cc(-c4ccccc4)c4c([o+]3)/C(=C\C=C/1Sc1ccccc12)CC4,-9.419439315795898,ok,
COc1ccc(N(/C=C/C=C/C=C2\SC(=S)N(C)C2=O)C(C)=O)cc1,O,CC(=O)N1/C=C/C=C/C=C2\SC(=S)N(C)C2(=O)~O~O(C)c2ccc1cc2,-5.793109893798828,ok,
CCN1C(=O)C(=CC2=C(OC)C(=CC=C3Sc4ccccc4N3CC)CC2)SC1=S,O,CCN1C(=CC=C2CCC3=C2O(C)~O~C2(=O)C(=C3)SC(=S)N2CC)Sc2ccccc21,-6.747351169586182,ok,
CC(C=CC1=C(C)CCCC1(C)C)=CC=CC(C)=CC=NCCCC[C@H](N)C(=O)O,O,CC(C=CC1=C(C)CCCC1(C)C)=CC=CC(C)=CC=NCCCC[C@H](N)C1(=O)~O~O1,-2.9834694862365723,ok,
CCN1/C(=C/C=C/C=C/C2=[N+](CCCCCC(=O)O)c3ccc(S(=O)(=O)O)cc3C2(C)C)C(C)(C)c2cc(S(=O)(=O)[O-])ccc21,O,CCN1/C2=C/C=C/C=C/C3=[N+](CCCCCC(=O)(O)~O~[O-]S(=O)(=O)c4ccc1c(c4)C2(C)C)c1ccc(S(=O)(=O)O)cc1C3(C)C,-4.295056343078613,ok,
OCCN1C(=CC=C2CCC(C=Cc3sc4ccccc4[n+]3CCO)=C2c2ccccc2)Sc2ccccc21,O,OCC[n+]1c2ccccc2sc12~O~OCCN1C(=CC=C3CCC(=C3c3ccccc3)C=C2)Sc2ccccc21,,failed,Featurization failed: RDKit could not parse Smiles_Merged
CN(C)c1ccc(/C=C2\CCc3c(-c4ccccc4)cc(-c4ccccc4)[o+]c32)cc1,O,CN1(C)~O~c2(-c3ccccc3)cc(-c3ccccc3)c3c([o+]2)/C(=C/c2ccc1cc2)CC3,-9.313020706176758,ok,
CCN1/C(=C/C=C2\CC/C(=C\C=C3/Sc4ccccc4N3CC)C2=O)Sc2ccccc21,O,CCN1/C(=C/C=C2\CC/C3=C\C=C4/Sc5ccccc5N4(CC)~O~C23=O)Sc2ccccc21,-5.347860813140869,ok,
CCN(CC)c1ccc(C=CC=CC=Cc2cc[n+](CCC[N+](CC)(CC)CC)cc2)cc1,O,CCN1(CC)~O~c2cc(cc[n+]2CCC[N+](CC)(CC)CC)C=CC=CC=Cc2ccc1cc2,-5.326895713806152,ok,
O=C1NC(=S)S/C1=C/C=C/C=C/c1ccc([N+](=O)[O-])cc1,O,O=C1/C2=C\C=C\C=C\c3ccc([N+](=O)[O-])(~O~N1C(=S)S2)cc3,-4.864787578582764,ok,
CC(C=CC1=C(C)CCCC1(C)C)=CC=CC(C)=CCO[Si](C)(C)C(C)(C)C,O,CC(C=CC1=C(C)CCCC1(C)C)=CC=CC(C)=CCO1~O~[Si]1(C)(C)C(C)(C)C,-6.437535762786865,ok,
CCO/C=C1/CCCc2cc3c([o+]c21)/C(=C/OCC)CCC3,O,CCO/C=C1\CCCc2cc3c4[o+]c21~O~O(CC)/C=C\4CCC3,-6.651681423187256,ok,
CN(/C=C/C=C/C=C/C1=[N+](C)c2ccccc2C1(C)C)c1ccccc1,O,C[N+]1=C2/C=C/C=C/C=C/N(C)(c3ccccc3)~O~c13ccccc3C2(C)C,-6.0269036293029785,ok,
CC(C=CC1=C(C)C(=NO)CCC1(C)C)=CC=CC(C)=CC(=O)O,O,CC(C=CC1=C(C)C(=NO)CCC1(C)C)=CC=CC(C)=CC1(=O)~O~O1,-4.602097988128662,ok,
CN(/C=C/C=C1\CC/C(=C\C=C\N(C)c2ccccc2)C1=O)c1ccccc1,O,CN(/C=C/C=C1\CC/C2=C\C=C\N(C)(c3ccccc3)~O~C12=O)c1ccccc1,-5.023235321044922,ok,
CN(C)C=CC=CC=CC(=O)c1ccc(C(=O)C=CC=CC=CN(C)C)cc1,O,CN(C)C=CC=CC=CC(=O)c1ccc(C2(=O)~O~N(C)(C)C=CC=CC=C2)cc1,-4.742099761962891,ok,
CCN(CC)CC.CC[N+]1=C(/C=C/C=C/C=C/C=C2/N(CCCCCC(=O)ON3C(=O)CCC3=O)c3ccc(S(=O)(=O)O)cc3C2(C)C)C(C)(C)c2cc(S(=O)(=O)[O-])ccc21,O,CCN(CC)CC.CC[N+]1=C2/C=C/C=C/C=C/C=C3/N(CCCCCC(=O)(ON4C(=O)CCC4=O)~O~[O-]S(=O)(=O)c4ccc1c(c4)C2(C)C)c1ccc(S(=O)(=O)O)cc1C3(C)C,-3.978844404220581,ok,
[C][C]([C])[N]C(c1ccc(N2[C][C][C][C]2)cc1)=c1ccc(=C(C#N)C#N)cc1,O,[C][C]([C])[N]C1=c2ccc(cc2)=C(C#N)(C#N)~O~N2([C][C][C][C]2)c2ccc1cc2,-4.580779075622559,ok,
CCN1/C(=C\C=C\C=C\C2=[N+](CC)c3ccc(S(=O)(=O)[O-])cc3C2(C)C)C(C)(C)c2cc(S(=O)(=O)O)ccc21,O,CCN1/C2=C\C=C\C=C\C3=[N+](CC)c4ccc(cc4C3(C)C)S(=O)(=O)[O-]~O~S(=O)(=O)(O)c3ccc1c(c3)C2(C)C,-4.252018451690674,ok,
O=C1/C(=C\C=C(Cl)Cl)CCC/C1=C\C=C(Cl)Cl,O,ClC(Cl)=C/C=C1/CCC/C(=C\C=C(Cl)Cl)C12~O~O=2,-5.476078033447266,ok,
CN(C)c1ccc(/C=C2\CCc3c(-c4ccccc4)cc(-c4ccccc4)[s+]c32)cc1,O,CN1(C)~O~c2(-c3ccccc3)cc(-c3ccccc3)c3c([s+]2)/C(=C/c2ccc1cc2)CC3,-8.631998062133789,ok,
CN1C(=O)C(=CC=CC=Cc2ccc([N+](=O)[O-])cc2)SC1=S,O,CN12~O~c3([N+](=O)[O-])ccc(cc3)C=CC=CC=C(SC1=S)C2=O,-5.118900299072266,ok,
N#CC(C#N)=c1ccc(=C(C#N)c2ccc(N3[C][C][C][C]3)cc2)cc1,O,N#CC1=c2ccc(cc2)=C(C#N)(C#N)~O~N2([C][C][C][C]2)c2ccc1cc2,-4.727469444274902,ok,
CN(C)C=CC=CC=C1c2ccccc2-c2c(-c3ccccc3)cc(-c3ccccc3)[o+]c21,O,CN1(C)~O~c23[o+]c(-c4ccccc4)cc(-c4ccccc4)c2-c2ccccc2C3=CC=CC=C1,-9.679153442382812,ok,
CN(C)c1ccc(/C=C2\CCC/C(=C/c3ccc([N+](=O)[O-])cc3)C2=O)cc1,O,CN1(C)~O~c2([N+](=O)[O-])ccc(cc2)/C=C2/CCC/C(=C\c3ccc1cc3)C2=O,-5.78611421585083,ok,
N#Cc1c2cc3c4c(c2[o+]c2c5c6c(cc12)CCCN6CCC5)CCCN4CCC3,O,N#Cc1c2cc3c4c5c2[o+]c2(~O~N4(CCC3)CCC5)c3c4c(cc12)CCCN4CCC3,-9.358856201171875,ok,
CN(C)/C=C/C=C1\CC/C(=C\C=C\N(C)C)C1=O,O,CN(C)/C=C/C=C1\CC/C2=C\C=C\N(C)(C)~O~C12=O,-2.3799750804901123,ok,
N#CC(C#N)=c1ccc(=C(C#N)c2ccc(N3[C][C][C][C][C]3)cc2)cc1,O,N#CC1=c2ccc(cc2)=C(C#N)(C#N)~O~N2([C][C][C][C][C]2)c2ccc1cc2,-4.621877670288086,ok,
Cc1ccc(C(=O)c2c(/C=C/c3ccc(N(C)C)cc3)oc3cc(C#N)c(C#N)cc23)cc1,O,Cc1ccc(C2(=O)~O~o3c(/C=C/c4ccc(N(C)C)cc4)c2c2cc(C#N)c(C#N)cc23)cc1,-6.3104248046875,ok,
COC(=O)/C(C(C)=O)=C(\C=C\C=C\C=C\N(C)C)N(C)C,O,CC(=O)/C(=C(/C=C/C=C/C=C/N(C)C)N(C)C)C1(=O)~O~O1C,-3.5825774669647217,ok,
CCN1C=C/C(=C/C=C\c2cc[n+](CC)c3ccccc23)c2ccccc21,O,CC[n+]1ccc2c3ccccc31~O~N1(CC)C=C/C(=C/C=C\2)c2ccccc21,-5.142594337463379,ok,
CC(C=CC1=C(C)CCCC1(C)C)=CC=CC(C)=CC=NNc1nc2ccccc2s1,O,CC(C=CC1=C(C)CCCC1(C)C)=CC=CC(C)=CC=NN1~O~c12nc1ccccc1s2,,failed,Featurization failed: RDKit could not parse Smiles_Merged
CC1=C(/C=C/C(C)=C/C=C/C(C)=C/C(=O)ON2C(=O)CCC2=O)C(C)(C)CCC1,O,CC1=C(/C=C/C(C)=C/C=C/C(C)=C/C2(=O)~O~O2N2C(=O)CCC2=O)C(C)(C)CCC1,-5.5120038986206055,ok,
CC(C=CC1=C(C)CCCC1(C)C)=CC=CC(C)=CC(=O)N[C@@H](CC(C)C)C(=O)O,O,CC(C=CC1=C(C)CCCC1(C)C)=CC=CC(C)=CC(=O)N[C@@H](CC(C)C)C1(=O)~O~O1,-5.184126853942871,ok,
CC(=O)OC/C=C(C)\C=C\C=C(C)\C=C\C1=C(C)CCCC1(C)C,O,CC1=C(/C=C/C(C)=C/C=C/C(C)=C\CO2~O~C2(C)=O)C(C)(C)CCC1,-5.96981954574585,ok,
CN1/C(=C/C=C/c2cc(-c3ccccc3)cc(-c3ccccc3)[o+]2)C(C)(C)c2ccccc21,O,CC1(C)/C2=C\C=C\c3cc(-c4ccccc4)cc(-c4ccccc4)(~O~N2(C)c2ccccc21)[o+]3,-9.716207504272461,ok,
CC1=C(C=CC(C)=CC=CC(C)=CC=CC=C(C)C=CC=C(C)C=CC2=C(C)C(=O)CCC2(C)C)C(C)(C)CCC1=O,O,CC(C=CC=C(C)C=CC1=C(C)C(=O)CCC1(C)C)=CC=CC=C(C)C=CC=C(C)C=CC1=C(C)C2(~O~O=2)CCC1(C)C,-5.665128231048584,ok,
CN(C)c1ccc(C2=C([O-])c3nc4ccccc4cc3C2=O)cc1,O,CN(C)c1ccc(C2=C3[O-]~O~C2(=O)c2cc4ccccc4nc23)cc1,-3.7901344299316406,ok,
O=C1/C(=C\C=C(Cl)Cl)CC/C1=C/C=C(Cl)Cl,O,ClC(Cl)=C/C=C1/CC/C(=C/C=C(Cl)Cl)C12~O~O=2,-5.085588455200195,ok,
CC(C=CC1=C(C)C(=O)CCC1(C)C)=CC=CC(C)=CC(=O)O,O,CC(C=CC1=C(C)C(=O)CCC1(C)C)=CC=CC(C)=CC1(=O)~O~O1,-4.442043304443359,ok,
COc1ccc(N/C=C/C=C/C=C2\SC(=S)N(C)C2=O)cc1,O,CN1C(=S)S/C2=C\C=C\C=C\Nc3ccc(cc3)O(C)~O~C21=O,-5.969574928283691,ok,
CN1/C(=C\C=C\C=C\C2=[N+](C)c3cc4oc5ccccc5c4cc3C2(C)C)C(C)(C)c2cc3c(cc21)oc1ccccc13,O,CN1/C2=C\C=C\C=C\C3=[N+](C)c4(~O~o5c6ccccc6c6cc(c1cc65)C2(C)C)cc1oc2ccccc2c1cc4C3(C)C,-7.233940601348877,ok,
N#Cc1c2cc3c4c(c2[o+]c2c5c6c(cc12)CCCN6CCC5)CCCN4CCC3.[O-][Cl+3]([O-])([O-])[O-],O,N#Cc1c2cc3c4c5c2[o+]c2(~O~N4(CCC3)CCC5)c3c4c(cc12)CCCN4CCC3.[O-][Cl+3]([O-])([O-])[O-],-9.117431640625,ok,
CN(C)c1ccc(/C=C/c2cc(-c3ccccc3)[se+]c3ccccc23)cc1,O,,,failed,"Pre-condition Violation
	bond already exists
	Violation occurred on line 334 in file Code/GraphMol/RWMol.cpp
	Failed Expression: !(boost::edge(atomIdx1, atomIdx2, d_graph).second)
	RDKIT: 2022.09.5
	BOOST: 1_78
"
CCC1=C(/C=C/c2sc3ccccc3[n+]2CC)CCC/C1=C\C=C1\Sc2ccccc2N1CC,O,CCC1=C2/C=C/c3(~O~N4(CC)/C(=C\C=C\1CCC2)Sc1ccccc14)sc1ccccc1[n+]3CC,,failed,Featurization failed: RDKit could not parse Smiles_Merged
CCN1/C(=C/C=C/C=C/C2=C/C(=C/c3sc4ccccc4[n+]3CC)CC(C)(C)C2)Sc2ccccc21,O,CC[n+]1c2ccccc2sc12~O~N1(CC)/C(=C/C=C/C=C/C3=C/C(=C/2)CC(C)(C)C3)Sc2ccccc21,,failed,Featurization failed: RDKit could not parse Smiles_Merged
CC1=C(/C=C/C(C)=C/C=C/C(C)=C\C(=O)O)C(C)(C)CCC1,O,CC1=C(/C=C/C(C)=C/C=C/C(C)=C\C2(=O)~O~O2)C(C)(C)CCC1,-5.117733955383301,ok,
CN(C)c1ccc(/C=C2\CCc3c(-c4cccs4)cc(-c4cccs4)[s+]c32)cc1,O,CN1(C)~O~c2(-c3cccs3)cc(-c3cccs3)c3c([s+]2)/C(=C/c2ccc1cc2)CC3,-9.060161590576172,ok,
CC(C)(C)C1=CC(=CC=Cc2cc(C(C)(C)C)c3ccccc3[o+]2)Oc2ccccc21,O,CC(C)(C)C1=CC2=CC=Cc3cc(C(C)(C)C)c4ccccc4(~O~O2c2ccccc21)[o+]3,-10.302626609802246,ok,
CN(C)c1ccc(/C=C/c2cc(C(C)(C)C)c3ccccc3[o+]2)cc1,O,CC(C)(C)c1cc2[o+]c3(~O~N(C)(C)c4ccc(cc4)/C=C/2)ccccc13,-8.96590805053711,ok,
CCN(CC)c1ccc(C=CC=CC=Cc2cc[n+](CCC[N+](CC)(CC)CC)cc2)cc1.[Br-].[Br-],O,CCN(CC)c1ccc(C=CC=CC=Cc2cc[n+](CCC[N+](CC)(CC)CC)c(~O~[Br-])c2)cc1.[Br-],-4.105978012084961,ok,
COC1CC(=O)C2CCCCC(C)OC(=O)C3=C(C=CC=CC=CC(=O)O)OC1C32,O,COC1CC(=O)C2CCCCC(C)OC3(=O)~O~O4C(C=CC=CC=CC(=O)O)=C3C2C14,-6.142460823059082,ok,
CC(=O)OC/C=C(C)\C=C\C=C(C)/C=C/C1=C(C)CCCC1(C)C,O,CC1=C(/C=C/C(C)=C\C=C\C(C)=C/CO2~O~C2(C)=O)C(C)(C)CCC1,-5.700618743896484,ok,
C=Cc1ccc(/C2=C3\C=CC(=N3)/C(c3ccc(C=C)cc3)=c3/cc/c4n3[Co]n3c2ccc3/C(c2ccc(C=C)cc2)=C2/C=CC(=N2)\C=4c2ccc(C=C)cc2)cc1,O,,,failed,"Pre-condition Violation
	bond already exists
	Violation occurred on line 334 in file Code/GraphMol/RWMol.cpp
	Failed Expression: !(boost::edge(atomIdx1, atomIdx2, d_graph).second)
	RDKIT: 2022.09.5
	BOOST: 1_78
"
CC(=O)OC/C=C(C)/C=C/C=C(C)/C=C/C1=C(C)CCCC1(C)C,O,CC1=C(/C=C/C(C)=C/C=C/C(C)=C/CO2~O~C2(C)=O)C(C)(C)CCC1,-6.109309196472168,ok,
[Na+].[Na+].Nc1ccc2cc(cc(c2c1)S([O-])(=O)=O)S([O-])(=O)=O,O,Nc1ccc2cc(S(=O)(=O)[O-]~O~[Na+])cc(S(=O)(=O)[O-])c2c1.[Na+],-2.1659352779388428,ok,
N#CC(C#N)=Cc1cc2c3c(c1)CCCN3CCC2,O,N#CC1(C#N)~O~N23CCCc4cc(cc(c42)CCC3)C=1,-5.563713073730469,ok,
O=C1/C(=C\C=C(Cl)Cl)CCCC/C1=C\C=C(Cl)Cl,O,ClC(Cl)=C/C=C1/CCCC/C(=C\C=C(Cl)Cl)C12~O~O=2,-5.673779010772705,ok,
CCN1CCS/C1=C/C=C/C1=[N+](CC)CCS1,O,CC[N+]1=C2(~O~N3(CC)CCS/C3=C/C=C/2)SCC1,-2.5069901943206787,ok,
CC(=O)N(/C=C/C=C/C=C1\Sc2ccccc2C1=O)c1ccccc1,O,CC1(=O)~O~N1(/C=C/C=C/C=C1\Sc2ccccc2C1=O)c1ccccc1,-5.3855485916137695,ok,
CCN1/C(=C\C=C\C=C\c2sc3ccccc3[n+]2CC)Sc2ccccc21.[I-],O,CCN1/C(=C\C=C\C=C\c2(~O~[I-])sc3ccccc3[n+]2CC)Sc2ccccc21,-6.093857765197754,ok,
N#CC(C#N)=c1ccc(=C(C#N)c2ccc(N3CCCC3)cc2)cc1,O,N#CC1=c2ccc(cc2)=C(C#N)(C#N)~O~N2(CCCC2)c2ccc1cc2,-6.12108850479126,ok,
CCN1/C(=C\C=C\C=C\c2sc3ccccc3[n+]2CC)Sc2ccccc21,O,CC[n+]1c2ccccc2sc12~O~N1(CC)/C(=C\C=C\C=C\2)Sc2ccccc21,,failed,Featurization failed: RDKit could not parse Smiles_Merged
CN1/C(=C/C=C/C=C/C=C/c2sc3ccccc3[n+]2C)Sc2ccccc21,O,C[n+]1c2ccccc2sc12~O~N1(C)/C(=C/C=C/C=C/C=C/2)Sc2ccccc21,,failed,Featurization failed: RDKit could not parse Smiles_Merged
CC(C=CC1=C(C)CCCC1(C)C)=CC=Cc1ccc(C(=O)O)cc1,O,CC(C=CC1=C(C)CCCC1(C)C)=CC=Cc1ccc(C2(=O)~O~O2)cc1,-4.949646472930908,ok,
CC1=C(/C=C/C(C)=C/C=C/C(C)=C/CO)C(C)(C)CCC1,O,CC1=C(/C=C/C(C)=C/C=C/C(C)=C/C2~O~O2)C(C)(C)CCC1,-5.594673156738281,ok,
C\C(=C/CO)\C=C\C=C(/C)\C=C\C1=C(C)CCCC1(C)C |c:12|,O,CC(C=CC1=C(C)CCCC1(C)C)=CC=CC(C)=CC1~O~O1,-5.037205696105957,ok,
CCCCN1C(=O)/C(=C/C=C/C=C/N(C(C)=O)c2ccc(OC)cc2)SC1=S,O,CCCCN1C(=S)S/C2=C\C=C\C=C\N(C(C)=O)c3ccc(cc3)O(C)~O~C21=O,-6.469727516174316,ok,
CCN1/C(=C/C=C(Cl)/C=C/c2sc3ccccc3[n+]2CC)Sc2ccccc21,O,CC[n+]1c2ccccc2sc12~O~N1(CC)/C(=C/C=C(Cl)/C=C/2)Sc2ccccc21,,failed,Featurization failed: RDKit could not parse Smiles_Merged
CCN1/C(=C/C=C/C=C/C2=[N+](CCCCCC(=O)NCCCN=[N+]=[N-])c3ccc4c(S(=O)(=O)[O-])cc(S(=O)(=O)O)cc4c3C2(C)C)C(C)(C)c2c1ccc1c(S(=O)(=O)O)cc(S(=O)(=O)O)cc21,O,CCN1/C2=C/C=C/C=C/C3=[N+](CCCCCC(=O)NCCCN=[N+]=[N-])c4ccc5c(cc(S(=O)(=O)O)cc5c4C3(C)C)S(=O)(=O)[O-]~O~S(=O)(=O)(O)c3cc(S(=O)(=O)O)cc4c(c1ccc34)C2(C)C,-5.505821228027344,ok,
CC(C)(C)C1=CC(=CC=CC=Cc2cc(C(C)(C)C)[o+]c3ccccc23)c2ccccc2O1,O,CC(C)(C)C1=CC2=CC=CC=Cc3cc(C(C)(C)C)[o+]c4(~O~O1c1ccccc12)ccccc34,-10.449785232543945,ok,
CN1c2ccccc2Sc2cc(C=C(C#N)C#N)ccc21,O,CN12~O~C(C#N)(C#N)=Cc3ccc1c(c3)Sc1ccccc12,-5.434713363647461,ok,
C=Cc1ccc(/C2=C3\C=CC(=N3)/C(c3ccc(C=C)cc3)=c3/cc/c4n3[Co]n3c2ccc3/C(c2ccc(C=C)cc2)=C2/C=CC(=N2)/C=4c2ccc(C=C)cc2)cc1,O,,,failed,"Pre-condition Violation
	bond already exists
	Violation occurred on line 334 in file Code/GraphMol/RWMol.cpp
	Failed Expression: !(boost::edge(atomIdx1, atomIdx2, d_graph).second)
	RDKIT: 2022.09.5
	BOOST: 1_78
"
CCCCCCCCCCCCCCCC(=O)OCC=C(C)C=CC=C(C)C=CC1=C(C)CCCC1(C)C,O,CCCCCCCCCCCCCCCC1(=O)~O~O1CC=C(C)C=CC=C(C)C=CC1=C(C)CCCC1(C)C,-7.717763423919678,ok,
CN1C=CC(=CC=CC=Nc2ccc(C(=O)O)cc2)c2ccccc21,O,CN1C=CC(=CC=CC=Nc2ccc(C3(=O)~O~O3)cc2)c2ccccc21,-3.614516019821167,ok,
CCOC=C1CCCC2=C1OC1=C(C=C(C#N)C#N)CCC1=C2,O,CCO1~O~C23=C(C=C4CCC(C=C(C#N)C#N)=C4O2)CCCC3=C1,-5.306597709655762,ok,
C=CCN1C(=O)/C(=C/C=C/C=C/N(C(C)=O)c2ccc(OC)cc2)SC1=S,O,C=CCN1C(=S)S/C2=C\C=C\C=C\N(C(C)=O)c3ccc(cc3)O(C)~O~C21=O,-5.9003376960754395,ok,
N#CC(C#N)=C/C=C/C=C/C=C/c1ccccc1,O,N#CC1(=C/C=C/C=C/C=C/c2ccccc2)~O~N#C1,-4.753995895385742,ok,
CCCC(=O)OCc1ccc(OC(=O)C=C(C)C=CC=C(C)C=CC2=C(C)CCCC2(C)C)cc1,O,CCCC(=O)O1~O~C(=O)(C=C(C)C=CC=C(C)C=CC2=C(C)CCCC2(C)C)Oc2ccc(cc2)C1,-6.838838577270508,ok,
[C][N+]([C])=c1ccc2cc3c4c(c2o1)[C][C][C]N4[C][C][C]3,O,[C][N+]1=c2ccc3cc4c5c(c3o2~O~[C]1)[C][C][C]N5[C][C][C]4,-3.109062671661377,ok,
[C][C][C]N([C][C][C])c1ccc(C([N][C]([C])[C])=c2ccc(=C(C#N)C#N)cc2)cc1,O,[C][C][C]N1([C][C][C])~O~C(C#N)(C#N)=c2ccc(cc2)=C([N][C]([C])[C])c2ccc1cc2,-6.265875816345215,ok,
[C][C][C]N([C][C][C])c1ccc(C([N][C][C][O])=c2ccc(=C(C#N)C#N)cc2)cc1,O,[C][C][C]N1([C][C][C])~O~[C]([O])[C][N]C(=c2ccc(=C(C#N)C#N)cc2)c2ccc1cc2,-6.112432956695557,ok,
CC(=O)N(/C=C/C=C/C=C1\SC(=S)N(CCc2ccccc2)C1=O)c1ccc(C)cc1,O,CC(=O)N(/C=C/C=C/C=C1\SC(=S)N2(CCc3ccccc3)~O~C12=O)c1ccc(C)cc1,-5.624278545379639,ok,
CCN1/C(=C/C=C/C=C/c2sc3ccccc3[n+]2CC(=O)O)Sc2ccccc21,O,CCN1/C(=C/C=C/C=C/c2sc3ccccc3[n+]2CC2(=O)~O~O2)Sc2ccccc21,-3.889294147491455,ok,
C[N+]1=C(/C=C/C=C/C=C2/N(CCOCCOCCO)c3ccccc3C2(C)C)C(C)(C)c2ccccc21,O,C[N+]1=C2/C=C/C=C/C=C3/N(CCOCCOCCO~O~c14ccccc4C2(C)C)c1ccccc1C3(C)C,-4.978240013122559,ok,
CCN(CC)CC.CCN1/C(=C/C=C/C=C/C2=[N+](CCCCCC(=O)O)c3ccc(S(=O)(=O)O)cc3C2(C)C)C(C)(C)c2cc(S(=O)(=O)[O-])ccc21,O,CCN(CC)CC.CCN1/C2=C/C=C/C=C/C3=[N+](CCCCCC(=O)(O)~O~[O-]S(=O)(=O)c4ccc1c(c4)C2(C)C)c1ccc(S(=O)(=O)O)cc1C3(C)C,-3.9379642009735107,ok,
COC(=O)C=C(C)C=CC=C(C)C=CC1=C(C)C(=O)CCC1(C)C,O,CC(C=CC1=C(C)C(=O)CCC1(C)C)=CC=CC(C)=CC1(=O)~O~O1C,-4.739830017089844,ok,
Cc1ccc(C(=O)c2c(C=Cc3ccc(N(C)C)cc3)oc3cc(C#N)c(C#N)cc23)cc1,O,Cc1ccc(C2(=O)~O~o3c(C=Cc4ccc(N(C)C)cc4)c2c2cc(C#N)c(C#N)cc23)cc1,-6.311664581298828,ok,
CN(C)c1ccc2c(c1)CC/C2=C1/CCc2c(-c3ccccc3)cc(-c3ccccc3)[o+]c21,O,CN1(C)~O~c2(-c3ccccc3)cc(-c3ccccc3)c3c([o+]2)/C(=C2\CCc4cc1ccc42)CC3,-9.58989143371582,ok,
CC1=C(/C=C/C(C)=C/C=C/C(C)=C/C(=O)O)C(C)(C)CCC1,O,CC1=C(/C=C/C(C)=C/C=C/C(C)=C/C2(=O)~O~O2)C(C)(C)CCC1,-5.160409927368164,ok,
COc1ccc(N/C=C/C=C/C=C2\SC(=S)N(CCc3ccccc3)C2=O)cc1,O,CO1~O~C2(=O)/C(=C/C=C/C=C/Nc3ccc1cc3)SC(=S)N2CCc1ccccc1,-6.574926376342773,ok,
N#CC(C#N)=c1ccc(=C(C#N)c2ccc(N3CCCCC3)cc2)cc1,O,N#CC1=c2ccc(cc2)=C(C#N)(C#N)~O~N2(CCCCC2)c2ccc1cc2,-6.334419250488281,ok,
CCN1C=CC(=CC=Cc2cc[n+](CC)c3ccccc23)c2ccccc21,O,CC[n+]1ccc2c3ccccc31~O~N1(CC)C=CC(=CC=C2)c2ccccc21,-5.142594337463379,ok,
CC1=C[C@H](O)CC(C)(C)[C@H]1/C=C/C(C)=C/C=C/C(C)=C/C=C/C=C(C)/C=C/C=C(C)/C=C/C1=C(C)C[C@@H](O)CC1(C)C,O,CC1=CC2(O)~O~O[C@@H]3CC(C)=C(/C=C/C(C)=C/C=C/C(C)=C/C=C/C=C(C)/C=C/C=C(C)/C=C/[C@@H]1C(C)(C)C2)C(C)(C)C3,-7.54839563369751,ok,
CCN1C(=O)/C(=C\C=C\c2ccc(N(C)C)cc2)SC1=S,O,CCN1C(=S)S/C2=C/C=C/c3ccc(cc3)N(C)(C)~O~C21=O,-6.237044334411621,ok,
CN(C)c1ccc(/C=C/C=C2\SC(=S)N(CCc3ccccc3)C2=O)cc1,O,CN1(C)~O~C2(=O)/C(=C/C=C/c3ccc1cc3)SC(=S)N2CCc1ccccc1,-6.531641006469727,ok,
CCN1C(=O)/C(=C\C=C\C=C\N(C(C)=O)c2ccccc2)SC1=S,O,CCN12~O~C1(=O)/C(=C\C=C\C=C\N(C(C)=O)c1ccccc1)SC2=S,-5.616341590881348,ok,
CC1=C(/C=C/C(C)=C\C=C\C(C)=C\C(=O)O)C(C)(C)CCC1,O,CC1=C(/C=C/C(C)=C\C=C\C(C)=C\C2(=O)~O~O2)C(C)(C)CCC1,-4.997371673583984,ok,
CN1C(=CC=CC=CC2=[N+](C)c3ccc4ccccc4c3C2(C)C)C(C)(C)c2c1ccc1ccccc21,O,C[N+]1=C2C=CC=CC=C3C(C)(C)c4c(ccc5ccccc45)N3(C)~O~c13ccc1ccccc1c3C2(C)C,-6.7464470863342285,ok,
O=C1C(=Cc2ccc(C=C3CCC(=Cc4ccco4)C3=O)cc2)CCC1=Cc1ccco1,O,O=C1C2=Cc3ccc(cc3)C=C3CCC(=Cc4ccco4)C3(=O)~O~o3cccc3C=C1CC2,-6.042373180389404,ok,
CCCN1/C(=C\C=C\C=C\c2sc3ccccc3[n+]2CCC)Sc2ccccc21,O,CCC[n+]1c2ccccc2sc12~O~N1(CCC)/C(=C\C=C\C=C\2)Sc2ccccc21,,failed,Featurization failed: RDKit could not parse Smiles_Merged
CN(C)c1ccc(/C=C/c2cc(-c3ccccc3)c3ccccc3[o+]2)cc1,O,CN1(C)~O~c23ccccc2c(-c2ccccc2)cc([o+]3)/C=C/c2ccc1cc2,-8.777796745300293,ok,
COc1cc(C=CC=C2CCCC(=CC=Cc3ccc(O)c(OC)c3)C2=O)ccc1O,O,COc1cc(C=CC=C2CCCC3=CC=Cc4ccc(c(OC)c4)O~O~C23=O)ccc1O,-3.5155975818634033,ok,
CC(C=CC1=C(C)CCCC1(C)C)=CC=CC(C)=CC(=O)Nc1ccc(O)cc1,O,CC(C=CC1=C(C)CCCC1(C)C)=CC=CC(C)=CC1(=O)~O~Oc2ccc(cc2)N1,-6.170993328094482,ok,
COc1ccc(N/C=C/C=C/C=C2\SC(=S)N(Cc3ccccc3)C2=O)cc1,O,CO1~O~C2(=O)/C(=C/C=C/C=C/Nc3ccc1cc3)SC(=S)N2Cc1ccccc1,-6.392925262451172,ok,
[C][C][C][C]N([C][C][C][C])c1ccc(C([N][C][C][O])=c2ccc(=C(C#N)C#N)cc2)cc1,O,[C][C][C][C]N1([C][C][C][C])~O~[C]([O])[C][N]C(=c2ccc(=C(C#N)C#N)cc2)c2ccc1cc2,-6.47460412979126,ok,
CCN1/C(=C\C=C2/CC/C(=C\N(C)C)C2=O)Sc2ccccc21,O,CCN1/C(=C\C=C2/CCC3=CN(C)(C)~O~C32=O)Sc2ccccc21,-5.151212692260742,ok,
CC1=C(/C=C/C(C)=C/C=C/C(C)=C/C=C/C=C(C)/C=C/C=C(C)/C=C/C2=C(C)CCCC2(C)C)C(C)(C)CCC1,O,CC1=C2/C=C/C(C)=C/C=C/C(C)=C/C=C/C=C(C)/C=C/C=C(C)/C=C/C3=C(C)(~O~C2(C)(C)CCC1)CCCC3(C)C,-8.169733047485352,ok,
CN(C)c1ccc(/C=C/C=C2\SC(=O)NC2=O)cc1,O,CN1(C)~O~C2(=O)NC(=O)/C(=C/C=C/c3ccc1cc3)S2,-4.739625930786133,ok,
CN(C)c1ccc(C=C2CCCC3=CC4Sc5ccccc5C4[O+]=C23)cc1,O,CN1(C)~O~C23=[O+]C4c5ccccc5SC4C=C2CCCC3=Cc2ccc1cc2,-7.727907180786133,ok,
CN(C)c1ccc(N=Nc2ccc(S(=O)(=O)[O-])cc2)cc1.[Na+],O,CN(C)c1ccc(N=Nc2ccc(S(=O)(=O)[O-]~O~[Na+])cc2)cc1,-1.7830886840820312,ok,
[C][C][C][C]N([C][C][C][C])c1ccc(C([N][C]([C])[C])=c2ccc(=C(C#N)C#N)cc2)cc1,O,[C][C][C][C]N1([C][C][C][C])~O~C(C#N)(C#N)=c2ccc(cc2)=C([N][C]([C])[C])c2ccc1cc2,-6.34745979309082,ok,
C\C(\C=C\C=C(/C)\C=C\C1=C(C)CCCC1(C)C)=C/C=O |c:9|,O,CC(C=CC1=C(C)CCCC1(C)C)=CC=CC(C)=CC1~O~O=1,-5.109406471252441,ok,
CC1=C(/C=C/C(C)=C/C=C/C(C)=C/C=O)C(C)(C)CCC1,O,CC1=C(/C=C/C(C)=C/C=C/C(C)=C/C2~O~O=2)C(C)(C)CCC1,-5.625008583068848,ok,
CCCN1/C(=C/C=C/C=C/c2sc3ccccc3[n+]2CCC)Sc2ccccc21,O,CCC[n+]1c2ccccc2sc12~O~N1(CCC)/C(=C/C=C/C=C/2)Sc2ccccc21,,failed,Featurization failed: RDKit could not parse Smiles_Merged
CCCCN1C(=CC=CC=CC2=[N+](CCCC)c3ccc4ccccc4c3C2(C)C)C(C)(C)c2c1ccc1ccccc21,O,CCCC[N+]1=C2C=CC=CC=C3C(C)(C)c4c(ccc5ccccc45)N3(CCCC)~O~c13ccc1ccccc1c3C2(C)C,-7.143287658691406,ok,
CC1=C(/C=C/C(C)=C/C=C/c2ccc(C(=O)O)cc2)C(C)(C)CCC1,O,CC1=C(/C=C/C(C)=C/C=C/c2ccc(C3(=O)~O~O3)cc2)C(C)(C)CCC1,-5.112150192260742,ok,
CN(C)c1ccc2c(c1)CC/C2=C\c1cc(-c2ccccc2)cc(-c2ccccc2)[o+]1,O,CN1(C)~O~c2(-c3ccccc3)cc(-c3ccccc3)cc([o+]2)/C=C2\CCc3cc1ccc32,-9.377405166625977,ok,
CC(=O)OC1CC(C)(C)C(=C=C/C(C)=C/C=C/C(C)=C/C=C/C=C(C)/C=C/C=C(\C)C(=O)CC23OC2(C)CC(O)CC3(C)C)C(C)(O)C1,O,C/C(C=C=C1C(C)(C)CC(O2~O~C2(C)=O)CC1(C)O)=C\C=C\C(C)=C\C=C\C=C(C)\C=C\C=C(/C)C(=O)CC12OC1(C)CC(O)CC2(C)C,-6.896341323852539,ok,
CN(C)c1ccc(/C=C/c2cc(-c3ccccc3)c3c([o+]2)-c2ccccc2C3)cc1,O,CN1(C)~O~c23[o+]c(cc(-c4ccccc4)c2Cc2ccccc2-3)/C=C/c2ccc1cc2,-9.3201265335083,ok,
CN(C)c1ccc(/C=C/C=C2C(=O)c3ccccc3C2=O)cc1,O,CN1(C)~O~C2(=O)C(=C/C=C/c3ccc1cc3)C(=O)c1ccccc12,-5.176898956298828,ok,
CCCCN1C(=O)/C(=C/C=C/C=C/Nc2ccc(OC)cc2)SC1=S,O,CCCCN1C(=S)S/C2=C\C=C\C=C\Nc3ccc(cc3)O(C)~O~C21=O,-6.751859664916992,ok,
CO[C@H]1[C@@H]([C@@]2(C)O[C@@H]2CC=C(C)C)[C@]2(CC[C@H]1OC(=O)C=CC=CC=CC=CC(=O)O)CO2,O,CO[C@H]1[C@@H]([C@@]2(C)O[C@@H]2CC=C(C)C)[C@]2(CC[C@H]1OC1(=O)~O~OC(=O)C=CC=CC=CC=C1)CO2,-4.464418411254883,ok,
CC[n+]1c(/C=C/C=C/C=C/N(C(C)=O)c2ccccc2)sc2ccccc21,O,CC[n+]1c2ccccc2sc12~O~N(C(C)=O)(c1ccccc1)/C=C/C=C/C=C/2,,failed,Featurization failed: RDKit could not parse Smiles_Merged
Cc1ccc(N/C=C/C=C/C=C2\SC(=S)N(CCc3ccccc3)C2=O)cc1,O,Cc1ccc(N2~O~C3(=O)/C(=C/C=C/C=C/2)SC(=S)N3CCc2ccccc2)cc1,-6.103461265563965,ok,
CCOC(=O)c1ccc(NC(=O)C=C(C)C=CC=C(C)C=CC2=C(C)CCCC2(C)C)cc1,O,CCO1~O~C1(=O)c1ccc(NC(=O)C=C(C)C=CC=C(C)C=CC2=C(C)CCCC2(C)C)cc1,-6.582226753234863,ok,
CC1=C(/C=C/C(C)=C/C=C/C(C)=C/C=C/C=C(C)/C=C/C=C(C)/C=C/C2=C(C)C[C@@H](O)CC2(C)C)C(C)(C)C[C@H](O)C1,O,CC1=C(/C=C/C(C)=C/C=C/C(C)=C/C=C/C=C(C)/C=C/C=C(C)/C=C/C2=C(C)CC3(~O~O3)CC2(C)C)C(C)(C)C[C@H](O)C1,-7.277803421020508,ok,
C[N+]1=C(C=CC=CC=C2N(CCCCCC(=O)[O-])c3ccc4ccccc4c3C2(C)C)C(C)(C)c2c1ccc1ccccc21,O,C[N+]1=C2C=CC=CC=C3N(CCCCCC([O-])=O~O~c14ccc1ccccc1c4C2(C)C)c1ccc2ccccc2c1C3(C)C,-4.789514541625977,ok,
CN(C)c1ccc(/C=C2/CCC/C(=C\c3ccc([N+](=O)[O-])o3)C2=O)cc1,O,CN(C)c1ccc(/C=C2/CCC/C(=C\c3ccc4([N+](=O)[O-])~O~o34)C2=O)cc1,-5.34906005859375,ok,
C=CCN1C(=O)/C(=C/C=C/C=C/Nc2ccc(OC)cc2)SC1=S,O,C=CCN1C(=S)S/C2=C\C=C\C=C\Nc3ccc(cc3)O(C)~O~C21=O,-6.124903678894043,ok,
CC(C=CC1=C(C)CCCC1(C)C)=CC=CC(C)=CC(=O)O[C@@H]1O[C@H](C(=O)O)[C@@H](O)[C@H](O)[C@H]1O,O,CC(C=CC1=C(C)CCCC1(C)C)=CC=CC(C)=CC(=O)O[C@@H]1O[C@H](C2(=O)~O~O2)[C@@H](O)[C@H](O)[C@H]1O,-4.370330810546875,ok,
CCN(CC)c1ccc(N=Nc2ccc3c(c2)C(=O)OC3=O)cc1,O,CCN(CC)c1ccc(N=Nc2ccc3c(c2)C2(=O)~O~O2C3=O)cc1,-4.689908981323242,ok,
Cc1ccc(N/C=C/C=C/C=C2/SC(=S)N(Cc3ccccc3)C2=O)cc1,O,Cc1ccc(N2~O~C3(=O)/C(=C\C=C\C=C\2)SC(=S)N3Cc2ccccc2)cc1,-5.918578147888184,ok,
[C]N1C(=O)C(=[C]/[C]=[C]/c2ccc(N([C])[C])cc2)C(=O)N([C])C1=S,O,[C]N1C(=O)C2=[C]/[C]=[C]/c3ccc(cc3)N([C])([C])~O~C2(=O)N([C])C1=S,-5.465893745422363,ok,
CN1/C(=C/C=C/C2=[N+](CCCCCC(=O)O)c3ccc4ccccc4c3C2(C)C)C(C)(C)c2c1ccc1ccccc21,O,CN1/C(=C/C=C/C2=[N+](CCCCCC3(=O)~O~O3)c3ccc4ccccc4c3C2(C)C)C(C)(C)c2c1ccc1ccccc21,-4.418342590332031,ok,
CC[n+]1c(/C=C/C=C/C=C/Nc2ccc(C)cc2)sc2ccccc21,O,CC[n+]1c2ccccc2sc12~O~N(c1ccc(C)cc1)/C=C/C=C/C=C/2,,failed,Featurization failed: RDKit could not parse Smiles_Merged
CN1C=C/C(=C\C=C\C=N\c2ccc(C(=O)O)cc2)c2ccccc21,O,CN1C=C/C(=C\C=C\C=N\c2ccc(C3(=O)~O~O3)cc2)c2ccccc21,-3.9205353260040283,ok,
CN1/C(=C\C=C2/CCc3c2cc(-c2ccccc2)[o+]c3-c2ccccc2)C(C)(C)c2ccccc21,O,CC1(C)/C2=C/C=C3\CCc4c3cc(-c3ccccc3)[o+]c4(-c3ccccc3)~O~N2(C)c2ccccc21,-9.773834228515625,ok,
[C]C1([C])[C]C([C]=[C]c2ccc(N(c3ccccc3)c3ccccc3)cc2)=[C]C(=C(C#N)C#N)[C]1,O,[C]C1([C])[C]C2=[C]C(=C(C#N)(C#N)~O~N(c3ccccc3)(c3ccccc3)c3ccc(cc3)[C]=[C]2)[C]1,-6.613886833190918,ok,
CN(C)c1ccc(/C=C/c2cc(C(C)(C)C)[s+]c(C(C)(C)C)c2)cc1,O,CC(C)(C)c1cc2cc(C(C)(C)C)[s+]1~O~N(C)(C)c1ccc(cc1)/C=C/2,-8.324871063232422,ok,
CN(C)/C=C/C=C/C=C/C(=O)C1CCC/C(=C\C=C\C=C\N(C)C)C1=O,O,CN(C)/C=C/C=C/C=C1\CCCC2C(=O)/C=C/C=C/C=C/N(C)(C)~O~C12=O,-5.2805681228637695,ok,
O=C1/C(=C/c2ccc(-c3ccc([N+](=O)[O-])cc3)o2)C=C(c2ccccc2)N1c1ccc(Nc2ccccc2)cc1,O,O=C1/C(=C/c2ccc3o2~O~c2([N+](=O)[O-])ccc-3cc2)C=C(c2ccccc2)N1c1ccc(Nc2ccccc2)cc1,-6.5166425704956055,ok,
CC(C=CC1=C(C)CCCC1(C)C)=CC=CC(C)=CCO[C@@H]1O[C@H](CO)[C@@H](O)[C@H](O)[C@H]1O,O,CC(C=CC1=C(C)CCCC1(C)C)=CC=CC(C)=CCOC12~O~OC[C@@H](O1)[C@@H](O)[C@H](O)[C@H]2O,-5.103949546813965,ok,
CCCCn1c(=CC2=C([O-])/C(=C/C3=[N+](CCCC)c4cccc5cccc3c45)C2=O)c2cccc3cccc1c32,O,CCCCn1c(=CC2=C3[O-]~O~C4(=[N+](CCCC)c5cccc6cccc4c56)C=C3C2=O)c2cccc3cccc1c32,-5.1460652351379395,ok,
CN(C)c1ccc(/C=C/C=C2/SC(=S)N(Cc3ccccc3)C2=O)cc1,O,CN1(C)~O~C2(=O)/C(=C\C=C\c3ccc1cc3)SC(=S)N2Cc1ccccc1,-6.445578575134277,ok,
CC(=O)N(/C=C\C=C\C=C1/Sc2ccccc2C1=O)c1ccccc1,O,CC1(=O)~O~N1(/C=C\C=C\C=C1/Sc2ccccc2C1=O)c1ccccc1,-5.22749137878418,ok,
CCCCCCCCCCCCCCCC(=O)OC/C=C(C)/C=C/C=C(C)/C=C/C1=C(C)CCCC1(C)C,O,CCCCCCCCCCCCCCCC1(=O)~O~O1C/C=C(C)/C=C/C=C(C)/C=C/C1=C(C)CCCC1(C)C,-7.920459270477295,ok,
CN(C)c1ccc(-c2cc(-c3ccc([N+](=O)[O-])cc3)[nH]n2)cc1,O,CN1(C)~O~c2([N+](=O)[O-])ccc(cc2)-c2cc(n[nH]2)-c2ccc1cc2,-6.095470428466797,ok,
O=C1/C(=C\C=C\c2ccco2)CC/C1=C\C=C\c1ccco1,O,O=C12~O~o3cccc3/C=C/C=C\1CC/C2=C\C=C\c1ccco1,-5.677572250366211,ok,
[C]N([C])c1ccc([C]=[C]C2=[C]C(=C(C#N)C#N)[C]C([C])([C])[C]2)cc1,O,[C]C1([C])[C]C2=[C]C(=C(C#N)(C#N)~O~N([C])([C])c3ccc(cc3)[C]=[C]2)[C]1,-6.406432151794434,ok,
[C][C][N]c1ccc(C(=C2[C][C]C(=[N+]([C][C])[C][C])[C][C]2)c2ccc(N([C][C])[C][C])cc2)c2ccccc12,O,[C][C][N]c1ccc(C2=C3[C][C]C(=[N+]([C][C])[C]([C])~O~N([C][C])([C][C])c4ccc2cc4)[C][C]3)c2ccccc12,-5.995823383331299,ok,
CCN1/C(=C\C=C\C=C\c2ccc3ccccc3[n+]2CC)C=Cc2ccccc21,O,CC[n+]1c2ccc3ccccc31~O~N1(CC)/C(=C\C=C\C=C\2)C=Cc2ccccc21,-6.472775459289551,ok,
COC(=O)c1c(O)cccc1/C=C/C=C/C=C/C=C/C=C/C=C/c1cccc(O)c1C(=O)OC,O,COC(=O)c1c(O)cccc1/C=C/C=C/C=C/C=C/C=C/C=C/c1cccc2c1C(=O)(OC)~O~O2,-5.980808258056641,ok,
CC[n+]1c(/C=C/C=C/C=C/N(C)c2ccccc2)sc2c(C)c(C)sc21,O,CC[n+]1c2sc3c(C)c(C)sc31~O~N(C)(c1ccccc1)/C=C/C=C/C=C/2,-7.557740211486816,ok,
O=c1c2ccc3c(=O)n4c5cccc6cccc(nc4c4ccc(c2c34)c2nc3cccc4cccc(c43)n12)c65,O,O=c1c2ccc3c4c(ccc(c24)c2nc4cccc5cccc(c54)n12)c1nc2cccc4cccc(c42)n1c31~O~O=1,-4.577396869659424,ok,
CC(C=CC1=C(C)CCCC1(C)C)=CC=CC(C)=CCO[C@@H]1O[C@H](C(=O)O)[C@@H](O)[C@H](O)[C@H]1O,O,CC(C=CC1=C(C)CCCC1(C)C)=CC=CC(C)=CCO[C@@H]1O[C@H](C2(=O)~O~O2)[C@@H](O)[C@H](O)[C@H]1O,-4.447362899780273,ok,
O=[N+]([O-])c1ccc(C=C2CCC(C=NN=Cc3ccco3)=C2N2CCOCC2)cc1,O,O=[N+]([O-])c12~O~o3cccc3C=NN=CC3=C(N4CCOCC4)C(=Cc(cc1)cc2)CC3,-3.807001829147339,ok,
O=C1/C(=C\C=C\c2ccco2)CC/C1=C/C=C/c1ccco1,O,O=C12~O~o3cccc3/C=C/C=C\1CC/C2=C/C=C/c1ccco1,-5.542557716369629,ok,
O=S(=O)([O-])CCCN1C(=CC2=CC(=C3CCC[n+]4c3sc3ccccc34)CCC2)Sc2ccccc21,O,O=S1(=O)CCCN2C(=CC3=CC(=C4CCC[n+]5c6ccccc6sc54~O~[O-]1)CCC3)Sc1ccccc12,-3.802546262741089,ok,
C1=C/C2=C(\c3ccncc3)c3ccc4n3[Cu]n3/c(cc/c3=C(\c3ccncc3)C3=N/C(=C\4c4ccncc4)C=C3)=C(/c3ccncc3)C1=N2,O,,,failed,"Pre-condition Violation
	bond already exists
	Violation occurred on line 334 in file Code/GraphMol/RWMol.cpp
	Failed Expression: !(boost::edge(atomIdx1, atomIdx2, d_graph).second)
	RDKIT: 2022.09.5
	BOOST: 1_78
"
CC1=C(C=C2Sc3ccccc3N2C)CCC1=Cc1sc2ccccc2[n+]1C,O,CC1=C2C=C3Sc4ccccc4N3(C)~O~c3(sc4ccccc4[n+]3C)C=C1CC2,,failed,Featurization failed: RDKit could not parse Smiles_Merged
"[I-].CN(C)C1=CC=C(\C=C\C=C\C2=[N+](C)C=CC=C2)C=C1 |c:11,14,16,19,t:3,5|",O,CN(C)c1ccc(C=CC=Cc2(~O~[I-])cccc[n+]2C)cc1,-4.4666829109191895,ok,
N#Cc1ccc(/N=N/c2ccc(N(CCO)CCO)cc2)cc1C#N,O,N#Cc1ccc2cc1C(#N)~O~OCCN(CCO)c1ccc(cc1)/N=N/2,-2.785017251968384,ok,
CC1=C(/C=C/C(C)=C/C=C/C(C)=C/C=C/C=C(C)/C=C/C=C(C)/C=C/C2=C(C)C(=O)[C@@H](O)CC2(C)C)C(C)(C)C[C@H](O)C1=O,O,CC1=C(/C=C/C(C)=C/C=C/C(C)=C/C=C/C=C(C)/C=C/C=C(C)/C=C/C2=C(C)C3(=O)~O~O[C@H]3CC2(C)C)C(C)(C)C[C@H](O)C1=O,-6.0868024826049805,ok,
N#Cc1ccc(-c2ccc(/C=C3\SC(=O)N(CC(=O)Nc4ccc(N5CCOCC5)cc4)C3=O)o2)cc1,O,N#Cc1ccc(-c2ccc3o2~O~C2(=O)SC(=C3)C(=O)N2CC(=O)Nc2ccc(N3CCOCC3)cc2)cc1,-5.99485969543457,ok,
CC[n+]1c(/C=C/C=C/c2ccc(N(C)C)cc2)ccc2cc(N(C)C)ccc21,O,CC[n+]1c2ccc3cc(N(C)C)ccc31~O~N(C)(C)c1ccc(cc1)/C=C/C=C/2,-6.576924800872803,ok,
CCN(CC)c1ccc(/C=C/c2cc(-c3ccccc3)[s+]c(-c3ccccc3)c2)cc1,O,CCN1(CC)~O~c2(-c3ccccc3)cc(cc(-c3ccccc3)[s+]2)/C=C/c2ccc1cc2,-8.371122360229492,ok,
CN(C)c1ccc(C2(c3ccc(N(C)C)cc3)OC(=O)c3cc([N+](=O)[O-])ccc32)cc1,O,CN(C)c1ccc(C2(c3ccc(N(C)C)cc3)c3ccc([N+](=O)[O-])cc3C3(=O)~O~O23)cc1,-4.590529441833496,ok,
CC1=C(/C=C/C(C)=C/C=C/C(C)=C/C=C/C=C(C)/C=C/C=C(C)/C=C/C2=C(C)CC(O)CC2(C)C)C(C)(C)CC(O)C1,O,CC1=C(/C=C/C(C)=C/C=C/C(C)=C/C=C/C=C(C)/C=C/C=C(C)/C=C/C2=C(C)CC3(~O~O3)CC2(C)C)C(C)(C)CC(O)C1,-7.095083713531494,ok,
CN1C(=CC=CC=C2C(=O)NC(=S)NC2=O)Sc2ccccc21,O,CN12~O~C3(=O)NC(=S)NC(=O)C3=CC=CC=C1Sc1ccccc12,-5.93651008605957,ok,
COC(=O)/C=C(C)/C=C/C=C(C)/C=C/C1=C(C)CCCC1(C)C,O,CC1=C(/C=C/C(C)=C/C=C/C(C)=C/C2(=O)~O~O2C)C(C)(C)CCC1,-5.887827396392822,ok,
CC(=O)N(/C=C/C=C/C=C1\SC(=S)N(Cc2ccccc2)C1=O)c1ccccc1,O,CC(=O)N(/C=C/C=C/C=C1\SC(=S)N2(Cc3ccccc3)~O~C12=O)c1ccccc1,-5.473132610321045,ok,
CO[C@@H]1[C@H](OC(=O)C=CC=CC=CC=CC(=O)O)CC[C@]2(CO2)[C@H]1[C@@]1(C)O[C@@H]1CC=C(C)C,O,CO[C@@H]1[C@H](OC2(=O)~O~OC(=O)C=CC=CC=CC=C2)CC[C@]2(CO2)[C@H]1[C@@]1(C)O[C@@H]1CC=C(C)C,-4.509410381317139,ok,
CCCN(CCC)c1ccc(C(NC(C)C)=c2ccc(=C(C#N)C#N)cc2)cc1,O,CCCN(CCC)c1ccc(C2=c3ccc(cc3)=C(C#N)(C#N)~O~N2C(C)C)cc1,-6.269067287445068,ok,
C1=C/C2=C(\c3ccccc3)c3ccc4n3[Ni]n3/c(cc/c3=C(\c3ccccc3)C3=N/C(=C\4c4ccccc4)C=C3)=C(/c3ccccc3)C1=N2,O,,,failed,"Pre-condition Violation
	bond already exists
	Violation occurred on line 334 in file Code/GraphMol/RWMol.cpp
	Failed Expression: !(boost::edge(atomIdx1, atomIdx2, d_graph).second)
	RDKIT: 2022.09.5
	BOOST: 1_78
"
C1=C/C2=C(\c3cccnc3)c3ccc4n3[Cu]n3/c(cc/c3=C(\c3cccnc3)C3=N/C(=C\4c4cccnc4)C=C3)=C(/c3cccnc3)C1=N2,O,,,failed,"Pre-condition Violation
	bond already exists
	Violation occurred on line 334 in file Code/GraphMol/RWMol.cpp
	Failed Expression: !(boost::edge(atomIdx1, atomIdx2, d_graph).second)
	RDKIT: 2022.09.5
	BOOST: 1_78
"
CN1C(=CC=CC=CC2=[N+](C)c3ccc(S(=O)(=O)[O-])cc3C2(C)C)C(C)(C)c2cc(S(=O)(=O)[O-])ccc21,O,CN1C2=CC=CC=CC3=[N+](C)c4(~O~[O-]S(=O)(=O)c5ccc1c(c5)C2(C)C)ccc(S(=O)(=O)[O-])cc4C3(C)C,-3.4163715839385986,ok,
CC1=C(/C=C/C(C)=C/C=C/C(C)=C/C=O)C(C)(C)CC(O)C1,O,CC1=C2/C=C/C(C)=C/C=C/C(C)=C/C(=O)~O~OC(C1)CC2(C)C,-4.991469860076904,ok,
CC(C=CC12OC1(C)CCCC2(C)C)=CC=CC(C)=CC(=O)O,O,CC(C=CC12OC1(C)CCCC2(C)C)=CC=CC(C)=CC1(=O)~O~O1,-4.7499494552612305,ok,
CC(=O)N(/C=C/C=C/C=C1/OC(=S)N(C)C1=O)c1ccc(C)cc1,O,CC(=O)N(/C=C/C=C/C=C1/O2~O~C1(=O)N(C)C2=S)c1ccc(C)cc1,-5.395589351654053,ok,
CC[n+]1c(/C=C/C=C2/C=C(C=CN(C)c3ccccc3)CC(C)(C)C2)sc2ccccc21,O,CC[n+]1c2ccccc2sc12~O~N(C)(c1ccccc1)C=CC1=C/C(=C/C=C/2)CC(C)(C)C1,,failed,Featurization failed: RDKit could not parse Smiles_Merged
O=C1c2ccccc2C(=O)c2c(NC3CCCCC3)ccc(NC3CCCCC3)c21,O,O=C1c2ccccc2C2(=O)~O~N(C3CCCCC3)c3ccc(NC4CCCCC4)c2c31,-6.396173477172852,ok,
O=C(C1=CC=CC=C21)C3=C(C2=O)C(NC4CCCCC4)=CC=C3NC5CCCCC5,O,O=C1c2ccccc2C2(=O)~O~N(C3CCCCC3)c3ccc(NC4CCCCC4)c2c31,-6.396173477172852,ok,
"CC(C)(C)C1=CC(=CC(=C1)C1=C2/N\C(\C=C2)=C(/C2=N/C(/C=C2)=C(\C2=N\C(\C=C2)=C(/C2=CC=C\1N2)C1=CC(=CC(=C1)C(C)(C)C)C(C)(C)C)C1=CC(=CC(=C1)C(C)(C)C)C(C)(C)C)C1=CC(=CC(=C1)C(C)(C)C)C(C)(C)C)C(C)(C)C |c:6,8,15,17,22,24,29,31,42,44,57,59,72,74,t:4,11,19,26,33,35,40,55,70|",O,CC(C)(C)c1cc(-c2c3nc4(~O~[nH]5c2ccc5c(-c2cc(C(C)(C)C)cc(C(C)(C)C)c2)c2ccc([nH]2)c(-c2cc(C(C)(C)C)cc(C(C)(C)C)c2)c2nc(c4-c4cc(C(C)(C)C)cc(C(C)(C)C)c4)C=C2)C=C3)cc(C(C)(C)C)c1,-6.659574508666992,ok,
CN(C)c1ccc(/C=C/c2ccc([N+](=O)[O-])cc2)cc1,O,CN1(C)~O~c2([N+](=O)[O-])ccc(cc2)/C=C/c2ccc1cc2,-5.249152660369873,ok,
CCN1C(=O)/C(=C\C=C\C=C\Nc2ccccc2)SC1=S,O,CCN1C(=S)S/C2=C/C=C/C=C/N(c3ccccc3)~O~C21=O,-5.908494472503662,ok,
O=C(N/N=C/C=C/C=C/C=C/C=C/C=C/c1ccco1)c1cccc(O)c1,O,O=C1(N/N=C/C=C/C=C/C=C/C=C/C=C/c2ccco2)~O~Oc2cccc1c2,-4.813291549682617,ok,
CCN(CC)c1ccc(N2C(=O)/C(=C/c3ccc(-c4ccc([N+](=O)[O-])cc4)o3)SC2=S)cc1,O,CCN(CC)c1ccc(N2C(=S)S/C3=C\c4ccc(-c5ccc([N+](=O)[O-])cc5)o4~O~C32=O)cc1,-7.1645941734313965,ok,
CN(C)c1ccc(/C=C/C=C(\C#N)c2cccc([N+](=O)[O-])c2)cc1,O,CN1(C)~O~c2([N+](=O)[O-])cccc(c2)/C(C#N)=C/C=C/c2ccc1cc2,-5.939205169677734,ok,
CC1CCC(=CC=Cc2ccccc2[N+](=O)[O-])C(=O)C1=CC=Cc1ccccc1[N+](=O)[O-],O,CC1CCC(=CC=Cc2ccccc2[N+](=O)[O-])C2=O~O~c3([N+](=O)[O-])ccccc3C=CC=C21,-6.60371732711792,ok,
CN1C(=O)/C(=C\C=C\c2ccc(N(C)C)cc2)SC1=S,O,CN1C(=S)S/C2=C/C=C/c3ccc(cc3)N(C)(C)~O~C21=O,-5.827954292297363,ok,
CC(=O)N(/C=C/C=C/C=C1/SC(=S)N(CCc2ccccc2)C1=O)c1ccccc1,O,CC(=O)N(/C=C/C=C/C=C1/SC(=S)N2(CCc3ccccc3)~O~C12=O)c1ccccc1,-5.717385292053223,ok,
CCCCCCCCN1C=CC(=CC=Cc2sc3ccccc3[n+]2C)c2ccccc21,O,CCCCCCCCN12~O~c3(sc4ccccc4[n+]3C)C=CC=C(C=C1)c1ccccc12,,failed,Featurization failed: RDKit could not parse Smiles_Merged
CN(C)c1ccc(/C=C/C=C(/C#N)c2cccc([N+](=O)[O-])c2)cc1,O,CN1(C)~O~c2([N+](=O)[O-])cccc(c2)/C(C#N)=C\C=C\c2ccc1cc2,-6.0720648765563965,ok,
[C][C]N([C][C])c1ccc([C]=C2[C][C]C(=C3[C][C][C][C]3)C2=O)cc1,O,[C][C]N1([C][C])~O~C2(=O)C(=[C]c3ccc1cc3)[C][C]C2=C1[C][C][C][C]1,-5.291654109954834,ok,
CN(C)c1ccc(/C=C/c2cc(C(C)(C)C)c3ccccc3[s+]2)cc1,O,CC(C)(C)c1cc2[s+]c3(~O~N(C)(C)c4ccc(cc4)/C=C/2)ccccc13,-8.951566696166992,ok,
[C][N+]1=C([C]=[C][C]=C2c3ccccc3Oc3ccccc32)C([C])([C])c2ccccc21,O,[C]C1([C])C2=[N+]([C]~O~O3c4ccccc4C(=[C][C]=[C]2)c2ccccc23)c2ccccc21,-5.359059810638428,ok,
CN1/C(=C/C=C/C2=[N+](C)C(C)(C)Cc3ccccc32)c2ccccc2CC1(C)C,O,C[N+]1=C2(~O~N3(C)C(=CC=C2)c2ccccc2CC3(C)C)c2ccccc2CC1(C)C,-6.534195423126221,ok,
C1=C/C2=C(\c3ccccc3)c3ccc4n3[Co]n3/c(cc/c3=C(\c3ccccc3)C3=N/C(=C\4c4ccccc4)C=C3)=C(/c3ccccc3)C1=N2,O,,,failed,"Pre-condition Violation
	bond already exists
	Violation occurred on line 334 in file Code/GraphMol/RWMol.cpp
	Failed Expression: !(boost::edge(atomIdx1, atomIdx2, d_graph).second)
	RDKIT: 2022.09.5
	BOOST: 1_78
"
CCN(CC)c1ccc2nc3c(cc(N)c4ccccc43)[o+]c2c1,O,CCN(CC)c1ccc2nc3c4ccccc4c4cc3(~O~N4)[o+]c2c1,-7.978536605834961,ok,
CC(=O)N(/C=C/C=C/C=C1/SC(=S)NC1=O)c1ccccc1,O,CC(=O)N(/C=C/C=C/C=C1/SC(=S)N2~O~C12=O)c1ccccc1,-5.385285377502441,ok,
COc1ccc(N2C(=O)/C(=C/C=C/c3ccc(N(C)C)cc3)SC2=S)cc1,O,CN(C)c1ccc(/C=C/C=C2\SC(=S)N3c4ccc(cc4)O(C)~O~C23=O)cc1,-5.877357006072998,ok,
CCN(CC)c1ccc(N2C(=O)C(=Cc3ccc(-c4ccc([N+](=O)[O-])cc4)o3)SC2=S)cc1,O,CCN(CC)c1ccc(N2C(=S)SC3=Cc4ccc(-c5ccc([N+](=O)[O-])cc5)o4~O~C32=O)cc1,-7.1645941734313965,ok,
CN1C=CC=C/C1=C\C=C1C=C(C(C)(C)C)C(=O)C(C(C)(C)C)=C1,O,CC(C)(C)C1=CC2=C/C=C3\C=CC=CN3(C)~O~C1(=O)C(C(C)(C)C)=C2,-5.37348747253418,ok,
COc1cccc(N2C(=O)C(=Cc3ccc(-c4ccc([N+](=O)[O-])cc4)o3)C=C2c2ccccc2)c1,O,CO1~O~c2([N+](=O)[O-])ccc(cc2)-c2ccc(o2)C=C2C=C(c3ccccc3)N(C2=O)c2cccc1c2,-5.479061126708984,ok,
CC1=C(/C=C/C(C)=C\C=C\C(C)=C\C=O)C(C)(C)CCC1,O,CC1=C(/C=C/C(C)=C\C=C\C(C)=C\C2~O~O=2)C(C)(C)CCC1,-5.400572299957275,ok,
C/C(=C\c1ccc(N(C)C)cc1)c1cc(-c2ccccc2)[s+]c(-c2ccccc2)c1,O,C/C1=C\c2ccc(cc2)N(C)(C)~O~c2(-c3ccccc3)cc1cc(-c1ccccc1)[s+]2,-8.566435813903809,ok,
COc1ccc(N/C=C/C=C/C=C2\SC(=S)N(c3ccccc3)C2=O)cc1,O,CO1~O~C2(=O)/C(=C/C=C/C=C/Nc3ccc1cc3)SC(=S)N2c1ccccc1,-6.078341484069824,ok,
[C]N([C])c1ccc(/[C]=[C]/[C]=C2C(=O)[N]C(=S)[N]C2=O)cc1,O,[C]N1([C])~O~C2(=O)[N]C(=S)[N]C(=O)C2=[C]/[C]=[C]/c2ccc1cc2,-4.431204795837402,ok,
CCN(CC)c1ccc(N2C(=O)/C(=C\c3ccc(-c4ccc([N+](=O)[O-])cc4)o3)SC2=S)cc1,O,CCN(CC)c1ccc(N2C(=S)S/C3=C/c4ccc(-c5ccc([N+](=O)[O-])cc5)o4~O~C32=O)cc1,-7.1645941734313965,ok,
CCN(CC)c1ccc2nc3ccc(N(C)C)cc3[s+]c2c1,O,CCN(CC)c1ccc2nc3ccc4cc3[s+]c2(~O~N4(C)C)c1,-7.684030055999756,ok,
Nc1ccc(-c2c3nc(c(-c4ccc(N)cc4)c4ccc([nH]4)c(-c4ccc(N)cc4)c4nc(c(-c5ccc(N)cc5)c5ccc2[nH]5)C=C4)C=C3)cc1,O,Nc1ccc(-c2c3nc(c(-c4ccc(N)cc4)c4ccc([nH]4)c4c5(~O~Nc6ccc-4cc6)nc(c(-c4ccc(N)cc4)c4ccc2[nH]4)C=C5)C=C3)cc1,-1.8906596899032593,ok,
NC(N)=NN=C(C=Cc1ccc([N+](=O)[O-])o1)C=Cc1ccc([N+](=O)[O-])o1,O,NC(N)=NN=C(C=Cc1ccc([N+](=O)[O-])o1)C=Cc1ccc2([N+](=O)[O-])~O~o12,-3.067570924758911,ok,
COc1cccc(N2C(=O)/C(=C/c3ccc(-c4ccc([N+](=O)[O-])cc4)o3)C=C2c2ccccc2)c1,O,CO1~O~c2([N+](=O)[O-])ccc(cc2)-c2ccc(o2)/C=C2\C=C(c3ccccc3)N(C2=O)c2cccc1c2,-5.547288417816162,ok,
CN1C(=O)/C(=C/C=C/C=C/Nc2ccccc2)SC1=S,O,CN1C(=S)S/C2=C\C=C\C=C\N(c3ccccc3)~O~C21=O,-5.402278423309326,ok,
CNc1ccc2nc3ccc(N(C)C)cc3[s+]c2c1,O,CN(C)c1ccc2nc3ccc4cc3[s+]c2(~O~N4C)c1,-6.148000717163086,ok,
"[Na+].[Na+].OS(=O)(=O)c1ccc(Nc2ccc(cc2)C(=C2C=CC(C=C2)=Nc2ccc(cc2)S([O-])(=O)=O)c2ccc(Nc3ccc(cc3)S([O-])(=O)=O)cc2)cc1 |c:18,21|",O,O=S(=O)([O-])c1ccc(N=C2C=CC(=C(c3ccc(Nc4ccc(S(=O)(=O)O)cc4)cc3)c3ccc(Nc4ccc(S(=O)(=O)[O-]~O~[Na+])cc4)cc3)C=C2)cc1.[Na+],-3.132615804672241,ok,
CC(=C/C=C1\C=CN(c2ccccc2)c2ccccc21)/C=C/c1cc[n+](-c2ccccc2)c2ccccc12,O,CC1=C/C=C2\C=CN(c3ccccc3)(~O~c34ccccc3c(cc[n+]4-c3ccccc3)/C=C/1)c1ccccc12,-6.888126850128174,ok,
CCN(CC)c1ccc(/C=C2\C(=O)c3ccccc3C2=C(C#N)C#N)cc1,O,CCN1(CC)~O~C2(=O)/C(=C\c3ccc1cc3)C(=C(C#N)C#N)c1ccccc12,-6.238863468170166,ok,
Cc1ccc(C(=O)c2c(/C=C\c3ccc(N(C)C)cc3)oc3cc(C#N)c(C#N)cc23)cc1,O,Cc1ccc(C2(=O)~O~o3c(/C=C\c4ccc(N(C)C)cc4)c2c2cc(C#N)c(C#N)cc23)cc1,-6.257309913635254,ok,
C1=C/C2=C(\c3ccccc3)c3ccc4n3[Zn]n3/c(cc/c3=C(\c3ccccc3)C3=N/C(=C\4c4ccccc4)C=C3)=C(/c3ccccc3)C1=N2,O,,,failed,"Pre-condition Violation
	bond already exists
	Violation occurred on line 334 in file Code/GraphMol/RWMol.cpp
	Failed Expression: !(boost::edge(atomIdx1, atomIdx2, d_graph).second)
	RDKIT: 2022.09.5
	BOOST: 1_78
"
CN(C)c1ccc(/C=C/C=C2\SC(=S)N(c3ccc([N+](=O)[O-])cc3)C2=O)cc1,O,CN1(C)~O~C2(=O)/C(=C/C=C/c3ccc1cc3)SC(=S)N2c1ccc([N+](=O)[O-])cc1,-5.966909408569336,ok,
CN(C)c1ccc(N=Nc2ccc3nc4ccc(N)cc4[n+](-c4ccccc4)c3c2)cc1,O,CN(C)c1ccc(N=Nc2ccc3nc4ccc5cc4[n+](-c4ccccc4)c3(~O~N5)c2)cc1,-3.9107964038848877,ok,
CC(=O)N(/C=C/C=C/C=C1/OC(=S)N(C)C1=O)c1ccccc1,O,CC(=O)N(/C=C/C=C/C=C1/O2~O~C1(=O)N(C)C2=S)c1ccccc1,-4.973865985870361,ok,
Cl[Mn]1n2c3ccc2/C(c2ccccc2)=C2/C=CC(=N2)/C(c2ccccc2)=c2/cc/c(n21)=C(\c1ccccc1)C1=N/C(=C\3c2ccccc2)C=C1,O,,,failed,"Pre-condition Violation
	bond already exists
	Violation occurred on line 334 in file Code/GraphMol/RWMol.cpp
	Failed Expression: !(boost::edge(atomIdx1, atomIdx2, d_graph).second)
	RDKIT: 2022.09.5
	BOOST: 1_78
"
CC1=C(/C=C/C(C)=C/C=C/C(C)=C\C(=O)O)C(C)(C)CCC1=O,O,CC1=C(/C=C/C(C)=C/C=C/C(C)=C\C2(=O)~O~O2)C(C)(C)CCC1=O,-4.814342021942139,ok,
CC[N+](CC)=c1ccc2nc3c(cc(N)c4ccccc43)oc-2c1,O,CC[N+](CC)=c12~O~o3c(c1)-c(cc2)nc1c2ccccc2c(N)cc13,-4.1366496086120605,ok,
C(/C=C/C=C/N1CCCc2ccccc21)=[N+]1\CCCc2ccccc21,O,C1=[N+]2/CCCc3ccccc32~O~N2(/C=C/C=C/1)CCCc1ccccc12,-4.954663276672363,ok,
O=[N+]([O-])c1ccc(C=C2CCC(C=NN=Cc3ccc(-c4ccc(SC(F)F)cc4)o3)=C2N2CCOCC2)cc1,O,O=[N+]([O-])c1ccc(C=C2CCC(C=NN=Cc3ccc4o3~O~C(F)(F)Sc3ccc-4cc3)=C2N2CCOCC2)cc1,-7.554088592529297,ok,
CC(C=Cc1cc[n+](-c2ccccc2)c2ccccc12)=CC=C1C=CN(c2ccccc2)c2ccccc21,O,CC1=CC=C2C=CN(c3ccccc3)(~O~c34ccccc3c(cc[n+]4-c3ccccc3)C=C1)c1ccccc12,-6.645988464355469,ok,
CN1C=C/C(=C/C=C(/C=C/c2cc[n+](C)c3ccccc23)c2ccccc2)c2ccccc21,O,C[n+]1ccc2c3ccccc31~O~N1(C)C=C/C(=C/C=C(c3ccccc3)/C=C/2)c2ccccc21,-6.352949619293213,ok,
CN(C)c1ccc(/C=C/C=C2\SC(=S)N(c3cccc(F)c3)C2=O)cc1,O,CN1(C)~O~C2(=O)/C(=C/C=C/c3ccc1cc3)SC(=S)N2c1cccc(F)c1,-6.24675178527832,ok,
O=S(=O)([O-])c1cc(S(=O)(=O)[O-])c2c(/N=N/c3ccc(S(=O)(=O)[O-])c4ccccc34)c(O)ccc2c1.[Na+].[Na+].[Na+],O,O=S(=O)([O-])c1ccc(/N=N/c2c(O)ccc3cc(S(=O)(=O)[O-]~O~[Na+])cc(S(=O)(=O)[O-])c23)c2ccccc12.[Na+].[Na+],-2.222275495529175,ok,
C1=C/C2=C(\c3cccnc3)c3ccc4n3[Zn]n3/c(cc/c3=C(\c3cccnc3)C3=N/C(=C\4c4cccnc4)C=C3)=C(/c3cccnc3)C1=N2,O,,,failed,"Pre-condition Violation
	bond already exists
	Violation occurred on line 334 in file Code/GraphMol/RWMol.cpp
	Failed Expression: !(boost::edge(atomIdx1, atomIdx2, d_graph).second)
	RDKIT: 2022.09.5
	BOOST: 1_78
"
[H][C@]12[C@H](OC(=O)c3ccccc3)[C@]3(O)C[C@H](OC(=O)[C@H](OC(=O)CCCCCNC4=C(C=CC5=[N+](CCCCS(=O)(=O)[O-])c6ccc7ccccc7c6C5(C)C)CCCC4=CC=C4N(CCCCS(=O)(=O)[O-])c5ccc6ccccc6c5C4(C)C)[C@@H](NC(=O)c4ccccc4)c4ccccc4)C(C)=C([C@@H](OC(C)=O)C(=O)[C@]1(C)[C@@H](O)C[C@@]1([H])OC[C@@]21OC(C)=O)C3(C)C.[Na+],O,CC(=O)O[C@H]1C(=O)[C@@]2(C)[C@H]([C@H](OC(=O)c3ccccc3)[C@]3(O)C[C@H](OC(=O)[C@H](OC(=O)CCCCCNC4=C(C=CC5=[N+](CCCCS(=O)(=O)[O-])c6ccc7ccccc7c6C5(C)C)CCCC4=CC=C4N(CCCCS(=O)(=O)[O-]~O~[Na+])c5ccc6ccccc6c5C4(C)C)[C@@H](NC(=O)c4ccccc4)c4ccccc4)C(C)=C1C3(C)C)[C@]1(OC(C)=O)CO[C@@H]1C[C@@H]2O,-3.6118180751800537,ok,
CCN(CC)c1ccc(/C=C/c2ccc([N+](=O)[O-])cc2C#N)cc1,O,CCN1(CC)~O~c2([N+](=O)[O-])ccc(c(C#N)c2)/C=C/c2ccc1cc2,-6.226480484008789,ok,
N#CC1=C(/C=C/C2=CC=C(N(CC)CC)C=C2)C=CC([N+]([O-])=O)=C1,O,CCN1(CC)~O~c2([N+](=O)[O-])ccc(c(C#N)c2)/C=C/c2ccc1cc2,-6.226480960845947,ok,
CN(C)c1ccc2nc3ccc(N(C)C)cc3[s+]c2c1,O,CN(C)c1ccc2nc3ccc4cc3[s+]c2(~O~N4(C)C)c1,-6.241580009460449,ok,
CN1/C(=C/C=C2\CC/C(=C\Nc3ccc([N+](=O)[O-])cc3)C2=O)C(C)(C)c2ccccc21,O,CN1/C(=C/C=C2\CC/C(=C\N3~O~c4([N+](=O)[O-])ccc3cc4)C2=O)C(C)(C)c2ccccc21,-5.327729225158691,ok,
CN1c2ccc([N+](=O)[O-])cc2N=C(c2ccc(C(=O)O)cc2)c2cc3c(cc21)C(C)(C)CCC3(C)C,O,CN1c2ccc([N+](=O)[O-])cc2N=C(c2ccc(C3(=O)~O~O3)cc2)c2cc3c(cc21)C(C)(C)CCC3(C)C,-3.2706706523895264,ok,
CN(C)c1ccc(/C=C/C=C2/SC(=S)N(C3CCCCC3)C2=O)cc1,O,CN1(C)~O~C2(=O)/C(=C\C=C\c3ccc1cc3)SC(=S)N2C1CCCCC1,-6.970036029815674,ok,
CN1/C(=C/C=C/C2=[N+](C)c3ccc4ccccc4c3C2(C)C)C(C)(C)c2ccc3ccccc3c21,O,C[N+]1=C2/C=C/C=C3\C(C)(C)c4ccc5ccccc5c4N3(C)~O~c13ccc1ccccc1c3C2(C)C,-6.928763389587402,ok,
CCCCCCCCCCCCCCCCCCN1C(=CC=CC=CC=CC2=[N+](CCCCCCCCCCCCCCCCCC)c3ccccc3C2(C)C)C(C)(C)c2ccccc21,O,CCCCCCCCCCCCCCCCCC[N+]1=C2C=CC=CC=CC=C3C(C)(C)c4ccccc4N3(CCCCCCCCCCCCCCCCCC)~O~c13ccccc3C2(C)C,-8.335124015808105,ok,
CC(C)(C)C1=CC(=CC=Cc2cc(C(C)(C)C)c3ccccc3[s+]2)Sc2ccccc21,O,CC(C)(C)C1=CC2=CC=Cc3cc(C(C)(C)C)c4ccccc4(~O~S2c2ccccc21)[s+]3,-9.875123023986816,ok,
CN(C)c1ccc(/C=C/C=C2\SC(=S)N(c3cccc([N+](=O)[O-])c3)C2=O)cc1,O,CN1(C)~O~c2([N+](=O)[O-])cccc(c2)N2C(=O)/C(=C/C=C/c3ccc1cc3)SC2=S,-6.03848934173584,ok,
CC(C)Nc1ccc(NC(C)C)c2c1C(=O)c1ccccc1C2=O,O,CC(C)Nc1ccc2c3c1C(=O)c1ccccc1C3(=O)~O~N2C(C)C,-5.540249347686768,ok,
"[Na+].[Na+].CCN(Cc1cccc(c1)S([O-])(=O)=O)c1ccc(cc1)C(=C1C=CC(C=C1)=[N+](CC)Cc1cccc(c1)S([O-])(=O)=O)c1ccccc1S([O-])(=O)=O |c:24,27|",O,CCN(Cc1cccc(S(=O)(=O)[O-]~O~[Na+])c1)c1ccc(C(=C2C=CC(=[N+](CC)Cc3cccc(S(=O)(=O)[O-])c3)C=C2)c2ccccc2S(=O)(=O)[O-])cc1.[Na+],-2.9861910343170166,ok,
CCN(CCC#N)c1ccc(N=Nc2c(Cl)cc([N+](=O)[O-])cc2Cl)cc1,O,CCN1(CCC#N)~O~c2([N+](=O)[O-])cc(Cl)c(c(Cl)c2)N=Nc2ccc1cc2,-5.944245338439941,ok,
N#Cc1ccc(N=Nc2ccc(N(CCO)CCO)cc2)cc1C#N,O,N#Cc1ccc2cc1C(#N)~O~OCCN(CCO)c1ccc(cc1)N=N2,-2.7013068199157715,ok,
CN1C(=CC2=CC(=Cc3sc4ccccc4[n+]3C)CCC2)Sc2ccccc21,O,C[n+]1c2ccccc2sc12~O~N1(C)C(=CC3=CC(=C2)CCC3)Sc2ccccc21,,failed,Featurization failed: RDKit could not parse Smiles_Merged
CCCCN1C(=O)/C(=C\C=C\C=C\N(C(C)=O)c2ccccc2)SC1=S,O,CCCCN12~O~C1(=O)/C(=C\C=C\C=C\N(C(C)=O)c1ccccc1)SC2=S,-6.020047187805176,ok,
CC(C=CC1=C(C)C(=O)CCC1(C)C)=CC=CC(C)=CC(=O)Nc1ccc(O)cc1,O,CC(C=CC1=C(C)C(=O)CCC1(C)C)=CC=CC(C)=CC1(=O)~O~Oc2ccc(cc2)N1,-5.924439907073975,ok,
CCCCN(CCCC)c1ccc(C(NC(C)C)=c2ccc(=C(C#N)C#N)cc2)cc1,O,CCCCN(CCCC)c1ccc(C2=c3ccc(cc3)=C(C#N)(C#N)~O~N2C(C)C)cc1,-6.560470104217529,ok,
CN(C)c1ccc(/C=C/c2c3sc(-c4ccccc4)c([O-])[n+]3c3ccccc3[n+]2C)cc1,O,CN(C)c1ccc(/C=C/c2[n+](C)c3ccccc3[n+]3c4c(-c5ccccc5)sc23~O~[O-]4)cc1,-4.735875606536865,ok,
CN(C)c1ccc(/N=N/c2cccc([N+](=O)[O-])c2)cc1,O,CN1(C)~O~c2([N+](=O)[O-])cccc(c2)/N=N/c2ccc1cc2,-3.985447645187378,ok,
[C]c1cc2nc3ccc(=[N+]([C])[C])cc-3sc2cc1[N],O,[C]c1cc2c(cc1[N])sc1cc3ccc-1n2~O~[C][N+]=3[C],-5.320528984069824,ok,
O=C1C(Cl)=C(Cl)C(=O)C(c2cnc(N3CCCC3)s2)=C1Cl,O,O=C1C(Cl)=C(Cl)C2(=O)~O~N3(CCCC3)c3ncc(s3)C1=C2Cl,-6.136298179626465,ok,
CN(C)c1ccc(/C=C\C=C\c2cc[n+](CCCS(=O)(=O)[O-])cc2)cc1,O,CN(C)c1ccc(/C=C\C=C\c2cc[n+]3c(~O~[O-]S(=O)(=O)CCC3)c2)cc1,-3.9547672271728516,ok,
CN(C)c1ccc(/C=C/C=C/c2cccc[n+]2C)cc1,O,C[n+]1ccccc12~O~N(C)(C)c1ccc(cc1)/C=C/C=C/2,,failed,Featurization failed: RDKit could not parse Smiles_Merged
CCN(CC)c1ccc(N2C(=O)/C(=C\C=C\c3ccco3)SC2=S)cc1,O,CCN(CC)c1ccc(N2C(=S)S/C3=C/C=C/c4ccco4~O~C32=O)cc1,-6.826728820800781,ok,
CCCN(CCC)c1ccc(C(NCCO)=c2ccc(=C(C#N)C#N)cc2)cc1,O,CCCN(CCC)c1ccc(C2=c3ccc(cc3)=C(C#N)(C#N)~O~OCCN2)cc1,-5.407249450683594,ok,
CN(C)c1ncc(C2=C(Cl)C(=O)C(Cl)=C(Cl)C2=O)s1,O,CN1(C)~O~C2(=O)C(Cl)=C(Cl)C(=O)C(=C2Cl)c2cnc1s2,-5.424476623535156,ok,
CN(C)c1ccc(/C=C2\CCc3c2cc(-c2ccccc2)[o+]c3-c2ccccc2)cc1,O,CN1(C)~O~c2(-c3ccccc3)[o+]c(-c3ccccc3)cc3c2CC/C3=C\c2ccc1cc2,-9.265762329101562,ok,
N#CCCNc1ccc(/N=N/c2ccc3c(c2)C(=O)c2ccccc2C3=O)cc1,O,N#CCCN1~O~C2(=O)c3ccccc3C(=O)c3ccc(cc32)/N=N/c2ccc1cc2,-4.736171245574951,ok,
COC(=O)/C(C)=C/C=C/C(C)=C/C=C/C=C(C)/C=C/C=C(\C)C(=O)OC,O,COC(=O)/C(C)=C/C=C/C(C)=C/C=C/C=C(C)/C=C/C=C(\C)C1(=O)~O~O1C,-5.372323513031006,ok,
COC(=O)c1ccc2c(c1)C(C)(C)C(/C=C/c1c(C)[nH]c3ccccc13)=[N+]2C,O,Cc1[nH]c2ccccc2c1/C=C/C1=[N+](C)c2ccc(C3(=O)~O~O3C)cc2C1(C)C,-5.484201431274414,ok,
CCCC[N+]1=C(C=Cc2ccc(N(C)C)cc2)c2cccc3c(Cl)ccc1c23,O,CCCC[N+]1=C2C=Cc3ccc(cc3)N(C)(C)~O~c13ccc(Cl)c1cccc2c13,-7.2302961349487305,ok,
CN(C)c1ccc(/C=C/C(=C(C#N)C#N)C2CC2)cc1,O,CN1(C)~O~C(C#N)(C#N)=C(C2CC2)/C=C/c2ccc1cc2,-5.932750701904297,ok,
CN(C)c1ccc(/C=C/c2cc(-c3ccc([N+](=O)[O-])cc3)nc3ccc4ccccc4c23)cc1,O,CN1(C)~O~c2([N+](=O)[O-])ccc(cc2)-c2cc(c3c(ccc4ccccc43)n2)/C=C/c2ccc1cc2,-6.244510650634766,ok,
COc1ccc(/C=C2\CCCc3c2[o+]c2c(c3-c3ccc(OC)cc3)CCC/C2=C\c2ccc(OC)cc2)cc1,O,COc1ccc(/C=C2\CCCc3c2[o+]c24~O~O(C)c5ccc(cc5)/C=C/2CCCc4c3-c2ccc(OC)cc2)cc1,-9.770843505859375,ok,
CCN(c1ccc(/N=N/c2ccc([N+](=O)[O-])cc2)cc1)C(C)C,O,CCN1(C(C)C)~O~c2([N+](=O)[O-])ccc(cc2)/N=N/c2ccc1cc2,-4.873798370361328,ok,
CC(C)N(CC)C(C=C1)=CC=C1/N=N/C2=CC=C([N+]([O-])=O)C=C2,O,CCN1(C(C)C)~O~c2([N+](=O)[O-])ccc(cc2)/N=N/c2ccc1cc2,-4.873798370361328,ok,
CC[n+]1c(C=CC=C2C=C(C=CN(C)c3ccccc3)CC(C)(C)C2)sc2ccccc21,O,CC[n+]1c2ccccc2sc12~O~N(C)(c1ccccc1)C=CC1=CC(=CC=C2)CC(C)(C)C1,,failed,Featurization failed: RDKit could not parse Smiles_Merged
CCN1/C(=C/C=C(/C=C/c2sc3ccccc3[n+]2CC)CCCO)Sc2ccccc21,O,CCN1/C(=C/C=C2/C=C/c3(~O~OCCC2)sc2ccccc2[n+]3CC)Sc2ccccc21,,failed,Featurization failed: RDKit could not parse Smiles_Merged
C[n+]1c(C=CC=C2C=CN(CCO)c3ccccc32)sc2ccccc21,O,C[n+]1c2ccccc2sc12~O~OCCN1C=CC(=CC=C2)c2ccccc21,,failed,Featurization failed: RDKit could not parse Smiles_Merged
CN(C)c1ccc(C=CC2=[N+](C)c3ccc([N+](=O)[O-])cc3C2(C)C)cc1,O,C[N+]1=C2C=Cc3ccc(cc3)N(C)(C)~O~c3([N+](=O)[O-])ccc1c(c3)C2(C)C,-5.650259017944336,ok,
CCN1CCS/C1=C\C=C\C1=[N+](CC)CCS1,O,CC[N+]1=C2(~O~N3(CC)CCS/C3=C\C=C\2)SCC1,-2.5069901943206787,ok,
O=C1C(=Cc2ccc(-c3ccc([N+](=O)[O-])cc3)o2)C=C(c2ccccc2)N1c1ccc(Sc2ccc([N+](=O)[O-])cc2)cc1,O,O=C1C2=Cc3ccc(-c4ccc([N+](=O)[O-])cc4)o3~O~c3([N+](=O)[O-])ccc(cc3)Sc3ccc(cc3)N1C(c1ccccc1)=C2,-6.620120048522949,ok,
CC(/C=C/C=C(\C)C(=O)OCCc1ccc(F)cc1)=C\C=C\C=C(C)\C=C\C=C(/C)C(=O)OCCc1ccc(F)cc1,O,CC(/C=C/C=C(\C)C(=O)OCCc1ccc(F)cc1)=C\C=C\C=C(C)\C=C\C=C(/C)C1(=O)~O~O1CCc1ccc(F)cc1,-5.968562126159668,ok,
CN(C)c1ccc(N2C(=O)C(=Cc3ccc(-c4cc(Cl)ccc4Cl)o3)C=C2c2ccccc2)cc1,O,CN(C)c1ccc(N2C(c3ccccc3)=CC3=Cc4ccc(-c5cc(Cl)ccc5Cl)o4~O~C32=O)cc1,-6.379168510437012,ok,
CN(C)c1ccc(-c2cc[n+]3c([O-])c(-c4ccc(N(C)C)cc4)sc3n2)cc1,O,CN(C)c1ccc(-c2cc[n+]3c4c(-c5ccc(N(C)C)cc5)sc3(~O~[O-]4)n2)cc1,-3.750682830810547,ok,
O=[V]1n2c3ccc2/C(c2ccccc2)=C2/C=CC(=N2)/C(c2ccccc2)=c2/cc/c(n21)=C(\c1ccccc1)C1=N/C(=C\3c2ccccc2)C=C1,O,,,failed,"Pre-condition Violation
	bond already exists
	Violation occurred on line 334 in file Code/GraphMol/RWMol.cpp
	Failed Expression: !(boost::edge(atomIdx1, atomIdx2, d_graph).second)
	RDKIT: 2022.09.5
	BOOST: 1_78
"
CC(C=CC=C(C=CC1=C(C)CCCC1(C)C)c1ccc(C)cc1)=CC(=O)O,O,CC(C=CC=C(C=CC1=C(C)CCCC1(C)C)c1ccc(C)cc1)=CC1(=O)~O~O1,-5.0448713302612305,ok,
CN(C)c1ccc(/C=C2\CCC/C(=C\c3cccs3)C2=O)cc1,O,CN1(C)~O~C2(=O)/C(=C/c3ccc1cc3)CCC/C2=C\c1cccs1,-5.907254695892334,ok,
C=CC1=C(C)C2=N/C1=C\c1c(C)c(C=C)c3n1[Fe]n1/c(c(C)c(CCC(=O)O)/c1=C/C1=N/C(=C\3)C(C)=C1CCC(=O)O)=C\2,O,,,failed,"Pre-condition Violation
	bond already exists
	Violation occurred on line 334 in file Code/GraphMol/RWMol.cpp
	Failed Expression: !(boost::edge(atomIdx1, atomIdx2, d_graph).second)
	RDKIT: 2022.09.5
	BOOST: 1_78
"
O=C1C(Cl)=C(Cl)C(=O)C(c2cnc(N3CCCCC3)s2)=C1Cl,O,O=C1C(Cl)=C(Cl)C2(=O)~O~N3(CCCCC3)c3ncc(s3)C1=C2Cl,-6.30284309387207,ok,
CN(C)c1ccc(/C=C/C=C2\SC(=O)N(CCc3ccccc3)C2=O)cc1,O,CN1(C)~O~C2(=O)S/C(=C\C=C\c3ccc1cc3)C(=O)N2CCc1ccccc1,-5.404190540313721,ok,
[C][N+]1=C([C]=[C][C]=C2c3ccccc3Sc3ccccc32)C([C])([C])c2ccccc21,O,[C]C1([C])C([C]=[C][C]=C2c3ccccc3Sc3ccccc32)=[N+]2(~O~[C]2)c2ccccc21,-6.538834571838379,ok,
CN(C)c1ccc(-c2cnc(-c3ccc4c(c3)C(=O)OC4=O)s2)cc1,O,CN(C)c1ccc(-c2cnc(-c3ccc4c(c3)C3(=O)~O~O3C4=O)s2)cc1,-5.748371124267578,ok,
O=[N+]([O-])c1ccc(/N=N/c2ccc(Nc3ccc(/N=N/c4ccc([N+](=O)[O-])cc4)cc3)cc2)cc1,O,O=[N+]([O-])c1ccc(/N=N/c2ccc(N3~O~c4([N+](=O)[O-])ccc(cc4)/N=N/c4ccc3cc4)cc2)cc1,-4.911654949188232,ok,
O=[N+]([O-])C1=CC=C(C=C1)/N=N/C2=CC=C(C=C2)NC3=CC=C(/N=N/C4=CC=C([N+]([O-])=O)C=C4)C=C3,O,O=[N+]([O-])c1ccc(/N=N/c2ccc(N3~O~c4([N+](=O)[O-])ccc(cc4)/N=N/c4ccc3cc4)cc2)cc1,-4.911654949188232,ok,
[C][C][C][C]N1[C][C][C]c2cc([C]=[C]C3=C([C])C(=C(C#N)C#N)c4ccccc43)ccc21,O,[C][C][C][C]N12~O~C(C#N)(C#N)=C3C([C])=C([C]=[C]c4ccc1c(c4)[C][C][C]2)c1ccccc13,-6.327971458435059,ok,
O=C1/C(=C/c2ccc(-c3ccc(Br)cc3)o2)C=C(c2ccccc2)N1c1ccc(Sc2ccc([N+](=O)[O-])cc2)cc1,O,O=C1/C2=C/c3ccc(-c4ccc(Br)cc4)o3~O~c3([N+](=O)[O-])ccc(cc3)Sc3ccc(cc3)N1C(c1ccccc1)=C2,-6.8344831466674805,ok,
O=C1/C(=C/C=C/C=C/Nc2ccccc2)SC(=S)N1C1CCCCC1,O,O=C12~O~N(c3ccccc3)/C=C/C=C/C=C/1SC(=S)N2C1CCCCC1,-6.384364128112793,ok,
O=C1/C(=C/c2ccc(-c3cc(Cl)ccc3Cl)o2)C=C(c2ccccc2)N1c1ccc(Sc2ccc([N+](=O)[O-])cc2)cc1,O,O=C1/C2=C/c3ccc(-c4cc(Cl)ccc4Cl)o3~O~c3([N+](=O)[O-])ccc(cc3)Sc3ccc(cc3)N1C(c1ccccc1)=C2,-7.14466667175293,ok,
O=C1C(=Cc2cccc([N+](=O)[O-])c2)CCCC1=Cc1ccco1,O,O=C1C2=Cc3cccc([N+](=O)[O-])(~O~o4cccc4C=C1CCC2)c3,-5.580652236938477,ok,
CC1=C(/C=C/C(C)=C/C=C/C(C)=C/C=C/C=C(C)/C=C/C=C(\C)C=O)C(C)(C)CCC1,O,CC1=C(/C=C/C(C)=C/C=C/C(C)=C/C=C/C=C(C)/C=C/C=C(\C)C2~O~O=2)C(C)(C)CCC1,-6.807991981506348,ok,
O=[N+]([O-])c1ccc(C=C2CCC(C=NN=Cc3cccc(Br)c3)=C2N2CCOCC2)cc1,O,O=[N+]([O-])c12~O~O3CCN(CC3)C3=C(C=NN=Cc4cccc(Br)c4)CCC3=Cc(cc1)cc2,-4.814230918884277,ok,
CCCCN(CCCC)c1ccc2nc3ccc(N(CCCC)CCCC)cc3[s+]c2c1,O,CCCCN(CCCC)c1ccc2nc3ccc4cc3[s+]c2(~O~N4(CCCC)CCCC)c1,-9.4840726852417,ok,
O=C1/C(=C/C=C/C=C/c2sc3cccc[n+]3c2[O-])Sc2cccc[n+]21,O,O=C12~O~[O-]c3c(sc4cccc[n+]34)/C=C/C=C/C=C/1Sc1cccc[n+]12,-3.7490689754486084,ok,
CN(C)c1ccc2nc3c(ccc4ccccc43)[o+]c2c1,O,CN1(C)~O~c23cc1ccc2nc1c(ccc2ccccc21)[o+]3,-7.300789833068848,ok,
CN1C(=CC=CC=C2C(=O)NC(=O)NC2=O)Sc2ccccc21,O,CN12~O~C3(=O)NC(=O)C(=CC=CC=C1Sc1ccccc12)C(=O)N3,-4.5357160568237305,ok,
O=C1c2ccccc2C(=O)c2c1cc(NC1CCCCC1)c1nonc21,O,O=C1c2ccccc2C2(=O)~O~N(C3CCCCC3)c3cc1c2c1nonc31,-5.631034851074219,ok,
Nc1ccc2c3ccccc3c3nc4ccccc4nc3c2c1,O,c1ccc2nc34~O~Nc5ccc(c6ccccc6c3nc2c1)c4c5,-5.153221130371094,ok,
O=C1/C(=C/c2ccc(-c3ccc([N+](=O)[O-])cc3)o2)C=C(c2ccccc2)N1c1ccc(Sc2ccc([N+](=O)[O-])cc2)cc1,O,O=C1/C2=C/c3ccc(-c4ccc([N+](=O)[O-])cc4)o3~O~c3([N+](=O)[O-])ccc(cc3)Sc3ccc(cc3)N1C(c1ccccc1)=C2,-6.620120048522949,ok,
C[n+]1ccccc1C(=O)C=CC=C(Cl)Cl,O,C[n+]1ccccc12~O~O=C2C=CC=C(Cl)Cl,,failed,Featurization failed: RDKit could not parse Smiles_Merged
CN(C)c1ccc(-c2cc(-c3ccc(N=Cc4ccc([N+](=O)[O-])cc4)cc3)c3c(ccc4ccccc43)n2)cc1,O,CN1(C)~O~c2([N+](=O)[O-])ccc(cc2)C=Nc2ccc(cc2)-c2cc(nc3ccc4ccccc4c23)-c2ccc1cc2,-6.11380672454834,ok,
COc1ccc(/C2=C3\C=CC(=N3)/C(c3ccc(OC)cc3)=c3/cc/c4n3[Cu]n3c2ccc3/C(c2ccc(OC)cc2)=C2/C=CC(=N2)/C=4c2ccc(OC)cc2)cc1,O,,,failed,"Pre-condition Violation
	bond already exists
	Violation occurred on line 334 in file Code/GraphMol/RWMol.cpp
	Failed Expression: !(boost::edge(atomIdx1, atomIdx2, d_graph).second)
	RDKIT: 2022.09.5
	BOOST: 1_78
"
CN(C)c1ccc(/C=C/c2cc(-c3ccccc3)[o+]c(-c3ccccc3)c2)cc1,O,CN1(C)~O~c2(-c3ccccc3)cc(cc(-c3ccccc3)[o+]2)/C=C/c2ccc1cc2,-8.951103210449219,ok,
CC(/C=C/C=C(\C)C(=O)[O-])=C\C=C\C=C(C)\C=C\C=C(/C)C(=O)[O-],O,CC(/C=C/C=C(\C)C(=O)[O-])=C\C=C\C=C(C)\C=C\C=C(/C)C1([O-])~O~O=1,-4.958860397338867,ok,
O=C1/C(=C/c2ccc(-c3ccc(Cl)c(Cl)c3)o2)C=C(c2ccccc2)N1c1ccc(Sc2ccc([N+](=O)[O-])cc2)cc1,O,O=C1/C2=C/c3ccc(-c4ccc(Cl)c(Cl)c4)o3~O~c3([N+](=O)[O-])ccc(cc3)Sc3ccc(cc3)N1C(c1ccccc1)=C2,-7.132254600524902,ok,
CC1CCCC(O)C2C(=O)CC(O)C3OC(C=CC=CC=CC(=O)O)=C(C(=O)O1)C32,O,CC1CCCC(O)C2C(=O)CC(O)C3C2C2=C(C=CC=CC=CC(=O)O)O3~O~C2(=O)O1,-5.300394058227539,ok,
Cc1ccc(Nc2ccc(Nc3ccc(C)cc3S(=O)(=O)[O-])c3c2C(=O)c2ccccc2C3=O)c(S(=O)(=O)[O-])c1.[Na+].[Na+],O,Cc1ccc(Nc2ccc(Nc3ccc(C)cc3S(=O)(=O)[O-]~O~[Na+])c3c2C(=O)c2ccccc2C3=O)c(S(=O)(=O)[O-])c1.[Na+],-2.7744648456573486,ok,
O=C1C(Cl)=C(Cl)C(=O)C(c2cnc(N3CCOCC3)s2)=C1Cl,O,O=C1C(Cl)=C(Cl)C2(=O)~O~O3CCN(CC3)c3ncc(s3)C1=C2Cl,-5.139194488525391,ok,
CC(=O)N(/C=C/C=C/C=C1/SC(=S)N(c2ccccc2)C1=O)c1ccccc1,O,CC(=O)N1(c2ccccc2)~O~C2(=O)/C(=C\C=C\C=C\1)SC(=S)N2c1ccccc1,-5.110445022583008,ok,
CCN1C(=O)/C(=C/c2ccc(-c3ccc(C#N)cc3)o2)SC1=Nc1ccc(N2CCOCC2)cc1,O,CCN1C(=Nc2ccc(N3CCOCC3)cc2)S/C2=C\c3ccc(-c4ccc(C#N)cc4)o3~O~C21=O,-5.581714153289795,ok,
Br[Co]1n2c3ccc2/C(c2ccccc2)=C2/C=CC(=N2)/C(c2ccccc2)=c2/cc/c(n21)=C(\c1ccccc1)C1=N/C(=C\3c2ccccc2)C=C1,O,,,failed,"Pre-condition Violation
	bond already exists
	Violation occurred on line 334 in file Code/GraphMol/RWMol.cpp
	Failed Expression: !(boost::edge(atomIdx1, atomIdx2, d_graph).second)
	RDKIT: 2022.09.5
	BOOST: 1_78
"
CC[n+]1c(C=CC=Cc2ccc(N(C)C)cc2)sc2ccccc21,O,CC[n+]1c2ccccc2sc12~O~N(C)(C)c1ccc(cc1)C=CC=C2,,failed,Featurization failed: RDKit could not parse Smiles_Merged
COc1ccc(N2C(=O)/C(=C/c3ccc(-c4ccc([N+](=O)[O-])cc4)o3)C=C2c2ccccc2)cc1,O,CO1~O~c2([N+](=O)[O-])ccc(cc2)-c2ccc(o2)/C=C2\C=C(c3ccccc3)N(C2=O)c2ccc1cc2,-5.572739601135254,ok,
CN(C)c1ccc(N2C(=O)C(=Cc3ccc(-c4ccc(Cl)c(Cl)c4)o3)C=C2c2ccccc2)cc1,O,CN(C)c1ccc(N2C(c3ccccc3)=CC3=Cc4ccc(-c5ccc(Cl)c(Cl)c5)o4~O~C32=O)cc1,-6.358837127685547,ok,
CCN1C(=O)/C(=C/C=C/C=C\N(C(C)=O)c2ccccc2)OC1=S,O,CCN1C(=S)O2~O~C1(=O)/C2=C/C=C/C=C\N(C(C)=O)c1ccccc1,-4.927518367767334,ok,
C1=C/C2=C(\c3ccccc3)c3ccc4n3[Co+]n3/c(cc/c3=C(\c3ccccc3)C3=N/C(=C\4c4ccccc4)C=C3)=C(/c3ccccc3)C1=N2,O,,,failed,"Pre-condition Violation
	bond already exists
	Violation occurred on line 334 in file Code/GraphMol/RWMol.cpp
	Failed Expression: !(boost::edge(atomIdx1, atomIdx2, d_graph).second)
	RDKIT: 2022.09.5
	BOOST: 1_78
"
CN(C)c1ccc(C=C2CCc3c2cc(-c2ccccc2)[o+]c3-c2ccccc2)cc1,O,CN1(C)~O~c2(-c3ccccc3)[o+]c(-c3ccccc3)cc3c2CCC3=Cc2ccc1cc2,-9.239057540893555,ok,
"N#CC1=CC(C=C1C#N)=C1C=CC=CC=C1 |c:5,11,13,15,t:2|",O,N#CC1=CC(=C2C=CC=CC=C2)C=C1C1~O~N#1,-4.193978786468506,ok,
O=C1/C(=C\C=C\C=C\Nc2ccccc2)SC(=S)N1Cc1ccccc1,O,O=C12~O~N(c3ccccc3)/C=C/C=C/C=C\1SC(=S)N2Cc1ccccc1,-5.863624572753906,ok,
CC1=C(/C=C/C(C)=C/C=C/C(C)=C/C(=O)Nc2ccc(O)cc2)C(C)(C)CCC1,O,CC1=C(/C=C/C(C)=C/C=C/C(C)=C/C2(=O)~O~Oc3ccc(cc3)N2)C(C)(C)CCC1,-6.426107406616211,ok,
CC[n+]1c(/C=C/C=C2/C=C(C=CN(C(C)=O)c3ccccc3)CC(C)(C)C2)sc2ccccc21,O,CC[n+]1c2ccccc2sc12~O~N(C(C)=O)(c1ccccc1)C=CC1=C/C(=C/C=C/2)CC(C)(C)C1,,failed,Featurization failed: RDKit could not parse Smiles_Merged
[C]N(c1ccc([C]=C(C#N)C#N)cc1)c1ccc([C]=C(C#N)C#N)cc1,O,[C]N1(c2ccc([C]=C(C#N)C#N)cc2)~O~C(C#N)(C#N)=[C]c2ccc1cc2,-5.777064800262451,ok,
COC(=O)/C=C(C)\C=C\C=C(C)\C=C\C1=C(C)C(=O)CCC1(C)C,O,CC1=C(/C=C/C(C)=C/C=C/C(C)=C\C2(=O)~O~O2C)C(C)(C)CCC1=O,-5.270267486572266,ok,
C=CCN1C(=O)/C(=C\C=C\c2ccc(N(C)C)cc2)SC1=S,O,C=CCN1C(=S)S/C2=C/C=C/c3ccc(cc3)N(C)(C)~O~C21=O,-6.117856025695801,ok,
COc1ccc(/C2=C3\C=CC(=N3)/C(c3ccc(OC)cc3)=c3/cc/c4n3[Co]n3c2ccc3/C(c2ccc(OC)cc2)=C2/C=CC(=N2)/C=4c2ccc(OC)cc2)cc1,O,,,failed,"Pre-condition Violation
	bond already exists
	Violation occurred on line 334 in file Code/GraphMol/RWMol.cpp
	Failed Expression: !(boost::edge(atomIdx1, atomIdx2, d_graph).second)
	RDKIT: 2022.09.5
	BOOST: 1_78
"
Cc1ccc(N2C(=O)/C(=C/c3ccc(-c4ccc([N+](=O)[O-])cc4)o3)C=C2c2ccccc2)cc1,O,Cc1ccc(N2C(=O)/C(=C/c3ccc4o3~O~c3([N+](=O)[O-])ccc-4cc3)C=C2c2ccccc2)cc1,-6.072317123413086,ok,
[C]N([C])c1ccc(/[C]=C2\[C][C][C]C(=C3S[C][C]S3)C2=O)cc1,O,[C]N1([C])~O~C2(=O)C(=C3S[C][C]S3)[C][C][C]/C2=[C]\c2ccc1cc2,-4.993231296539307,ok,
CN(C)c1ccc(/C=C/c2ccc3ccccc3[n+]2[O-])cc1,O,CN(C)c1ccc(/C=C/c2ccc3ccccc34~O~[O-][n+]24)cc1,-3.785074472427368,ok,
COC(=O)[C@H](Cc1ccccc1)NC(=O)[C@H](CC(=O)OCC=C(C)C=CC=C(C)C=CC1=C(C)CCCC1(C)C)NC=O,O,CC(C=CC1=C(C)CCCC1(C)C)=CC=CC(C)=CCOC(=O)C[C@H](NC=O)C(=O)N[C@@H](Cc1ccccc1)C1(=O)~O~O1C,-5.758610725402832,ok,
CN1C(=CC=CC=C2C(=O)CC(C)(C)CC2=O)Sc2ccccc21,O,CC1(C)CC(=O)C2=CC=CC=C3Sc4ccccc4N3(C)~O~C2(=O)C1,-5.527686595916748,ok,
O=S(=O)([O-])c1ccc(/N=N/c2ccc(/N=N/c3c(O)c(S(=O)(=O)[O-])cc4cc(S(=O)(=O)[O-])ccc34)c(S(=O)(=O)[O-])c2)cc1.[Na+].[Na+].[Na+].[Na+],O,O=S(=O)([O-])c1ccc2c(/N=N/c3ccc(/N=N/c4ccc(S(=O)(=O)[O-]~O~[Na+])cc4)cc3S(=O)(=O)[O-])c(O)c(S(=O)(=O)[O-])cc2c1.[Na+].[Na+].[Na+],-2.325967311859131,ok,
O=C1C(=C2SCCS2)C(=O)C(=C2SCCS2)C(=O)C1=C1SCCS1,O,O=C1C(=C2SCCS2)C(=O)C(=C2SCCS2)C2(~O~O=2)C1=C1SCCS1,-4.730295181274414,ok,
CCOC(=O)c1ccc(-c2ccc(/C=C3/C=C(c4ccccc4)N(c4ccc(N(C)C)cc4)C3=O)o2)cc1,O,CCO1~O~C1(=O)c1ccc(-c2ccc(/C=C3/C=C(c4ccccc4)N(c4ccc(N(C)C)cc4)C3=O)o2)cc1,-5.197989463806152,ok,
CC(C)NC(c1ccc(N2CCCC2)cc1)=c1ccc(=C(C#N)C#N)cc1,O,CC(C)N1~O~C(C#N)(C#N)=c2ccc(cc2)=C1c1ccc(N2CCCC2)cc1,-5.582576751708984,ok,
CC[n+]1c(/C=C/C=C/C=C/Nc2ccccc2C)sc2ccccc21,O,CC[n+]1c2ccccc2sc12~O~N(c1ccccc1C)/C=C/C=C/C=C/2,,failed,Featurization failed: RDKit could not parse Smiles_Merged
O=C1/C(=C\C=C\C=C\Nc2ccccc2)SC(=S)N1CCc1ccccc1,O,O=C12~O~N(c3ccccc3)/C=C/C=C/C=C\1SC(=S)N2CCc1ccccc1,-6.033901214599609,ok,
COc1ccc(/C2=C3\C=CC(=N3)/C(c3ccc(OC)cc3)=c3/cc/c4n3[Cu]n3c2ccc3/C(c2ccc(OC)cc2)=C2/C=CC(=N2)\C=4c2ccc(OC)cc2)cc1,O,,,failed,"Pre-condition Violation
	bond already exists
	Violation occurred on line 334 in file Code/GraphMol/RWMol.cpp
	Failed Expression: !(boost::edge(atomIdx1, atomIdx2, d_graph).second)
	RDKIT: 2022.09.5
	BOOST: 1_78
"
CC(=O)O[C@H]1C(=O)[C@@]2(C)[C@H]([C@H](OC(=O)c3ccccc3)[C@]3(O)C[C@H](OC(=O)[C@H](OC(=O)CCCCCNC4=C(C=CC5=[N+](CCCCS(=O)(=O)[O-])c6ccc7ccccc7c6C5(C)C)CCCC4=CC=C4N(CCCCS(=O)(=O)[O-])c5ccc6ccccc6c5C4(C)C)[C@@H](NC(=O)c4ccccc4)c4ccccc4)C(C)=C1C3(C)C)[C@]1(OC(C)=O)CO[C@@H]1C[C@@H]2O,O,CC(=O)O[C@H]1C(=O)[C@@]2(C)[C@H]([C@H](OC(=O)c3ccccc3)[C@]3(O)C[C@H](OC4(=O)~O~[O-]S(=O)(=O)CCCCN5C(=CC=C6CCCC(C=CC7=[N+](CCCCS(=O)(=O)[O-])c8ccc9ccccc9c8C7(C)C)=C6NCCCCCC(=O)O[C@@H]4[C@@H](NC(=O)c4ccccc4)c4ccccc4)C(C)(C)c4c5ccc5ccccc45)C(C)=C1C3(C)C)[C@]1(OC(C)=O)CO[C@@H]1C[C@@H]2O,-4.233327865600586,ok,
CCCC[N+]1=C(C=Cc2ccc(N(C)C)cc2)c2cccc3cccc1c23,O,CCCC[N+]1=C2C=Cc3ccc(cc3)N(C)(C)~O~c13cccc1cccc2c13,-6.703571796417236,ok,
CC1CC/C(=C\C=C\c2ccccc2[N+](=O)[O-])C(=O)/C1=C/C=C/c1ccccc1[N+](=O)[O-],O,CC1CC/C(=C\C=C\c2ccccc2[N+](=O)[O-])C2=O~O~c3([N+](=O)[O-])ccccc3/C=C/C=C/21,-6.7196760177612305,ok,
[C]N([C])c1ccc2c(c1)SC(=[C]C1=[C]C(=C(C#N)C#N)[C]C([C])([C])[C]1)N2[C],O,[C]N1C2=[C]C3=[C]C(=C(C#N)(C#N)~O~N([C])([C])c4ccc1c(c4)S2)[C]C([C])([C])[C]3,-5.888960838317871,ok,
CNc1ccc2nc3ccc(N(C)C)cc3[s+]c2c1.[Cl-],O,CNc1ccc2nc3ccc(N(C)C)cc3(~O~[Cl-])[s+]c2c1,-6.103723526000977,ok,
[C]N([C])c1ccc([C]=[C]C2=[C]C(=C(C#N)C#N)[C]C([C])([C])[C]2)s1,O,[C]C1([C])[C]C2=[C]C(=C(C#N)(C#N)~O~N([C])([C])c3ccc(s3)[C]=[C]2)[C]1,-6.731146335601807,ok,
C=Cc1c(C)c2cc3nc(c4c5[nH]c(cc6nc(cc1[nH]2)C(C)=C6CC)c(C)c5C(=O)C4)[C@@H](CCC(=O)OC)[C@@H]3C,O,C=Cc1c(C)c2cc3nc(c4c5[nH]c(cc6nc(cc1[nH]2)C(C)=C6CC)c(C)c5C(=O)C4)[C@@H](CCC1(=O)~O~O1C)[C@@H]3C,-5.444185733795166,ok,
CN(C)c1ccc(N2C(=O)C(=Cc3ccc(-c4ccc(Br)cc4)o3)C=C2c2ccccc2)cc1,O,CN(C)c1ccc(N2C(c3ccccc3)=CC3=Cc4ccc(-c5ccc(Br)cc5)o4~O~C32=O)cc1,-6.066718101501465,ok,
N#CC(C#N)=CC1=C(Cl)/C(=C/[C-](C#N)C#N)CCC1,O,N#C[C-]1C#N~O~C(C#N)(C#N)=CC2=C(Cl)/C(=C/1)CCC2,-5.230955600738525,ok,
COc1ccc(/C2=C3\C=CC(=N3)/C(c3ccc(OC)cc3)=c3/cc/c4n3[Zn]n3c2ccc3/C(c2ccc(OC)cc2)=C2/C=CC(=N2)/C=4c2ccc(OC)cc2)cc1,O,,,failed,"Pre-condition Violation
	bond already exists
	Violation occurred on line 334 in file Code/GraphMol/RWMol.cpp
	Failed Expression: !(boost::edge(atomIdx1, atomIdx2, d_graph).second)
	RDKIT: 2022.09.5
	BOOST: 1_78
"
CN(C)c1ccc(N2C(=O)/C(=C\c3ccc(-c4ccc(Br)cc4)o3)C=C2c2ccccc2)cc1,O,CN(C)c1ccc(N2C(c3ccccc3)=C/C3=C/c4ccc(-c5ccc(Br)cc5)o4~O~C32=O)cc1,-6.066718101501465,ok,
CCN1C(=O)/C(=C\C=C\C=C\Nc2ccccc2)OC1=S,O,CCN1C(=S)O2~O~C1(=O)/C2=C\C=C\C=C\Nc1ccccc1,-5.7315263748168945,ok,
O=C1/C(=C/c2ccc(-c3ccc([N+](=O)[O-])cc3)o2)C=C(c2ccccc2)N1c1ccc(-c2ccccc2)cc1,O,O=C1/C(=C/c2ccc3o2~O~c2([N+](=O)[O-])ccc-3cc2)C=C(c2ccccc2)N1c1ccc(-c2ccccc2)cc1,-6.445516109466553,ok,
CN(C)c1ccc(-c2cc(-c3ccc(/N=C/c4ccc([N+](=O)[O-])cc4)cc3)c3c(ccc4ccccc43)n2)cc1,O,CN1(C)~O~c2([N+](=O)[O-])ccc(cc2)/C=N/c2ccc(cc2)-c2cc(nc3ccc4ccccc4c23)-c2ccc1cc2,-6.313590049743652,ok,
CC(C)(C)c1ccc(N(c2ccccc2)c2ccc3c(c2O)C(=O)c2ccccc2C3=O)cc1,O,CC(C)(C)c1ccc(N(c2ccccc2)c2ccc3c4c2O~O~C4(=O)c2ccccc2C3=O)cc1,-5.409119606018066,ok,
CN(C)c1ccc(/C=C/C2=CC(=C(C#N)C#N)CC(C)(C)C2)cc1,O,CC1(C)CC2=CC(=C(C#N)(C#N)~O~N(C)(C)c3ccc(cc3)/C=C/2)C1,-6.750464916229248,ok,
CCN1C(=O)/C(=C/c2ccc(-c3ccc(C#N)cc3)o2)S/C1=N\c1ccc(N2CCOCC2)cc1,O,CCN1/C(=N/c2ccc(N3CCOCC3)cc2)S/C2=C\c3ccc(-c4ccc(C#N)cc4)o3~O~C21=O,-5.64241361618042,ok,
[Na+].[Na+].[Na+].[O-]S(=O)(=O)c1cc(c2cccc(c2c1)S([O-])(=O)=O)S([O-])(=O)=O,O,O=S(=O)([O-])c1cc(S(=O)(=O)[O-]~O~[Na+])cc2c(S(=O)(=O)[O-])cccc12.[Na+].[Na+],-2.0539848804473877,ok,
CN(C)c1ccc(C=CC=CC2=[N+](C)c3ccccc3C2(C)C)cc1,O,C[N+]1=C2C=CC=Cc3ccc(cc3)N(C)(C)~O~c13ccccc3C2(C)C,-5.663537979125977,ok,
COc1ccc(/C2=C3\C=CC(=N3)/C(c3ccc(OC)cc3)=c3/cc/c4n3[Co]n3c2ccc3/C(c2ccc(OC)cc2)=C2/C=CC(=N2)\C=4c2ccc(OC)cc2)cc1,O,,,failed,"Pre-condition Violation
	bond already exists
	Violation occurred on line 334 in file Code/GraphMol/RWMol.cpp
	Failed Expression: !(boost::edge(atomIdx1, atomIdx2, d_graph).second)
	RDKIT: 2022.09.5
	BOOST: 1_78
"
COC(=O)c1ccccc1/N=N/c1ccc(N(C)C)cc1,O,CN(C)c1ccc(/N=N/c2ccccc2C2(=O)~O~O2C)cc1,-3.827934980392456,ok,
[C][C]N([C][C])c1ccc2cc([C]=[C]C3=[C]C(=C(C#N)C#N)[C]C([C])([C])[C]3)oc2c1,O,[C][C]N([C][C])c1ccc2cc([C]=[C]C3=[C]C(=C(C#N)C#N)[C]C([C])([C])[C]3)o3~O~c23c1,-7.7408318519592285,ok,
CC1=C(/C=C/C(C)=C/C=C/C(C)=C/C(=O)O)C(C)(C)CCC1=O,O,CC1=C(/C=C/C(C)=C/C=C/C(C)=C/C2(=O)~O~O2)C(C)(C)CCC1=O,-4.806977272033691,ok,
[C]SC(S[C])=C1[C][C]/C(=[C]/c2ccc(N([C])[C])cc2)C1=O,O,[C]SC(S[C])=C1[C][C]/C2=[C]/c3ccc(cc3)N([C])([C])~O~C12=O,-5.965278148651123,ok,
[C]SC(S[C])=C1[C][C][C]/C(=[C]\c2ccc(N([C])[C])cc2)C1=O,O,[C]SC(S[C])=C1[C][C][C]/C2=[C]\c3ccc(cc3)N([C])([C])~O~C12=O,-5.899951934814453,ok,
CN1C(=CC=CC=CC2=[N+](CCCCCC(=O)ON3C(=O)CCC3=O)c3ccccc3C2(C)C)C(C)(C)c2ccccc21,O,CC1(C)C2=[N+](CCCCCC(=O)(ON3C(=O)CCC3=O)~O~N3(C)C(=CC=CC=C2)C(C)(C)c2ccccc23)c2ccccc21,-4.80664587020874,ok,
CN1/C(=C/C=C2\C=C([N+](=O)[O-])C=CC2=O)C=Cc2ccccc21,O,CN12~O~C3([N+](=O)[O-])=C/C(=C\C=C\1C=Cc1ccccc12)C(=O)C=C3,-4.860115051269531,ok,
C/C=C/C=C/C=C/C(=O)/C=C/C=C/N(C)C,O,C/C=C/C=C/C=C/C1(=O)~O~N(C)(C)C=CC=C1,-3.1299118995666504,ok,
CCN(CC)c1ccc(C=C2CCC(C=NN=CC3=C(N4CCOCC4)C(c4ccccc4)CC3)=C2N2CCOCC2)cc1,O,CCN(CC)c1ccc(C=C2CCC3=C2N2CCOC(~O~O4CCN(CC4)C4=C(C=NN=C3)CCC4c3ccccc3)C2)cc1,-4.03948974609375,ok,
CC1Cc2c(ccc3[o+]c(-c4ccccc4)cc(/C=C/c4ccc(N(C)C)cc4)c23)O1,O,CC1Cc2c3ccc4(~O~O31)[o+]c(-c1ccccc1)cc(/C=C/c1ccc(N(C)C)cc1)c24,-9.21084213256836,ok,
[Na+].[O-]S(=O)(=O)c1cccc(c1)\N=N\c1ccc(Nc2ccccc2)cc1,O,O=S(=O)([O-]~O~[Na+])c1cccc(/N=N/c2ccc(Nc3ccccc3)cc2)c1,-2.080266237258911,ok,
CC1=CC(C)(C)N(C)c2ccc(/C=C3\N=C(c4ccccc4)OC3=O)cc21,O,CC1=CC(C)(C)N(C)c2ccc(/C=C3\N=C(c4ccccc4)O4~O~C34=O)cc21,-4.057445049285889,ok,
CCN(CC)c1ccc(C(=C(C#N)C#N)C(F)(F)F)cc1,O,CCN1(CC)~O~C(F)(F)(F)C(=C(C#N)C#N)c2ccc1cc2,-6.167756080627441,ok,
CN(C)c1ccc(N2C(=O)/C(=C/c3ccc(-c4cc(Cl)ccc4Cl)o3)C=C2c2ccccc2)cc1,O,CN(C)c1ccc(N2C(c3ccccc3)=C/C3=C\c4ccc(-c5cc(Cl)ccc5Cl)o4~O~C32=O)cc1,-6.379168510437012,ok,
CC[N+]1=C(C=CC=CC=C2N(CCCCCC(=O)O)c3ccc(S(=O)(=O)O)cc3C2(C)C)C(C)(C)c2cc(S(=O)(=O)[O-])ccc21,O,CC[N+]1=C2C=CC=CC=C3N(CCCCCC(=O)(O)~O~[O-]S(=O)(=O)c4ccc1c(c4)C2(C)C)c1ccc(S(=O)(=O)O)cc1C3(C)C,-3.7735297679901123,ok,
CCN(CC)c1ccc(N2C(=O)/C(=C/c3ccc([N+](=O)[O-])cc3)C=C2c2ccccc2)cc1,O,CCN1(CC)~O~c2([N+](=O)[O-])ccc(cc2)/C=C2\C=C(c3ccccc3)N(C2=O)c2ccc1cc2,-5.244584083557129,ok,
CN(C)c1ccc2c(c1)N(O)CC(c1ccc(-c3cccc([N+](=O)[O-])c3)o1)=[N+]2[O-],O,CN(C)c1ccc2c(c1)N(O)CC1=[N+]2[O-]~O~c2([N+](=O)[O-])cccc(c2)-c2ccc1o2,-2.9735443592071533,ok,
Cc1ccc(Nc2ccc(Nc3ccc(C)cc3)c3c2C(=O)c2ccccc2C3=O)cc1,O,Cc1ccc(Nc2ccc3c4c2C(=O)c2ccccc2C4(=O)~O~N3c2ccc(C)cc2)cc1,-6.259197235107422,ok,
[C]c1ccc(N(c2ccc([C])cc2)c2ccc(-c3ccc([C]=C(C#N)C#N)c4nsnc34)s2)cc1,O,[C]c1ccc(N2(c3ccc([C])cc3)~O~C(C#N)(C#N)=[C]c3ccc(c4nsnc34)-c3ccc2s3)cc1,-6.576101303100586,ok,
C=Cc1c(C)c2cc3nc(c4c5[nH]c(cc6nc(cc1[nH]2)C(C)=C6CC)c(C)c5C(=O)C4)[C@@H](CCC(=O)O)[C@@H]3C,O,C=Cc1c(C)c2cc3nc(c4c5[nH]c(cc6nc(cc1[nH]2)C(C)=C6CC)c(C)c5C(=O)C4)[C@@H](CCC1(=O)~O~O1)[C@@H]3C,-4.450193881988525,ok,
CN(C)c1ccc(/C=C/c2cc(C(C)(C)C)[o+]c3ccccc23)cc1,O,CC(C)(C)c1cc2c3ccccc3(~O~N(C)(C)c3ccc(cc3)/C=C/2)[o+]1,-8.76867961883545,ok,
CCCCc1ccc(Nc2ccc(NC)c3c2C(=O)c2ccccc2C3=O)cc1,O,CCCCc1ccc(Nc2ccc3c4c2C(=O)(~O~N3C)c2ccccc2C4=O)cc1,-6.207578659057617,ok,
CN(C)c1ccc(/C=C/C=C2/SC(=S)N(c3cccc([N+](=O)[O-])c3)C2=O)cc1,O,CN1(C)~O~c2([N+](=O)[O-])cccc(c2)N2C(=O)/C(=C\C=C\c3ccc1cc3)SC2=S,-6.180907249450684,ok,
[C]C1([C])[C]C([C]=[C]c2cc3c4c(c2)[C][C][C]N4[C][C][C]3)=[C]C(=C(C#N)C#N)[C]1,O,[C]C1([C])[C]C2=[C]C(=C(C#N)(C#N)~O~N34[C][C][C]c5cc(cc(c53)[C][C][C]4)[C]=[C]2)[C]1,-5.590578079223633,ok,
CCN(CC)c1ccc2c(c1Oc1ccc(C(C)(C)C)cc1)C(=O)c1ccccc1C2=O,O,CCN(CC)c1ccc2c3c1O(c1ccc(C(C)(C)C)cc1)~O~C3(=O)c1ccccc1C2=O,-6.628562927246094,ok,
CN1C(=CC=NN=CC2=C(N3CCOCC3)C(=Cc3ccc([N+](=O)[O-])cc3)CC2)C(C)(C)c2ccccc21,O,CN1C(=CC=NN=CC2=C3C(=Cc4ccc([N+](=O)[O-])(~O~O5CCN3CC5)cc4)CC2)C(C)(C)c2ccccc21,-4.554244041442871,ok,
CCCCNc1ccc(NCCCC)c2C(=O)c3ccccc3C(=O)c12,O,CCCCNc1ccc2c3c1C(=O)(~O~N2CCCC)c1ccccc1C3=O,-6.298801422119141,ok,
CCCCNc1ccc(NCCCC)c2c1C(=O)c1ccccc1C2=O,O,CCCCNc1ccc2c3c1C(=O)c1ccccc1C3(=O)~O~N2CCCC,-5.939606189727783,ok,
CCOc1ccc(Nc2ccc(/C(=C3/C=C/C(=[N+](\CC)Cc4cccc(S(=O)(=O)[O-])c4)C=C3C)c3ccc(N(CC)Cc4cccc(S(=O)(=O)[O-])c4)cc3C)cc2)cc1.[Na+],O,CCOc1ccc(Nc2ccc(/C(=C3/C=C/C(=[N+](\CC)Cc4cccc(S(=O)(=O)[O-])c4)C=C3C)c3ccc(N(CC)Cc4cccc(S(=O)(=O)[O-]~O~[Na+])c4)cc3C)cc2)cc1,-3.585984468460083,ok,
COc1ccccc1N1C(=O)NC(=O)/C(=C(O)\C=C\c2ccc(N(C)C)cc2)C1=O,O,COc1ccccc1N1C(=O)C2=C(/C=C/c3ccc(N(C)C)cc3)O~O~C1(=O)NC2=O,-4.248678207397461,ok,
CN(C)c1ccc(/N=N/c2ccc([N+](=O)[O-])cc2)cc1,O,CN1(C)~O~c2([N+](=O)[O-])ccc(cc2)/N=N/c2ccc1cc2,-4.411223411560059,ok,
[Na+].[Na+].[Na+].[Na+].[O-]S(=O)(=O)c1cc(c2ccc3c(cc(c4ccc1c2c34)S([O-])(=O)=O)S([O-])(=O)=O)S([O-])(=O)=O,O,O=S(=O)([O-])c1cc(S(=O)(=O)[O-])c2ccc3c(S(=O)(=O)[O-]~O~[Na+])cc(S(=O)(=O)[O-])c4ccc1c2c43.[Na+].[Na+].[Na+],-2.124255895614624,ok,
C=CCN1C(=O)/C(=C\C=C\C=C\Nc2ccccc2)SC1=S,O,C=CCN1C(=S)S/C2=C/C=C/C=C/N(c3ccccc3)~O~C21=O,-5.670088768005371,ok,
CCN(CC)c1ccc(C=Cc2nc3cc([N+](=O)[O-])ccc3s2)cc1,O,CCN1(CC)~O~c2([N+](=O)[O-])ccc3sc(nc3c2)C=Cc2ccc1cc2,-5.802446365356445,ok,
CCN(CC)c1ccc(C=C2CCC(C=NN=Cc3cccc([N+](=O)[O-])c3)=C2N2CCOCC2)cc1,O,CCN(CC)c1ccc(C=C2CCC3=C2N2CCO(~O~c4([N+](=O)[O-])cccc(c4)C=NN=C3)CC2)cc1,-3.845000743865967,ok,
COc1ccc(/C2=C3\C=CC(=N3)/C(c3ccc(OC)cc3)=c3/cc/c4n3[Zn]n3c2ccc3/C(c2ccc(OC)cc2)=C2/C=CC(=N2)\C=4c2ccc(OC)cc2)cc1,O,,,failed,"Pre-condition Violation
	bond already exists
	Violation occurred on line 334 in file Code/GraphMol/RWMol.cpp
	Failed Expression: !(boost::edge(atomIdx1, atomIdx2, d_graph).second)
	RDKIT: 2022.09.5
	BOOST: 1_78
"
CC(=C/C(=O)O)/C=C/C=C(C)/C=C/C12OC1(C)CCCC2(C)C,O,CC(=C/C1(=O)~O~O1)/C=C/C=C(C)/C=C/C12OC1(C)CCCC2(C)C,-5.103767395019531,ok,
CN(C)c1ccc(/C=C2\CCCc3c2cc(-c2ccccc2)[o+]c3-c2ccccc2)cc1,O,CN1(C)~O~c2(-c3ccccc3)[o+]c(-c3ccccc3)cc3c2CCC/C3=C\c2ccc1cc2,-9.484892845153809,ok,
CCN(CC)c1ccc2nc3ccc(N(CC)CC)cc3[o+]c2c1,O,CCN(CC)c1ccc2nc3ccc4cc3[o+]c2(~O~N4(CC)CC)c1,-8.249910354614258,ok,
COc1cc(/C=C/C=C2/CC/C(=C/C=C/c3ccc(O)c(OC)c3)C2=O)ccc1O,O,COc1cc(/C=C/C=C2/CC/C3=C/C=C/c4ccc(c(OC)c4)O~O~C23=O)ccc1O,-3.664599657058716,ok,
CN(C)c1ccc(/C=C(/C#N)c2ccc(C#N)cc2)cc1,O,CN1(C)~O~C(#N)/C(c2ccc(C#N)cc2)=C/c2ccc1cc2,-6.165616989135742,ok,
CN(C)c1ccc(C=CC=C2SC(=S)N(CCc3ccccc3)C2=O)cc1,O,CN1(C)~O~C2(=O)C(=CC=Cc3ccc1cc3)SC(=S)N2CCc1ccccc1,-6.433667182922363,ok,
[C]N1/C(=[C]/[C]=[C]/[C]=[C]/[C]=C2c3cc([N+](=O)[O-])ccc3-c3ccc([N+](=O)[O-])cc32)C([C])([C])c2ccccc21,O,[C]C1([C])/C2=[C]\[C]=[C]\[C]=[C]\[C]=C3c4cc([N+](=O)[O-])ccc4-c4ccc([N+](=O)[O-])(~O~N2([C])c2ccccc21)cc43,-6.404623031616211,ok,
CCOc1ccc(Nc2ccc(/C(=C3/C=C/C(=[N+](\CC)Cc4cccc(S(=O)(=O)[O-])c4)C=C3C)c3ccc(N(CC)Cc4cccc(S(=O)(=O)[O-])c4)cc3C)cc2)cc1,O,CCOc1ccc(Nc2ccc(/C3=C4/C=CC(=[N+](CC)Cc5cccc(S(=O)(=O)[O-])c5)(~O~[O-]S(=O)(=O)c5cccc(c5)CN(CC)c5ccc3c(C)c5)C=C4C)cc2)cc1,-3.940532922744751,ok,
O=[N+]([O-])c1ccc(-c2ccc(C=Nc3ccc(N4CCOCC4)cc3)o2)cc1,O,O=[N+]([O-])c12~O~o3c(C=Nc4ccc(N5CCOCC5)cc4)ccc3-c(cc1)cc2,-5.174781799316406,ok,
CC(C)(C)c1ccc(N2C(=O)/C(=C/c3ccc(-c4ccc([N+](=O)[O-])cc4)o3)C=C2c2ccccc2)cc1,O,CC(C)(C)c1ccc(N2C(=O)/C(=C/c3ccc4o3~O~c3([N+](=O)[O-])ccc-4cc3)C=C2c2ccccc2)cc1,-6.564576148986816,ok,
COc1ccc(N2C(=O)/C(=C/C=C/c3ccc(N(C)C)cc3)NC2=S)cc1,O,CN(C)c1ccc(/C=C/C=C2\NC(=S)N3c4ccc(cc4)O(C)~O~C23=O)cc1,-5.8494720458984375,ok,
C=C(C)C/N=c1/scc(-c2ccc([N+](=O)[O-])cc2)n1/N=C/c1ccc(N(CC)CC)cc1,O,C=C(C)C/N=c1/scc2n1/N=C/c1ccc(cc1)N(CC)(CC)~O~c1([N+](=O)[O-])ccc-2cc1,-5.533073425292969,ok,
CC[n+]1c(C=CC2=C3C=C(c4ccccc4)OC(c4ccccc4)=C3CC2)sc2ccccc21,O,CC[n+]1c2ccccc2sc12~O~O1C(c3ccccc3)=CC3=C(C=C2)CCC3=C1c1ccccc1,,failed,Featurization failed: RDKit could not parse Smiles_Merged
CN(C)c1ccc(CN2c3ccccc3Oc3cc(C#N)c(C#N)cc32)cc1,O,CN(C)c1ccc(CN2c3ccccc3O3~O~c34cc(C#N)c(C#N)cc42)cc1,-5.646990776062012,ok,
O=S(=O)([O-])c1cc(S(=O)(=O)[O-])c2cc(O)ccc2c1.[K+].[K+],O,O=S(=O)([O-])c1cc(S(=O)(=O)[O-]~O~[K+])cc2ccc(O)cc12.[K+],-2.3310282230377197,ok,
CCN1/C(=C/C=c2/s/c(=C3\SC(=S)N(Cc4ccccc4)C3=O)n(CC)c2=O)C(C)(C)c2cc(-c3ccccc3)ccc21,O,CCn1c(=O)\c2s/c1=C1\SC(=S)N(Cc3ccccc3)C1(=O)~O~N1(CC)/C(=C/C=2)C(C)(C)c2cc(-c3ccccc3)ccc21,-6.165329933166504,ok,
CCN(CC)c1ccc(/N=C/c2ccc([N+](=O)[O-])o2)cc1,O,CCN(CC)c1ccc(/N=C/c2ccc3([N+](=O)[O-])~O~o23)cc1,-5.339914798736572,ok,
Cc1ccc(N/C=C/C=C/C=C2/OC(=S)N(C)C2=O)cc1,O,Cc1ccc(N/C=C/C=C/C=C2/O3~O~C2(=O)N(C)C3=S)cc1,-5.649990081787109,ok,
CCOC(=O)CCNc1ccc(Nc2ccc(C)cc2)c2c1C(=O)c1ccccc1C2=O,O,CCO1~O~C1(=O)CCNc1ccc(Nc2ccc(C)cc2)c2c1C(=O)c1ccccc1C2=O,-5.980059623718262,ok,
O=C1/C(=C/C=C/C=C/Nc2ccccc2)SC(=S)N1Cc1ccccc1,O,O=C12~O~N(c3ccccc3)/C=C/C=C/C=C/1SC(=S)N2Cc1ccccc1,-5.863624572753906,ok,
CN(C)c1ccc(/C=C/C=C2/SC(=S)N(c3ccc([N+](=O)[O-])cc3)C2=O)cc1,O,CN1(C)~O~C2(=O)/C(=C\C=C\c3ccc1cc3)SC(=S)N2c1ccc([N+](=O)[O-])cc1,-6.115621089935303,ok,
Cc1ccc2ccc(/C=C/c3ccc(N(C)C)cc3)[n+](CCCS(=O)(=O)[O-])c2c1,O,Cc1ccc2ccc(/C=C/c3ccc(N(C)C)cc3)[n+]3c2(~O~[O-]S(=O)(=O)CCC3)c1,-4.251967430114746,ok,
O=C1/C(=C/c2cccc([N+](=O)[O-])c2)CCC/C1=C\c1ccco1,O,O=C1/C2=C/c3cccc([N+](=O)[O-])(~O~o4cccc4/C=C/1CCC2)c3,-5.631503105163574,ok,
[C]N1/C(=[C]/[C]=[C]/[C]=C2c3cc([N+](=O)[O-])ccc3-c3ccc([N+](=O)[O-])cc32)C([C])([C])c2ccccc21,O,[C]C1([C])/C2=[C]\[C]=[C]\[C]=C3c4cc([N+](=O)[O-])ccc4-c4ccc([N+](=O)[O-])(~O~N2([C])c2ccccc21)cc43,-6.401882171630859,ok,
CN(C)c1ccc(C=CC=CC2=[N+](c3ccccc3)c3ccccc3C2(C)C)cc1,O,CC1(C)C2=[N+](c3ccccc3)c3(~O~N(C)(C)c4ccc(cc4)C=CC=C2)ccccc31,-6.5733795166015625,ok,
O=S(=O)([O-])CCC[n+]1c(C=Cc2ccc(-c3ccc(SC(F)F)cc3)o2)sc2ccccc21,O,O=S1(=O)CCC[n+]2c(sc3ccccc32)C=Cc2ccc(o2)-c2ccc(cc2)SC(F)(F)~O~[O-]1,-6.192864418029785,ok,
CN(CCCS(=O)(=O)[O-])c1ccc(/C=C/c2ccc3ccccc3[n+]2C)cc1,O,CN1CCCS(=O)(=O)[O-]~O~c23ccccc2ccc([n+]3C)/C=C/c2ccc1cc2,-4.226651191711426,ok,
CCN(CC)c1ccc(N2C(=O)C(=Cc3ccc([N+](=O)[O-])cc3)C=C2c2ccccc2)cc1,O,CCN1(CC)~O~c2([N+](=O)[O-])ccc(cc2)C=C2C=C(c3ccccc3)N(C2=O)c2ccc1cc2,-5.168800354003906,ok,
FC(F)(F)c1c2cc3c4c(c2[o+]c2c5c6c(cc12)CCCN6CCC5)CCCN4CCC3,O,FC1(F)(F)~O~N23CCCc4cc5c1c1cc6c7c(c1[o+]c5c(c42)CCC3)CCCN7CCC6,-9.186010360717773,ok,
O=[N+]([O-])c1ccc(Nc2ccc(N3CCCCC3)cc2)c(Cl)c1,O,O=[N+]([O-])c12~O~N3(CCCCC3)c3ccc(cc3)Nc(cc1)c(Cl)c2,-6.194862365722656,ok,
O=S(C1=C(C=C2O)C(C=C2)=CC(S(=O)([O-])=O)=C1)([O-])=O.[K+].[K+],O,O=S(=O)([O-])c1cc(S(=O)(=O)[O-]~O~[K+])cc2ccc(O)cc12.[K+],-2.3310282230377197,ok,
[Zn++].[Zn++].[Zn++].[O-]P([O-])([O-])=O.[O-]P([O-])([O-])=O,O,O=P([O-])([O-])[O-].O=P([O-])([O-])[O-]~O~[Zn+2].[Zn+2].[Zn+2],-1.6934491395950317,ok,
CCN(CC)c1ccc(/N=N/c2ccc([N+](=O)[O-])cc2OC)cc1,O,CCN(CC)c1ccc(/N=N/c2ccc3([N+](=O)[O-])~O~O(C)c2c3)cc1,-5.389649391174316,ok,
CC[N+]1=C(C=CC=CC=C2N(CCCCCC(=O)ON3C(=O)CCC3=O)c3ccc(S(=O)(=O)O)cc3C2(C)C)C(C)(C)c2cc(S(=O)(=O)[O-])ccc21,O,CC[N+]1=C2C=CC=CC=C3N(CCCCCC(=O)(ON4C(=O)CCC4=O)~O~[O-]S(=O)(=O)c4ccc1c(c4)C2(C)C)c1ccc(S(=O)(=O)O)cc1C3(C)C,-3.59993577003479,ok,
CCN1C(=O)C(=C2C=C(C=C3Sc4ccccc4N3CC)c3ccc(C)cc3O2)SC1=S,O,CCN1C(=CC2=CC3=C4SC(=S)N(CC)C4(=O)~O~O3c3cc(C)ccc32)Sc2ccccc21,-7.283150672912598,ok,
CCN(CC)c1ccc(/N=C/c2ccc([N+](=O)[O-])s2)cc1,O,CCN1(CC)~O~c2([N+](=O)[O-])ccc(s2)/C=N/c2ccc1cc2,-5.270267009735107,ok,
CN(C)c1ccc(/C=C/c2c3c([o+]c4c2Cc2ccccc2-4)-c2ccccc2C3)cc1,O,CN1(C)~O~c23[o+]c4c(c(c2Cc2ccccc2-3)/C=C/c2ccc1cc2)Cc1ccccc1-4,-9.55147933959961,ok,
CCCC[n+]1cccc(/C2=C3\C=CC(=N3)/C(c3ccc[n+](CCCC)c3)=c3/cc/c4n3[Zn]n3c2ccc3/C(c2ccc[n+](CCCC)c2)=C2/C=CC(=N2)/C=4c2ccc[n+](CCCC)c2)c1,O,,,failed,"Pre-condition Violation
	bond already exists
	Violation occurred on line 334 in file Code/GraphMol/RWMol.cpp
	Failed Expression: !(boost::edge(atomIdx1, atomIdx2, d_graph).second)
	RDKIT: 2022.09.5
	BOOST: 1_78
"
O=C1/C(=C/c2ccc([N+](=O)[O-])cc2)CCC/C1=C\c1cccs1,O,O=[N+]([O-])c12~O~O=C3/C(=C/c(cc1)cc2)CCC/C3=C\c1cccs1,-6.3408002853393555,ok,
N#Cc1cc2nc3c(nc2cc1C#N)-c1cccc2cccc-3c12,O,N#Cc1cc2nc3c(n4~O~C(#N)c1cc24)-c1cccc2cccc-3c12,-5.823193073272705,ok,
Oc1cccc(C2=C3C=CC(=N3)C(c3cccc(O)c3)=C3C=CC(=N3)C(c3cccc(O)c3)=C3CCC(=N3)C(c3cccc(O)c3)=C3C=CC2=N3)c1,O,Oc1cccc(C2=C3C=CC(=N3)C3=C4CCC(=N4)C(c4cccc(O)c4)=C4C=CC(=N4)C(=C4C=CC2=N4)c2cccc(O)(~O~Oc4cccc3c4)c2)c1,-2.7559432983398438,ok,
COC(=O)/C(C)=C/C=C/C(C)=C/C=C/C=C(C)/C=C/C=C(\C)C(=O)O[C@@H]1O[C@H](CO)[C@@H](O)[C@H](O)[C@H]1O,O,CC1=C\C=C\C=C(C)\C=C\C=C(/C)C(=O)(O[C@@H]2O[C@H](CO)[C@@H](O)[C@H](O)[C@H]2O)~O~O(C)C(=O)/C(C)=C\C=C\1,-4.338150501251221,ok,
O=[N+]([O-])c1ccc(N/N=C(/C=C\C=C\c2ccco2)\C=C\C=C\c2ccco2)c([N+](=O)[O-])c1,O,O=[N+]([O-])c1ccc2c([N+](=O)[O-])(~O~o3cccc3/C=C/C=C\C(\C=C\C=C\c3ccco3)=N\N2)c1,-6.539316654205322,ok,
CN(C)c1ccc(/C=C/C2=CC(/C=C/c3ccc(N(C)C)cc3)=[O+][B-](F)(F)O2)cc1,O,CN(C)c1ccc(/C=C/C2=CC(/C=C/c3ccc(N(C)C)cc3)=[O+][B-]3(F)(F)~O~O23)cc1,-4.968223571777344,ok,
CN(C)c1ccc(/C=C/c2c3ccccc3cc[n+]2[O-])cc1,O,CN(C)c1ccc(/C=C/c23~O~[O-][n+]2ccc2ccccc23)cc1,-3.288546085357666,ok,
c1ccc2c(c1)C1=NC2=Nc2c3ccccc3c3n2[Zn]n2c(c4ccccc4c2=NC2=NC(=N3)c3ccccc32)=N1,O,,,failed,"Pre-condition Violation
	bond already exists
	Violation occurred on line 334 in file Code/GraphMol/RWMol.cpp
	Failed Expression: !(boost::edge(atomIdx1, atomIdx2, d_graph).second)
	RDKIT: 2022.09.5
	BOOST: 1_78
"
Nc1cc(S(=O)(=O)[O-])c2ccc3c(S(=O)(=O)[O-])cc(S(=O)(=O)[O-])c4ccc1c2c43.[Na+].[Na+].[Na+],O,Nc1cc(S(=O)(=O)[O-])c2ccc3c(S(=O)(=O)[O-]~O~[Na+])cc(S(=O)(=O)[O-])c4ccc1c2c43.[Na+].[Na+],-2.2670414447784424,ok,
CCN1C(=O)/C(=C\c2ccc(-c3ccc(C#N)cc3)o2)S/C1=N\c1ccc(N2CCOCC2)cc1,O,CCN1/C(=N/c2ccc(N3CCOCC3)cc2)S/C2=C/c3ccc(-c4ccc(C#N)cc4)o3~O~C21=O,-5.64241361618042,ok,
CN(C)c1ccc(/C=C/C=C2/SC(=S)NC2=O)cc1,O,CN1(C)~O~C2(=O)NC(=S)S/C2=C/C=C/c2ccc1cc2,-5.905596733093262,ok,
O=[N+]([O-])c1ccc(-c2ccc(C=Cc3nc4ccc([N+](=O)[O-])cc4s3)o2)c(Br)c1,O,O=[N+]([O-])c1ccc(-c2ccc3o2~O~c2([N+](=O)[O-])ccc4nc(sc4c2)C=C3)c(Br)c1,-6.790671348571777,ok,
O=C1c2ccccc2C(=O)c2c1c(NC1CCCCC1)c1nsnc1c2NC1CCCCC1,O,O=C1c2ccccc2C2(=O)~O~N(C3CCCCC3)c3c2c1c(NC1CCCCC1)c1nsnc31,-6.216345310211182,ok,
COc1cc(-c2ccc(N(C)C)cc2)[o+]c2ccccc12,O,CN(C)c1ccc(-c2cc3c4ccccc4(~O~O3C)[o+]2)cc1,-6.313185691833496,ok,
CCn1/c(=C/C=C(C=O)/C=C/C2=[N+](CC)c3cccc4cccc2c34)c2cccc3cccc1c32,O,CC[N+]1=C2/C=C/C(C=O)=C/C=c3\c4cccc5cccc(c54)n3(CC)~O~c13cccc1cccc2c13,-6.560727119445801,ok,
COc1ccc(-c2c3nc(c(-c4ccc(OC)cc4)c4ccc([nH]4)c(-c4ccc(OC)cc4)c4nc(c(-c5ccc(OC)cc5)c5ccc2[nH]5)C=C4)C=C3)cc1,O,COc1ccc(-c2c3nc(c(-c4ccc(OC)cc4)c4ccc([nH]4)c(-c4ccc5(~O~O5C)cc4)c4nc(c(-c5ccc(OC)cc5)c5ccc2[nH]5)C=C4)C=C3)cc1,,failed,Featurization failed: RDKit could not parse Smiles_Merged
[Na+].[Na+].[Na+].[O-]S(=O)(=O)c1ccc2c(cc(cc2c1)S([O-])(=O)=O)S([O-])(=O)=O,O,O=S(=O)([O-])c1cc(S(=O)(=O)[O-])c2ccc(S(=O)(=O)[O-]~O~[Na+])cc2c1.[Na+].[Na+],-2.1109323501586914,ok,
Cc1ccc(N2CCN(C3=NC(=O)C(=Cc4ccc(-c5ccc([N+](=O)[O-])cc5)o4)S3)CC2)cc1,O,Cc1ccc(N2CCN(C3=NC4(=O)~O~o5c(ccc5-c5ccc([N+](=O)[O-])cc5)C=C4S3)CC2)cc1,-4.51577091217041,ok,
Cc1cc(-c2ccc(/N=N/c3ccc4c(S(=O)(=O)[O-])cc(S(=O)(=O)[O-])c(N)c4c3O)c(C)c2)ccc1/N=N/c1ccc2c(S(=O)(=O)[O-])cc(S(=O)(=O)[O-])c(N)c2c1O.[Na+].[Na+].[Na+].[Na+],O,Cc1cc(-c2ccc(/N=N/c3ccc4c(S(=O)(=O)[O-]~O~[Na+])cc(S(=O)(=O)[O-])c(N)c4c3O)c(C)c2)ccc1/N=N/c1ccc2c(S(=O)(=O)[O-])cc(S(=O)(=O)[O-])c(N)c2c1O.[Na+].[Na+].[Na+],-2.174330711364746,ok,
COc1cc(-c2ccc(/N=N/c3ccc4c(S(=O)(=O)[O-])cc(S(=O)(=O)[O-])c(N)c4c3O)c(OC)c2)ccc1/N=N/c1ccc2c(S(=O)(=O)[O-])cc(S(=O)(=O)[O-])c(N)c2c1O.[Na+].[Na+].[Na+].[Na+],O,COc1cc(-c2ccc(/N=N/c3ccc4c(S(=O)(=O)[O-]~O~[Na+])cc(S(=O)(=O)[O-])c(N)c4c3O)c(OC)c2)ccc1/N=N/c1ccc2c(S(=O)(=O)[O-])cc(S(=O)(=O)[O-])c(N)c2c1O.[Na+].[Na+].[Na+],-2.2703683376312256,ok,
N#Cc1cc2c(cc1C#N)N1CCCCC1C1CCCCN21,O,N#Cc1cc2c3cc1C(#N)~O~N21CCCCC1C1CCCCN31,-5.518125534057617,ok,
O=C1NC(=S)S/C1=C/C=C/C=C/Nc1ccccc1,O,O=C12~O~N(c3ccccc3)/C=C/C=C/C=C\1SC(=S)N2,-5.825443267822266,ok,
CN1C(=CC=CC=CC2=[N+](CCCCCC(=O)ON3C(=O)CCC3=O)c3ccccc3C2(C)C)C(C)(C)c2ccccc21.[Cl-],O,CN1C(=CC=CC=CC2=[N+](CCCCCC(=O)(ON3C(=O)CCC3=O)~O~[Cl-])c3ccccc3C2(C)C)C(C)(C)c2ccccc21,-4.2744035720825195,ok,
Cc1ccc(C(=O)c2c(C=CN(C)C)oc3cc(C#N)c(C#N)cc23)cc1,O,Cc1ccc(C2(=O)~O~o3c(C=CN(C)C)c2c2cc(C#N)c(C#N)cc23)cc1,-6.310076713562012,ok,
O=[N+]([O-])c1ccc(-c2cc(/C=C/c3ccc(N(CCCl)CCCl)cc3)c3c(ccc4ccccc43)n2)cc1,O,O=[N+]([O-])c12~O~N(CCCl)(CCCl)c3ccc(cc3)/C=C/c3cc(nc4ccc5ccccc5c34)-c(cc1)cc2,-6.448254585266113,ok,
CC(C)=CCC/C(C)=C/C=C/C(C)=C/C=C/C(C)=C/C=C/C=C(C)/C=C/C=C(C)/C=C/C1=C(C)CCCC1(C)C,O,CC1=C2/C=C/C(C)=C/C=C/C(C)=C/C=C/C=C(C)/C=C/C=C(C)/C=C/C=C(\C)CCC(=C(C)C)~O~C2(C)(C)CCC1,-8.830745697021484,ok,
CCN1C=CC(=C/C=C(\C=C\c2cc[n+](CC)c3ccccc23)c2cc[n+](CC)c3ccccc23)C=C1,O,CC[n+]1ccc(/C=C/C2=C\C=C3C=CN(CC)(~O~c45ccccc4c2cc[n+]5CC)C=C3)c2ccccc21,-3.0036890506744385,ok,
CCN(Cc1cccc(S(=O)(=O)[O-])c1)c1ccc(C(=C2C=CC(=[N+](CC)Cc3cccc(S(=O)(=O)[O-])c3)C=C2)c2ccc(S(=O)(=O)[O-])cc2)cc1.[Na+].[Na+],O,CCN(Cc1cccc(S(=O)(=O)[O-])c1)c1ccc(C(=C2C=CC(=[N+](CC)Cc3cccc(S(=O)(=O)[O-])c3)C=C2)c2ccc(S(=O)(=O)[O-]~O~[Na+])cc2)cc1.[Na+],-3.020664930343628,ok,
CN(C)c1ccc(/C=C(\C#N)c2nc(-c3ccc([N+](=O)[O-])cc3)c[se]2)cc1,O,,,failed,"Pre-condition Violation
	bond already exists
	Violation occurred on line 334 in file Code/GraphMol/RWMol.cpp
	Failed Expression: !(boost::edge(atomIdx1, atomIdx2, d_graph).second)
	RDKIT: 2022.09.5
	BOOST: 1_78
"
O=C1c2cccc3c2C2=S(Sc4ccc(NC5CCCCC5)c1c42)N3C1CCCCC1,O,O=C12~O~N(C3CCCCC3)c3ccc4c(c31)C1=S(S4)N(C3CCCCC3)c3cccc2c31,-5.856836318969727,ok,
N#CC(C#N)=CC=CC1=C2OC(c3ccccc3)=CC(c3ccccc3)=C2CCC1,O,N#CC(C#N)=CC=CC1=C2C(=C(c3ccccc3)C=C3(c4ccccc4)~O~O23)CCC1,-6.552422523498535,ok,
CC1C/C(=C\C=C\N(C)C)C(=O)/C(=C/C=C/N(C)C)C1,O,CC1CC2=CC=CN(C)(C)~O~C2(=O)/C(=C/C=C/N(C)C)C1,-3.327507972717285,ok,
CN1c2ccccc2Sc2cc(C=C3C(=O)c4ccccc4C3=O)ccc21,O,CN12~O~C3(=O)C(=Cc4ccc1c(c4)Sc1ccccc12)C(=O)c1ccccc13,-5.59035587310791,ok,
CN(C)c1ccc(/C=C/C=C2/SC(=S)N(c3cccc(F)c3)C2=O)cc1,O,CN1(C)~O~C2(=O)/C(=C\C=C\c3ccc1cc3)SC(=S)N2c1cccc(F)c1,-6.394883632659912,ok,
CN1C=CC(=CC=C(C=Cc2cc[n+](C)c3ccccc23)c2ccccc2)c2ccccc21,O,C[n+]1ccc2c3ccccc31~O~N1(C)C=CC(=CC=C(c3ccccc3)C=C2)c2ccccc21,-6.379261016845703,ok,
N#Cc1ccc(-c2ccc(/C=C3/SC(=O)N(CC(=O)Nc4ccc(N5CCOCC5)cc4)C3=O)o2)cc1,O,N#Cc1ccc(-c2ccc3o2~O~C2(=O)SC(=C3)C(=O)N2CC(=O)Nc2ccc(N3CCOCC3)cc2)cc1,-5.99485969543457,ok,
CC(=O)c1c(/C=C/N(C)C)oc2cc(C#N)c(C#N)cc12,O,CN(C)/C=C/c1c2c3cc(C#N)c(C#N)cc3o1~O~C2(C)=O,-5.781406402587891,ok,
Cc1ccc(N2C(=O)C(=Cc3ccc(-c4ccc([N+](=O)[O-])cc4)o3)C=C2c2ccccc2)cc1C,O,Cc1ccc(N2C(=O)C(=Cc3ccc4o3~O~c3([N+](=O)[O-])ccc-4cc3)C=C2c2ccccc2)cc1C,-6.050419807434082,ok,
CN(c1ccccc1)c1ccc(N=Nc2nc3ccc([N+](=O)[O-])cc3s2)cc1,O,CN1(c2ccccc2)~O~c2([N+](=O)[O-])ccc3nc(sc3c2)N=Nc2ccc1cc2,-4.0178422927856445,ok,
CC[n+]1c(/C=C/C=C/C=C/N(C)C)sc2ccc3ccccc3c21,O,CC[n+]1c2c(ccc3ccccc32)sc12~O~N(C)(C)/C=C/C=C/C=C/2,,failed,Featurization failed: RDKit could not parse Smiles_Merged
CC(/C=C/C12OC1(C)CCCC2(C)C)=C\C=C\C(C)=C\CO,O,CC1=C\C=C\C(C)=C\CO~O~C23(/C=C/1)OC2(C)CCCC3(C)C,-4.793087959289551,ok,
O=[N+]([O-])c1ccc(C=C2CCC(C=NN=Cc3cccc([N+](=O)[O-])c3)=C2N2CCOCC2)cc1,O,O=[N+]([O-])c1ccc(C=C2CCC3=C2N2CCO(~O~c4([N+](=O)[O-])cccc(c4)C=NN=C3)CC2)cc1,-3.7485997676849365,ok,
CC1(C)C2=C(Cl)C(=O)C(Cl)=CC2=Nc2ccc(O)cc21,O,CC1(C)C2=C(Cl)C3(=O)~O~Oc4ccc(c1c4)N=C2C=C3Cl,-3.989168882369995,ok,
CCC1=C(C)/C2=C/c3c(CC)c(C)c4n3[Cu]n3/c(c(C)c(CC)/c3=C/C3=N/C(=C\4)C(CC)=C3C)=C\C1=N2,O,,,failed,"Pre-condition Violation
	bond already exists
	Violation occurred on line 334 in file Code/GraphMol/RWMol.cpp
	Failed Expression: !(boost::edge(atomIdx1, atomIdx2, d_graph).second)
	RDKIT: 2022.09.5
	BOOST: 1_78
"
CN(CCCC(=O)O)c1ccc(N=Nc2ccc([N+](=O)[O-])cc2)cc1,O,CN(CCCC1(=O)~O~O1)c1ccc(N=Nc2ccc([N+](=O)[O-])cc2)cc1,-2.99429988861084,ok,
CCN(CC)c1ccc(/C=C(/C#N)c2ccc(C#N)cc2)cc1,O,CCN1(CC)~O~C(#N)/C(c2ccc(C#N)cc2)=C/c2ccc1cc2,-6.355945587158203,ok,
CC1(C)C(/C=C2/C(=O)C(/C=C3/Nc4ccccc4C3(C)C)=C2O)=Nc2ccccc21,O,CC1(C)C(/C=C2\C3=C(/C=C4/Nc5ccccc5C4(C)C)C2(=O)~O~O3)=Nc2ccccc21,-4.520171165466309,ok,
CCC1=C(C)/C2=C/c3c(CC)c(C)c4n3[Co+]n3/c(c(C)c(CC)/c3=C/C3=N/C(=C\4)C(CC)=C3C)=C\C1=N2,O,,,failed,"Pre-condition Violation
	bond already exists
	Violation occurred on line 334 in file Code/GraphMol/RWMol.cpp
	Failed Expression: !(boost::edge(atomIdx1, atomIdx2, d_graph).second)
	RDKIT: 2022.09.5
	BOOST: 1_78
"
O=c1ccc2[n+]([O-])c3ccc([O-])cc3oc-2c1.[Na+],O,O=c1ccc2[n+]([O-])c3ccc([O-]~O~[Na+])cc3oc-2c1,-2.518383741378784,ok,
COc1cc([N+](=O)[O-])ccc1-c1ccc(C=C2C=C(c3ccc(C(C)(C)C)cc3)OC2=O)o1,O,CO1~O~C2(=O)OC(c3ccc(C(C)(C)C)cc3)=CC2=Cc2ccc(o2)-c2ccc([N+](=O)[O-])cc21,-5.987969398498535,ok,
COC(C=CC=C1N(C)c2ccccc2C1(C)C)=CC1=[N+](C)c2ccccc2C1(C)C,O,CN1C(=CC=CC2=CC3=[N+](C)c4(~O~O2C)ccccc4C3(C)C)C(C)(C)c2ccccc21,-6.083225250244141,ok,
O=Cc1ccc2c(c1)C1CCCC1N2c1ccc(C=C(c2ccccc2)c2ccccc2)cc1,O,O=C1~O~N2(c3ccc(C=C(c4ccccc4)c4ccccc4)cc3)c3ccc1cc3C1CCCC12,-5.782689571380615,ok,
OCC[n+]1ccc(/C2=C3\C=CC(=N3)/C(c3cc[n+](CCO)cc3)=c3/cc/c4n3[Zn]n3c2ccc3/C(c2cc[n+](CCO)cc2)=C2/C=CC(=N2)/C=4c2cc[n+](CCO)cc2)cc1,O,,,failed,"Pre-condition Violation
	bond already exists
	Violation occurred on line 334 in file Code/GraphMol/RWMol.cpp
	Failed Expression: !(boost::edge(atomIdx1, atomIdx2, d_graph).second)
	RDKIT: 2022.09.5
	BOOST: 1_78
"
O=C(Nc1ccc2c(O)c(N=Nc3ccc(N=Nc4ccc(S(=O)(=O)[O-])cc4)cc3S(=O)(=O)[O-])c(S(=O)(=O)[O-])cc2c1)Nc1ccc2c(O)c(N=Nc3ccc(N=Nc4ccc(S(=O)(=O)[O-])cc4)cc3S(=O)(=O)[O-])c(S(=O)(=O)[O-])cc2c1.[Na+].[Na+].[Na+].[Na+].[Na+].[Na+],O,O=C(Nc1ccc2c(O)c(N=Nc3ccc(N=Nc4ccc(S(=O)(=O)[O-])cc4)cc3S(=O)(=O)[O-])c(S(=O)(=O)[O-])cc2c1)Nc1ccc2c(O)c(N=Nc3ccc(N=Nc4ccc(S(=O)(=O)[O-]~O~[Na+])cc4)cc3S(=O)(=O)[O-])c(S(=O)(=O)[O-])cc2c1.[Na+].[Na+].[Na+].[Na+].[Na+],-2.254483222961426,ok,
Cc1ccc(C(=O)N2C(=O)C(=CC=Cc3ccc(N(C)C)cc3)SC2=S)cc1,O,Cc1ccc(C(=O)N2C(=S)SC3=CC=Cc4ccc(cc4)N(C)(C)~O~C32=O)cc1,-6.215391159057617,ok,
CCOC(=O)c1ccc(-c2ccc(/C=C3\C=C(c4ccccc4)N(c4ccc(N(C)C)cc4)C3=O)o2)cc1,O,CCO1~O~C1(=O)c1ccc(-c2ccc(/C=C3\C=C(c4ccccc4)N(c4ccc(N(C)C)cc4)C3=O)o2)cc1,-5.252706050872803,ok,
O=C1c2ccccc2C(=O)c2c(NCCO)ccc(NCCO)c21,O,O=C1c2ccccc2C2(=O)~O~OCCNc3ccc(NCCO)c2c31,-4.706113815307617,ok,
C=CCN1C(=O)/C(=C\C=C2/C=CN(CC)c3ccccc32)SC1=S,O,C=CCN1C(=S)S/C2=C/C=C3\C=CN(CC)(~O~C21=O)c1ccccc13,-6.148426055908203,ok,
O=C1/C(=C/c2ccc(-c3ccc([N+](=O)[O-])cc3)o2)C=C(c2ccccc2)N1Cc1ccccc1,O,O=C1/C(=C/c2ccc3o2~O~c2([N+](=O)[O-])ccc-3cc2)C=C(c2ccccc2)N1Cc1ccccc1,-6.384547233581543,ok,
C=CC1=C(C)/C2=C/c3c(C)c(CCC(=O)O)c4n3[Fe](O)n3/c(c(C)c(C=C)/c3=C/C3=N/C(=C\4)C(CCC(=O)O)=C3C)=C\C1=N2,O,,,failed,"Pre-condition Violation
	bond already exists
	Violation occurred on line 334 in file Code/GraphMol/RWMol.cpp
	Failed Expression: !(boost::edge(atomIdx1, atomIdx2, d_graph).second)
	RDKIT: 2022.09.5
	BOOST: 1_78
"
C/C(=C\c1ccc(N(C)C)cc1)c1cc(-c2ccccc2)[o+]c(-c2ccccc2)c1,O,C/C1=C\c2ccc(cc2)N(C)(C)~O~c2(-c3ccccc3)cc1cc(-c1ccccc1)[o+]2,-9.127195358276367,ok,
c1ccc2c(c1)C1=N/C2=N\c2c3ccccc3c3n2[Co]n2/c(c4ccccc4/c2=N/C2=N/C(=N\3)c3ccccc32)=N\1,O,,,failed,"Pre-condition Violation
	bond already exists
	Violation occurred on line 334 in file Code/GraphMol/RWMol.cpp
	Failed Expression: !(boost::edge(atomIdx1, atomIdx2, d_graph).second)
	RDKIT: 2022.09.5
	BOOST: 1_78
"
O=C1C(=Cc2ccc([N+](=O)[O-])cc2)C=C(c2ccccc2)N1c1ccc(Nc2ccccc2)cc1,O,O=C1C2=Cc3ccc([N+](=O)[O-])(~O~N(c4ccccc4)c4ccc(cc4)N1C(c1ccccc1)=C2)cc3,-5.364760875701904,ok,
CCCCN(CCCC)c1ccc2nc3ccc(N(CCCC)CCCC)cc3[s+]c2c1.[Br-],O,CCCCN(CCCC)c1ccc2nc3ccc(N(CCCC)CCCC)cc3(~O~[Br-])[s+]c2c1,-9.249156951904297,ok,
CC[n+]1c(C=CC2=CC(=CNc3ccccc3)CCC2)sc2ccccc21,O,CC[n+]1c2ccccc2sc12~O~N(c1ccccc1)C=C1C=C(C=C2)CCC1,,failed,Featurization failed: RDKit could not parse Smiles_Merged
CCN1/C(=C/C=C(C)/C=C/c2sc3cc(SC)c(OC)cc3[n+]2CC)Sc2cc(SC)c(OC)cc21,O,CCN1/C2=C/C=C(C)/C=C/c3(~O~O(C)c4cc1c(cc4SC)S2)sc1cc(SC)c(OC)cc1[n+]3CC,,failed,Featurization failed: RDKit could not parse Smiles_Merged
CN1CC(=CC=Cc2ccccc2)C(=O)C(=CC=Cc2ccccc2)C1,O,CN12~O~C(=O)(C(=CC=Cc3ccccc3)C1)C(=CC=Cc1ccccc1)C2,-5.417721748352051,ok,
CN(C)c1ccc(C=C2CCCc3c2cc(-c2ccccc2)[o+]c3-c2ccccc2)cc1,O,CN1(C)~O~c2(-c3ccccc3)[o+]c(-c3ccccc3)cc3c2CCCC3=Cc2ccc1cc2,-9.456170082092285,ok,
Cc1ccc(/C=[N+](\[O-])c2ccc(N(C)C)cc2)c2nsnc12,O,Cc1ccc(/C=[N+]2\[O-]~O~c23ccc(N(C)C)cc3)c2nsnc12,,failed,Featurization failed: RDKit could not parse Smiles_Merged
CN(C)c1ccc2c(c1Oc1ccc(C(C)(C)C)cc1)C(=O)c1ccccc1C2=O,O,CN(C)c1ccc2c3c1O(c1ccc(C(C)(C)C)cc1)~O~C3(=O)c1ccccc1C2=O,-5.966776371002197,ok,
CCN(Cc1cccc(S(=O)(=O)[O-])c1)c1ccc(C(=C2C=CC(=[N+](CC)Cc3cccc(S(=O)(=O)[O-])c3)C=C2)c2ccccc2S(=O)(=O)[O-])cc1.[Na+].[Na+],O,CCN(Cc1cccc(S(=O)(=O)[O-]~O~[Na+])c1)c1ccc(C(=C2C=CC(=[N+](CC)Cc3cccc(S(=O)(=O)[O-])c3)C=C2)c2ccccc2S(=O)(=O)[O-])cc1.[Na+],-2.9861910343170166,ok,
COC1CC(=O)C2CCCCC(C)OC(=O)C3=C(/C=C/C=C/C=C/C(=O)O)OC1C32,O,COC1CC(=O)C2CCCCC(C)OC3(=O)~O~O4C(/C=C/C=C/C=C/C(=O)O)=C3C2C14,-6.666892051696777,ok,
CCOc1ccc(N2C(=O)C(=CC(Cl)=Cc3ccc([N+](=O)[O-])cc3)SC2=S)cc1,O,CCO1~O~C2(=O)C(=CC(Cl)=Cc3ccc([N+](=O)[O-])cc3)SC(=S)N2c2ccc1cc2,-6.856409549713135,ok,
COc1cccc(N2C(=O)/C(=C/c3ccc([N+](=O)[O-])cc3)C=C2c2ccccc2)c1,O,CO1~O~c2([N+](=O)[O-])ccc(cc2)/C=C2\C=C(c3ccccc3)N(C2=O)c2cccc1c2,-5.419816493988037,ok,
O=C(Nc1ccc(NC2CCCCC2)c2c1C(=O)c1ccccc1C2=O)c1ccccc1,O,O=C1c2ccccc2C(=O)c2c3ccc(c21)NC(=O)(c1ccccc1)~O~N3C1CCCCC1,-6.058531761169434,ok,
CN1/C(=C\C=C\c2c3sc(-c4ccccc4)c([O-])[n+]3c3ccccc3[n+]2C)C(C)(C)c2ccccc21,O,CN1/C(=C\C=C\c2[n+](C)c3ccccc3[n+]3c4c(-c5ccccc5)sc23~O~[O-]4)C(C)(C)c2ccccc21,-4.797362804412842,ok,
CCN(CC)CCCC(C)Nc1cc(C=Cc2ccc([N+](=O)[O-])cc2)nc2ccc(OC)cc12,O,CCN(CC)CCCC(C)Nc1cc2nc3ccc(cc13)O(C)~O~c1([N+](=O)[O-])ccc(cc1)C=C2,-5.994817733764648,ok,
COc1ccc(-c2onc3cc(C#N)c(C#N)cc23)cc1,O,CO1~O~c2(onc3cc(C#N)c(C#N)cc32)-c2ccc1cc2,,failed,Featurization failed: RDKit could not parse Smiles_Merged
CCCCN1C(=O)/C(=C/C=C/C=C/Nc2ccccc2)SC1=S,O,CCCCN1C(=S)S/C2=C\C=C\C=C\N(c3ccccc3)~O~C21=O,-6.283548355102539,ok,
CCCCC1=C(C)/C2=C(\c3ccccc3)c3c(C)c(CCCC)c4n3[Zn]n3/c(c(CCCC)c(C)/c3=C(\c3ccccc3)C3=N/C(=C\4)C(CCCC)=C3C)=C\C1=N2,O,,,failed,"Pre-condition Violation
	bond already exists
	Violation occurred on line 334 in file Code/GraphMol/RWMol.cpp
	Failed Expression: !(boost::edge(atomIdx1, atomIdx2, d_graph).second)
	RDKIT: 2022.09.5
	BOOST: 1_78
"
Cc1ccc(N2C(=O)/C(=C/c3ccc(-c4ccc([N+](=O)[O-])cc4)o3)C=C2c2ccccc2)cc1C,O,Cc1ccc(N2C(=O)/C(=C/c3ccc4o3~O~c3([N+](=O)[O-])ccc-4cc3)C=C2c2ccccc2)cc1C,-6.099001884460449,ok,
C[N+]1=C(/C=N/c2c([O-])cc(N3CCc4ccccc43)c3ccccc23)C(C)(C)c2ccccc21,O,C[N+]1=C2(~O~[O-]c3cc(N4CCc5ccccc54)c4ccccc4c3N=C2)C(C)(C)c2ccccc21,-2.8151845932006836,ok,
CN(c1ccc(N)cc1)c1ccc([N+](=O)[O-])cc1,O,CN1c2ccc(cc2)N~O~c2([N+](=O)[O-])ccc1cc2,-4.193240642547607,ok,
CCN1C=CC(=CC=c2sc(=C3Sc4ccccc4C3=O)n(CC)c2=O)c2ccccc21,O,CCn1c(=C2Sc3ccccc3C2=O)sc2c1(=O)~O~N1(CC)C=CC(=CC=2)c2ccccc21,-5.69658899307251,ok,
CN(c1ccccc1)c1ccc(/N=N/c2nc3ccc([N+](=O)[O-])cc3s2)cc1,O,CN1(c2ccccc2)~O~c2([N+](=O)[O-])ccc3nc(sc3c2)/N=N/c2ccc1cc2,-4.853405475616455,ok,
O=[N+]([O-])c1ccc(C=C2CCC(C=NNS(=O)(=O)c3ccccc3)=C2N2CCOCC2)cc1,O,O=[N+]([O-])c1ccc(C=C2CCC3=C2N2CCO(~O~S(=O)(=O)(c4ccccc4)NN=C3)CC2)cc1,-4.958562850952148,ok,
CN(C)c1ccc(/C=C2\CCC/C(=C\c3ccccc3)C2=O)cc1,O,CN1(C)~O~C2(=O)/C(=C/c3ccccc3)CCC/C2=C\c2ccc1cc2,-5.514497756958008,ok,
CCN(CCO)c1ccc(/N=N/c2c(Cl)cc([N+](=O)[O-])cc2Cl)cc1,O,CCN1CCO~O~c2([N+](=O)[O-])cc(Cl)c(c(Cl)c2)/N=N/c2ccc1cc2,-3.928213119506836,ok,
CCN(CC)c1ccc(/C=C/c2nc3cc([N+](=O)[O-])ccc3s2)cc1,O,CCN1(CC)~O~c2([N+](=O)[O-])ccc3sc(nc3c2)/C=C/c2ccc1cc2,-5.885623931884766,ok,
CCN1C(=O)C(=CC=C2C=CN(CC)c3ccccc32)SC1=S,O,CCN1C(=S)SC2=CC=C3C=CN(CC)(~O~C21=O)c1ccccc13,-6.3532280921936035,ok,
CN(CCCC(=O)O)c1ccc(/N=N/c2ccc([N+](=O)[O-])cc2)cc1,O,CN(CCCC1(=O)~O~O1)c1ccc(/N=N/c2ccc([N+](=O)[O-])cc2)cc1,-3.2616896629333496,ok,
Nc1c(NCCO)cc(NC2CCCCC2)c2c1C(=O)c1ccccc1C2=O,O,O=C1c2ccccc2C2(=O)~O~Nc3c(NCCO)cc(NC4CCCCC4)c1c32,-5.709773063659668,ok,
O=C1C(=Cc2ccc(-c3cc(Cl)ccc3Cl)o2)C=C(c2ccccc2)N1c1ccc(Nc2ccccc2)cc1,O,O=C12~O~o3c(ccc3-c3cc(Cl)ccc3Cl)C=C1C=C(c1ccccc1)N2c1ccc(Nc2ccccc2)cc1,-6.910597801208496,ok,
CCOc1ccc(N(C)c2ccc(/C=C/C3=[N+](C)c4ccc(C(=O)OC)cc4C3(C)C)cc2)cc1,O,CCO1~O~C(=O)(OC)c2ccc3c(c2)C(C)(C)C(=[N+]3C)/C=C/c2ccc(cc2)N(C)c2ccc1cc2,-5.237078666687012,ok,
CN(C)c1ccc(/C=C2/N=C(/C=C/c3ccc([N+](=O)[O-])cc3)OC2=O)cc1,O,CN(C)c1ccc(/C=C2/N=C(/C=C/c3ccc([N+](=O)[O-])cc3)O3~O~C23=O)cc1,-4.033154487609863,ok,
CN1CCCc2cc(C=C(C#N)C#N)ccc21,O,CN12~O~C(C#N)(C#N)=Cc3ccc1c(c3)CCC2,-5.018650054931641,ok,
CN1C(=CC=CC=CC2=[N+](C)c3cc4oc5ccccc5c4cc3C2(C)C)C(C)(C)c2cc3c(cc21)oc1ccccc13,O,CN1C2=CC=CC=CC3=[N+](C)c4(~O~o5c6ccccc6c6cc(c1cc65)C2(C)C)cc1oc2ccccc2c1cc4C3(C)C,-7.233940601348877,ok,
O=C1C(=Cc2ccc([N+](=O)[O-])cc2)CN(Cc2ccccc2)CC1=Cc1ccc([N+](=O)[O-])cc1,O,O=C1C(=Cc2ccc([N+](=O)[O-])cc2)CN2(Cc3ccccc3)~O~c3([N+](=O)[O-])ccc(cc3)C=C1C2,-5.284712791442871,ok,
O=C([O-])c1ccccc1-c1c2ccc3cc([O-])ccc3c2oc2c1ccc1cc(=O)ccc12,O,O=C([O-])c1ccccc1-c1c2ccc3cc4ccc3c2oc2c1ccc1cc(=O)(~O~[O-]4)ccc12,-5.405355453491211,ok,
C(=C/C=C/C=C/c1ccco1)\C=C\C=C\C=N\N/C(=N\c1ccccc1)c1ccccn1,O,C1=C/C=C/C=C/c2ccco2~O~C(=Nc2ccccc2)(c2ccccn2)N/N=C/C=C/C=C/1,-5.533873558044434,ok,
N#CC(=[C]c1ccc(-c2ccc(-c3ccc([O])cc3)s2)s1)C#N,O,N#CC(=[C]c1ccc(-c2ccc(-c3ccc4(~O~[O]4)cc3)s2)s1)C#N,,failed,Featurization failed: RDKit could not parse Smiles_Merged
COC(=O)c1cc(C=CC2=[N+](C)c3ccccc3C2(C)C)c2sc3ccccc3n12,O,C[N+]1=C(C=Cc2cc(C3(=O)~O~O3C)n3c2sc2ccccc23)C(C)(C)c2ccccc21,-5.309804439544678,ok,
CCCC[n+]1cccc(/C2=C3\C=CC(=N3)/C(c3ccc[n+](CCCC)c3)=c3/cc/c4n3[Zn]n3c2ccc3/C(c2ccc[n+](CCCC)c2)=C2/C=CC(=N2)\C=4c2ccc[n+](CCCC)c2)c1,O,,,failed,"Pre-condition Violation
	bond already exists
	Violation occurred on line 334 in file Code/GraphMol/RWMol.cpp
	Failed Expression: !(boost::edge(atomIdx1, atomIdx2, d_graph).second)
	RDKIT: 2022.09.5
	BOOST: 1_78
"
Cc1ccccc1N1C(=O)/C(=C/c2ccc(-c3ccc([N+](=O)[O-])cc3)o2)C=C1c1ccccc1,O,Cc1ccccc1N1C(=O)/C(=C/c2ccc3o2~O~c2([N+](=O)[O-])ccc-3cc2)C=C1c1ccccc1,-6.073814868927002,ok,
CN(C)c1ccc(N2C(=O)/C(=C/c3ccc(-c4ccc(Cl)c(Cl)c4)o3)C=C2c2ccccc2)cc1,O,CN(C)c1ccc(N2C(c3ccccc3)=C/C3=C\c4ccc(-c5ccc(Cl)c(Cl)c5)o4~O~C32=O)cc1,-6.358837127685547,ok,
Oc1cccc(-c2c3nc(c(-c4cccc(O)c4)c4ccc([nH]4)c(-c4cccc(O)c4)c4nc(c(-c5cccc(O)c5)c5ccc2[nH]5)CC4)C=C3)c1,O,Oc1cccc(-c2c3nc(c4c5ccc([nH]5)c(-c5cccc(O)c5)c5nc(c(c6ccc2[nH]6)-c2cccc(c2)O~O~c2(O)cccc-4c2)CC5)C=C3)c1,-5.795342445373535,ok,
C=CC1=C(C)c2cc3[nH]c(cc4nc(cc5[nH]c(cc1n2)c(C)c5C=C)C(C)=C4CCC(=O)[O-])c(CCC(=O)[O-])c3C,O,C=CC1=C(C)c2cc3[nH]c4cc5nc(cc6[nH]c(cc1(~O~O=C([O-])CCc4c3C)n2)c(C)c6C=C)C(C)=C5CCC(=O)[O-],-5.944666862487793,ok,
C=CC1=C(C)C2=NC1=CC1=NC(=CC3=NC(=CC4=NC(=C2)C(C)=C4CCC(=O)O)C(CCC(=O)O)=C3C)C(C=C)=C1C,O,C=CC1=C(C)C2=NC1=CC1=NC(=CC3=NC4=CC5=NC(=C2)C(C)=C5CCC(=O)O~O~C(=O)(O)CCC4=C3C)C(C=C)=C1C,-1.8644007444381714,ok,
O=C1C=CC([N+](=O)[O-])=C/C1=C/C1=C2C(=CN(Cc3ccccc3)c3ccccc32)CCC1,O,O=C1C=CC2([N+](=O)[O-])~O~N3(Cc4ccccc4)C=C4CCCC(=C4c4ccccc43)/C=C\1C=2,-4.971468925476074,ok,
COc1ccc(Nc2ccc3c(c2)=NC2(CCCCC2)[N+]=3[O-])cc1,O,COc1ccc(Nc2ccc3c(c2)=NC24(~O~[O-][N+]=32)CCCCC4)cc1,-2.792541742324829,ok,
CC(=O)N1C(=O)c2cccc3c(N=Nc4ccc(N(C)C)cc4)ccc1c23,O,CC(=O)N1c2ccc3c4cccc(c24)C1(=O)~O~N(C)(C)c1ccc(cc1)N=N3,-5.1174211502075195,ok,
NC(=S)NN=CC1=C(N2CCOCC2)C(=Cc2ccc([N+](=O)[O-])cc2)CC1,O,NC(=S)NN=CC1=C2C(=Cc3ccc([N+](=O)[O-])(~O~O4CCN2CC4)cc3)CC1,-4.820626258850098,ok,
Cc1ccc2c(c1)/C(=N/C1CCCCC1)c1nc3ccccc3nc1-2,O,Cc1ccc2c(c1)C1=N(C3CCCCC3)~O~c13nc1ccccc1nc3-2,-5.081421375274658,ok,
CCN(CC)c1ccc(/C=C/C2=[N+](C)c3ccc(C(=O)OC)cc3C2(C)C)cc1,O,CCN(CC)c1ccc(/C=C/C2=[N+](C)c3ccc(C4(=O)~O~O4C)cc3C2(C)C)cc1,-5.333816051483154,ok,
CC(=O)Sc1ccccc1[N+]1=C(C=Cc2ccc(N(C)C)cc2)CCC1,O,CC(=O)Sc1ccccc12~O~N(C)(C)c1ccc(cc1)C=CC1=[N+]2CCC1,,failed,Featurization failed: RDKit could not parse Smiles_Merged
COc1ccc(OC)c(N=CC=Cc2ccc([N+](=O)[O-])cc2)c1,O,COc1ccc2cc1N=CC=Cc1ccc([N+](=O)[O-])(~O~O2C)cc1,-4.276235580444336,ok,
O=[N+]([O-])c1ccc(/C=N/c2cc(C(F)(F)F)ccc2N2CCCC2)s1,O,O=[N+]([O-])c1ccc(/C=N/c2cc3ccc2N2(~O~C3(F)(F)F)CCCC2)s1,-6.536534309387207,ok,
FC(F)(F)C1=CC(/N=C/C2=CC=C([N+]([O-])=O)S2)=C(C=C1)N3CCCC3,O,O=[N+]([O-])c1ccc(/C=N/c2cc3ccc2N2(~O~C3(F)(F)F)CCCC2)s1,-6.536534309387207,ok,
CCC1=C(C)/C2=C/c3c(CC)c(C)c4n3[Co+]N3/C(=C\C1=N2)C(C)=C(CC)C3CC1=N/C(=C\4)C(CC)=C1C,O,,,failed,"Pre-condition Violation
	bond already exists
	Violation occurred on line 334 in file Code/GraphMol/RWMol.cpp
	Failed Expression: !(boost::edge(atomIdx1, atomIdx2, d_graph).second)
	RDKIT: 2022.09.5
	BOOST: 1_78
"
S=C(Nc1ccc2nc3c4ccccc4c4ccccc4c3nc2c1)N1CCOCC1,O,S=C1(Nc2ccc3nc4c5ccccc5c5ccccc5c4nc3c2)~O~O2CCN1CC2,-5.3005194664001465,ok,
O=C1NC(=S)NC(=O)C1=CC=CC=C1C=Cc2ccccc2N1,O,O=C1NC(=S)NC2(=O)~O~N3C(=CC=CC=C12)C=Cc1ccccc13,-6.963352680206299,ok,
C(=Cc1cc(-c2ccccc2)[s+]c2ccccc12)C=C1C=C(c2ccccc2)Sc2ccccc21,O,C1=Cc2cc(-c3ccccc3)(~O~S3C(c4ccccc4)=CC(=C1)c1ccccc13)[s+]c1ccccc21,-9.072035789489746,ok,
C[N+]1=C(C=CC=CC=C2N(CCCCCC(=O)O)c3ccccc3C2(C)C)C(C)(C)c2ccccc21,O,C[N+]1=C(C=CC=CC=C2N(CCCCCC3(=O)~O~O3)c3ccccc3C2(C)C)C(C)(C)c2ccccc21,-4.210443496704102,ok,
CCN1C(=CC=CC=Cc2ccc3ccccc3[n+]2CC)C=Cc2ccccc21,O,CC[n+]1c2ccc3ccccc31~O~N1(CC)C(=CC=CC=C2)C=Cc2ccccc21,-6.254469871520996,ok,
CCN1C(=O)C(=CC=Cc2ccc([N+](=O)[O-])o2)SC1=S,O,CCN1C(=O)C(=CC=Cc2ccc3([N+](=O)[O-])~O~o23)SC1=S,-5.728860855102539,ok,
[C]N([C])c1ccc2c(c1)SC(=[C]C1=[C]C(=C(C#N)C#N)c3ccccc31)N2[C],O,[C]N1C2=[C]C3=[C]C(=C(C#N)(C#N)~O~N([C])([C])c4ccc1c(c4)S2)c1ccccc13,-5.81419563293457,ok,
CC(=O)Nc1ccc(S(=O)(=O)[O-])c2cc(S(=O)(=O)[O-])c(/N=N/c3ccc(/N=N/c4ccc(S(=O)(=O)[O-])cc4)c4ccc(S(=O)(=O)[O-])cc34)c(O)c12.[Na+].[Na+].[Na+].[Na+],O,CC(=O)Nc1ccc(S(=O)(=O)[O-])c2cc(S(=O)(=O)[O-])c(/N=N/c3ccc(/N=N/c4ccc(S(=O)(=O)[O-]~O~[Na+])cc4)c4ccc(S(=O)(=O)[O-])cc34)c(O)c12.[Na+].[Na+].[Na+],-2.2324721813201904,ok,
O=[N+]([O-])c1ccc(/N=N/c2ccc(N3CCCCC3)cc2)c(Br)c1,O,O=[N+]([O-])c12~O~N3(CCCCC3)c3ccc(cc3)/N=N/c(cc1)c(Br)c2,-5.287943363189697,ok,
Oc1ccc2ccccc2c1C=Cc1ccc2c(ccc3ccccc32)[o+]1,O,C1=Cc2c(ccc3ccccc23)O~O~c23ccc4ccccc4c2ccc1[o+]3,-9.23538589477539,ok,
O=C1C(=Cc2ccc(-c3ccc(Cl)c(Cl)c3)o2)C=C(c2ccccc2)N1c1ccc(Nc2ccccc2)cc1,O,O=C12~O~o3c(ccc3-c3ccc(Cl)c(Cl)c3)C=C1C=C(c1ccccc1)N2c1ccc(Nc2ccccc2)cc1,-6.897286415100098,ok,
CCCCCCOC(=O)c1c(N)n(-c2ccc(N(CC)CC)cc2)c2nc3ccccc3nc12,O,CCCCCCO1~O~C1(=O)c1c(N)n(-c2ccc(N(CC)CC)cc2)c2nc3ccccc3nc12,-3.016948938369751,ok,
CCN(CC)c1ccc(C2=C(c3ccc(N(CC)CC)cc3)S[Ni]3(S2)SC(c2ccc(N(CC)CC)cc2)=C(c2ccc(N(CC)CC)cc2)S3)cc1,O,,,failed,"Pre-condition Violation
	bond already exists
	Violation occurred on line 334 in file Code/GraphMol/RWMol.cpp
	Failed Expression: !(boost::edge(atomIdx1, atomIdx2, d_graph).second)
	RDKIT: 2022.09.5
	BOOST: 1_78
"
CN(C)c1ccc(/C=C/C=C2\C(=O)N(CCCCl)C(=O)N(C3CCCCC3)C2=O)cc1,O,CN1(C)~O~C2(=O)N(CCCCl)C(=O)/C(=C\C=C\c3ccc1cc3)C(=O)N2C1CCCCC1,-5.856609344482422,ok,
CN1CCCc2cc(/C=C3\CC/C(=C/c4ccc5c(c4)N(C)CCC5)C3=O)ccc21,O,CN1CCCc2ccc(/C=C3/CC/C4=C\c5ccc6c(c5)CCCN6(C)~O~C34=O)cc21,-5.039385795593262,ok,
C=Cc1c(C)c2cc3nc(c4c5[nH]c(cc6nc(cc1[nH]2)C(C)=C6CC)c(C)c5C(=O)[C@@H]4C(=O)OC)[C@@H](CCC(=O)O)[C@@H]3C,O,C=Cc1c(C)c2cc3nc4c5c6[nH]c(cc7nc(cc1[nH]2)C(C)=C7CC)c(C)c6C(=O)[C@@H]5C(=O)(OC)~O~OC(=O)CC[C@H]4[C@@H]3C,-4.651322841644287,ok,
[H]C(=C=C1C(C)(C)CC(OC(C)=O)CC1(C)O)/C(C)=C/C=C/C(C)=C/C=C/C=C(C)/C=C/C=C(\C)C(=O)CC12OC1(C)CC(O)CC2(C)C,O,C/C(C=C=C1C(C)(C)CC(O2~O~C2(C)=O)CC1(C)O)=C\C=C\C(C)=C\C=C\C=C(C)\C=C\C=C(/C)C(=O)CC12OC1(C)CC(O)CC2(C)C,-6.896341323852539,ok,
CCN(CC)c1ccc2nc3ccc(/N=N/c4ccc(N(C)C)cc4)cc3[n+](-c3ccccc3)c2c1,O,CCN(CC)c1ccc2nc3ccc4cc3(~O~N(C)(C)c3ccc(cc3)/N=N/4)[n+](-c3ccccc3)c2c1,-5.57462739944458,ok,
CC[N+]1=C(/C=C/c2ccc(N(C)c3ccc(OC)cc3)cc2)C(C)(C)c2ccc(C(=O)OC)cc21,O,CC[N+]1=C2/C=C/c3ccc(cc3)N(C)c3ccc(cc3)O(C)~O~C(=O)(OC)c3ccc(c1c3)C2(C)C,-5.361697196960449,ok,
"CC1=CC=C(C)N1C1=CC=C(C=C(C#N)C#N)C=C1 |c:18,t:1,3,8,10|",O,Cc1ccc(C)n12~O~C(C#N)(C#N)=Cc1ccc-2cc1,-5.037532806396484,ok,
CCCCCCOC(C)c1c(C)c2cc3nc(c4c5[nH]c(cc6nc(cc1[nH]2)C(C)=C6CC)c(C)c5C(=O)C4)[C@@H](CCC(=O)O)[C@@H]3C,O,CCCCCCOC(C)c1c(C)c2cc3nc(c4c5[nH]c(cc6nc(cc1[nH]2)C(C)=C6CC)c(C)c5C(=O)C4)[C@@H](CCC1(=O)~O~O1)[C@@H]3C,-4.106633186340332,ok,
COC(=O)/C=C(C)/C=C/C=C(C)/C=C/C1=C(C)C(=O)CCC1(C)C,O,CC1=C(/C=C/C(C)=C/C=C/C(C)=C/C2(=O)~O~O2C)C(C)(C)CCC1=O,-5.332235813140869,ok,
Cc1ccc(Nc2ccc(Nc3ccc(C)cc3)c3c2C(=O)c2ccc(S(=O)(=O)O)cc2C3=O)cc1,O,Cc1ccc(Nc2ccc3c4c2C(=O)c2cc(ccc2C4=O)S(=O)(=O)(O)~O~N3c2ccc(C)cc2)cc1,-6.27799129486084,ok,
Nc1c(/N=N/c2ccc(-c3ccc(/N=N/c4cc(S(=O)(=O)[O-])c5ccccc5c4N)cc3)cc2)cc(S(=O)(=O)[O-])c2ccccc12.[Na+].[Na+],O,Nc1c(/N=N/c2ccc(-c3ccc(/N=N/c4cc(S(=O)(=O)[O-]~O~[Na+])c5ccccc5c4N)cc3)cc2)cc(S(=O)(=O)[O-])c2ccccc12.[Na+],-1.1693121194839478,ok,
CN(C)c1ccc(/C=C/C=C2\S/C(=N\c3ccccc3)NC2=O)cc1,O,CN1(C)~O~C2(=O)N/C(=N/c3ccccc3)S/C2=C\C=C\c2ccc1cc2,-5.588041305541992,ok,
OCC[n+]1ccc(/C2=C3\C=CC(=N3)/C(c3cc[n+](CCO)cc3)=c3/cc/c4n3[Zn]n3c2ccc3/C(c2cc[n+](CCO)cc2)=C2/C=CC(=N2)\C=4c2cc[n+](CCO)cc2)cc1,O,,,failed,"Pre-condition Violation
	bond already exists
	Violation occurred on line 334 in file Code/GraphMol/RWMol.cpp
	Failed Expression: !(boost::edge(atomIdx1, atomIdx2, d_graph).second)
	RDKIT: 2022.09.5
	BOOST: 1_78
"
Cc1cc(O)c(C(=O)/C=C/C=C/C=C/c2ccc([N+](=O)[O-])cc2)c(=O)o1,O,Cc1cc2c(C(=O)/C=C/C=C/C=C/c3ccc([N+](=O)[O-])cc3)c(=O)(~O~O2)o1,-5.55337381362915,ok,
O=C1/C(=C\c2ccc(-c3ccc(Cl)c(Cl)c3)o2)C=C(c2ccccc2)N1c1ccc(Nc2ccccc2)cc1,O,O=C12~O~o3c(ccc3-c3ccc(Cl)c(Cl)c3)/C=C\1C=C(c1ccccc1)N2c1ccc(Nc2ccccc2)cc1,-6.897286415100098,ok,
CCOC(=O)c1ccc(-c2ccc(C=C3C=C(c4ccccc4)N(c4ccc(Nc5ccccc5)cc4)C3=O)o2)cc1,O,CCO1~O~C1(=O)c1ccc(-c2ccc(C=C3C=C(c4ccccc4)N(c4ccc(Nc5ccccc5)cc4)C3=O)o2)cc1,-5.846599102020264,ok,
CCN(CC)c1ccc(/N=N/c2cn(C)nc2[N+](=O)[O-])cc1,O,CCN1(CC)~O~c2([N+](=O)[O-])nn(C)cc2/N=N/c2ccc1cc2,-3.209240674972534,ok,
CN(C)/C=C/c1cc(C#N)c(C#N)cc1Br,O,CN1(C)~O~C(#N)c2cc(Br)c(cc2C#N)/C=C/1,-5.575935363769531,ok,
CC1(C)C(C=C2C(=O)C(C=C3Nc4ccccc4C3(C)C)=C2O)=Nc2ccccc21,O,CC1(C)C(C=C2C3=C(C=C4Nc5ccccc5C4(C)C)C2(=O)~O~O3)=Nc2ccccc21,-4.476696014404297,ok,
CC[n+]1c(C=C2C=C(C=CN(C)C)c3ccccc3O2)sc2cc(OC)ccc21,O,CC[n+]1c2ccc3cc2sc1(C=C1C=C(C=CN(C)C)c2ccccc2O1)~O~O3C,-6.136227607727051,ok,
Cc1cccc(N2C(=O)/C(=C/c3ccc(-c4ccc([N+](=O)[O-])cc4)o3)C=C2c2ccccc2)c1,O,Cc1cccc(N2C(=O)/C(=C/c3ccc4o3~O~c3([N+](=O)[O-])ccc-4cc3)C=C2c2ccccc2)c1,-6.086822509765625,ok,
CCOc1ccc(N2C(=O)/C(=C/C(Cl)=C/c3ccc([N+](=O)[O-])cc3)SC2=S)cc1,O,CCO1~O~C2(=O)/C(=C/C(Cl)=C/c3ccc([N+](=O)[O-])cc3)SC(=S)N2c2ccc1cc2,-6.754179000854492,ok,
CN1C(=O)/C(=C/C=C/C=C/Nc2ccccc2)OC1=S,O,CN1C(=S)O2~O~C1(=O)/C2=C/C=C/C=C/Nc1ccccc1,-4.916613578796387,ok,
CC(C)Nc1cc(NCCO)c(N)c2c1C(=O)c1ccccc1C2=O,O,CC(C)Nc1cc(NCCO)c2c3c1C(=O)c1ccccc1C3(=O)~O~N2,-5.708499431610107,ok,
CC(C)(C)C(=O)C(C#N)=Cc1ccc(-c2ccc([N+](=O)[O-])cc2)o1,O,CC(C)(C)C(=O)C(C#N)=Cc1ccc2o1~O~c1([N+](=O)[O-])ccc-2cc1,-6.422418117523193,ok,
O=C1C(=Cc2ccc(-c3ccc([N+](=O)[O-])cc3)o2)C=C(c2ccccc2)N1Cc1ccccc1,O,O=C1C(=Cc2ccc3o2~O~c2([N+](=O)[O-])ccc-3cc2)C=C(c2ccccc2)N1Cc1ccccc1,-6.326265335083008,ok,
CCCCCCCCCCCCCCCCCCN1C(=CC=CC=CC=CC2=[N+](CCCCCCCCCCCCCCCCCC)c3ccccc3C2(C)C)C(C)(C)c2ccccc21.[I-],O,CCCCCCCCCCCCCCCCCCN1C(=CC=CC=CC=CC2=[N+](CCCCCCCCCCCCCCCCCC)c3(~O~[I-])ccccc3C2(C)C)C(C)(C)c2ccccc21,-7.905074119567871,ok,
[O-]/[N+](=C\C(c1cc(N2CCOCC2)cc2nonc12)=[N+](\[O-])c1c(Br)cc(F)cc1Br)c1c(Br)cc(F)cc1Br,O,[O-][N+](c1c(Br)cc(F)cc1Br)=C1(c2cc(N3CCOCC3)cc3nonc23)~O~[O-][N+](c2c(Br)cc(F)cc2Br)=C1,-4.248897075653076,ok,
CC1CC(C)(C)N(C)c2ccc(C(c3ccc4c(c3)C(C)CC(C)(C)N4C)=c3ccc4c(c3)C(C)CC(C)(C)[N+]=4C)cc21,O,CC1CC(C)(C)N(C)c2ccc(C3=c4ccc5(~O~N6(C)c7ccc3cc7C(C)CC6(C)C)c(c4)C(C)CC(C)(C)[N+]=5C)cc21,-7.193107604980469,ok,
O=S(=O)([O-])CCC[n+]1c(/C=C/c2ccc(-c3ccc(SC(F)F)cc3)o2)sc2ccccc21,O,O=S1(=O)CCC[n+]2c(sc3ccccc32)/C=C/c2ccc(o2)-c2ccc(cc2)SC(F)(F)~O~[O-]1,-6.301433086395264,ok,
CC(C)C1CC(C=Cc2ccc(N(C)C)cc2)=CC(=C(C#N)C#N)C1,O,CC(C)C1CC2=CC(=C(C#N)(C#N)~O~N(C)(C)c3ccc(cc3)C=C2)C1,-7.003206253051758,ok,
O=[N+]([O-])c1ccc(-c2cc(C=Cc3ccc(N(CCCl)CCCl)cc3)c3c(ccc4ccccc43)n2)cc1,O,O=[N+]([O-])c12~O~N(CCCl)(CCCl)c3ccc(cc3)C=Cc3cc(nc4ccc5ccccc5c34)-c(cc1)cc2,-6.3874006271362305,ok,
C[N+](C1=CC=CC=C1C=C2)=C2/C=C/C3=CC=C(N(C)C)C=C3Cl.[I-],O,CN(C)c1ccc(/C=C/c2ccc3ccccc3(~O~[I-])[n+]2C)c(Cl)c1,-5.976295471191406,ok,
CCN(CCC(=O)OC)c1ccc(N=Nc2snc3ccc([N+](=O)[O-])cc23)cc1,O,CCN(CCC1(=O)~O~O1C)c1ccc(N=Nc2snc3ccc([N+](=O)[O-])cc23)cc1,-4.452439308166504,ok,
CN(C)/C=C/C=C1\c2ccccc2-c2ccc([N+](=O)[O-])cc21,O,CN1(C)~O~c2([N+](=O)[O-])ccc3c(c2)/C(=C/C=C/1)c1ccccc1-3,-6.004247665405273,ok,
C1=C(N2CCOCC2)/C(=C\c2ccc(/C=C3/CCC=C3N3CCOCC3)cc2)CC1,O,C1=C(N2CCOCC2)/C(=C\c2ccc(/C=C3/CCC=C3N3CCO4~O~C4C3)cc2)CC1,-5.281562328338623,ok,
C/C(=C\c1ccc(N(C)C)cc1)c1cc(-c2ccccc2)[o+]c2ccccc12,O,C/C1=C\c2ccc(cc2)N(C)(C)~O~c2(-c3ccccc3)cc1c1ccccc1[o+]2,-8.95482349395752,ok,
Cc1cccc(C2=N/C(=C\c3cc4cc5c6c(c4oc3=O)CCCN6CCC5)C(=O)O2)c1,O,Cc1cccc(C2=N/C3=C\c4cc5cc6c7c(c5o(~O~C3(=O)O2)c4=O)CCCN7CCC6)c1,-4.508193492889404,ok,
COc1ccc(/C=C2\CCC/C(=C\c3ccc([N+](=O)[O-])cc3)C2=O)cc1,O,CO1~O~c2([N+](=O)[O-])ccc(cc2)/C=C2\CCC/C(=C\c3ccc1cc3)C2=O,-5.774587154388428,ok,
CN(/C=C/C=C/C=C(C#N)C#N)C1=CC=CC=C1,O,CN1(c2ccccc2)~O~C(C#N)(C#N)=C/C=C/C=C/1,-4.508915901184082,ok,
CN(/C=C/C=C/C=C(C#N)C#N)c1ccccc1,O,CN1(c2ccccc2)~O~C(C#N)(C#N)=C/C=C/C=C/1,-4.508915901184082,ok,
COC(=O)c1ccc2c(c1)C(C)(C)C(/C=C/c1ccc(N(C)C)cc1)=[N+]2C,O,CN(C)c1ccc(/C=C/C2=[N+](C)c3ccc(C4(=O)~O~O4C)cc3C2(C)C)cc1,-4.59933614730835,ok,
[C]Oc1ccc(/[C]=C2\[C][C][C]C(=C(S[C])S[C])C2=O)cc1,O,[C]SC(S[C])=C1[C][C][C]/C(=[C]\c2ccc(O3~O~[C]3)cc2)C1=O,-5.856620788574219,ok,
CCN(CC)c1ccc(C=C2CCC(C=C3N=C(c4ccc(F)cc4)OC3=O)=C2N2CCOCC2)cc1,O,CCN(CC)c1ccc(C=C2CCC(C=C3N=C(c4ccc(F)cc4)O4~O~C34=O)=C2N2CCOCC2)cc1,-4.523689270019531,ok,
C/C=C/C=C/C=C/C1=CC2=C(Cl)C(=O)C(C)(OC(=O)CC(O)CC(C)O)C(=O)C2=CN1CCCC(=O)O,O,C/C=C/C=C/C=C/C1=CC2=C(Cl)C(=O)C3(C)OC(=O)(CC(O)CC(C)O)~O~OC(=O)CCCN1C=C2C3=O,-5.113986015319824,ok,
CCN(CC)c1ccc(C=Cc2nc3ccc([N+](=O)[O-])cc3s2)cc1,O,CCN1(CC)~O~c2([N+](=O)[O-])ccc3nc(sc3c2)C=Cc2ccc1cc2,-5.803917407989502,ok,
CN(C)c1ccc(N2C(=O)/C(=C/c3ccc(-c4ccc(Br)cc4)o3)C=C2c2ccccc2)cc1,O,CN(C)c1ccc(N2C(c3ccccc3)=C/C3=C\c4ccc(-c5ccc(Br)cc5)o4~O~C32=O)cc1,-6.066718101501465,ok,
CCN1C=CC(=CC=Cc2ccc3ccccc3[n+]2CC)c2ccccc21,O,CC[n+]1c2ccc3ccccc31~O~N1(CC)C=CC(=CC=C2)c2ccccc21,-6.256844520568848,ok,
O=C1c2ccccc2C(=O)c2c(NC3CCCCC3)cccc21,O,O=C1c2ccccc2C2(=O)~O~N(C3CCCCC3)c3cccc1c32,-5.493468284606934,ok,
O=[N+]([O-])c1ccc(/C=N/c2cc(C(F)(F)F)ccc2N2CCOCC2)s1,O,O=[N+]([O-])c1ccc(/C=N/c2cc3ccc2N2CCO(~O~C3(F)(F)F)CC2)s1,-5.4541707038879395,ok,
FC(F)(F)C1=CC=C(N2CCOCC2)C(/N=C/C3=CC=C([N+]([O-])=O)S3)=C1,O,O=[N+]([O-])c1ccc(/C=N/c2cc3ccc2N2CCO(~O~C3(F)(F)F)CC2)s1,-5.4541707038879395,ok,
CCN1/C(=C/C=c2/sc(=C3C(=O)c4ccccc4C3=O)n(CC)c2=O)C(C)(C)c2cc(-c3ccccc3)ccc21,O,CCn1c(=C2C(=O)c3ccccc3C2=O)s/c2c1(=O)~O~N1(CC)/C(=C/C=2)C(C)(C)c2cc(-c3ccccc3)ccc21,-5.750855445861816,ok,
CCOc1ccc(N(C)c2ccc(C=C3C(=O)c4ccccc4C3=O)cc2)cc1,O,CCO1~O~C2(=O)C(=Cc3ccc(cc3)N(C)c3ccc1cc3)C(=O)c1ccccc12,-5.977503776550293,ok,
C[N+]1=C(C=Nc2c([O-])cc(N3CCc4ccccc43)c3ccccc23)C(C)(C)c2ccccc21,O,C[N+]1=C2(~O~[O-]c3cc(N4CCc5ccccc54)c4ccccc4c3N=C2)C(C)(C)c2ccccc21,-2.8151845932006836,ok,
[C]N([C])c1ccc(/[C]=C2/[C][C]C(=C3S[C][C][C]S3)C2=O)cc1,O,[C]N1([C])~O~C2(=O)C(=C3S[C][C][C]S3)[C][C]/C2=[C]/c2ccc1cc2,-5.028563499450684,ok,
Oc1ccccc1C=C1CCCc2c(-c3ccccc3)cc(-c3ccccc3)[o+]c21,O,C1=C2CCCc3c(-c4ccccc4)cc(-c4ccccc4)(~O~Oc4ccccc41)[o+]c32,-9.054044723510742,ok,
CCN(CCO)c1ccc(N=Nc2ccc([N+](=O)[O-])cc2Cl)cc1,O,CCN1CCO~O~c2([N+](=O)[O-])ccc(c(Cl)c2)N=Nc2ccc1cc2,-2.8353981971740723,ok,
CN(C)c1ccc(/C=C2\CCC/C(=C\c3ccc(N(C)C)cc3Cl)C2=O)c(Cl)c1,O,CN(C)c1ccc(/C=C2\CCC/C3=C\c4ccc(cc4Cl)N(C)(C)~O~C23=O)c(Cl)c1,-6.2826337814331055,ok,
O=C1/C(CCC/C1=C\C(C=C2)=C(Cl)C=C2N(C)C)=C/C(C=C3)=C(Cl)C=C3N(C)C,O,CN(C)c1ccc(/C=C2\CCC/C3=C\c4ccc(cc4Cl)N(C)(C)~O~C23=O)c(Cl)c1,-6.2826337814331055,ok,
[C]1[C]C(N2[C][C][C][C]2)=[C]C(=[N+]2[C][C][C][C]2)[C]1,O,[C]1[C]C2=[C]C(=[N+]3[C][C][C][C]3~O~N23[C][C][C][C]3)[C]1,-2.2451171875,ok,
ClCc1ccc(-c2c3cc4c5c(c3[o+]c3c6c7c(cc23)CCCN7CCC6)CCCN5CCC4)cc1,O,ClCc1ccc(-c2c3cc4c5c6c3[o+]c3(~O~N5(CCC4)CCC6)c4c5c(cc23)CCCN5CCC4)cc1,-10.183061599731445,ok,
[C]SC(S[C])=C1[C][C]C(=[C]c2ccc(N([C])[C])cc2)C1=O,O,[C]SC(S[C])=C1[C][C]C2=[C]c3ccc(cc3)N([C])([C])~O~C21=O,-5.965277671813965,ok,
CCOC(=O)c1ccc(-c2ccc(/C=C3/C=C(c4ccccc4)N(c4ccc(Nc5ccccc5)cc4)C3=O)o2)cc1,O,CCO1~O~C1(=O)c1ccc(-c2ccc(/C=C3/C=C(c4ccccc4)N(c4ccc(Nc5ccccc5)cc4)C3=O)o2)cc1,-5.770870208740234,ok,
O=C1N=C(N2CCN(c3ccc(Cl)cc3)CC2)SC1=Cc1ccc(-c2ccc([N+](=O)[O-])cc2)o1,O,O=[N+]([O-])c1ccc(-c2ccc3o2~O~C2(=O)N=C(N4CCN(c5ccc(Cl)cc5)CC4)SC2=C3)cc1,-4.811748504638672,ok,
O=S(=O)([O-])c1ccc2c(N=Nc3ccc(S(=O)(=O)[O-])c4ccccc34)c(O)c(S(=O)(=O)[O-])cc2c1.[Na+].[Na+].[Na+],O,O=S(=O)([O-])c1cc2cc(S(=O)(=O)[O-]~O~[Na+])ccc2c(N=Nc2ccc(S(=O)(=O)[O-])c3ccccc23)c1O.[Na+].[Na+],-2.2262377738952637,ok,
[C]c1cccc(/[C]=C2\[C][C]C(=C3S[C][C][C]S3)C2=O)c1,O,[C]c1cccc(/[C]=C2\[C][C]C(=C3S[C][C][C]S3)C23~O~O=3)c1,-3.9205806255340576,ok,
O=C1/C(=C/C=C/C=C/Nc2ccccc2)SC(=S)N1c1ccccc1,O,O=C12~O~N(c3ccccc3)/C=C/C=C/C=C/1SC(=S)N2c1ccccc1,-5.839380264282227,ok,
O=C1c2ccccc2C(=O)c2c(NC3CCCCC3)ccc(Nc3ccc(Oc4ccccc4)cc3)c21,O,O=C1c2ccccc2C2(=O)~O~O(c3ccccc3)c3ccc(cc3)Nc3ccc(NC4CCCCC4)c1c32,-6.737502098083496,ok,
O=[N+]([O-])C1=CC=C2C(C=CC=C3)=C3/C(C2=C1)=C\C=C\N(C)C,O,CN1(C)~O~c2([N+](=O)[O-])ccc3c(c2)/C(=C/C=C/1)c1ccccc1-3,-6.004247665405273,ok,
COc1cc(/C=C/C=C/C=C/C(C)=C/[C@@]2(C)O[C@@H](C)[C@@](C)(O)[C@@H]2O)oc(=O)c1C,O,CC(/C=C/C=C/C=C/c1cc2c(C)c(=O)(~O~O2C)o1)=C\[C@@]1(C)O[C@@H](C)[C@@](C)(O)[C@@H]1O,-6.0773420333862305,ok,
CN(C)c1ccc(/C=C2\CCC/C(=C\c3ccccc3OC(F)F)C2=O)cc1,O,CN(C)c1ccc(/C=C2\CCC/C(=C\c3ccccc3O3~O~C3(F)F)C2=O)cc1,-6.3593597412109375,ok,
CC(/C=C/C12OC1(C)CCCC2(C)C)=C\C=C\C(C)=C\C(=O)O,O,CC(/C=C/C12OC1(C)CCCC2(C)C)=C\C=C\C(C)=C\C1(=O)~O~O1,-5.14644718170166,ok,
COc1ccc(Nc2ccc3c4c(c5cc(C)ccc5nc24)-c2ccccc2C3=O)cc1,O,Cc1ccc2nc3c4ccc5c3c(c2c1)-c1ccccc1C5(=O)~O~O(C)c1ccc(cc1)N4,-6.161504745483398,ok,
Cc1cc(C2=C(O)C(c3cc(C)c4cc(C(C)C)ccc(C)c3-4)=C2O)c2c(C)ccc(C(C)C)cc1-2,O,Cc1cc(C2=C(O)C(c3cc(C)c4cc(C(C)C)ccc(C)c3-4)=C23~O~O3)c2c(C)ccc(C(C)C)cc1-2,-5.312252044677734,ok,
CN(C)c1ccc2c(c1)[Si](C)(C)C1=CC(=[N+](C)C)C=CC1=C2c1cc(C(=O)O)ccc1C(=O)[O-],O,CN(C)c1ccc2c(c1)[Si](C)(C)C1=CC(=[N+](C)C)C=CC1=C2c1cc2ccc1C([O-])=O~O~C2(=O)O,-4.311150550842285,ok,
COc1cc(=O)oc(/C=C/C=C/C=C/C=C/[C@@]2(C)O[C@@H](C)[C@@](C)(O)[C@@H]2O)c1C,O,Cc1c2cc(=O)(~O~O2C)oc1/C=C/C=C/C=C/C=C/[C@@]1(C)O[C@@H](C)[C@@](C)(O)[C@@H]1O,-6.204465866088867,ok,
O=C1/C(=C/c2ccc([N+](=O)[O-])cc2)C=C(c2ccccc2)N1c1ccc(Nc2ccccc2)cc1,O,O=C1/C2=C/c3ccc([N+](=O)[O-])(~O~N(c4ccccc4)c4ccc(cc4)N1C(c1ccccc1)=C2)cc3,-5.444374084472656,ok,
O=C(CCN1C(=O)C(=CC(Cl)=Cc2ccc([N+](=O)[O-])cc2)SC1=S)N1CCOCC1,O,O=C1CCN2C(=O)C(=CC(Cl)=Cc3ccc([N+](=O)[O-])(~O~O4CCN1CC4)cc3)SC2=S,-5.885252475738525,ok,
O=C1/C(=C\C=C\C=C\Nc2ccccc2)SC(=S)N1c1ccccc1,O,O=C12~O~N(c3ccccc3)/C=C/C=C/C=C\1SC(=S)N2c1ccccc1,-5.839379787445068,ok,
N#Cc1cc2nc3ccc4ccccc4c3nc2cc1C#N,O,N#Cc1cc2c3cc1C(#N)~O~n2c1ccc2ccccc2c1n3,-5.580888748168945,ok,
Cc1cccc2nc3c(nc12)-c1ccccc1/C3=N/C1CCCCC1,O,Cc1cccc2nc34~O~N(/C5CCCCC5)=C/3c3ccccc3-c4nc12,-5.0263261795043945,ok,
[C]Oc1ccc(/[C]=C2/[C][C]C(=C(S[C])S[C])C2=O)cc1,O,[C]SC(S[C])=C1[C][C]/C(=[C]/c2ccc(O3~O~[C]3)cc2)C1=O,-5.846032619476318,ok,
Cc1cccc2nc(-c3ccc([N+](=O)[O-])cc3)c(NC3CCCCC3)n12,O,Cc1cccc2nc3c(n12)N(C1CCCCC1)~O~c1([N+](=O)[O-])ccc-3cc1,-5.172994613647461,ok,
CC1CC(C)(C)N(C)c2ccc(/C=C3\N=C(c4ccccc4)OC3=O)cc21,O,CC1CC(C)(C)N(C)c2ccc(/C=C3\N=C(c4ccccc4)O4~O~C34=O)cc21,-4.3125786781311035,ok,
CN(C)c1ccc(-c2nc3ccccn3c2N=Cc2cccc([N+](=O)[O-])c2)cc1,O,CN1(C)~O~c2([N+](=O)[O-])cccc(c2)C=Nc2c(nc3ccccn23)-c2ccc1cc2,-3.850266218185425,ok,
CC(C)(C)CN1C(=CC2=C([O-])/C(=C/C3=[N+](CC(C)(C)C)c4ccccc4C3(C)C)C2=O)C(C)(C)c2ccccc21,O,CC(C)(C)CN1C(=CC2=C3[O-]~O~c45ccccc4C(C)(C)C(=[N+]5CC(C)(C)C)/C=C/3C2=O)C(C)(C)c2ccccc21,-5.057121276855469,ok,
COc1cc(/C=C/C=C2\CCC/C(=C\C=C\c3ccc(O)c(OC)c3)C2=O)ccc1O,O,COc1cc(/C=C/C=C2\CCC/C3=C\C=C\c4ccc(c(OC)c4)O~O~C23=O)ccc1O,-3.8955743312835693,ok,
CN(c1ccccc1)c1ccc(/C=C2\N=C(c3ccccc3)OC2=O)cc1,O,CN(c1ccccc1)c1ccc(/C=C2\N=C(c3ccccc3)O3~O~C23=O)cc1,-3.9667608737945557,ok,
O=C1/C(=C/c2ccc(-c3ccc([N+](=O)[O-])cc3)o2)C=C(c2ccccc2)N1c1ccc(O)cc1,O,O=C1/C2=C/c3ccc(o3)-c3ccc([N+](=O)[O-])(~O~Oc4ccc(cc4)N1C(c1ccccc1)=C2)cc3,-4.3455963134765625,ok,
C(=Cc1cc(-c2ccccc2)c2ccccc2[s+]1)C=C1C=C(c2ccccc2)c2ccccc2S1,O,C1=Cc2cc(-c3ccccc3)c3ccccc3(~O~S3C(=C1)C=C(c1ccccc1)c1ccccc13)[s+]2,-9.200014114379883,ok,
O=[N+]([O-])c1ccc2sc(C=Cc3ccc(-c4ccc(S(=O)(=O)N5CCOCC5)cc4)o3)nc2c1,O,O=[N+]([O-])c12~O~o3c(ccc3-c3ccc(S(=O)(=O)N4CCOCC4)cc3)C=Cc3nc(c1)c(cc2)s3,-5.778536796569824,ok,
O=C1C(=Cc2ccc(-c3ccc(Br)cc3)o2)C=C(c2ccccc2)N1c1ccc(Nc2ccccc2)cc1,O,O=C12~O~o3c(ccc3-c3ccc(Br)cc3)C=C1C=C(c1ccccc1)N2c1ccc(Nc2ccccc2)cc1,-6.644640922546387,ok,
[C]N([C])c1ccc([C]=C2[C][C]C(=C3S[C][C]S3)C2=O)cc1,O,[C]N1([C])~O~C2(=O)C(=[C]c3ccc1cc3)[C][C]C2=C1S[C][C]S1,-5.166638374328613,ok,
CC(/C=C/C=C(\C)C(=O)O)=C\C=C\C=C(C)\C=C\C=C(/C)C(=O)O[C@@H]1O[C@H](CO[C@@H]2O[C@H](CO)[C@@H](O)[C@H](O)[C@H]2O)[C@@H](O)[C@H](O)[C@H]1O,O,CC1=C\C=C\C=C(C)\C=C\C=C(/C)C(=O)(O[C@@H]2O[C@H](CO[C@@H]3O[C@H](CO)[C@@H](O)[C@H](O)[C@H]3O)[C@@H](O)[C@H](O)[C@H]2O)~O~OC(=O)/C(C)=C\C=C\1,-4.295665740966797,ok,
CN(C)/C=C/C=C/C=C/C(=O)c1ccc(Br)cc1,O,CN1(C)~O~C(=O)(c2ccc(Br)cc2)/C=C/C=C/C=C/1,-4.307584762573242,ok,
O=C(/C=C/C=C/C=C/N(C)C)C(C=C1)=CC=C1Br,O,CN1(C)~O~C(=O)(c2ccc(Br)cc2)/C=C/C=C/C=C/1,-4.307584762573242,ok,
[C]Oc1ccc(/[C]=C2\[C][C][C]C(=C3S[C][C]S3)C2=O)cc1,O,O=C1C(=C2S[C][C]S2)[C][C][C]/C1=[C]\c1ccc(O2~O~[C]2)cc1,-5.211946487426758,ok,
CC[N+]1=C(C=CN(C)C)c2cccc3cccc1c23,O,CC[N+]1=C2(~O~N(C)(C)C=C2)c2cccc3cccc1c23,-4.572467803955078,ok,
CN(C)c1ccc(/C=C/C2=CC(=C(C#N)C#N)C=C(c3ccccc3)O2)cc1,O,CN(C)c1ccc(/C=C/C2=CC3=C(C#N)(C#N)~O~O2C(c2ccccc2)=C3)cc1,-5.674433708190918,ok,
CN(C)c1ccc(C=Cc2cc(C(C)(C)C)[o+]c3ccccc23)cc1,O,CC(C)(C)c1cc2c3ccccc3(~O~N(C)(C)c3ccc(cc3)C=C2)[o+]1,-8.76867961883545,ok,
[C](/[C]=[C]/c1c2ccccc2[s+]c2ccccc12)=C1c2ccccc2Sc2ccccc21,O,[C]1=C2c3ccccc3S(~O~c34ccccc3c(c3ccccc3[s+]4)/[C]=[C]/1)c1ccccc12,-10.071616172790527,ok,
CCN(CC)c1ccc2c(/C=C/C=C3/Sc4ccccc4N3C)c3ccccc3[o+]c2c1,O,CCN1(CC)~O~c23cc1ccc2c(/C=C/C=C1/Sc2ccccc2N1C)c1ccccc1[o+]3,-9.739668846130371,ok,
Cn1cccc1/C=C1\CCC/C(=C\c2cccn2C)C1=O,O,Cn1cccc1/C=C1\CCC/C2=C\c3cccn3(C)~O~C12=O,-3.3355796337127686,ok,
O=C1C(=Cc2ccc(-c3ccc(Cl)c(Cl)c3)o2)CCCC1=Cc1ccc(-c2ccc(Cl)c(Cl)c2)o1,O,O=C12~O~o3c(ccc3-c3ccc(Cl)c(Cl)c3)C=C1CCCC2=Cc1ccc(-c2ccc(Cl)c(Cl)c2)o1,-7.582967758178711,ok,
CN1C(=O)/C(=C/C=C/C=C\Nc2ccccc2)OC1=S,O,CN1C(=S)O2~O~C1(=O)/C2=C/C=C/C=C\Nc1ccccc1,-4.247669219970703,ok,
CCN1C=C/C(=C/C=c2/s/c(=C3\Sc4ccccc4C3=O)n(CC)c2=O)c2ccccc21,O,CCn1/c(=C2/Sc3ccccc3C2=O)s/c2c1(=O)~O~N1(CC)C=C/C(=C/C=2)c2ccccc21,-5.675136566162109,ok,
O=C1NC(=O)C(=CC(Cl)=Cc2ccc([N+](=O)[O-])cc2)S1,O,O=C1C(=CC(Cl)=Cc2ccc([N+](=O)[O-])cc2)SC2(=O)~O~N12,-5.215679168701172,ok,
CC1=C(/C=C/C(C)=C/C=C/C(C)=C/C(=O)Nc2ccc(O)cc2)C(C)(C)CCC1=O,O,CC1=C(/C=C/C(C)=C/C=C/C(C)=C/C2(=O)~O~Oc3ccc(cc3)N2)C(C)(C)CCC1=O,-6.199352264404297,ok,
OC[n+]1ccc(/C2=C3\C=CC(=N3)/C(c3cc[n+](CO)cc3)=c3/cc/c4n3[Cu]n3c2ccc3/C(c2cc[n+](CO)cc2)=C2/C=CC(=N2)/C=4c2cc[n+](CO)cc2)cc1,O,,,failed,"Pre-condition Violation
	bond already exists
	Violation occurred on line 334 in file Code/GraphMol/RWMol.cpp
	Failed Expression: !(boost::edge(atomIdx1, atomIdx2, d_graph).second)
	RDKIT: 2022.09.5
	BOOST: 1_78
"
CN(C)c1ccc(/C=C(\C#N)c2nc(-c3ccc([N+](=O)[O-])cc3)cs2)cc1,O,CN1(C)~O~c2([N+](=O)[O-])ccc(cc2)-c2csc(n2)/C(C#N)=C/c2ccc1cc2,-6.067600250244141,ok,
CCN(Cc1cccc(S(=O)(=O)[O-])c1)c1ccc(C(=C2C=CC(=[N+](CC)Cc3cccc(S(=O)(=O)[O-])c3)C=C2)c2ccc(O)cc2S(=O)(=O)[O-])cc1.[Na+].[Na+],O,CCN(Cc1cccc(S(=O)(=O)[O-]~O~[Na+])c1)c1ccc(C(=C2C=CC(=[N+](CC)Cc3cccc(S(=O)(=O)[O-])c3)C=C2)c2ccc(O)cc2S(=O)(=O)[O-])cc1.[Na+],-2.96526837348938,ok,
CC(N)=C(C#N)C(=O)COC(=O)c1ccccc1N=Nc1ccc(N(C)C)cc1,O,CC(N)=C(C#N)C(=O)CO1~O~C1(=O)c1ccccc1N=Nc1ccc(N(C)C)cc1,-3.2798585891723633,ok,
[C]Oc1ccc(/[C]=C2\[C][C][C]C(=C3S[C][C][C]S3)C2=O)cc1,O,O=C1C(=C2S[C][C][C]S2)[C][C][C]/C1=[C]\c1ccc(O2~O~[C]2)cc1,-5.096832275390625,ok,
[Na+].[O-]c1ccc(/N=N/c2ccccn2)c(O)c1,O,Oc1cc([O-]~O~[Na+])ccc1/N=N/c1ccccn1,-1.4569000005722046,ok,
O=[N+]([O-])c1ccc(/C=N/N=C/c2ccc([N+](=O)[O-])s2)s1,O,O=[N+]([O-])c1ccc(/C=N/N=C/c2ccc3(~O~O=[N+]3[O-])s2)s1,,failed,Featurization failed: RDKit could not parse Smiles_Merged
O=C1/C(=C\c2ccc(-c3ccc(Br)cc3)o2)C=C(c2ccccc2)N1c1ccc(Nc2ccccc2)cc1,O,O=C12~O~o3c(ccc3-c3ccc(Br)cc3)/C=C\1C=C(c1ccccc1)N2c1ccc(Nc2ccccc2)cc1,-6.644640922546387,ok,
C1=Cc2nc1c(-c1cccnc1)c1ccc([nH]1)c(-c1cccnc1)c1nc(c(-c3cccnc3)c3ccc([nH]3)c2-c2cccnc2)C=C1,O,C1=Cc2nc1c(-c1cccnc1)c1ccc([nH]1)c(-c1cccnc1)c13~O~[nH]4c(ccc4c(-c4cccnc4)c(n1)C=C3)c2-c1cccnc1,-1.6933733224868774,ok,
COc1ccc(-c2csc(C(C#N)=CC=Cc3ccc([N+](=O)[O-])cc3)n2)cc1,O,CO1~O~c2([N+](=O)[O-])ccc(cc2)C=CC=C(C#N)c2nc(cs2)-c2ccc1cc2,-5.934950828552246,ok,
O=C1/C(=C/c2ccccc2)CCC/C1=C\c1ccc([N+](=O)[O-])cc1,O,O=[N+]([O-])c12~O~O=C3/C(=C/c4ccccc4)CCC/C3=C\c(cc1)cc2,-5.950191020965576,ok,
CCN(CC)c1ccc(C=C2CCC(C=NN=Cc3ccc(Cl)cc3Cl)=C2N2CCOCC2)cc1,O,CCN(CC)c1ccc(C=C2CCC(C=NN=Cc3ccc(Cl)cc3Cl)=C2N2CCO3~O~C3C2)cc1,-5.996516227722168,ok,
[C][C]N([C][C])c1ccc2c(-c3ccccc3C([O])=O)c3ccc(=[N+]([C][C])[C][C])cc-3oc2c1,O,[C][C]N([C][C])c1ccc2c3c4ccc(=[N+]([C][C])[C][C])cc-4o(~O~C([O])(=O)c4ccccc4-3)c2c1,-6.634917259216309,ok,
O=[N+]([O-])c1cccc(C=C2CCC(C=NN=Cc3ccccc3I)=C2N2CCOCC2)c1,O,O=[N+]([O-])c12~O~O3CCN(CC3)C3=C(C=NN=Cc4ccccc4I)CCC3=Cc(ccc1)c2,-4.921659469604492,ok,
Cc1ccc(/C=C2\CCC/C(=C\c3ccc([N+](=O)[O-])cc3)C2=O)cc1,O,Cc1ccc(/C=C2\CCC/C3=C\c4ccc([N+](=O)[O-])(~O~O=C23)cc4)cc1,-6.177908897399902,ok,
CN(C)c1ccc(C=CC2=CC(=Cc3sc4ccccc4[n+]3C)CC(C)(C)C2)cc1,O,C[n+]1c2ccccc2sc12~O~N(C)(C)c1ccc(cc1)C=CC1=CC(=C2)CC(C)(C)C1,,failed,Featurization failed: RDKit could not parse Smiles_Merged
CN(C)c1ccc(-c2nc3ccccn3c2/N=C/c2cccc([N+](=O)[O-])c2)cc1,O,CN1(C)~O~c2([N+](=O)[O-])cccc(c2)/C=N/c2c(nc3ccccn23)-c2ccc1cc2,-4.31082010269165,ok,
CN1C(=O)C(=C/C=C/c2ccc(N(C)C)cc2)C(=O)N(C)C1=S,O,CN1C(=O)C2=C/C=C/c3ccc(cc3)N(C)(C)~O~C2(=O)N(C)C1=S,-5.423307418823242,ok,
Nc1ccc(-c2ccc(NC3=C([N+](=O)[O-])CS(=O)(=O)C3)cc2)cc1,O,O=[N+]([O-])C12~O~Nc3ccc(cc3)-c3ccc(cc3)NC=1CS(=O)(=O)C2,-4.5500359535217285,ok,
COCCCN1C(=O)N=C(O)/C(=C(O)\C=C\c2ccc(N(C)C)cc2)C1=O,O,COCCCN1C(=O)C2=C(/C=C/c3ccc(N(C)C)cc3)O~O~C1(=O)N=C2O,-3.5984678268432617,ok,
O=[N+]([O-])c1ccc(C=C2CCC(C=NNc3ccc(S(=O)(=O)O)cc3)=C2N2CCOCC2)cc1,O,O=[N+]([O-])c1ccc(C=C2CCC3=C2N2CCO(~O~S(=O)(=O)(O)c4ccc(cc4)NN=C3)CC2)cc1,-5.221009731292725,ok,
CCCCCCCCCCCCOc1ccc(-c2c3nc(c(-c4cccnc4)c4ccc([nH]4)c(-c4cccnc4)c4nc(c(-c5cccnc5)c5ccc2[nH]5)C=C4)C=C3)cc1OC,O,CCCCCCCCCCCCOc1ccc(-c2c3nc(c(-c4cccnc4)c4ccc([nH]4)c(-c4cccnc4)c4nc(c(-c5cccnc5)c5ccc2[nH]5)C=C4)C=C3)cc12~O~O2C,,failed,Featurization failed: RDKit could not parse Smiles_Merged
[C]Oc1cccc(N2[C][C]N(OS(=O)c3ccc4c(c3)C(=C3[C][C][C][C]3)C(=O)N4[C])[C][C]2)c1,O,[C]N1c2ccc3cc2C(=C2[C][C][C][C]2)C1(=O)~O~O([C])c1cccc(c1)N1[C][C]N([C][C]1)OS3=O,-3.4113123416900635,ok,
COc1ccccc1N1C(=O)/C(=C/c2ccc(-c3ccc([N+](=O)[O-])cc3)o2)C=C1c1ccccc1,O,CO1~O~c2([N+](=O)[O-])ccc(cc2)-c2ccc(o2)/C=C2\C=C(c3ccccc3)N(C2=O)c2ccccc21,-5.517855644226074,ok,
O=S(=O)([O-])c1cc(S(=O)(=O)O)ccc1-c1c2cc3c4c(c2[o+]c2c5c6c(cc12)CCCN6CCC5)CCCN4CCC3,O,O=S(=O)(O)c1ccc2c(c1)S(=O)(=O)[O-]~O~c13[o+]c4c5c6c(cc4c-2c1cc1c2c3CCCN2CCC1)CCCN6CCC5,-8.851095199584961,ok,
O=[N+]([O-])c1ccc(-c2ccc(C=Cc3cc(O)c4ccccc4n3)o2)cc1,O,O=[N+]([O-])c12~O~Oc3cc(nc4ccccc34)C=Cc3ccc(o3)-c(cc1)cc2,-4.1008405685424805,ok,
CCN(CC)c1ccc(-n2c(N)c(C(=O)OC3CCCCC3)c3nc4ccccc4nc32)cc1,O,CCN(CC)c1ccc(-n2c(N)c(C3(=O)~O~O3C3CCCCC3)c3nc4ccccc4nc32)cc1,-2.862406015396118,ok,
[C][C]N1C(=[C][C]=C2[C][C][C]C([C]=C(C#N)C#N)=[C]2)Sc2ccccc21,O,[C][C]N12~O~C(C#N)(C#N)=[C]C3=[C]C(=[C][C]=C1Sc1ccccc12)[C][C][C]3,-4.957764625549316,ok,
Cc1ccc(N2CCN(C3=NC(=O)C(=Cc4ccc(-c5ccc([N+](=O)[O-])cc5)o4)S3)CC2)cc1Cl,O,Cc1ccc(N2CCN(C3=NC4(=O)~O~o5c(ccc5-c5ccc([N+](=O)[O-])cc5)C=C4S3)CC2)cc1Cl,-4.838052749633789,ok,
O=C1c2ccccc2C(=O)c2c1nc1ccc(N3CCOCC3)cc1[n+]2[O-],O,O=C1c2ccccc2C(=O)c23~O~[O-][n+]2c2cc(N4CCOCC4)ccc2nc31,-3.46327543258667,ok,
CN1C(=O)/C(=C/c2ccc(-c3ccc(C#N)cc3)o2)SC1=Nc1ccc(N2CCOCC2)cc1,O,CN1C(=Nc2ccc(N3CCOCC3)cc2)S/C2=C\c3ccc(-c4ccc(C#N)cc4)o3~O~C21=O,-5.167675971984863,ok,
CCN1C(=CC=CC=Cc2ccc3ccc4ccoc4c3[n+]2CC)C=Cc2ccc3ccoc3c21,O,CCN1C2=CC=CC=Cc3ccc4ccc5ccoc5c4(~O~o4ccc5ccc(c1c54)C=C2)[n+]3CC,-6.912489891052246,ok,
CN(C)c1ccc(C=CC=C2SC(=S)N(c3ccccc3)C2=O)cc1,O,CN1(C)~O~C2(=O)C(=CC=Cc3ccc1cc3)SC(=S)N2c1ccccc1,-5.811330318450928,ok,
CN1C(=CC=CC=CC2=[N+](C)c3ccccc3C2(C)C)C(C)(C)c2ccccc21,O,C[N+]1=C2C=CC=CC=C3C(C)(C)c4ccccc4N3(C)~O~c13ccccc3C2(C)C,-5.976424217224121,ok,
Cc1cc([N+](=O)[O-])ccc1-c1ccc(C=Cc2ccc3cccc(O)c3n2)o1,O,Cc1cc2([N+](=O)[O-])~O~Oc3cccc4ccc(nc34)C=Cc3ccc(o3)-c1cc2,-4.5687360763549805,ok,
COc1ccc(N2C(=O)C(=CC=Cc3ccc(N(C)C)cc3)SC2=S)cc1,O,CN(C)c1ccc(C=CC=C2SC(=S)N3c4ccc(cc4)O(C)~O~C23=O)cc1,-5.87775182723999,ok,
CCC(=Cc1[se]c2ccccc2[n+]1CCCS(=O)(=O)[O-])C=C1Sc2ccc(C)cc2N1CCO,O,,,failed,"Pre-condition Violation
	bond already exists
	Violation occurred on line 334 in file Code/GraphMol/RWMol.cpp
	Failed Expression: !(boost::edge(atomIdx1, atomIdx2, d_graph).second)
	RDKIT: 2022.09.5
	BOOST: 1_78
"
O=C1C(Cl)=C(N2CCOCC2)C(=O)C(Cl)=C1c1cnc(N2CCCCC2)s1,O,O=C1C(Cl)=C2N3CCO(~O~C2(=O)C(Cl)=C1c1cnc(N2CCCCC2)s1)CC3,-5.432460784912109,ok,
CN(C)c1ccc(/C=C/C2=[N+](C)CCS2)cc1,O,C[N+]1=C2(~O~N(C)(C)c3ccc(cc3)/C=C/2)SCC1,-3.2177789211273193,ok,
CN(C)c1ccc(/C=C/C2=CC(=C3C(=O)c4ccccc4C3=O)C=C(c3ccccc3)O2)cc1,O,CN(C)c1ccc(/C=C/C2=CC3=C4C(=O)c5ccccc5C4(=O)~O~O2C(c2ccccc2)=C3)cc1,-6.22341775894165,ok,
O=[N+]([O-])c1ccc2nc(C=Cc3ccc(N(c4ccccc4)c4ccccc4)cc3)sc2c1,O,O=[N+]([O-])c12~O~N(c3ccccc3)(c3ccccc3)c3ccc(cc3)C=Cc3nc(cc1)c(c2)s3,-5.958573341369629,ok,
CN(C)c1ccc(C=CC=C(C#N)c2cccc([N+](=O)[O-])c2)cc1,O,CN1(C)~O~c2([N+](=O)[O-])cccc(c2)C(C#N)=CC=Cc2ccc1cc2,-5.843204498291016,ok,
CCN1C(=O)/C(=c2\s/c(=C\C=C3\Sc4ccc(-c5ccccc5)cc4N3CC)c(=O)n2CC)SC1=S,O,CCN1C(=S)S/C2=c3/s/c(c(=O)n3CC)=C\C=C3\Sc4ccc(-c5ccccc5)cc4N3(CC)~O~C21=O,-6.450355052947998,ok,
[C](/[C]=[C]/c1cc(-c2ccccc2)[s+]c2ccccc12)=C1c2ccccc2Sc2ccccc21,O,[C]1=C2c3ccccc3S(~O~c3(-c4ccccc4)cc(c4ccccc4[s+]3)/[C]=[C]/1)c1ccccc12,-9.09720516204834,ok,
CCCCCc1ccc(C(=O)Nc2ccc(NCCCC)c3c2C(=O)c2ccccc2C3=O)cc1,O,CCCCCc1ccc(C2(=O)~O~N(CCCC)c3ccc(c4c3C(=O)c3ccccc3C4=O)N2)cc1,-6.378942489624023,ok,
COc1cccc(N2C(=O)C(=CC=Cc3ccco3)SC2=S)c1,O,CO1~O~C2(=O)C(=CC=Cc3ccco3)SC(=S)N2c2cccc1c2,-5.855935096740723,ok,
CCOc1ccc(N(C)c2ccc(/C=C3/SC(=S)N(CC)C3=O)cc2)cc1,O,CCN1C(=S)S/C2=C/c3ccc(cc3)N(C)c3ccc(cc3)O(CC)~O~C21=O,-6.302335739135742,ok,
CN(C)c1ccc(/C=C/C=C2/SC(=O)N(CC(=O)OC(C)(C)C)C2=O)cc1,O,CN(C)c1ccc(/C=C/C=C2/SC(=O)N(CC3(=O)~O~O3C(C)(C)C)C2=O)cc1,-5.327305793762207,ok,
CN(C)c1ccc(C(/N=C/c2cc([N+](=O)[O-])ccc2O)=C2C=CC(=[N+](C)C)C=C2)cc1,O,CN(C)c1ccc(C(/N=C/c2cc3([N+](=O)[O-])~O~Oc2cc3)=C2C=CC(=[N+](C)C)C=C2)cc1,-3.646845579147339,ok,
O=[N+]([O-])c1ccc2nc3c4ccccc4c4ccccc4c3nc2c1,O,[O-][N+]1=O~O~c12ccc1nc3c4ccccc4c4ccccc4c3nc1c2,,failed,Featurization failed: RDKit could not parse Smiles_Merged
CCCN1C(=CC=CC=CC2=[N+](CCC)c3ccccc3C2(C)C)C(C)(C)c2ccccc21,O,CCC[N+]1=C2C=CC=CC=C3C(C)(C)c4ccccc4N3(CCC)~O~c13ccccc3C2(C)C,-6.583512306213379,ok,
COc1cccc(N2C(=O)/C(=C/C=C/c3ccco3)SC2=S)c1,O,CO1~O~C2(=O)/C(=C/C=C/c3ccco3)SC(=S)N2c2cccc1c2,-5.8704376220703125,ok,
OC[n+]1ccc(/C2=C3\C=CC(=N3)/C(c3cc[n+](CO)cc3)=c3/cc/c4n3[Ni]n3c2ccc3/C(c2cc[n+](CO)cc2)=C2/C=CC(=N2)/C=4c2cc[n+](CO)cc2)cc1,O,,,failed,"Pre-condition Violation
	bond already exists
	Violation occurred on line 334 in file Code/GraphMol/RWMol.cpp
	Failed Expression: !(boost::edge(atomIdx1, atomIdx2, d_graph).second)
	RDKIT: 2022.09.5
	BOOST: 1_78
"
[C]N1C(=[C]C2=[C]C(=C(C#N)C#N)[C]C([C])([C])[C]2)Sc2ccccc21,O,[C]C1([C])[C]C2=[C]C(=C(C#N)(C#N)~O~N3([C])C(=[C]2)Sc2ccccc23)[C]1,-6.535592079162598,ok,
CN(C)c1ccc(-c2cccc(-c3ccc(N(C)C)cc3)[o+]2)cc1,O,CN(C)c1ccc(-c2cccc3(~O~N(C)(C)c4ccc-3cc4)[o+]2)cc1,,failed,Featurization failed: RDKit could not parse Smiles_Merged
O=C(O)CCN1C(=O)/C(=C\C(Cl)=C\c2ccc([N+](=O)[O-])cc2)SC1=S,O,O=C1/C(=C\C(Cl)=C\c2ccc([N+](=O)[O-])cc2)SC(=S)N1CCC1(=O)~O~O1,-4.909653663635254,ok,
COc1cc([N+](=O)[O-])cc(/C=C/C2=[N+](CCO)c3ccccc3C2(C)C)c1[O-],O,COc1cc2([N+](=O)[O-])~O~[O-]c1c(/C=C/C1=[N+](CCO)c3ccccc3C1(C)C)c2,-3.2273030281066895,ok,
CCOC(=O)N1CC(=CC=Cc2ccccc2)C(=O)C(=CC=Cc2ccccc2)C1,O,CCO1~O~C1(=O)N1CC(=CC=Cc2ccccc2)C(=O)C(=CC=Cc2ccccc2)C1,-5.26826810836792,ok,
CCN(CC)c1ccc(-n2c(N)c(C(=O)OCCC(C)C)c3nc4ccccc4nc32)cc1,O,CCN(CC)c1ccc(-n2c(N)c(C3(=O)~O~O3CCC(C)C)c3nc4ccccc4nc32)cc1,-2.896019697189331,ok,
CC(=O)N(/C=C/C=C/c1sc2ccccc2[n+]1C)c1ccccc1,O,CC(=O)N1(c2ccccc2)~O~c2(sc3ccccc3[n+]2C)C=CC=C1,,failed,Featurization failed: RDKit could not parse Smiles_Merged
CN(C)c1ccc(/C=C2\CCC/C(=C/c3ccncc3)C2=O)cc1,O,CN1(C)~O~C2(=O)/C(=C\c3ccncc3)CCC/C2=C\c2ccc1cc2,-4.777322769165039,ok,
CC[N+]1=C(C=CC=CC=C2N(CCCCCC(=O)NCCCN=[N+]=[N-])c3ccc(S(=O)(=O)O)cc3C2(C)C)C(C)(C)c2cc(S(=O)(=O)[O-])ccc21,O,CC[N+]1=C2C=CC=CC=C3N(CCCCCC(=O)NCCCN=[N+]=[N-])c4ccc(cc4C3(C)C)S(=O)(=O)(O)~O~[O-]S(=O)(=O)c3ccc1c(c3)C2(C)C,-4.055573463439941,ok,
CN(C)c1ccc(N2C(=O)/C(=C/c3ccc([N+](=O)[O-])cc3)C=C2c2ccccc2)cc1,O,CN1(C)~O~c2([N+](=O)[O-])ccc(cc2)/C=C2\C=C(c3ccccc3)N(C2=O)c2ccc1cc2,-5.4640069007873535,ok,
CC(C)N(c1ccccc1)c1ccc(NC(=O)C=Cc2cccc([N+](=O)[O-])c2)cc1,O,CC(C)N1(c2ccccc2)~O~c2([N+](=O)[O-])cccc(c2)C=CC(=O)Nc2ccc1cc2,-5.742128849029541,ok,
CCN(CC)c1ccc(N=Nc2ccc([N+](=O)[O-])cc2OC)cc1,O,CCN(CC)c1ccc(N=Nc2ccc3([N+](=O)[O-])~O~O(C)c2c3)cc1,-4.707207679748535,ok,
CN(C)c1ccc(C=CC2=[N+](C)c3cc([N+](=O)[O-])ccc3C2(C)C)cc1,O,C[N+]1=C2C=Cc3ccc(cc3)N(C)(C)~O~c3([N+](=O)[O-])ccc(c1c3)C2(C)C,-5.643607139587402,ok,
CCNc1cc2oc3cc(=[NH+]CC)c4ccccc4c-3nc2cc1C,O,CCNc1cc2c(cc1C)nc1c3ccccc3c3(=[NH+]CC)~O~o2c-1c3,-4.641841888427734,ok,
C=CC1=C(C)c2cc3[n-]c(cc4[n-]c(cc5nc(cc1n2)C(C)=C5C=C)c(C)c4CCC(=O)O)c(CCC(=O)O)c3C,O,C=CC1=C(C)c2cc3c(C)c(CCC(=O)O)c4cc5[n-]c(cc6nc(cc1n2)C(C)=C6C=C)c(C)c5CCC(=O)(O)~O~[n-]34,-3.3095195293426514,ok,
CN(C)c1ccc(/C=C/C=C2/SC(=S)N(CC(=O)O)C2=O)cc1,O,CN(C)c1ccc(/C=C/C=C2/SC(=S)N(CC3(=O)~O~O3)C2=O)cc1,-4.370752334594727,ok,
Cc1cccc(N2CCN(C3=NC(=O)C(=Cc4ccc(-c5ccc([N+](=O)[O-])cc5)o4)S3)CC2)c1,O,Cc1cccc(N2CCN(C3=NC4(=O)~O~o5c(ccc5-c5ccc([N+](=O)[O-])cc5)C=C4S3)CC2)c1,-4.504944801330566,ok,
Cc1cc(C)c(Nc2ccc(Nc3ccc([N+](=O)[O-])cc3)c3c2C(=O)c2ccccc2C3=O)c(C)c1,O,Cc1cc(C)c(Nc2ccc(N3~O~c4([N+](=O)[O-])ccc3cc4)c3c2C(=O)c2ccccc2C3=O)c(C)c1,-5.831380844116211,ok,
Cc1ccc(NC(=O)CN2C(=O)S/C(=C\C=C\c3ccc(N(C)C)cc3)C2=O)cc1,O,Cc1ccc(NC(=O)CN2C(=O)/C3=C/C=C/c4ccc(cc4)N(C)(C)~O~C2(=O)S3)cc1,-5.364784240722656,ok,
O=[N+]([O-])c1ccc(C=C2CCC(c3cc(O)ccc3O)=C2N2CCOCC2)cc1,O,O=[N+]([O-])c12~O~Oc3ccc(O)c(c3)C3=C(N4CCOCC4)C(=Cc(cc1)cc2)CC3,-4.10207986831665,ok,
O=C1c2cccc(NC3CCCCC3)c2C(=O)c2cccc(NC3CCCCC3)c21,O,O=C1c2cccc(NC3CCCCC3)c2C2(=O)~O~N(C3CCCCC3)c3cccc2c31,-6.39150333404541,ok,
COC(=O)CCC1=C(C)/C2=C/c3c(C)c(C(C)OC)c4n3[Co]n3/c(c(C)c(CCC(=O)OC)/c3=C/C1=N2)=C\C1=N/C(=C\4)C(C)=C1C(C)OC,O,,,failed,"Pre-condition Violation
	bond already exists
	Violation occurred on line 334 in file Code/GraphMol/RWMol.cpp
	Failed Expression: !(boost::edge(atomIdx1, atomIdx2, d_graph).second)
	RDKIT: 2022.09.5
	BOOST: 1_78
"
O=C1N=C(N2CCN(c3ccc(Cl)cc3)CC2)S/C1=C\c1ccc(-c2ccc([N+](=O)[O-])cc2)o1,O,O=[N+]([O-])c1ccc(-c2ccc3o2~O~C2(=O)N=C(N4CCN(c5ccc(Cl)cc5)CC4)S/C2=C\3)cc1,-4.811748504638672,ok,
[C][C]N([C][C])c1ccc2c(-c3ccc(S(=O)O[O-])cc3S(=O)O[O-])c3ccc(=[N+]([C][C])[C][C])cc-3oc2c1,O,[C][C]N([C][C])c1ccc2c3c4ccc(cc-4oc2c1)=[N+]([C][C])[C]([C])~O~[O-]OS(=O)c1ccc-3c(S(=O)O[O-])c1,-3.212054967880249,ok,
[C][C]N1C(=O)C(=[C]c2ccc(N3[C][C][C][C][C]3)cc2)C(=O)N([C][C])C1=S,O,[C][C]N1C(=O)C2=[C]c3ccc(cc3)N3(~O~C2(=O)N([C][C])C1=S)[C][C][C][C][C]3,-3.7221016883850098,ok,
C1=C/C(=N\c2ccc3c(c2)N2CCN=C2S3)C=C2C1=NC13CCCCC1CC1=C(CCCC1)N23,O,C1=C/C(=N\c2ccc3c(c2)N24~O~C2(=NCC4)S3)C=C2C1=NC13CCCCC1CC1=C(CCCC1)N23,-3.332158088684082,ok,
COc1ccc(-c2csc(/C(C#N)=C/c3ccc([N+](=O)[O-])cc3)n2)cc1,O,CO1~O~c2([N+](=O)[O-])ccc(cc2)/C=C(\C#N)c2nc(cs2)-c2ccc1cc2,-5.892458438873291,ok,
CCC(C)n1cc(/C=C2/C(C)=C(C#N)c3nc(N)c(C#N)c(C)c32)c2ccccc21,O,CCC(C)n1cc(/C=C2/C(C)=C(C#N)c3nc4(~O~N4)c(C#N)c(C)c32)c2ccccc21,,failed,Featurization failed: RDKit could not parse Smiles_Merged
CC1=C(/C=C/C(=C/C=C/C(C)=C/C(=O)O)c2ccc(C)cc2)C(C)(C)CCC1,O,CC1=C(/C=C/C(=C/C=C/C(C)=C/C2(=O)~O~O2)c2ccc(C)cc2)C(C)(C)CCC1,-5.236023902893066,ok,
O=C1/C(=C/c2ccc([N+](=O)[O-])cc2)C=C(c2ccccc2)N1c1ccc(Sc2ccc([N+](=O)[O-])cc2)cc1,O,O=C1/C(=C/c2ccc([N+](=O)[O-])cc2)C=C(c2ccccc2)N12~O~c1([N+](=O)[O-])ccc(cc1)Sc1ccc2cc1,-5.542421817779541,ok,
O=C1/C(=C/c2ccc([N+](=O)[O-])cc2)C=C(c2ccccc2)N1c1ccc(-c2ccccc2)cc1,O,O=C1/C2=C/c3ccc([N+](=O)[O-])(~O~N1(c1ccc(-c4ccccc4)cc1)C(c1ccccc1)=C2)cc3,-4.898661136627197,ok,
CN1C(=O)/C(=C\c2ccc(-c3ccc(C#N)cc3)o2)S/C1=N\c1ccc(N2CCOCC2)cc1,O,CN1/C(=N/c2ccc(N3CCOCC3)cc2)S/C2=C/c3ccc(-c4ccc(C#N)cc4)o3~O~C21=O,-5.218648910522461,ok,
OC[n+]1ccc(/C2=C3\C=CC(=N3)/C(c3cc[n+](CO)cc3)=c3/cc/c4n3[Co]n3c2ccc3/C(c2cc[n+](CO)cc2)=C2/C=CC(=N2)/C=4c2cc[n+](CO)cc2)cc1,O,,,failed,"Pre-condition Violation
	bond already exists
	Violation occurred on line 334 in file Code/GraphMol/RWMol.cpp
	Failed Expression: !(boost::edge(atomIdx1, atomIdx2, d_graph).second)
	RDKIT: 2022.09.5
	BOOST: 1_78
"
CNc1ccc(Nc2ccc([N+](=O)[O-])cc2)c2c1C(=O)c1ccccc1C2=O,O,CN1~O~c2([N+](=O)[O-])ccc(cc2)Nc2ccc1c1c2C(=O)c2ccccc2C1=O,-5.814798355102539,ok,
CCN(CC)c1ccc(NC(=O)c2ccc(-c3ccc([N+](=O)[O-])cc3)o2)cc1,O,CCN(CC)c1ccc(NC2(=O)~O~o3c(-c4ccc([N+](=O)[O-])cc4)ccc32)cc1,-6.4930338859558105,ok,
O=[N+]([O-])c1ccc(-c2ccc(-c3ccc4ccccc4n3)s2)s1,O,[O-][N+]1=O~O~c12ccc(-c1ccc(-c3ccc4ccccc4n3)s1)s2,,failed,Featurization failed: RDKit could not parse Smiles_Merged
Cc1ccc(N2CCN(C3=NC(=O)/C(=C\c4ccc(-c5ccc([N+](=O)[O-])cc5)o4)S3)CC2)cc1,O,Cc1ccc(N2CCN(C3=NC4(=O)~O~o5c(ccc5-c5ccc([N+](=O)[O-])cc5)/C=C\4S3)CC2)cc1,-4.51577091217041,ok,
N#CC(C#N)=Cc1ccc(N2CCCC2)o1,O,N#CC(C#N)=Cc1ccc2(N3CCCC3)~O~o12,-4.395460605621338,ok,
COc1ccc(-c2c3nc(c(-c4ccc(OC)c(OC)c4)c4ccc([nH]4)c(-c4ccc(OC)c(OC)c4)c4nc(c(-c5ccc(OC)c(OC)c5)c5ccc2[nH]5)C=C4)C=C3)cc1OC,O,COc1ccc(-c2c3nc(c(-c4ccc(OC)c(OC)c4)c4ccc([nH]4)c4c5nc(c(c6ccc2[nH]6)-c2ccc(c(OC)c2)O(C)~O~c2(OC)cc-4ccc2OC)C=C5)C=C3)cc1OC,-6.001788139343262,ok,
COC(=O)C1=C(C)N(CCc2ccccc2)C(=O)C1=CC=Cc1ccc(N(C)C)cc1,O,CC1=C(C2(=O)~O~O2C)C(=CC=Cc2ccc(N(C)C)cc2)C(=O)N1CCc1ccccc1,-5.112092971801758,ok,
CCN(CC)c1ccc(NC(=O)CSc2ccc3c4c(cccc24)C(=O)c2ccccc2-3)cc1,O,CCN1(CC)~O~C(=O)(CSc2ccc3c4c(cccc24)C(=O)c2ccccc2-3)Nc2ccc1cc2,-6.622488975524902,ok,
Nc1c(NC2CCCCC2)cc(NCCO)c2c1C(=O)c1ccccc1C2=O,O,O=C1c2ccccc2C2(=O)~O~Nc3c(NC4CCCCC4)cc(NCCO)c1c32,-5.707411766052246,ok,
Nc1c(N=Nc2ccc(-c3ccc(N=Nc4cc(S(=O)(=O)[O-])c5ccccc5c4N)cc3)cc2)cc(S(=O)(=O)[O-])c2ccccc12.[Na+].[Na+],O,Nc1c(N=Nc2ccc(-c3ccc(N=Nc4cc(S(=O)(=O)[O-]~O~[Na+])c5ccccc5c4N)cc3)cc2)cc(S(=O)(=O)[O-])c2ccccc12.[Na+],-1.1981033086776733,ok,
CN(C)c1ccc(/C=C2\N=C(c3cc(C(C)(C)C)cc(C(C)(C)C)c3)OC2=O)cc1,O,CN(C)c1ccc(/C=C2\N=C(c3cc(C(C)(C)C)cc(C(C)(C)C)c3)O3~O~C23=O)cc1,-4.732879638671875,ok,
C=CC1=C(C)c2cc3[nH]c(c4c5[nH]c(cc6nc(cc1n2)C(C)=C6CC)c(C)c5C(=O)OC4=O)[C@@H](CCC(=O)O)[C@@H]3C,O,C=CC1=C(C)c2cc3[nH]c4c5c6[nH]c(cc7nc(cc1n2)C(C)=C7CC)c(C)c6C(=O)OC5(=O)~O~OC(=O)CC[C@H]4[C@@H]3C,-5.077732086181641,ok,
CN(C)c1ccc(/C=C/c2ccc3ccccc3[n+]2C)c(Cl)c1,O,C[n+]1c2ccc3ccccc31~O~N(C)(C)c1ccc(c(Cl)c1)/C=C/2,-6.800322532653809,ok,
Cc1ccc(Nc2ccc(N)c3c2C(=O)c2ccccc2C3=O)cc1,O,Cc1ccc(Nc2ccc3c4c2C(=O)(~O~N3)c2ccccc2C4=O)cc1,-5.67210578918457,ok,
CCCN1/C(=C/C=C/C=C/c2oc3ccccc3[n+]2CCC)Oc2ccccc21,O,CCCN1/C2=C/C=C/C=C/c3(~O~O2c2ccccc21)oc1ccccc1[n+]3CCC,,failed,Featurization failed: RDKit could not parse Smiles_Merged
CCN(CC)c1ccc2c(/C=C/C=C3\N(C)c4ccccc4C3(C)C)c3ccccc3[o+]c2c1,O,CCN1(CC)~O~c23cc1ccc2c(/C=C/C=C1\N(C)c2ccccc2C1(C)C)c1ccccc1[o+]3,-10.066017150878906,ok,
CN(c1ccccc1)c1ccc(/C=C2\C(=O)ON=C2c2ccc([N+](=O)[O-])cc2)cc1,O,CN1(c2ccccc2)~O~C2(=O)ON=C(c3ccc([N+](=O)[O-])cc3)/C2=C/c2ccc1cc2,-4.4753570556640625,ok,
[C]Oc1cccc(N([C]=O)C(=O)[C]2[C]([C])[C]3[C]=[C][C]2C3=C2[C][C][C][C]2)c1,O,[C][C]1[C](C(=O)N2c3cccc(c3)O([C])~O~[C]2=O)[C]2[C]=[C][C]1C2=C1[C][C][C][C]1,-4.653133392333984,ok,
CN(C)c1ccc(-n2nc3cc(C(F)(F)F)ccc3nc2=O)cc1,O,CN1(C)~O~C(F)(F)(F)c2ccc3nc(=O)n(nc3c2)-c2ccc1cc2,-5.114205360412598,ok,
O=C1/C(=C/c2ccc(-c3ccc([N+](=O)[O-])cc3)o2)C=C(c2ccccc2)N1c1ccc2ccccc2c1,O,O=C1/C(=C/c2ccc3o2~O~c2([N+](=O)[O-])ccc-3cc2)C=C(c2ccccc2)N1c1ccc2ccccc2c1,-6.3820414543151855,ok,
CCN(CC)c1ccc(N2C(=O)/C(=C\c3ccc(-c4cc(C(=O)O)ccc4Cl)o3)SC2=S)cc1,O,CCN(CC)c1ccc(N2C(=O)/C(=C\c3ccc(-c4cc(C5(=O)~O~O5)ccc4Cl)o3)SC2=S)cc1,-4.850703716278076,ok,
COc1cc(N(C)C)c(OC)cc1C=C1C=CC=C1,O,COc12~O~O(C)c(cc1N(C)C)c(C=C1C=CC=C1)c2,-3.3279788494110107,ok,
O=C(O)c1c2c(nc3ccccc13)C(=Cc1ccc(-c3ccc([N+](=O)[O-])cc3Br)o1)CC2,O,O=[N+]([O-])c1ccc(-c2ccc(C=C3CCc4c3nc3ccccc3c4C3(=O)~O~O3)o2)c(Br)c1,-4.4748430252075195,ok,
CN(C)c1ccc2nc3c(nc2c1)C(=O)c1ccccc1C3=O,O,CN1(C)~O~C2(=O)c3ccccc3C(=O)c3nc4ccc1cc4nc32,-4.993177890777588,ok,
[C][C][C][C][C][C][C][C][C][C][C][C][C][C][C][C]SC1=C(C(=O)O[C])SC(=C2C(=O)[C][C][C]C2=O)S1,O,[C][C][C][C][C][C][C][C][C][C][C][C][C][C][C][C]SC1=C(C2(=O)~O~O2[C])SC(=C2C(=O)[C][C][C]C2=O)S1,-5.3366570472717285,ok,
Cc1ccc(Nc2ccc(Nc3ccc(C)cc3[N+](=O)[O-])c3c2C(=O)c2ccccc2C3=O)cc1,O,Cc1ccc(N2~O~c3([N+](=O)[O-])cc(C)ccc3Nc3ccc2c2c3C(=O)c3ccccc3C2=O)cc1,-6.353926658630371,ok,
COc1ccc(CN2C(=O)C(=CC=Cc3ccco3)SC2=S)cc1,O,CO1~O~C2(=O)C(=CC=Cc3ccco3)SC(=S)N2Cc2ccc1cc2,-6.170751571655273,ok,
COc1cccc(N2C(=O)C(=Cc3ccc([N+](=O)[O-])cc3)C=C2c2ccccc2)c1,O,CO1~O~c2([N+](=O)[O-])ccc(cc2)C=C2C=C(c3ccccc3)N(C2=O)c2cccc1c2,-5.35870361328125,ok,
O.O.O.[Cl-].CN(C)c1ccc2nc3ccc(cc3[s+]c2c1)N(C)C,O,CN(C)c1ccc2nc3ccc(N(C)C)cc3(~O~[Cl-])[s+]c2c1.O.O.O,-2.005237102508545,ok,
CCOc1ccc(N2C(=O)C(=CC=Cc3ccco3)SC2=S)cc1,O,CCO1~O~C2(=O)C(=CC=Cc3ccco3)SC(=S)N2c2ccc1cc2,-6.375541687011719,ok,
N#CC(C#N)=Cc1ccc([N+](=O)[O-])s1,O,N#CC(C#N)=Cc1ccc2(~O~O=[N+]2[O-])s1,,failed,Featurization failed: RDKit could not parse Smiles_Merged
O=[N+]([O-])C1=CC=C(C=C(C#N)C#N)S1,O,N#CC(C#N)=Cc1ccc2(~O~O=[N+]2[O-])s1,,failed,Featurization failed: RDKit could not parse Smiles_Merged
O=C(O)CCNc1ccc(NCCC(=O)O)c2c1C(=O)c1ccccc1C2=O,O,O=C(O)CCNc1ccc(NCCC2(=O)~O~O2)c2c1C(=O)c1ccccc1C2=O,-5.148798942565918,ok,
CN(CCO)c1ccc(/C=C(/C#N)c2ccc(C#N)cc2)cc1,O,CN1CCO~O~C(#N)/C(c2ccc(C#N)cc2)=C/c2ccc1cc2,-4.016874313354492,ok,
CCOc1ccc2c(c1)S/C(=C\C=c1\s/c(=C3/SC(=S)N(CC)C3=O)n(CC)c1=O)N2C,O,CCN1C(=S)S/C2=c3/s/c(c(=O)n3CC)=C/C=C3\Sc4cc(ccc4N3C)O(CC)~O~C21=O,-6.977653503417969,ok,
CCOC=C(C)C=CC1=CC(=Cc2sc3ccccc3[n+]2CC)CC(C)(C)C1,O,CC[n+]1c2ccccc2sc12~O~O(CC)C=C(C)C=CC1=CC(=C2)CC(C)(C)C1,,failed,Featurization failed: RDKit could not parse Smiles_Merged
[O-]/[N+](=C\C(c1cc(N2CCOCC2)c2nonc2c1)=[N+](\[O-])c1c(Br)cc(F)cc1Br)c1c(Br)cc(F)cc1Br,O,[O-][N+](c1c(Br)cc(F)cc1Br)=C1(c2cc(N3CCOCC3)c3nonc3c2)~O~[O-][N+](c2c(Br)cc(F)cc2Br)=C1,-4.22279167175293,ok,
O=C1C(=Cc2ccc(-c3ccc([N+](=O)[O-])cc3)o2)C=C(c2ccccc2)N1c1ccc(Cl)cc1,O,O=C1C(=Cc2ccc3o2~O~c2([N+](=O)[O-])ccc-3cc2)C=C(c2ccccc2)N1c1ccc(Cl)cc1,-6.3498687744140625,ok,
CCCCCCc1ccc(C(=O)Nc2ccc(NCCCC)c3c2C(=O)c2ccccc2C3=O)cc1,O,CCCCCCc1ccc(C2(=O)~O~N(CCCC)c3ccc(c4c3C(=O)c3ccccc3C4=O)N2)cc1,-6.397642612457275,ok,
[C][C]Oc1ccc2c(c1)C(=N[N]c1ccc([N+](=O)[O-])cc1)c1cc(O[C][C])ccc1-2,O,[C][C]Oc1ccc2c(c1)C1=N[N]c3ccc([N+](=O)[O-])(~O~O([C][C])c4ccc-2c1c4)cc3,-4.211424827575684,ok,
CCN(CC)c1ccc(-n2c(N)c(C(=O)NC3CCCC3)c3nc4ccccc4nc32)cc1,O,CCN(CC)c1ccc(-n2c3c(c4nc5ccccc5nc42)C(=O)(NC2CCCC2)~O~N3)cc1,-3.159193277359009,ok,
[C][C][n+]1c(/[C]=[C]/[C]=C2[C][C][C][C][C]2)sc2cccc(/[C]=[C]/N([C])c3cccc([C])c3[C])c21,O,[C]c1cccc(N2([C])~O~[C]([C])[n+]3c(/[C]=[C]/[C]=C4[C][C][C][C][C]4)sc4cccc(c43)/[C]=[C]/2)c1[C],-6.637661457061768,ok,
CCC(/C=C1\[Se]c2ccc(OC)cc2N1CCCS(=O)(=O)[O-])=C\c1[se]c2ccc(OC)cc2[n+]1CC,O,,,failed,"Pre-condition Violation
	bond already exists
	Violation occurred on line 334 in file Code/GraphMol/RWMol.cpp
	Failed Expression: !(boost::edge(atomIdx1, atomIdx2, d_graph).second)
	RDKIT: 2022.09.5
	BOOST: 1_78
"
O=C1C(=Cc2ccc(-c3ccc([N+](=O)[O-])cc3)o2)C=C(c2ccccc2)N1c1cccc2ccccc12,O,O=C1C(=Cc2ccc3o2~O~c2([N+](=O)[O-])ccc-3cc2)C=C(c2ccccc2)N1c1cccc2ccccc12,-6.316312789916992,ok,
OC[n+]1ccc(/C2=C3\C=CC(=N3)/C(c3cc[n+](CO)cc3)=c3/cc/c4n3[Cu]n3c2ccc3/C(c2cc[n+](CO)cc2)=C2/C=CC(=N2)\C=4c2cc[n+](CO)cc2)cc1,O,,,failed,"Pre-condition Violation
	bond already exists
	Violation occurred on line 334 in file Code/GraphMol/RWMol.cpp
	Failed Expression: !(boost::edge(atomIdx1, atomIdx2, d_graph).second)
	RDKIT: 2022.09.5
	BOOST: 1_78
"
"CN(C)C1=CC=C(\C=C\C=[N+]2/OC(=O)[C-](C2=O)C2=NC=C(C=C2Cl)C(F)(F)F)C=C1 |c:20,22,30,t:3,5,18|",O,CN1(C)~O~C(F)(F)(F)c2cnc(c(Cl)c2)[C-]2C(=O)O[N+](=CC=Cc3ccc1cc3)C2=O,-5.643708229064941,ok,
CC(C)(C)C1=CC(=CC=Cc2cc(C(C)(C)C)[o+]c3ccccc23)c2ccccc2O1,O,CC(C)(C)C1=CC2=CC=Cc3cc(C(C)(C)C)[o+]c4(~O~O1c1ccccc12)ccccc34,-10.408342361450195,ok,
CN(C)c1ccc(/C=C/C=C2\SC(=O)N(c3ccc(Cl)cc3)C2=O)cc1,O,CN1(C)~O~C2(=O)S/C(=C\C=C\c3ccc1cc3)C(=O)N2c1ccc(Cl)cc1,-5.5387115478515625,ok,
CN1/C(=C/C=C/c2cc(C(C)(C)C)cc(C(C)(C)C)[n+]2C)C(C)(C)c2ccccc21,O,C[n+]1c(C(C)(C)C)cc(C(C)(C)C)cc12~O~N1(C)C(=CC=C2)C(C)(C)c2ccccc21,,failed,Featurization failed: RDKit could not parse Smiles_Merged
CCN1C(=CC=C(C=CC2=[N+](CC)c3ccccc3C2(C)C)CCCO)C(C)(C)c2ccccc21,O,CCN1C(=CC=C2C=CC3=[N+](CC)c4(~O~OCCC2)ccccc4C3(C)C)C(C)(C)c2ccccc21,-5.802174091339111,ok,
O=[N+]([O-])c1ccc(C=C(Cl)C=C2SC(=S)N=C2O)cc1,O,O=[N+]([O-])c12~O~OC3=NC(=S)SC3=CC(Cl)=Cc(cc1)cc2,-4.626978874206543,ok,
COc1ccc(-c2c(N)n(O)c3cc(C#N)c(C#N)cc23)cc1,O,CO1~O~c2(N)c(c3cc(C#N)c(C#N)cc3n2O)-c2ccc1cc2,-6.040060043334961,ok,
O=C1C(=Cc2ccc(-c3ccc([N+](=O)[O-])cc3)o2)C=C(c2ccccc2)N1c1ccc(Br)cc1,O,O=C1C(=Cc2ccc3o2~O~c2([N+](=O)[O-])ccc-3cc2)C=C(c2ccccc2)N1c1ccc(Br)cc1,-6.231514930725098,ok,
CCn1c(=C2C(=O)c3ccccc3C2=O)s/c(=C/C=C2/N(C)c3ccc(-c4ccccc4)cc3C2(C)C)c1=O,O,CCn1c(=C2C(=O)c3ccccc3C2=O)sc2c1(=O)~O~N1(C)C(=CC=2)C(C)(C)c2cc(-c3ccccc3)ccc21,-6.028338432312012,ok,
OC[n+]1ccc(/C2=C3\C=CC(=N3)/C(c3cc[n+](CO)cc3)=c3/cc/c4n3[Co]n3c2ccc3/C(c2cc[n+](CO)cc2)=C2/C=CC(=N2)\C=4c2cc[n+](CO)cc2)cc1,O,,,failed,"Pre-condition Violation
	bond already exists
	Violation occurred on line 334 in file Code/GraphMol/RWMol.cpp
	Failed Expression: !(boost::edge(atomIdx1, atomIdx2, d_graph).second)
	RDKIT: 2022.09.5
	BOOST: 1_78
"
[C](/[C]=[C]/c1c2ccccc2[o+]c2ccccc12)=C1c2ccccc2[Se]c2ccccc21,O,,,failed,"Pre-condition Violation
	bond already exists
	Violation occurred on line 334 in file Code/GraphMol/RWMol.cpp
	Failed Expression: !(boost::edge(atomIdx1, atomIdx2, d_graph).second)
	RDKIT: 2022.09.5
	BOOST: 1_78
"
CC1(C)C(=CC=C2C(=O)c3ccccc3C2=C(C#N)C#N)N2CCCc3cccc1c32,O,CC1(C)C2=CC=C3C(=C(C#N)C#N)c4ccccc4C3(=O)~O~N23CCCc2cccc1c23,-6.010073184967041,ok,
CCN(CC)C(=O)/C=C/c1ccc(-c2ccc([N+](=O)[O-])cc2)o1,O,CCN(CC)C(=O)/C=C/c1ccc2o1~O~c1([N+](=O)[O-])ccc-2cc1,-6.156390190124512,ok,
CC(=O)Nc1ccc(N2C(=O)/C(=C/c3ccc([N+](=O)[O-])cc3)C=C2c2ccccc2)cc1,O,CC(=O)N1~O~c2([N+](=O)[O-])ccc(cc2)/C=C2\C=C(c3ccccc3)N(C2=O)c2ccc1cc2,-5.030613422393799,ok,
Nc1ccc(/C=C/c2ccc([N+](=O)[O-])cc2)cc1,O,O=[N+]([O-])c12~O~Nc3ccc(cc3)/C=C/c(cc1)cc2,-4.455685615539551,ok,
CCN(CCO)c1ccc(/N=N/c2ccc([N+](=O)[O-])cc2Cl)cc1,O,CCN1CCO~O~c2([N+](=O)[O-])ccc(c(Cl)c2)/N=N/c2ccc1cc2,-3.3714711666107178,ok,
O=[N+]([O-])c1ccc2c(c1)Oc1cc3c(cc1=N2)Oc1cc([N+](=O)[O-])ccc1N=3,O,O=[N+]([O-])c1ccc2c(c1)Oc1cc3c(cc1=N2)O1~O~c2([N+](=O)[O-])ccc(c1c2)N=3,-3.5360515117645264,ok,
CN(C)c1ccc(/C=C2/CCC/C(=C\c3c(Cl)cccc3Cl)C2=O)cc1,O,CN1(C)~O~C2(=O)/C(=C\c3ccc1cc3)CCC/C2=C\c1c(Cl)cccc1Cl,-6.552257537841797,ok,
CC1CCCCN1c1ccc(C=C(C#N)C#N)o1,O,CC1CCCCN1c12~O~o1c(C=C(C#N)C#N)cc2,-5.1643900871276855,ok,
CCN(CC)c1ccc2c(/C=C/C=C3/Sc4ccccc4N3C)c3ccc(OC)cc3[o+]c2c1,O,CCN(CC)c1ccc2c(/C=C/C=C3/Sc4ccccc4N3C)c3ccc4cc3(~O~O4C)[o+]c2c1,-10.100506782531738,ok,
Cc1[nH]c2ccccc2c1/C=C/C1=[N+](C)c2ccccc2C1(C)C,O,Cc1c2c3ccccc3[nH]1~O~c13ccccc1C(C)(C)C(=[N+]3C)/C=C/2,-7.330647945404053,ok,
CCN(CC)c1ccc(C=C2CCC(C=NN=Cc3ccccc3Cl)=C2N2CCOCC2)cc1,O,CCN(CC)c1ccc(C=C2CCC(C=NN=Cc3ccccc3Cl)=C2N2CCO3~O~C3C2)cc1,-5.385756492614746,ok,
O=C1N=C(N2CCN(c3ccccc3)CC2)SC1=Cc1ccc(-c2ccc([N+](=O)[O-])cc2)o1,O,O=[N+]([O-])c1ccc(-c2ccc3o2~O~C2(=O)N=C(N4CCN(c5ccccc5)CC4)SC2=C3)cc1,-4.46659517288208,ok,
CC(C)Nc1cc(N(C)C)c(N)c2c1C(=O)c1ccccc1C2=O,O,CC(C)Nc1cc(N(C)C)c2c3c1C(=O)c1ccccc1C3(=O)~O~N2,-5.48527717590332,ok,
"CN(C)C1=CC=C(\C=C(/C#N)C2=CC=C(S2)C(=O)C2=C(F)C=CC=C2)C=C1 |c:13,19,22,24,27,t:3,5,11|",O,CN1(C)~O~C(=O)(c2ccccc2F)c2ccc(s2)C(C#N)=Cc2ccc1cc2,-6.332054138183594,ok,
CC(C)(C)/[N+]([O-])=C/c1ccc(S(=O)(=O)[O-])cc1S(=O)(=O)[O-].[Na+].[Na+],O,CC(C)(C)/[N+]([O-])=C/c1ccc(S(=O)(=O)[O-]~O~[Na+])cc1S(=O)(=O)[O-].[Na+],-2.3119890689849854,ok,
CC[n+]1c(C=C2C=C(C=C3Sc4ccccc4N3CCCS(=O)(=O)[O-])CC(C)(C)C2)sc2ccccc21,O,CC[n+]1c2ccccc2sc12~O~[O-]S(=O)(=O)CCCN1C(=CC3=CC(=C2)CC(C)(C)C3)Sc2ccccc21,,failed,Featurization failed: RDKit could not parse Smiles_Merged
N#C/C(=C/c1ccc(N2CCOCC2)cc1)c1ccc([N+](=O)[O-])cc1,O,N#C/C1=C/c2ccc(cc2)N2CCO(~O~c3([N+](=O)[O-])ccc1cc3)CC2,-4.793617248535156,ok,
Cn1cccc1/C=C1\CC/C(=C\c2cccn2C)C1=O,O,Cn1cccc1/C=C1\CC/C2=C\c3cccn3(C)~O~C12=O,-3.0248000621795654,ok,
O=C1/C(=C/c2ccc(-c3cc(Cl)ccc3Cl)o2)C=C(c2ccccc2)N1c1ccc(Nc2ccccc2)cc1,O,O=C12~O~o3c(ccc3-c3cc(Cl)ccc3Cl)/C=C/1C=C(c1ccccc1)N2c1ccc(Nc2ccccc2)cc1,-6.910597801208496,ok,
CCOc1ccc2c(c1)S/C(=C\C=c1\s/c(=C3\SC(=S)N(CC)C3=O)n(CC)c1=O)N2C,O,CCN1C(=S)S/C2=c3\s/c(c(=O)n3CC)=C/C=C3\Sc4cc(ccc4N3C)O(CC)~O~C21=O,-6.87104606628418,ok,
CCCCCCCCCCCCCCCCCC[N+]1=C(/C=N/c2c([O-])ccc3ncccc23)C(C)(C)c2ccccc21,O,CCCCCCCCCCCCCCCCCC[N+]1=C2(~O~[O-]c3ccc4ncccc4c3N=C2)C(C)(C)c2ccccc21,-4.717641830444336,ok,
CC(C)CN1C(=O)C(=Cc2ccc(-c3ccc([N+](=O)[O-])cc3)o2)SC1=S,O,CC(C)CN1C(=O)C(=Cc2ccc3o2~O~c2([N+](=O)[O-])ccc-3cc2)SC1=S,-7.483389377593994,ok,
CCN1C(=O)C(=CC=C2Sc3ccc(-c4cccs4)cc3N2CC)SC1=S,O,CCN1C(=S)SC2=CC=C3Sc4ccc(-c5cccs5)cc4N3(CC)~O~C21=O,-6.516949653625488,ok,
O=C1C(=Cc2ccc(-c3ccc([N+](=O)[O-])cc3)o2)c2ccccc2N1c1ccccc1,O,O=C1C(=Cc2ccc3o2~O~c2([N+](=O)[O-])ccc-3cc2)c2ccccc2N1c1ccccc1,-6.088116645812988,ok,
CN(C)c1ccc(/C=C/c2ccc3ccccc3[n+]2C)c(Cl)c1.[I-],O,CN(C)c1ccc(/C=C/c2ccc3ccccc3(~O~[I-])[n+]2C)c(Cl)c1,-5.9762959480285645,ok,
Cc1ccc(C(=O)/C=C/C=C/C=C/N(C)C)cc1,O,Cc1ccc(C2(=O)~O~N(C)(C)/C=C/C=C/C=C/2)cc1,-3.3913865089416504,ok,
O=C(/C=C/C=C/C=C/N(C)C)C(C=C1)=CC=C1C,O,Cc1ccc(C2(=O)~O~N(C)(C)/C=C/C=C/C=C/2)cc1,-3.3913867473602295,ok,
CCCCC1=C(C)/C2=C(\c3ccccc3OC)c3c(C)c(CCCC)c4n3[Zn]n3/c(c(CCCC)c(C)/c3=C(\c3ccccc3OC)C3=N/C(=C\4)C(CCCC)=C3C)=C\C1=N2,O,,,failed,"Pre-condition Violation
	bond already exists
	Violation occurred on line 334 in file Code/GraphMol/RWMol.cpp
	Failed Expression: !(boost::edge(atomIdx1, atomIdx2, d_graph).second)
	RDKIT: 2022.09.5
	BOOST: 1_78
"
N#CC(C#N)=C1[C]=C([C]=[C]c2cc3c4c(c2)[C][C][C]N4[C][C][C]3)Oc2ccccc21,O,N#CC(C#N)=C1[C]=C2([C]=[C]c3cc4c5c(c3)[C][C][C]N5[C][C][C]4)~O~O2c2ccccc21,-4.724264144897461,ok,
[C]N([C])c1ccc([C]=[C][C]=[C]C2=[C]C(=C(C#N)C#N)c3ccccc3O2)cc1,O,[C]N([C])c1ccc([C]=[C][C]=[C]C23~O~O2c2ccccc2C(=C(C#N)C#N)[C]=3)cc1,-6.388838768005371,ok,
CCN(CC)c1ccc(C=C2C(=O)c3ccccc3C2=O)o1,O,CCN(CC)c1ccc2o1~O~C1(=O)C(=C2)C(=O)c2ccccc21,-5.994187355041504,ok,
CN(C)c1ccc(/C=N/n2c(N)c(C(=O)NC3CCCC3)c3nc4ccccc4nc32)cc1,O,CN(C)c1ccc(/C=N/n2c3c(c4nc5ccccc5nc42)C(=O)(NC2CCCC2)~O~N3)cc1,-2.4658777713775635,ok,
CC(C)Nc1cc(N(C)CCO)c(N)c2c1C(=O)c1ccccc1C2=O,O,CC(C)Nc1cc(N(C)CCO)c2c3c1C(=O)c1ccccc1C3(=O)~O~N2,-5.490390300750732,ok,
CCn1c2ccccc2c2cc(C=NN=CC3=C(N4CCOCC4)C(=Cc4ccc([N+](=O)[O-])cc4)CC3)ccc21,O,CCn1c2ccccc2c2cc(C=NN=CC3=C4C(=Cc5ccc([N+](=O)[O-])(~O~O6CCN4CC6)cc5)CC3)ccc21,-4.966797828674316,ok,
C(/C=C/c1c2ccccc2[s+]c2ccccc12)=C1c2ccccc2Oc2ccccc21,O,C1=C2c3ccccc3O(~O~c34ccccc3c(c3ccccc3[s+]4)/C=C/1)c1ccccc12,-9.437067985534668,ok,
[C][C]N([C][C])C1=[C]C(=[N+]2[C][C][C][C]2)[C]C([C])([C])[C]1,O,[C][C]N1([C][C])~O~[C]2[C][C][C][N+]2=C2[C]C([C])([C])[C]C1=[C]2,-3.863879442214966,ok,
O=C1/C(=C/c2ccc(-c3ccc([N+](=O)[O-])cc3)o2)C=C(c2ccccc2)N1c1cccc2ccccc12,O,O=C1/C(=C/c2ccc3o2~O~c2([N+](=O)[O-])ccc-3cc2)C=C(c2ccccc2)N1c1cccc2ccccc12,-6.356575965881348,ok,
C=CC1=C(C)C2=NC1=CC1=NC(=CC3=NC(=CC4=NC(=C2)C2=CC=C(C(=O)OC)[C@@H](C(=O)OC)[C@]24C)C(C)=C3CCC(=O)O)C(CCC(=O)OC)=C1C,O,C=CC1=C(C)C2=NC1=CC1=NC(=CC3=NC4=CC5=NC(=C2)C2=CC=C([C@@H](C(=O)OC)[C@]25C)C(=O)(OC)~O~OC(=O)CCC3=C4C)C(CCC(=O)OC)=C1C,-2.60530424118042,ok,
CCN(CC)c1ccc(C=C2CCC(C=NN=Cc3ccccc3)=C2N2CCOCC2)cc1,O,CCN(CC)c1ccc(C=C2CCC(C=NN=Cc3ccccc3)=C2N2CCO3~O~C3C2)cc1,-4.7463836669921875,ok,
[C][C]N1C(=O)C(=[C]c2c([C])c3cc4c5c(c3oc2=O)[C][C][C]N5[C][C][C]4)C(=O)N([C][C])C1=S,O,[C][C]N1C(=O)C(=[C]c2c([C])c3cc4c5c(c3o3~O~c23=O)[C][C][C]N5[C][C][C]4)C(=O)N([C][C])C1=S,-4.409787178039551,ok,
CCN(CC)c1ccc(/C=C2\CCc3ccc([N+](=O)[O-])cc3C2=O)cc1,O,CCN1(CC)~O~c2([N+](=O)[O-])ccc3c(c2)C(=O)/C(=C/c2ccc1cc2)CC3,-5.51042366027832,ok,
COc1ccc(N2C(=O)/C(=C/c3ccc(-c4ccc([N+](=O)[O-])cc4)o3)NC2=S)cc1,O,CO1~O~C2(=O)/C(=C/c3ccc(-c4ccc([N+](=O)[O-])cc4)o3)NC(=S)N2c2ccc1cc2,-5.977285385131836,ok,
CCN1C(=CC2=CC(=C3C(=O)c4ccccc4C3=O)CCC2)N(CC)c2ccccc21,O,CCN1C2=CC3=CC(=C4C(=O)c5ccccc5C4(=O)~O~N2(CC)c2ccccc21)CCC3,-5.774967193603516,ok,
CN(C)c1ccc(-n2nc3cc4c(cc3n2)C(=O)c2ccccc2C4=O)cc1,O,CN1(C)~O~C2(=O)c3ccccc3C(=O)c3cc4nn(nc4cc32)-c2ccc1cc2,-5.17136287689209,ok,
CCCCNc1cc(NCCO)c(N)c2c1C(=O)c1ccccc1C2=O,O,CCCCNc1cc(NCCO)c2c3c1C(=O)c1ccccc1C3(=O)~O~N2,-5.656383514404297,ok,
COC(=O)c1ccc2c(c1)C(C)(C)C(/C=C/c1ccc(OC)c(OC)c1OC)=[N+]2C,O,COc1c2ccc(c1OC)O(C)~O~C(=O)(OC)c1ccc3c(c1)C(C)(C)C(=[N+]3C)/C=C/2,-4.87615966796875,ok,
CCN1C(=O)/C(=c2/s/c(=C\C=C3\Sc4ccc(-c5ccccc5)cc4N3CC)c(=O)n2CC)SC1=S,O,CCN1C(=S)S/C2=c3\s/c(c(=O)n3CC)=C\C=C3\Sc4ccc(-c5ccccc5)cc4N3(CC)~O~C21=O,-6.335352420806885,ok,
"COC1=CC=C2OCC(C=C3C(=O)C4=CC=CC=C4C3=O)=CC2=C1 |c:15,17,22,25,t:2,4,13|",O,CO1~O~C2(=O)C(=CC3=Cc4cc1ccc4OC3)C(=O)c1ccccc12,-5.412481307983398,ok,
OC[n+]1ccc(/C2=C3\C=CC(=N3)/C(c3cc[n+](CO)cc3)=c3/cc/c4n3[Ni]n3c2ccc3/C(c2cc[n+](CO)cc2)=C2/C=CC(=N2)\C=4c2cc[n+](CO)cc2)cc1,O,,,failed,"Pre-condition Violation
	bond already exists
	Violation occurred on line 334 in file Code/GraphMol/RWMol.cpp
	Failed Expression: !(boost::edge(atomIdx1, atomIdx2, d_graph).second)
	RDKIT: 2022.09.5
	BOOST: 1_78
"
N#CC(C#N)=C(C#N)c1ccc(N(c2ccccc2)c2ccccc2)cc1,O,N#CC1=C(C#N)(C#N)~O~N(c2ccccc2)(c2ccccc2)c2ccc1cc2,-5.660300254821777,ok,
CCN(CC)c1ccc(N2C(=O)/C(=C/C=C/c3ccccc3)SC2=S)cc1,O,CCN1(CC)~O~C2(=O)/C(=C/C=C/c3ccccc3)SC(=S)N2c2ccc1cc2,-6.3578410148620605,ok,
[C][C]N1C(=O)C(=[C]c2cccn2-c2ccc(N([C])[C])cc2)C(=O)N([C][C])C1=S,O,[C][C]N1C(=O)C2=[C]c3cccn3-c3ccc(cc3)N([C])([C])~O~C2(=O)N([C][C])C1=S,-4.705808639526367,ok,
[C]Oc1ccc(/[C]=C2/[C][C][C][C]C(=C(S[C])S[C])C2=O)cc1,O,[C]SC(S[C])=C1[C][C][C][C]/C(=[C]/c2ccc(O3~O~[C]3)cc2)C1=O,-5.7029852867126465,ok,
O=[N+]([O-])c1ccc(/C=N/c2ccc(N3CCOCC3)cc2)s1,O,O=[N+]([O-])c12~O~O3CCN(CC3)c3ccc(cc3)/N=C/c(cc1)s2,-4.263486385345459,ok,
CC(C)(C)C1=CC(=CC2=C([S-])/C(=C/c3cc(C(C)(C)C)[o+]c(C(C)(C)C)c3)C2=S)C=C(C(C)(C)C)O1,O,CC(C)(C)C1=CC(=CC2=C3[S-]~O~c4(C(C)(C)C)cc(cc(C(C)(C)C)[o+]4)/C=C/3C2=S)C=C(C(C)(C)C)O1,-9.907342910766602,ok,
O=C1C(=Cc2ccc(-c3ccc([N+](=O)[O-])cc3)o2)C=C(c2ccccc2)N1c1cccc(Br)c1,O,O=C1C(=Cc2ccc3o2~O~c2([N+](=O)[O-])ccc-3cc2)C=C(c2ccccc2)N1c1cccc(Br)c1,-6.2209320068359375,ok,
CN(C)c1ccc(/N=N/c2ccccc2C(=O)O)cc1,O,CN(C)c1ccc(/N=N/c2ccccc2C2(=O)~O~O2)cc1,-2.7482688426971436,ok,
[C]Oc1ccc(/[C]=C2/[C][C][C]C(=C(S[C])S[C])C2=O)cc1,O,[C]SC(S[C])=C1[C][C][C]/C(=[C]/c2ccc(O3~O~[C]3)cc2)C1=O,-5.784219741821289,ok,
Cc1cc2c(cc1C)-c1nc3ccccc3cc1/C2=N\C1CCCCC1,O,Cc1cc2c(cc1C)-c13~O~N(/C4CCCCC4)=C\2c1cc1ccccc1n3,-6.131653308868408,ok,
CN1C(=CC=C(C=CC2=[N+](C)c3ccccc3C2(C)C)CCCO)C(C)(C)c2ccccc21,O,CN1C(=CC=C2C=CC3=[N+](C)c4(~O~OCCC2)ccccc4C3(C)C)C(C)(C)c2ccccc21,-4.953044891357422,ok,
[C]N1/C(=[C]/[C]=[C]/[C]=[C]/[C]=C(C#N)C#N)C([C])([C])c2ccccc21,O,[C]C1([C])/C2=[C]\[C]=[C]\[C]=[C]\[C]=C(C#N)(C#N)~O~N2([C])c2ccccc21,-5.730705261230469,ok,
CCOc1cc(N2CCOCC2)c(OCC)cc1/N=C/c1ccc([N+](=O)[O-])o1,O,CCOc1cc(N2CCOCC2)c2cc1/N=C/c1ccc([N+](=O)[O-])(~O~O2CC)o1,-4.35552978515625,ok,
O=c1ccc2c(o1)/C(=C\C=C(Cl)Cl)CC2,O,O=c12~O~o1c1c(cc2)CC/C1=C/C=C(Cl)Cl,-4.315339088439941,ok,
[C]N1C(=O)C(=C2[C][C][C][C]2)c2cc(S(=O)ON3[C][C]N(c4ccc(Cl)cc4)[C][C]3)ccc21,O,[C]N1c2ccc3cc2C(=C2[C][C][C][C]2)C1(=O)~O~N1(c2ccc(Cl)cc2)[C][C]N([C][C]1)OS3=O,-3.6087052822113037,ok,
C[N+]1=C(C=CC=C2)C2=CC=C1/C=C/C3=CC=C(N(CCC#N)C)C=C3.[I-],O,CN(CCC#N)c1ccc(/C=C/c2ccc3ccccc3(~O~[I-])[n+]2C)cc1,-5.806064128875732,ok,
Cn1/c(=C\C=C\c2c3sc(-c4ccccc4)c([O-])[n+]3c3ccccc3[n+]2C)c2cccc3cccc1c32,O,Cn1/c(=C\C=C\c2[n+](C)c3ccccc3[n+]3c4c(-c5ccccc5)sc23~O~[O-]4)c2cccc3cccc1c32,-5.207648754119873,ok,
CN(C)c1ccc(/C=C/C=c2\sc3nc4ccccc4n3c2=O)cc1,O,CN1(C)~O~c2(=O)/c(sc3nc4ccccc4n32)=C/C=C/c2ccc1cc2,-5.511626720428467,ok,
CCCCCCCCCCCCn1c2c(c(=[NH2+])c3c1CCC3)CCCC2,O,CCCCCCCCCCCCn12~O~c(=[NH2+])(c3c1CCCC3)c1c2CCC1,-6.837695598602295,ok,
COc1cc(C=C2CCC(=Cc3cc(OC)c(OC(C)C)cc3Br)C2=O)c(Br)cc1OC(C)C,O,COc1cc(C=C2CCC3=Cc4cc(c(OC(C)C)cc4Br)O(C)~O~C23=O)c(Br)cc1OC(C)C,-6.322505474090576,ok,
[C][C][C]Oc1ccc2c(c1)C(=N[N]c1ccc([N+](=O)[O-])cc1)c1cc(O[C][C][C])ccc1-2,O,[C][C][C]Oc1ccc2c(c1)C1=N[N]c3ccc([N+](=O)[O-])(~O~O([C][C][C])c4ccc-2c1c4)cc3,-4.363038063049316,ok,
CC1N(C)c2ccc(C=Cc3cc[n+](CCCS(=O)(=O)[O-])cc3)cc2C1(C)C,O,CC1N(C)c2ccc(C=Cc3cc[n+]4c(~O~[O-]S(=O)(=O)CCC4)c3)cc2C1(C)C,-3.944910764694214,ok,
CCCCCCCCCCCCCCCCCCN1/C(=C/C=C/C=C/C2=[N+](CCCCCCCCCCCCCCCCCC)c3ccccc3C2(C)C)C(C)(C)c2ccccc21.[O-][Cl+3]([O-])([O-])[O-],O,CCCCCCCCCCCCCCCCCC[N+]1=C2/C=C/C=C/C=C3\C(C)(C)c4ccccc4N3(CCCCCCCCCCCCCCCCCC)~O~c13ccccc3C2(C)C.[O-][Cl+3]([O-])([O-])[O-],-11.669008255004883,ok,
N#CC(C#N)=Cc1ccc(-c2ccc([N+](=O)[O-])cc2)o1,O,N#CC(C#N)=Cc1ccc2o1~O~c1([N+](=O)[O-])ccc-2cc1,-5.706274032592773,ok,
CCN(CCC#N)c1ccc(/N=N/c2ccc([N+](=O)[O-])cc2)cc1,O,CCN1(CCC#N)~O~c2([N+](=O)[O-])ccc(cc2)/N=N/c2ccc1cc2,-5.079496383666992,ok,
CCN1C(=O)C(=Cc2ccc(-c3ccc(C#N)cc3)o2)C(=O)N(CC)C1=S,O,CCN1C(=O)C2=Cc3ccc(-c4ccc(C#N)cc4)o3~O~C2(=O)N(CC)C1=S,-6.355483055114746,ok,
[C]Oc1ccc([C]=C2[C][C][C]C(=C3S[C][C]S3)C2=O)cc1,O,O=C1C(=[C]c2ccc(O3~O~[C]3)cc2)[C][C][C]C1=C1S[C][C]S1,-5.157047748565674,ok,
COCCNc1cc(NC(C)C)c(N)c2c1C(=O)c1ccccc1C2=O,O,COCCNc1cc(NC(C)C)c2c3c1C(=O)c1ccccc1C3(=O)~O~N2,-5.696249961853027,ok,
COC(=O)c1ccc2c(c1)C(C)(C)C(/C=C/c1cc(O)ccc1O)=[N+]2C,O,COC1(=O)~O~Oc2ccc(O)c(c2)/C=C/C2=[N+](C)c3ccc1cc3C2(C)C,-3.635108232498169,ok,
COc1ccc(-c2csc(/C(C#N)=C3\C=CC=CN3C)n2)cc1,O,CN1C=CC=C/C1=C(/C#N)c12~O~O(C)c3ccc(cc3)-c(cs1)n2,-5.8922553062438965,ok,
[C]C1([C])/C(=[C]\[C]=C2/C(=O)c3ccccc3C2=C(C#N)C#N)N2[C][C][C]c3cccc1c32,O,[C]C1([C])C2=[C][C]=C3C(=C(C#N)C#N)c4ccccc4C3(=O)~O~N23[C][C][C]c2cccc1c23,-5.226476192474365,ok,
CCN(CC)c1ccc(C=C2CCC(C=NN=Cc3ccccc3C(F)(F)F)=C2N2CCOCC2)cc1,O,CCN(CC)c1ccc(C=C2CCC3=C2N2CCO(~O~C(F)(F)(F)c4ccccc4C=NN=C3)CC2)cc1,-5.269798278808594,ok,
[C]Oc1ccc([C]2[N]C(=S)[N]C3=C2[C][C][C]C3=C2S[C][C]S2)cc1,O,S=C1[N][C](c2ccc(O3~O~[C]3)cc2)C2=C([N]1)C(=C1S[C][C]S1)[C][C][C]2,-3.459212064743042,ok,
O=C(O)CCCN1C(=O)/C(=C\C(Cl)=C/c2ccc([N+](=O)[O-])cc2)SC1=S,O,O=C1/C(=C\C(Cl)=C/c2ccc([N+](=O)[O-])cc2)SC(=S)N1CCCC1(=O)~O~O1,-5.1158552169799805,ok,
O=C1N=C(N2CCN(c3cccc(Cl)c3)CC2)SC1=Cc1ccc(-c2ccc([N+](=O)[O-])cc2)o1,O,O=[N+]([O-])c1ccc(-c2ccc3o2~O~C2(=O)N=C(N4CCN(c5cccc(Cl)c5)CC4)SC2=C3)cc1,-4.800014495849609,ok,
Cc1ccc(Nc2ccc(NC(=O)c3ccccc3)c3c2C(=O)c2ccccc2C3=O)cc1,O,Cc1ccc(N2~O~C(=O)(c3ccccc3)Nc3ccc2c2c3C(=O)c3ccccc3C2=O)cc1,-6.519641399383545,ok,
COc1ccc(N2C(=O)C(=Cc3ccc(-c4ccc(Br)cc4)o3)C=C2c2ccccc2)cc1,O,CO1~O~C2(=O)C(=Cc3ccc(-c4ccc(Br)cc4)o3)C=C(c3ccccc3)N2c2ccc1cc2,-6.049133777618408,ok,
CN(C)c1ccc(/C=C2\CC[n+]3c2sc2ccccc23)cc1,O,CN1(C)~O~c23sc4ccccc4[n+]2CC/C3=C\c2ccc1cc2,-5.957980155944824,ok,
[C]OC(=O)c1ccccc1-c1c2ccc(=[N+]([C])[C])cc-2oc2cc(N([C])[C])ccc12,O,[C]OC(=O)c1ccccc1-c1c2ccc3cc-2o(~O~[C][N+]=3[C])c2cc(N([C])[C])ccc12,-5.446713447570801,ok,
CCOc1ccc2c(c1)[N+](C)=C(/C=C/c1ccc(C(=O)OC)cc1)C2(C)C,O,CCO1~O~C(=O)(OC)c2ccc(cc2)/C=C/C2=[N+](C)c3cc1ccc3C2(C)C,-5.9134392738342285,ok,
COc1ccc(CN2C(=O)/C(=C/C=C/c3ccco3)SC2=S)cc1,O,CO1~O~C2(=O)/C(=C/C=C/c3ccco3)SC(=S)N2Cc2ccc1cc2,-6.1808271408081055,ok,
[C]1[C][C]C(=C2[C][C]c3cc4c(nc32)/C(=[C]/c2ccccc2)[C][C]4)[C]1,O,[C]1[C][C]C(=C2[C][C]c3cc4c5(~O~n5c32)/C(=[C]/c2ccccc2)[C][C]4)[C]1,-5.296228408813477,ok,
C1=Cc2nc1c(-c1ccccc1)c1ccc([nH]1)c(-c1ccccc1)c1nc(c(-c3ccccc3)c3ccc([nH]3)c2-c2ccccc2)C=C1,O,C1=Cc2nc1c(-c1ccccc1)c1ccc([nH]1)c(-c1ccccc1)c13~O~[nH]4c(ccc4c(-c4ccccc4)c(n1)C=C3)c2-c1ccccc1,-7.033675193786621,ok,
[C]Oc1ccc([C]=C2[C][C]C(=C3S[C][C][C]S3)C2=O)cc1,O,O=C1C(=[C]c2ccc(O3~O~[C]3)cc2)[C][C]C1=C1S[C][C][C]S1,-5.144848823547363,ok,
C=CCN1C(=O)/C(=C/C=C2/C=CN(CC)c3ccccc32)SC1=S,O,C=CCN1C(=S)S/C2=C\C=C3\C=CN(CC)(~O~C21=O)c1ccccc13,-6.148426055908203,ok,
COc1ccc(Nc2ccc(N)c3c2C(=O)c2c([N+](=O)[O-])ccc(O)c2C3=O)cc1,O,COc1ccc(Nc2ccc(N)c3c2C(=O)c2c(c4ccc2([N+](=O)[O-])~O~O4)C3=O)cc1,-5.428251266479492,ok,
CN1C(=O)C(=CC=Cc2ccc([N+](=O)[O-])cc2)SC1=S,O,CN12~O~c3([N+](=O)[O-])ccc(cc3)C=CC=C(SC1=S)C2=O,-5.184877395629883,ok,
[C](/[C]=[C]/c1cc(-c2ccccc2)[s+]c(-c2ccccc2)c1)=C1c2ccccc2Sc2ccccc21,O,[C]1=C2c3ccccc3S(~O~c3(-c4ccccc4)cc(cc(-c4ccccc4)[s+]3)/[C]=[C]/1)c1ccccc12,-8.790040969848633,ok,
CN1/C(=C\C=C\c2ccc(/N=N/c3ccccc3)cc2)C(C)(C)c2ccccc21,O,CC1(C)/C2=C/C=C/c3ccc(/N=N/c4ccccc4)(~O~N2(C)c2ccccc21)cc3,-6.35931396484375,ok,
O=C1C(=Cc2ccc([N+](=O)[O-])cc2)C=C(c2ccccc2)N1c1ccc(Sc2ccc([N+](=O)[O-])cc2)cc1,O,O=C1C(=Cc2ccc([N+](=O)[O-])cc2)C=C(c2ccccc2)N12~O~c1([N+](=O)[O-])ccc(cc1)Sc1ccc2cc1,-5.522995471954346,ok,
C1=C(c2ccccc2)Oc2ccccc2/C1=C\C=C1/C=C(c2ccccc2)Oc2ccccc21,O,C1=C(c2ccccc2)Oc2ccccc2/C1=C/C=C1/C=C2(c3ccccc3)~O~O2c2ccccc21,-6.001596450805664,ok,
[C]Oc1ccc([C]=C2[C][C][C]C(=C3S[C][C][C]S3)C2=O)cc1,O,O=C1C(=[C]c2ccc(O3~O~[C]3)cc2)[C][C][C]C1=C1S[C][C][C]S1,-5.0162353515625,ok,
N/N=C1/c2ccccc2-c2nc3ccccc3nc21,O,c1ccc2c(c1)-c1nc3ccccc3nc1C21~O~NN=1,-3.5205557346343994,ok,
CCCCN(CCCC)c1ccc2nc3ccc(N(CCCC)CCCC)cc3[s+]c2c1.O=C[O-],O,CCCCN(CCCC)c1ccc2nc3ccc(N(CCCC)CCCC)cc3(~O~O=C[O-])[s+]c2c1,-8.918822288513184,ok,
CN(C)c1ccc(/C=C/C(O)=C2/C(=O)N(c3ccccc3Cl)C(=O)N=C2O)cc1,O,CN(C)c1ccc(/C=C/C2=C3C(=O)N(c4ccccc4Cl)C(=O)(~O~O2)N=C3O)cc1,-3.440150737762451,ok,
[C][C]N([C][C])c1ccc2c(-c3ccc(S(=O)(=O)[O-])cc3S(=O)(=O)[O-])c3ccc(=[N+]([C][C])[C][C])cc-3oc2c1,O,[C][C]N([C][C])c1ccc2c3c4ccc(cc-4oc2c1)=[N+]([C][C])[C]([C])~O~[O-]S(=O)(=O)c1ccc-3c(S(=O)(=O)[O-])c1,-3.9298861026763916,ok,
COc1ccc(NC(=O)C=Cc2ccc(-c3ccc([N+](=O)[O-])cc3)o2)cc1,O,CO1~O~c2([N+](=O)[O-])ccc(cc2)-c2ccc(o2)C=CC(=O)Nc2ccc1cc2,-5.67432165145874,ok,
CC12CCC(C/C1=N\N=C1/NC(=O)/C(=C\C=C\c3ccc([N+](=O)[O-])cc3)S1)C2(C)C,O,CC12CCC(C/C1=N\N=C1\S/C3=C/C=C/c4ccc([N+](=O)[O-])(~O~N1C3=O)cc4)C2(C)C,-6.3951616287231445,ok,
CCCCCCCCCCCCCCCCCCNc1ccc2c(c1)C(=O)c1cc([N+](=O)[O-])ccc1-2,O,CCCCCCCCCCCCCCCCCCN1~O~c2([N+](=O)[O-])ccc3c(c2)C(=O)c2cc1ccc2-3,-7.133960723876953,ok,
O=C1C(=Cc2ccc(-c3ccc([N+](=O)[O-])cc3)o2)C=C(c2ccccc2)N1c1ccccc1,O,O=C1C(=Cc2ccc3o2~O~c2([N+](=O)[O-])ccc-3cc2)C=C(c2ccccc2)N1c1ccccc1,-6.011474609375,ok,
CCN(CC)c1ccc2c(/C=C/c3ccc(N(C)C)cc3)c3ccccc3[o+]c2c1,O,CCN(CC)c1ccc2c3c4ccccc4[o+]c2(~O~N(C)(C)c2ccc(cc2)/C=C/3)c1,-10.070026397705078,ok,
O=C1/C(=C/c2ccc(-c3ccc([N+](=O)[O-])cc3)o2)C=C(c2ccccc2)N1c1ccc(Cl)cc1,O,O=C1/C(=C/c2ccc3o2~O~c2([N+](=O)[O-])ccc-3cc2)C=C(c2ccccc2)N1c1ccc(Cl)cc1,-6.407142639160156,ok,
O=C1C(=Cc2ccc(-c3ccc([N+](=O)[O-])cc3)o2)C=C(c2ccccc2)N1c1ccccc1Cl,O,O=C1C(=Cc2ccc3o2~O~c2([N+](=O)[O-])ccc-3cc2)C=C(c2ccccc2)N1c1ccccc1Cl,-6.362924098968506,ok,
CCN(CC)c1ccc(C=C2CCC(C=NNS(=O)(=O)c3ccccc3)=C2N2CCOCC2)cc1,O,CCN(CC)c1ccc(C=C2CCC3=C2N2CCO(~O~S(=O)(=O)(c4ccccc4)NN=C3)CC2)cc1,-5.405009746551514,ok,
O=[N+]([O-])c1ccc(-c2ccc(/C=C/c3ccc4cccc(O)c4n3)o2)cc1,O,O=[N+]([O-])c12~O~Oc3cccc4ccc(nc34)/C=C/c3ccc(o3)-c(cc1)cc2,-4.608862400054932,ok,
CC(C)(C)c1ccc(Oc2cc(N3CCCCC3)cc3c2C(=O)c2ccccc2C3=O)cc1,O,CC(C)(C)c1ccc(O2~O~C3(=O)c4ccccc4C(=O)c4cc(N5CCCCC5)cc2c43)cc1,-6.405707836151123,ok,
[O-][N+]1=c2ccc(Nc3ccccc3)cc2=NC12CCCCC2,O,c1ccc(Nc2ccc3c(c2)=NC24(~O~[O-][N+]=32)CCCCC4)cc1,-2.9334075450897217,ok,
CN(C)c1ccc(/C=N/n2c(N)c(C(=O)NC3CCCCC3)c3nc4ccccc4nc32)cc1,O,CN(C)c1ccc(/C=N/n2c3c(c4nc5ccccc5nc42)C(=O)(NC2CCCCC2)~O~N3)cc1,-2.4866092205047607,ok,
[C]c1c([C]=C2C(=O)N([C])C(=S)N([C])C2=O)c(=O)oc2c3c4c(cc12)[C][C][C]N4[C][C][C]3,O,[C]c1c([C]=C2C(=O)N([C])C(=S)N([C])C2=O)c2(=O)~O~o2c2c3c4c(cc12)[C][C][C]N4[C][C][C]3,-4.644924163818359,ok,
CN(C)c1ccc(/C=N/n2c(S)nnc2C(F)(F)F)cc1,O,CN1(C)~O~C(F)(F)(F)c2nnc(S)n2/N=C/c2ccc1cc2,-4.330667018890381,ok,
CNc1ccc(Sc2ccc(C(C)(C)C)cc2)c2c1C(=O)c1ccccc1C2=O,O,CN1~O~C2(=O)c3ccccc3C(=O)c3c(Sc4ccc(C(C)(C)C)cc4)ccc1c32,-5.5691022872924805,ok,
C=Cc1c(C)c2cc3nc(c4c5[nH]c(cc6nc(cc1[nH]2)C(C)=C6CC)c(C)c5C(=O)OC4=O)C(CCC(=O)O)C3C,O,C=Cc1c(C)c2cc3nc4c5c6[nH]c(cc7nc(cc1[nH]2)C(C)=C7CC)c(C)c6C(=O)OC5(=O)~O~OC(=O)CCC4C3C,-5.319380760192871,ok,
CC1N(C)c2ccc(/C=C/c3sc4ccccc4[n+]3C)cc2C1(C)C,O,CC1C(C)(C)c2cc3ccc2N1(C)~O~c1(sc2ccccc2[n+]1C)/C=C/3,,failed,Featurization failed: RDKit could not parse Smiles_Merged
CCN1C(=O)/C(=C/C=C(/C=C2/Sc3ccccc3N2CC)c2ccccc2)SC1=S,O,CCN1C(=S)S/C2=C\C=C(c3ccccc3)\C=C3\Sc4ccccc4N3(CC)~O~C21=O,-7.112598419189453,ok,
C=CC1=C(C)c2cc3[nH]c(cc4nc(cc5[nH]c(cc1n2)c(C)c5CCC(=O)O)C(CCC(=O)O)=C4C)c(C)c3C=C,O,C=CC1=C(C)c2cc3[nH]c(cc4nc5cc6[nH]c(cc1n2)c(C)c6CCC(=O)O~O~C(=O)(O)CCC5=C4C)c(C)c3C=C,-4.067073345184326,ok,
C=CC1=C(C)c2cc3[nH]c(cc4nc(cc5[nH]c(cc1n2)c(C)c5C=C)C(C)=C4CCC(=O)O)c(CCC(=O)O)c3C,O,C=CC1=C(C)c2cc3[nH]c4cc5nc(cc6[nH]c(cc1n2)c(C)c6C=C)C(C)=C5CCC(=O)(O)~O~OC(=O)CCc4c3C,-4.067073345184326,ok,
O=c1ccc2[n+]([O-])c3ccc([O-])cc3oc-2c1,O,O=c1ccc23~O~[O-]c4ccc(c(c4)oc-2c1)[n+]3[O-],-3.4480950832366943,ok,
O=C1C(=Cc2ccc(-c3ccc([N+](=O)[O-])cc3)o2)C=C(c2ccccc2)N1c1cccnc1,O,O=C1C(=Cc2ccc3o2~O~c2([N+](=O)[O-])ccc-3cc2)C=C(c2ccccc2)N1c1cccnc1,-5.319639205932617,ok,
O=C1/C(=C/c2ccc(-c3ccc([N+](=O)[O-])cc3)o2)C=C(c2ccccc2)N1c1ccc(Br)cc1,O,O=C1/C(=C/c2ccc3o2~O~c2([N+](=O)[O-])ccc-3cc2)C=C(c2ccccc2)N1c1ccc(Br)cc1,-6.271587371826172,ok,
CCCCCCCCCCCCCc1ncc(-c2c3nc(c(-c4cccnc4)c4ccc([nH]4)c(-c4cccnc4)c4nc(c(-c5cccnc5)c5ccc2[nH]5)C=C4)C=C3)cc1OC,O,CCCCCCCCCCCCCc1ncc(-c2c3nc(c(-c4cccnc4)c4ccc([nH]4)c(-c4cccnc4)c4nc(c(-c5cccnc5)c5ccc2[nH]5)C=C4)C=C3)cc12~O~O2C,,failed,Featurization failed: RDKit could not parse Smiles_Merged
O=C(O)c1ccccc1-c1c2cc3c4c(c2[o+]c2c5c6c(cc12)CCCN6CCC5)CCCN4CCC3,O,O=C1O~O~c23[o+]c4c5c6c(cc4c(c2cc2c4c3CCCN4CCC2)-c2ccccc21)CCCN6CCC5,-9.380661964416504,ok,
O=C1c2ccccc2C(=O)c2c(NCCOCCNc3cccc4c3C(=O)c3ccccc3C4=O)cccc21,O,O=C1c2ccccc2C(=O)c2c(NCCOCCN3~O~C4(=O)c5ccccc5C(=O)c5cccc3c54)cccc21,-6.433923244476318,ok,
COc1ccc(N2C(=O)/C(=C\c3ccc(-c4ccc(Br)cc4)o3)C=C2c2ccccc2)cc1,O,CO1~O~C2(=O)/C(=C\c3ccc(-c4ccc(Br)cc4)o3)C=C(c3ccccc3)N2c2ccc1cc2,-5.983747482299805,ok,
O=C1/C(=C/c2ccc(-c3ccc([N+](=O)[O-])cc3)o2)C=C(c2ccccc2)N1c1ccccc1Cl,O,O=C1/C(=C/c2ccc3o2~O~c2([N+](=O)[O-])ccc-3cc2)C=C(c2ccccc2)N1c1ccccc1Cl,-6.426276206970215,ok,
CCN(CC)c1ccc(/C=C/c2nc3ccc([N+](=O)[O-])cc3s2)cc1,O,CCN1(CC)~O~c2([N+](=O)[O-])ccc3nc(sc3c2)/C=C/c2ccc1cc2,-5.8872528076171875,ok,
CCN(CC)c1ccc(C(=C2C=CC(=[N+](CC)CC)C=C2)c2cc(S(=O)(=O)[O-])ccc2S(=O)(=O)[O-])cc1.[Na+],O,CCN(CC)c1ccc(C(=C2C=CC(=[N+](CC)CC)C=C2)c2cc(S(=O)(=O)[O-]~O~[Na+])ccc2S(=O)(=O)[O-])cc1,-3.4075734615325928,ok,
CC(C)(C)C1=CC(=CC2=C([O-])/C(=C/c3cc(C(C)(C)C)[o+]c(C(C)(C)C)c3)C2=O)C=C(C(C)(C)C)O1,O,CC(C)(C)C1=CC(=CC2=C3[O-]~O~c4(C(C)(C)C)cc(cc(C(C)(C)C)[o+]4)/C=C/3C2=O)C=C(C(C)(C)C)O1,-8.844645500183105,ok,
Cc1cc(C=C(C#N)C#N)c(C)n1-c1ccc(N(C)C)cc1,O,Cc1cc2c(C)n1-c1ccc(cc1)N(C)(C)~O~C(C#N)(C#N)=C2,-5.245462417602539,ok,
CC(C)CNc1cc(NC(C)C)c2c(c1N)C(=O)c1ccccc1C2=O,O,CC(C)CNc1cc(NC(C)C)c2c3c1N~O~C3(=O)c1ccccc1C2=O,-5.700930595397949,ok,
O=[N+]([O-])c1ccc(C=Cc2nc3c(Oc4ccccc4)cccc3c3c2CCS3)cc1,O,O=[N+]([O-])c12~O~O(c3ccccc3)c3cccc4c5c(c(nc34)C=Cc(cc1)cc2)CCS5,-5.5054931640625,ok,
O=C1C(=Cc2ccc(-c3cccc(C(F)(F)F)c3)o2)CCCC1=Cc1ccc(-c2cccc(C(F)(F)F)c2)o1,O,O=C1C(=Cc2ccc(-c3cccc(C(F)(F)F)c3)o2)CCCC1=Cc1ccc2o1~O~C(F)(F)(F)c1cccc-2c1,-8.814706802368164,ok,
CN(C)c1ccc(/C=C/C=C/c2sc3ccccc3[n+]2C)cc1,O,C[n+]1c2ccccc2sc12~O~N(C)(C)c1ccc(cc1)/C=C/C=C/2,,failed,Featurization failed: RDKit could not parse Smiles_Merged
Cc1ccc(NC(=O)c2c(N)n(/N=C/c3ccc(N(C)C)cc3)c3nc4ccccc4nc23)cc1,O,Cc1ccc(NC2(=O)~O~Nc3c2c2nc4ccccc4nc2n3/N=C/c2ccc(N(C)C)cc2)cc1,-2.468597650527954,ok,
[C][n+]1c(/[C]=[C]/[C]=C2c3ccccc3Oc3ccccc32)sc2ccccc21,O,[C]1=C2c3ccccc3O(~O~[C][n+]3c(sc4ccccc43)/[C]=[C]/1)c1ccccc12,-6.288410663604736,ok,
CC1N(C)c2ccc(C=Cc3ccc4ccccc4[n+]3C)cc2C1(C)C,O,CC1C(C)(C)c2cc3ccc2N1(C)~O~c12ccccc1ccc([n+]2C)C=C3,-7.10731315612793,ok,
CCN1C(=O)/C(=c2\s/c(=C\C=C3\Sc4ccc(OC)cc4N3CC)c(=O)n2CC)SC1=S,O,CCN1/C2=C\C=c3/s/c(n(CC)c3=O)=C3/SC(=S)N(CC)C3(=O)~O~O(C)c3ccc(c1c3)S2,-7.172689437866211,ok,
Cc1cc(/C(=C2/C=CC(=N)C(S(=O)(=O)[O-])=C2)c2ccc(N)c(S(=O)(=O)O)c2)cc(S(=O)(=O)[O-])c1N.[Na+].[Na+],O,Cc1cc(/C(=C2/C=CC(=N)C(S(=O)(=O)[O-])=C2)c2ccc(N)c(S(=O)(=O)O)c2)cc(S(=O)(=O)[O-]~O~[Na+])c1N.[Na+],-2.5566680431365967,ok,
O=C1C(Cl)=C(N2CCCCC2)C(=O)C(Cl)=C1C=CN1CCCCC1,O,O=C1C(Cl)=C(N2CCCCC2)C2(=O)~O~N3(C=CC1=C2Cl)CCCCC3,-5.272423267364502,ok,
CCN(CC)c1ccc2c(/C=C/C=C3\N(C)c4ccccc4C3(C)C)c3ccc(OC)cc3[o+]c2c1,O,CCN(CC)c1ccc2c(/C=C/C=C3\N(C)c4ccccc4C3(C)C)c3ccc4cc3(~O~O4C)[o+]c2c1,-10.479121208190918,ok,
Cc1nc2ccccc2[n+](C)c1/C=C/c1ccc(N(C)C)cc1,O,Cc1nc2ccccc23~O~N(C)(C)c2ccc(cc2)/C=C/c1[n+]3C,-5.4389328956604,ok,
Cc1ccc(-c2c3nc(c(-c4ccc(C)cc4)c4ccc([nH]4)c(-c4ccc(C)cc4)c4nc(c(-c5ccc(C)cc5)c5ccc2[nH]5)C=C4)C=C3)cc1,O,Cc1ccc(-c2c3nc(c(-c4ccc(C)cc4)c4ccc5c(-c6ccc(C)cc6)c6nc(~O~[nH]45)(c(-c4ccc(C)cc4)c4ccc2[nH]4)C=C6)C=C3)cc1,-7.070196151733398,ok,
[C]=[C][C]N1C(=[C][C]=[C][C]=[C][C]=C(C#N)C#N)[C]=[C]c2ccccc21,O,[C]=[C][C]N12~O~C(C#N)(C#N)=[C][C]=[C][C]=[C][C]=C1[C]=[C]c1ccccc12,-4.115081787109375,ok,
CN(c1ccc(C(C)(C)C)cc1)c1ccc2c(c1O)C(=O)c1ccccc1C2=O,O,CN(c1ccc(C(C)(C)C)cc1)c1ccc2c3c1O~O~C3(=O)c1ccccc1C2=O,-5.46815299987793,ok,
CC[NH+](CC)CCOc1ccc2c(c1)C(=O)c1cc(O)ccc1-2,O,CC[NH+](CC)CCOc1ccc2c(c1)C1(=O)~O~Oc3ccc-2c1c3,-2.717064142227173,ok,
[Na+].[Na+].Oc1cc2ccc(cc2cc1S([O-])(=O)=O)S([O-])(=O)=O,O,O=S(=O)([O-])c1cc2cc(S(=O)(=O)[O-]~O~[Na+])ccc2cc1O.[Na+],-2.3206593990325928,ok,
CCOC(=O)c1ccc(-c2ccc(/C=C3\C=C(c4ccccc4)N(c4ccc(Nc5ccccc5)cc4)C3=O)o2)cc1,O,CCO1~O~C1(=O)c1ccc(-c2ccc(/C=C3\C=C(c4ccccc4)N(c4ccc(Nc5ccccc5)cc4)C3=O)o2)cc1,-5.833889961242676,ok,
O=C([O-])CCCCCCCCCCc1ccc2n1[B-](F)(F)[N+]1=C(C=CC=Cc3ccccc3)C=CC1=C2.[H+],O,[H+]~O~O=C([O-])CCCCCCCCCCc1ccc2n1[B-](F)(F)[N+]1=C(C=CC=Cc3ccccc3)C=CC1=C2,-2.6865603923797607,ok,
C=CC1=C(C)c2cc3[nH]c(cc4nc(cc5[nH]c(cc1n2)c(C)c5C=C)C(C)=C4CCC(=O)OC)c(CCC(=O)OC)c3C,O,C=CC1=C(C)c2cc3[nH]c4cc5nc(cc6[nH]c(cc1n2)c(C)c6C=C)C(C)=C5CCC(=O)(OC)~O~O(C)C(=O)CCc4c3C,-5.090689182281494,ok,
CN(C)c1ccc(C=C2C=C(C(C)(C)C)C(=O)C(C(C)(C)C)=C2)cc1,O,CC(C)(C)C1=CC2=Cc3ccc(cc3)N(C)(C)~O~C1(=O)C(C(C)(C)C)=C2,-6.019075393676758,ok,
CN(C)c1ccc(/C=C/c2cc(-c3cccs3)[o+]c(-c3cccs3)c2)cc1,O,CN1(C)~O~c2(-c3cccs3)cc(cc(-c3cccs3)[o+]2)/C=C/c2ccc1cc2,-9.409578323364258,ok,
CC(C)(C)c1ccc(Nc2ccc3c(c2O)C(=O)c2ccccc2C3=O)cc1,O,CC(C)(C)c1ccc(Nc2ccc3c4c2O~O~C4(=O)c2ccccc2C3=O)cc1,-6.0448408126831055,ok,
Cc1ccc(N2CCN(C3=NC(=O)C(=Cc4ccc(-c5cccc([N+](=O)[O-])c5)o4)S3)CC2)cc1,O,Cc1ccc(N2CCN(C3=NC4(=O)~O~o5c(ccc5-c5cccc([N+](=O)[O-])c5)C=C4S3)CC2)cc1,-4.505219459533691,ok,
CCN1C(=O)/C(=C/C=C2/C=CN(CC)c3ccccc32)SC1=S,O,CCN1C(=S)S/C2=C\C=C3\C=CN(CC)(~O~C21=O)c1ccccc13,-6.353228569030762,ok,
COc1ccccc1N1C(=O)N=C(O)/C(=C(O)\C=C\c2ccc(N(C)C)cc2)C1=O,O,COc1ccccc1N1C(=O)C2=C(/C=C/c3ccc(N(C)C)cc3)O~O~C1(=O)N=C2O,-3.3469126224517822,ok,
CCCCNc1cc(NC2CCCCC2)c2c3c(onc13)-c1ccccc1C2=O,O,CCCCN1~O~C2(=O)c3ccccc3-c3onc4c1cc(NC1CCCCC1)c2c34,-5.917454719543457,ok,
COC(=O)c1ccc(C=C2CN(C)CC(=Cc3ccc(C(=O)OC)cc3)C2=O)cc1,O,COC(=O)c1ccc(C=C2CN(C)CC(=Cc3ccc(C4(=O)~O~O4C)cc3)C2=O)cc1,-5.258522033691406,ok,
[C](/[C]=[C]/c1c2ccccc2[s+]c2ccccc12)=C1c2ccccc2Oc2ccccc21,O,[C]1=C2c3ccccc3O(~O~c34ccccc3c(c3ccccc3[s+]4)/[C]=[C]/1)c1ccccc12,-9.604490280151367,ok,
[C]Oc1ccc([C]2[N]C(=S)[N]C3=C2[C][C][C]C3=C2S[C][C][C]S2)cc1,O,S=C1[N][C](c2ccc(O3~O~[C]3)cc2)C2=C([N]1)C(=C1S[C][C][C]S1)[C][C][C]2,-3.3842997550964355,ok,
C[n+]1c(/C=C/c2cc3c4c(c2)CCCN4CCC3)sc2ccccc21,O,C[n+]1c2ccccc2sc12~O~N13CCCc4cc(cc(c41)CCC3)/C=C/2,,failed,Featurization failed: RDKit could not parse Smiles_Merged
CNc1ccc(NC)c2c1C(=O)c1ccccc1C2=O,O,CNc1ccc2c3c1C(=O)c1ccccc1C3(=O)~O~N2C,-5.138718128204346,ok,
CNc1ccc(NC)c2C(=O)c3ccccc3C(=O)c12,O,CNc1ccc2c3c1C(=O)(~O~N2C)c1ccccc1C3=O,-5.08854866027832,ok,
[C]N([C])c1ccc([C][N]S(=O)(=O)c2ccc3c(c2)C(=C2[C][C][C][C]2)C(=O)N3[C])cc1,O,[C]N1c2ccc3cc2C(=C2[C][C][C][C]2)C1(=O)~O~N([C])([C])c1ccc(cc1)[C][N]S3(=O)=O,-4.0311760902404785,ok,
O=C1/C(=C/c2ccc(-c3ccc([N+](=O)[O-])cc3)o2)C=C(c2ccccc2)N1c1ccccc1,O,O=C1/C(=C/c2ccc3o2~O~c2([N+](=O)[O-])ccc-3cc2)C=C(c2ccccc2)N1c1ccccc1,-6.064464569091797,ok,
COc1cc([N+](=O)[O-])ccc1-c1ccc(/C=C2/C(C)=C(C#N)c3nc(N)c(C#N)c(C)c32)o1,O,CC1=C(C#N)c2nc(N)c(C#N)c(C)c2/C1=C\c1ccc(-c2ccc3([N+](=O)[O-])~O~O(C)c2c3)o1,-5.017518997192383,ok,
CCCCCCN1C=CC(=CC=C(C#N)C#N)c2ccccc21,O,CCCCCCN12~O~C(C#N)(C#N)=CC=C(C=C1)c1ccccc12,-6.397937774658203,ok,
O=S(=O)([O-])CCC[n+]1c(/C=C/c2c(Cl)nc3sccn23)sc2ccccc21,O,O=S1(=O)CCC[n+]2c3ccccc3sc2(/C=C/c2c(Cl)nc3sccn23)~O~[O-]1,-4.204061508178711,ok,
O=C1/C(=C/c2ccc(-c3ccc([N+](=O)[O-])cc3)o2)C=C(c2ccccc2)N1c1cccnc1,O,O=C1/C(=C/c2ccc3o2~O~c2([N+](=O)[O-])ccc-3cc2)C=C(c2ccccc2)N1c1cccnc1,-5.343976020812988,ok,
CC(C)(C)c1ccc(Oc2ccc3noc4c5c(Oc6ccc(C(C)(C)C)cc6)cc(N6CCCCCC6)c6noc(c2c34)c65)cc1,O,CC(C)(C)c1ccc(Oc2cc(N3CCCCCC3)c3noc45~O~O(c6ccc(C(C)(C)C)cc6)c6ccc7noc(c2c34)c7c65)cc1,-6.27920389175415,ok,
[C][n+]1c(/[C]=[C]/[C]=C2c3ccccc3Sc3ccccc32)sc2ccccc21,O,[C](/[C]=[C]/c1sc2ccccc2[n+]12~O~[C]2)=C1c2ccccc2Sc2ccccc21,,failed,Featurization failed: RDKit could not parse Smiles_Merged
O=C1C(Cl)=C(N2CCCC2)C(=O)C(Cl)=C1c1cnc(N2CCOCC2)s1,O,O=C1C(Cl)=C(N2CCCC2)C2(=O)~O~O3CCN(CC3)c3ncc(s3)C1=C2Cl,-5.022233963012695,ok,
CCNc1cc(NCCO)c(N)c2c1C(=O)c1ccccc1C2=O,O,CCNc1cc(NCCO)c2c3c1C(=O)c1ccccc1C3(=O)~O~N2,-5.637744903564453,ok,
CC[Si](C#Cc1c2cc3ccccc3cc2c(C#C[Si](CC)(CC)CC)c2cc3ccccc3cc12)(CC)CC,O,CC[Si](C#Cc1c2cc3ccccc3cc2c(C#C2~O~[Si]2(CC)(CC)CC)c2cc3ccccc3cc12)(CC)CC,-6.189216613769531,ok,
[N]C(=O)C(C(=O)/[C]=[C]/c1ccc(Cl)cc1Cl)=C1S[C]S1,O,[N]C1(=O)~O~O=C(/[C]=[C]/c2ccc(Cl)cc2Cl)C1=C1S[C]S1,-5.37239933013916,ok,
O=C1/C(=C/c2ccc(-c3ccc(Cl)c(Cl)c3)o2)C=C(c2ccccc2)N1c1ccc(Nc2ccccc2)cc1,O,O=C12~O~o3c(ccc3-c3ccc(Cl)c(Cl)c3)/C=C/1C=C(c1ccccc1)N2c1ccc(Nc2ccccc2)cc1,-6.897286891937256,ok,
O=C1/C(=C/c2ccc(-c3ccc([N+](=O)[O-])cc3)o2)C=C(c2ccccc2)N1c1cccc(Br)c1,O,O=C1/C(=C/c2ccc3o2~O~c2([N+](=O)[O-])ccc-3cc2)C=C(c2ccccc2)N1c1cccc(Br)c1,-6.265378952026367,ok,
O=[N+]([O-])c1ccc(C=Cc2nc3c(C(F)(F)F)cccc3c3c2CCS3)cc1,O,[O-][N+]1=O~O~C(F)(F)(F)c2cccc3c4c(c(nc23)C=Cc2ccc1cc2)CCS4,-6.077208995819092,ok,
COc1cccc(N2C(=O)C(=Cc3ccc(-c4ccc(Br)cc4)o3)C=C2c2ccccc2)c1,O,CO1~O~C2(=O)C(=Cc3ccc(-c4ccc(Br)cc4)o3)C=C(c3ccccc3)N2c2cccc1c2,-5.844916343688965,ok,
O=C1OC(c2ccco2)=NC1=CC=Cc1ccc([N+](=O)[O-])cc1,O,O=[N+]([O-])c1ccc(C=CC=C2N=C3OC2(=O)~O~o2cccc23)cc1,-4.671943187713623,ok,
CN(C)c1ccc(/C=C2\CCC/C(=C\c3ccc(OC(F)F)cc3)C2=O)cc1,O,CN(C)c1ccc(/C=C2\CCC/C(=C\c3ccc(O4~O~C4(F)F)cc3)C2=O)cc1,-6.411205768585205,ok,
CC1=C(C#N)c2nc(N)c(C#N)c(C)c2/C1=C/c1ccc(-c2ccc([N+](=O)[O-])cc2)o1,O,CC1=C(C#N)c2nc(N)c(C#N)c(C)c2/C1=C/c1ccc2o1~O~c1([N+](=O)[O-])ccc-2cc1,-5.528070449829102,ok,
O=[N+]([O-])c1ccc(/C=N/c2cc(C(F)(F)F)ccc2NCCc2ccccn2)s1,O,O=[N+]([O-])c1ccc(/C=N/c2cc3ccc2N(CCc2ccccn2)~O~C3(F)(F)F)s1,-6.7263031005859375,ok,
FC(F)(F)C1=CC=C(NCCC2=NC=CC=C2)C(/N=C/C3=CC=C([N+]([O-])=O)S3)=C1,O,O=[N+]([O-])c1ccc(/C=N/c2cc3ccc2N(CCc2ccccn2)~O~C3(F)(F)F)s1,-6.7263031005859375,ok,
Cc1ccc2c(c1)C1=C(SSC1=C1C(=O)c3ccccc3C1=O)C(C)(C)N2,O,Cc1ccc2c(c1)C1=C3SSC1=C1C(=O)c4ccccc4C1(=O)~O~N2C3(C)C,-6.027154922485352,ok,
O=C1C(Cl)=C(c2cnc(N3CCOCC3)s2)C(=O)C(Cl)=C1Nc1ccccc1,O,O=C1C(Cl)=C(Nc2ccccc2)C2(=O)~O~O3CCN(CC3)c3ncc(s3)C1=C2Cl,-5.471342086791992,ok,
CC(C)(C)C(=O)C(C#N)=Cc1ccc(-c2ccc([N+](=O)[O-])cc2Br)o1,O,CC(C)(C)C(=O)C(C#N)=Cc1ccc2o1~O~c1([N+](=O)[O-])ccc-2c(Br)c1,-6.8486223220825195,ok,
O=S(=O)([O-])CCC[n+]1ccc(/C=C/c2c[nH]c3ccccc23)cc1,O,O=S1(=O)CCC[n+]2ccc(/C=C/c3c[nH]c4ccccc34)cc2~O~[O-]1,-4.778114318847656,ok,
CN1CCN(c2cc(NC3CCCCC3)c3c(c2N)C(=O)c2ccccc2C3=O)CC1,O,CN1CCN(c2cc(NC3CCCCC3)c3c4c2N~O~C4(=O)c2ccccc2C3=O)CC1,-5.054873466491699,ok,
CCc1ccc(N2C(=O)/C(=C\C=C\c3ccco3)SC2=S)cc1,O,CCc1ccc(N2C(=S)S/C3=C/C=C/c4ccco4~O~C32=O)cc1,-6.627058982849121,ok,
Nc1c(S(=O)(=O)[O-])cc(Nc2ccc(-c3ccc(Nc4cc(S(=O)(=O)[O-])c(N)c5c4C(=O)c4ccccc4C5=O)cc3)cc2)c2c1C(=O)c1ccccc1C2=O,O,Nc1c2cc(c3c1C(=O)c1ccccc1C3=O)Nc1ccc(cc1)-c1ccc(cc1)Nc1cc(S(=O)(=O)[O-])c(N)c3c1C(=O)c1ccccc1C3(=O)~O~[O-]S2(=O)=O,-7.527225494384766,ok,
[C][C]N1C(=O)C(=[C]/[C]=[C]/[C]=[C]/[C]=C2\Sc3ccccc3N2[C][C])C(=O)N([C][C])C1=S,O,[C][C]N1C(=O)C2=[C]/[C]=[C]/[C]=[C]/[C]=C3\Sc4ccccc4N3([C][C])~O~C2(=O)N([C][C])C1=S,-5.351402759552002,ok,
COc1ccc(N2C(=O)/C(=C/c3ccc([N+](=O)[O-])cc3)C=C2c2ccccc2)cc1,O,CO1~O~c2([N+](=O)[O-])ccc(cc2)/C=C2\C=C(c3ccccc3)N(C2=O)c2ccc1cc2,-5.38755464553833,ok,
CCCNC(=O)c1c(N)n(-c2ccc(N(CC)CC)cc2)c2nc3ccccc3nc12,O,CCCNC1(=O)~O~Nc2c1c1nc3ccccc3nc1n2-c1ccc(N(CC)CC)cc1,-3.037048101425171,ok,
O=C1/C(=C\c2ccc([N+](=O)[O-])cc2)C=C(c2ccccc2)N1c1ccc(Sc2ccc([N+](=O)[O-])cc2)cc1,O,O=C1/C(=C\c2ccc([N+](=O)[O-])cc2)C=C(c2ccccc2)N12~O~c1([N+](=O)[O-])ccc(cc1)Sc1ccc2cc1,-5.459465980529785,ok,
O=C1O/C(=C\c2cc3c4c(c2)CCCN4CCC3)c2ccc([N+](=O)[O-])cc21,O,O=[N+]([O-])c1ccc2c(c1)C1(=O)~O~O1/C2=C\c1cc2c3c(c1)CCCN3CCC2,-5.097665786743164,ok,
CCN(CC)CCCC(C)Nc1cc(/C=C/c2ccc([N+](=O)[O-])cc2)nc2ccc(OC)cc12,O,CCN(CC)CCCC(C)Nc1cc2nc3ccc(cc13)O(C)~O~c1([N+](=O)[O-])ccc(cc1)/C=C/2,-6.075385093688965,ok,
[N-]=[N+]=C1C(=O)C=C(Br)c2nonc21,O,O=C1C=C(Br)c2nonc2C12~O~[N-]=[N+]=2,-3.299954652786255,ok,
O=C1OC(c2cccs2)=NC1=CC=Cc1ccc([N+](=O)[O-])cc1,O,O=[N+]([O-])c1ccc(C=CC=C2N=C(c3cccs3)O3~O~C23=O)cc1,-4.565755844116211,ok,
CN(C)c1ccc2nc3ccc(=[N+](C)C)c([N+](=O)[O-])c-3sc2c1,O,C[N+](C)=c1ccc2nc3ccc4cc3sc-2c1([N+](=O)[O-])~O~N4(C)C,-5.365264892578125,ok,
O=C(/C=C/c1ccc(-c2ccc([N+](=O)[O-])cc2)o1)c1ccc(N2CCOCC2)cc1,O,O=C(/C=C/c1ccc2o1~O~c1([N+](=O)[O-])ccc-2cc1)c1ccc(N2CCOCC2)cc1,-5.751107215881348,ok,
CC1=CC=C(C=C1)C2=C(C=C3)N=C3C(C(C=C4)=CC=C4C)=C(C=C5)NC5=C(C6=CC=C(C)C=C6)C7=NC(C=C7)=C(C(C=C8)=CC=C8C)C9=CC=C2N9,O,Cc1ccc(-c2c3nc(c(-c4ccc(C)cc4)c4ccc5c(-c6ccc(C)cc6)c6nc(~O~[nH]45)(c(-c4ccc(C)cc4)c4ccc2[nH]4)C=C6)C=C3)cc1,-7.070196151733398,ok,
CCSC1=[NH+]C2(CCCCC2)Nc2sc3c(c21)CCCC3,O,CCSC12~O~N(c3sc4c(c31)CCCC4)C1(CCCCC1)[NH+]=2,-6.7938032150268555,ok,
O=S(=O)([O-])c1ccc(-c2c3nc(c(-c4ccc(S(=O)(=O)[O-])cc4)c4ccc([nH]4)c(-c4ccc(S(=O)(=O)[O-])cc4)c4nc(c(-c5ccc(S(=O)(=O)[O-])cc5)c5ccc2[nH]5)C=C4)C=C3)cc1,O,O=S(=O)([O-])c1ccc(-c2c3nc(c(-c4ccc(S(=O)(=O)[O-])cc4)c4ccc([nH]4)c(-c4ccc(S5(=O)(=O)~O~[O-]5)cc4)c4nc(c(-c5ccc(S(=O)(=O)[O-])cc5)c5ccc2[nH]5)C=C4)C=C3)cc1,-8.705873489379883,ok,
CCCCCCCCCCCCCCCCCC[N+]1=C(C=Nc2c([O-])ccc3ncccc23)C(C)(C)c2ccccc21,O,CCCCCCCCCCCCCCCCCC[N+]1=C2(~O~[O-]c3ccc4ncccc4c3N=C2)C(C)(C)c2ccccc21,-4.717641830444336,ok,
[C]Oc1ccc([C]=C2[C][C]C(=C3S[C][C]S3)C2=O)cc1,O,O=C1C(=[C]c2ccc(O3~O~[C]3)cc2)[C][C]C1=C1S[C][C]S1,-5.302803993225098,ok,
Cc1ccc(N2C(=O)C(=Cc3ccc(-c4ccc([N+](=O)[O-])cc4)o3)SC2=S)cc1,O,Cc1ccc(N2C(=S)SC3=Cc4ccc(-c5ccc([N+](=O)[O-])cc5)o4~O~C32=O)cc1,-6.769167423248291,ok,
N#C/C(=C/c1ccc(N2CCCCC2)o1)c1ccc([N+](=O)[O-])cc1,O,N#C/C1=C/c2ccc(N3CCCCC3)o2~O~c2([N+](=O)[O-])ccc1cc2,-5.932958602905273,ok,
O=C1C(Cl)=C(N2CCCCC2)C(=O)C(Cl)=C1c1cnc(N2CCOCC2)s1,O,O=C1C(Cl)=C(N2CCCCC2)C2(=O)~O~O3CCN(CC3)c3ncc(s3)C1=C2Cl,-5.1338605880737305,ok,
OC1=CC(S(=O)([O-])=O)=C2C(C3=C(C=C2)C(S(=O)([O-])=O)=C4)=C1C=CC3=C4S(=O)([O-])=O.[Na+].[Na+].[Na+],O,O=S(=O)([O-])c1cc(O)c2ccc3c(S(=O)(=O)[O-])cc(S(=O)(=O)[O-]~O~[Na+])c4ccc1c2c34.[Na+].[Na+],-2.371095657348633,ok,
CN1/C(=C/C=C2\CCc3ccccc3C2=O)C(C)(C)c2ccccc21,O,CC1(C)/C2=C\C=C3/CCc4ccccc4C3(=O)~O~N2(C)c2ccccc21,-5.616974830627441,ok,
CCN1/C(=C/C=C/C=C/c2oc3ccccc3[n+]2CC)Oc2ccccc21,O,CCN1/C2=C/C=C/C=C/c3(~O~O2c2ccccc21)oc1ccccc1[n+]3CC,,failed,Featurization failed: RDKit could not parse Smiles_Merged
O=C(O)c1cccc(N2C(=O)C(=Cc3ccc(-c4ccc([N+](=O)[O-])cc4)o3)C=C2c2ccccc2)c1,O,O=C1C(=Cc2ccc(-c3ccc([N+](=O)[O-])cc3)o2)C=C(c2ccccc2)N1c1cccc(C2(=O)~O~O2)c1,-4.39763069152832,ok,
CCN(CC)CCCC(C)Nc1cc(/C=C/c2ccc([N+](=O)[O-])cc2)nc2cc(OC)ccc12,O,CCN(CC)CCCC(C)Nc1cc2nc3cc(ccc13)O(C)~O~c1([N+](=O)[O-])ccc(cc1)/C=C/2,-6.082703590393066,ok,
CN1CCN(C2=C(Cl)C(=O)C(c3cnc(N4CCCCC4)s3)=C(Cl)C2=O)CC1,O,CN1CCN2(~O~C3(=O)C(Cl)=C(c4cnc(N5CCCCC5)s4)C(=O)C(Cl)=C32)CC1,-4.650234222412109,ok,
CCOc1cc(Br)c(C=C2CCCC(=Cc3cc(OC)c(OCC)cc3Br)C2=O)cc1OC,O,CCOc1cc(Br)c(C=C2CCCC3=Cc4cc(c(OCC)cc4Br)O(C)~O~C23=O)cc1OC,-6.0268049240112305,ok,
O=C1OC(c2ccc(Cl)c([N+](=O)[O-])c2)=N/C1=C\c1cc2cc3c4c(c2oc1=O)CCCN4CCC3,O,O=c1c2cc3cc4c5c(c3o1~O~C1(=O)OC(c3ccc(Cl)c([N+](=O)[O-])c3)=N/C1=C\2)CCCN5CCC4,-4.695516109466553,ok,
CN(C)c1ccc(/C=C/C=C2\S/C(=N/c3ccccc3)N(Cc3ccc(C(=O)O)cc3)C2=O)cc1,O,CN(C)c1ccc(/C=C/C=C2\S/C(=N/c3ccccc3)N(Cc3ccc(C4(=O)~O~O4)cc3)C2=O)cc1,-4.382279396057129,ok,
O=C1C(=CC(Cl)=Cc2ccc([N+](=O)[O-])cc2)SC(=S)N1c1ccc(F)cc1,O,O=[N+]([O-])c1ccc(C=C(Cl)C=C2SC(=S)N(c3ccc(F)cc3)C23~O~O=3)cc1,-5.150402069091797,ok,
N#CC(C#N)=Cc1ccc(N2CCCCCC2)o1,O,N#CC(C#N)=Cc1ccc2(N3CCCCCC3)~O~o12,-5.150996208190918,ok,
NC(N)=NN=C(/C=C/c1ccc([N+](=O)[O-])o1)/C=C/c1ccc([N+](=O)[O-])o1,O,NC(N)=NN=C(/C=C/c1ccc([N+](=O)[O-])o1)/C=C/c1ccc2([N+](=O)[O-])~O~o12,-3.1107914447784424,ok,
CCN1/C(=C/C=C2\C(C)=Nc3ccccc32)C=Cc2cc(C)ccc21,O,CCN12~O~c34ccccc3/C(=C/C=C/1C=Cc1cc(C)ccc12)C(C)=N4,-5.576419830322266,ok,
COc1ccc(Nc2cc(NC(C)C)c(N)c3c2C(=O)c2ccccc2C3=O)cc1,O,CC(C)Nc1cc2c3c(c1N)C(=O)(~O~O(C)c1ccc(cc1)N2)c1ccccc1C3=O,-6.048731803894043,ok,
O=C1O/C(C(C=C2)=C1C=C2[N+]([O-])=O)=C\C3=CC(CCC4)=C(N4CCC5)C5=C3,O,O=[N+]([O-])c1ccc2c(c1)C1(=O)~O~O1/C2=C\c1cc2c3c(c1)CCCN3CCC2,-5.097665786743164,ok,
[C]/C(=C(C#N)\C([N])=[C]\C(=C(C#N)C#N)c1nonc1[C])c1nonc1[C],O,[C]/C1=C(C#N)\C([N])=[C]\C(=C(C#N)C#N)c2(~O~o3nc([C])c1n3)nonc2[C],,failed,Featurization failed: RDKit could not parse Smiles_Merged
COc1ccc(-c2csc(/C(C#N)=C\C=C/c3ccc([N+](=O)[O-])cc3)n2)cc1,O,CO1~O~c2([N+](=O)[O-])ccc(cc2)/C=C\C=C(\C#N)c2nc(cs2)-c2ccc1cc2,-5.873652458190918,ok,
O=[N+]([O-])c1ccc(N(c2ccc(N(c3ccc([N+](=O)[O-])cc3)c3ccc([N+](=O)[O-])cc3)cc2)c2ccc([N+](=O)[O-])cc2)cc1,O,O=[N+]([O-])c1ccc(N(c2ccc([N+](=O)[O-])cc2)c2ccc(N3(c4ccc([N+](=O)[O-])cc4)~O~c4([N+](=O)[O-])ccc3cc4)cc2)cc1,-5.779398441314697,ok,
CCN(CC)c1ccc(-n2c(N)c(C(=O)OCc3ccccc3)c3nc4ccccc4nc32)cc1,O,CCN(CC)c1ccc(-n2c(N)c(C3(=O)~O~O3Cc3ccccc3)c3nc4ccccc4nc32)cc1,-2.818887233734131,ok,
CN(c1ccc(O)cc1)C1NC(=O)C(=CC(Cl)=Cc2ccc([N+](=O)[O-])cc2)S1,O,CN1c2ccc(cc2)O~O~c2([N+](=O)[O-])ccc(cc2)C=C(Cl)C=C2SC1NC2=O,-3.985422372817993,ok,
CCN(CC)C[C@@H](O)CNc1ccc(NC[C@H]2CO2)c2c1C(=O)c1ccccc1C2=O,O,CCN(CC)C[C@@H]1CNc2ccc(NC[C@H]3CO3)c3c2C(=O)c2ccccc2C3(=O)~O~O1,-4.919156074523926,ok,
CCN1C(=O)/C(=C\C=C2\N(CC)c3ccc(-c4ccccc4)cc3C2(C)C)SC1=S,O,CCN1C(=S)SC2=CC=C3C(C)(C)c4cc(-c5ccccc5)ccc4N3(CC)~O~C21=O,-6.473523139953613,ok,
COc1cc(/N=N/c2ccc(N(C)C)cc2)cc([N+](=O)[O-])c1,O,CN(C)c1ccc(/N=N/c2cc3cc([N+](=O)[O-])(~O~O3C)c2)cc1,-4.020366668701172,ok,
O=C1C(=CC=Cc2ccco2)SC(=S)N1c1cccc(O)c1,O,O=C12~O~Oc3cccc(c3)N1C(=S)SC2=CC=Cc1ccco1,-4.049935817718506,ok,
CN(C)c1ccc(C=C2C(=C(C#N)C#N)c3ccccc3C2=C(C#N)C#N)cc1,O,CN1(C)~O~C(C#N)(C#N)=C2C(=Cc3ccc1cc3)C(=C(C#N)C#N)c1ccccc12,-6.611008644104004,ok,
CCN(CCC#N)c1ccc(N=Nc2ccc([N+](=O)[O-])cc2)cc1,O,CCN1(CCC#N)~O~c2([N+](=O)[O-])ccc(cc2)N=Nc2ccc1cc2,-5.079495906829834,ok,
COc1ccc(Nc2cc(N3CCCCC3C)c3noc4c3c2C(=O)c2ccccc2-4)cc1,O,CC1CCCCN1c1cc2c3c4c(onc14)-c1ccccc1C3(=O)~O~O(C)c1ccc(cc1)N2,-5.989813804626465,ok,
CCN(CC)c1ccc(N2C(=O)/C(=C\c3ccc(-c4cc(C(=O)O)ccc4C)o3)SC2=S)cc1,O,CCN(CC)c1ccc(N2C(=O)/C(=C\c3ccc(-c4cc(C5(=O)~O~O5)ccc4C)o3)SC2=S)cc1,-4.6689043045043945,ok,
O=C(O)c1cccc(N2C(=O)C(=CC(Cl)=Cc3ccc([N+](=O)[O-])cc3)SC2=S)c1,O,O=C1C(=CC(Cl)=Cc2ccc([N+](=O)[O-])cc2)SC(=S)N1c1cccc(C2(=O)~O~O2)c1,-4.495519161224365,ok,
CCCCCCCCN1C(=O)c2cccc3c(N=Nc4ccc(N(CC)CC)cc4)ccc(c23)C1=O,O,CCCCCCCCN1C(=O)c2cccc3c4ccc(c23)C1(=O)~O~N(CC)(CC)c1ccc(cc1)N=N4,-6.236163139343262,ok,
CCCCC(CC)CN1C(=O)C(=CC2=Cc3ccccc3OC2)SC1=S,O,CCCCC(CC)CN1C(=S)SC2=CC3=Cc4ccccc4O(~O~C21=O)C3,-7.271373271942139,ok,
O=C1C(=CC(Cl)=Cc2ccc([N+](=O)[O-])cc2)SC(=S)N1c1ccc(O)cc1,O,O=[N+]([O-])c1ccc(C=C(Cl)C=C2SC(=S)N3c4ccc(cc4)O~O~C23=O)cc1,-5.995997905731201,ok,
COCCNc1cc(NCCO)c(N)c2c1C(=O)c1ccccc1C2=O,O,COCCNc1cc(NCCO)c2c3c1C(=O)c1ccccc1C3(=O)~O~N2,-5.502322673797607,ok,
C=CCOc1ccc(-c2c3nc(c(-c4ccc(OCC=C)cc4)c4ccc([nH]4)c(-c4ccc(OCC=C)cc4)c4nc(c(-c5ccc(OCC=C)cc5)c5ccc2[nH]5)C=C4)C=C3)cc1,O,C=CCOc1ccc(-c2c3nc(c(-c4ccc(OCC=C)cc4)c4ccc([nH]4)c(-c4ccc5(~O~O5CC=C)cc4)c4nc(c(-c5ccc(OCC=C)cc5)c5ccc2[nH]5)C=C4)C=C3)cc1,,failed,Featurization failed: RDKit could not parse Smiles_Merged
[C]C([C])=C1C(=O)[N]c2ccc([O+]S([O-])=Nc3ccc([C])c(N([C])[C])c3)cc21,O,[C]C([C])=C1C(=O)[N]c2ccc3(~O~[O-]S(=Nc4ccc([C])c(N([C])[C])c4)[O+]3)cc21,,failed,Featurization failed: RDKit could not parse Smiles_Merged
O=C1C(=CC(Cl)=Cc2ccc([N+](=O)[O-])cc2)SC(=S)N1c1ccc(Br)cc1,O,O=[N+]([O-])c1ccc(C=C(Cl)C=C2SC(=S)N(c3ccc(Br)cc3)C23~O~O=3)cc1,-5.324034214019775,ok,
CCN(CC)c1ccc(/C=C2\CC/C(=C\C(C)C)C2=O)cc1,O,CCN1(CC)~O~C2(=O)/C(=C/c3ccc1cc3)CC/C2=C\C(C)C,-5.851529121398926,ok,
O=C1OC(=O)c2ccc(N3CCOCC3)c3c(N4CCOCC4)ccc1c23,O,O=C1c2ccc(N3CCOCC3)c3c(N4CCOCC4)ccc(c23)C2(=O)~O~O12,-4.814940452575684,ok,
Nc1c(NCCO)cc(NCCO)c2c1C(=O)c1ccccc1C2=O,O,O=C1c2ccccc2C2(=O)~O~Nc3c(NCCO)cc(NCCO)c1c32,-5.410378456115723,ok,
O=C1c2ccccc2C(=O)c2c(Nc3ccc(Br)cc3)ccc(Nc3ccc(Br)cc3)c21,O,O=C1c2ccccc2C2(=O)~O~N(c3ccc(Br)cc3)c3ccc(Nc4ccc(Br)cc4)c2c31,-6.39069938659668,ok,
C=CCN1C(=O)C(=CC=C2C=CN(CC)c3ccccc32)SC1=S,O,C=CCN1C(=S)SC2=CC=C3C=CN(CC)(~O~C21=O)c1ccccc13,-6.148426055908203,ok,
[C]Oc1ccc(/[C]=[C]/C([C]2[C][C]2)=C(\C#N)C([N])=C(C#N)C#N)cc1,O,[N]C(=C(C#N)C#N)/C(C#N)=C(/[C]=[C]/c1ccc(O2~O~[C]2)cc1)[C]1[C][C]1,-5.778261661529541,ok,
O=S(=O)([O-])c1ccc2cc(/N=N/c3cc(S(=O)(=O)[O-])c4cccnc4c3O)ccc2c1.[Na+].[Na+],O,O=S(=O)([O-])c1cc(/N=N/c2ccc3cc(S(=O)(=O)[O-]~O~[Na+])ccc3c2)c(O)c2ncccc12.[Na+],-2.242056131362915,ok,
O=[N+]([O-])c1ccc(C=C2NC(=S)Nc3[nH]/c(=N/c4ccccc4)sc32)cc1,O,O=[N+]([O-])c12~O~N3C(=S)Nc4[nH]/c(=N/c5ccccc5)sc4C3=Cc(cc1)cc2,-6.623654842376709,ok,
CCN1/C(=C\C=c2/s/c(=C3/SC(=S)N(Cc4ccccc4)C3=O)n(C)c2=O)Sc2ccccc21,O,CCN12~O~C3(=O)/C(=c4\s/c(c(=O)n4C)=C\C=C/1Sc1ccccc12)SC(=S)N3Cc1ccccc1,-5.900557518005371,ok,
CN(C)c1ccc2c(c1)OC1=CC([NH+](C)C)C=CC1=C2c1cc(C(=O)[O-])ccc1C(=O)O,O,CN(C)c1ccc2c(c1)OC1=CC([NH+](C)C)C=CC1=C2c1cc2ccc1C(=O)(O)~O~O=C2[O-],-4.2322845458984375,ok,
[C][C][C]([C])N=S([O-])[O+]c1ccc2c(c1)C(=C1[C][C][C][C]1)C(=O)[N]2,O,[C][C][C]([C])N=S1[O+]c2(~O~[O-]1)ccc1c(c2)C(=C2[C][C][C][C]2)C(=O)[N]1,,failed,Featurization failed: RDKit could not parse Smiles_Merged
CN(C)c1ccc(/C=C2/CCC/C(=C\c3ccncc3)C2=O)cc1,O,CN1(C)~O~C2(=O)/C(=C\c3ccc1cc3)CCC/C2=C\c1ccncc1,-4.752307891845703,ok,
O=C1C(=C2SCCS2)CC/C1=C\c1ccc([N+](=O)[O-])cc1,O,O=[N+]([O-])c12~O~O=C3C(=C4SCCS4)CC/C3=C\c(cc1)cc2,-5.395028114318848,ok,
[C]N1C(=O)C(=C2[C]C([C])([C])[C]C([C]=[C]c3ccc(N([C])[C])s3)=[C]2)C(=O)N([C])C1=O,O,[C]N1C(=O)C2=C3[C]C([C])([C])[C]C(=[C]3)[C]=[C]c3ccc(s3)N([C])([C])~O~C1(=O)N([C])C2=O,-5.719085693359375,ok,
CN1C=CC=CC1=C(C#N)C#N,O,CN12~O~C(C#N)(C#N)=C1C=CC=C2,-3.2281582355499268,ok,
COc1cc(/C=C2/CC/C(=C\c3cccc([N+](=O)[O-])c3)C2=O)cc(OC)c1O,O,COc1cc2cc(OC)c1O~O~c1([N+](=O)[O-])cccc(c1)/C=C1\CC/C(=C/2)C1=O,-3.4620742797851562,ok,
O=C1OC(c2ccccc2)=C/C1=C\c1ccc(-c2ccc([N+](=O)[O-])cc2Br)o1,O,O=[N+]([O-])c1ccc(-c2ccc3o2~O~C2(=O)OC(c4ccccc4)=C/C2=C\3)c(Br)c1,-5.768285751342773,ok,
CCN(CC)c1ccc(C=C2CCC(C=NN=Cc3cccnc3)=C2N2CCOCC2)cc1,O,CCN(CC)c1ccc(C=C2CCC(C=NN=Cc3cccnc3)=C2N2CCO3~O~C3C2)cc1,-3.4060232639312744,ok,
CC1(C)OC(=CC=CC(=O)C=C(c2ccccc2)N2CCOCC2)C=C(c2ccccc2)O1,O,CC12(C)~O~O1C(=CC=CC(=O)C=C(c1ccccc1)N1CCOCC1)C=C(c1ccccc1)O2,-5.931224822998047,ok,
COc1ccc(N2C(=O)C(=Cc3ccc(-c4ccc([N+](=O)[O-])cc4)o3)SC2=S)cc1,O,CO1~O~C2(=O)C(=Cc3ccc(-c4ccc([N+](=O)[O-])cc4)o3)SC(=S)N2c2ccc1cc2,-6.014215469360352,ok,
COc1ccc(/C=C2\C(=O)c3ccccc3C2=C(C#N)C#N)cc1OC,O,COc1cc2ccc1O(C)~O~C1(=O)/C(=C\2)C(=C(C#N)C#N)c2ccccc21,-5.512298107147217,ok,
CCOc1ccc(N2C(=O)C(=Cc3ccc(-c4ccc([N+](=O)[O-])cc4)o3)SC2=S)cc1,O,CCO1~O~C2(=O)C(=Cc3ccc(-c4ccc([N+](=O)[O-])cc4)o3)SC(=S)N2c2ccc1cc2,-6.33461856842041,ok,
CCN1/C(=C\C=c2/s/c(=C3\SC(=S)N(C)C3=O)n(CC)c2=O)Sc2ccc(OC)cc21,O,CCN1/C2=C\C=c3/s/c(=C4\SC(=S)N(C)C4=O)n(CC)c3(=O)~O~O(C)c3ccc(c1c3)S2,-7.058361530303955,ok,
N=C(N)NN=C(C=Cc1ccc([N+](=O)[O-])o1)C=Cc1ccc([N+](=O)[O-])o1,O,N=C(N)NN=C(C=Cc1ccc([N+](=O)[O-])o1)C=Cc1ccc2([N+](=O)[O-])~O~o12,-4.801560401916504,ok,
CCN(CC)CC.CCN(CC)CC.CC[N+]1=C(C=CC=CC=C2N(CCCCCC(=O)ON3C(=O)CCC3=O)c3ccc(S(=O)(=O)O)cc3C2(C)C)C(C)(C)c2cc(S(=O)(=O)[O-])ccc21,O,CCN(CC)CC.CCN(CC)CC.CC[N+]1=C2C=CC=CC=C3N(CCCCCC(=O)(ON4C(=O)CCC4=O)~O~[O-]S(=O)(=O)c4ccc1c(c4)C2(C)C)c1ccc(S(=O)(=O)O)cc1C3(C)C,-2.8447418212890625,ok,
CC(C)(C)c1ccc(C=C2CCC(=C3SCCCS3)C2=O)o1,O,CC(C)(C)c1ccc2o1~O~C1(=O)C(=C2)CCC1=C1SCCCS1,-6.084192276000977,ok,
[C]Oc1ccc(/[C]=C2/[C][C][C]C(=C3S[C][C][C]S3)C2=O)cc1,O,O=C1C(=C2S[C][C][C]S2)[C][C][C]/C1=[C]/c1ccc(O2~O~[C]2)cc1,-4.993520736694336,ok,
O=C1/C(=C/c2ccc(-c3ccc([N+](=O)[O-])cc3)o2)C=C(c2ccccc2)N1c1ccc(F)cc1,O,O=C1/C(=C/c2ccc3o2~O~c2([N+](=O)[O-])ccc-3cc2)C=C(c2ccccc2)N1c1ccc(F)cc1,-6.134767532348633,ok,
COc1ccc(N2C(=O)C(=Cc3ccc(-c4ccc([N+](=O)[O-])cc4)o3)NC2=S)cc1,O,CO1~O~C2(=O)C(=Cc3ccc(-c4ccc([N+](=O)[O-])cc4)o3)NC(=S)N2c2ccc1cc2,-6.017438888549805,ok,
Cc1cc2nc(C=Cc3ccc(-c4ccc([N+](=O)[O-])cc4Br)o3)sc2cc1C,O,Cc1cc2nc(C=Cc3ccc4o3~O~c3([N+](=O)[O-])ccc-4c(Br)c3)sc2cc1C,-7.197391510009766,ok,
O=C(O)c1cccc(N2C(=O)/C(=C/c3ccc(-c4ccc([N+](=O)[O-])cc4)o3)C=C2c2ccccc2)c1,O,O=C1/C(=C/c2ccc(-c3ccc([N+](=O)[O-])cc3)o2)C=C(c2ccccc2)N1c1cccc(C2(=O)~O~O2)c1,-4.379001617431641,ok,
O=S(=O)([O-])c1ccc(/N=N/c2c(O)ccc3cc(S(=O)(=O)[O-])ccc23)cc1.[Na+].[Na+],O,O=S(=O)([O-])c1ccc2c(/N=N/c3ccc(S(=O)(=O)[O-]~O~[Na+])cc3)c(O)ccc2c1.[Na+],-2.3331592082977295,ok,
CCN1C(=O)/C(=c2/s/c(=C\C=C3\Sc4ccc(OC)cc4N3CC)c(=O)n2CC)SC1=S,O,CCN1/C2=C\C=c3/s/c(n(CC)c3=O)=C3\SC(=S)N(CC)C3(=O)~O~O(C)c3ccc(c1c3)S2,-7.067416191101074,ok,
O=C(Nc1ccc2nc(N3CCOCC3)sc2c1)c1ccc([N+](=O)[O-])cc1,O,O=C1Nc2ccc3nc(sc3c2)N2CCO(~O~c3([N+](=O)[O-])ccc1cc3)CC2,-5.247922897338867,ok,
Cc1cc(/C=C/c2ccc3cc(N(C)C)ccc3[n+]2C)c(C)n1-c1ccccc1,O,Cc1cc(/C=C/c2ccc3cc4ccc3(~O~N4(C)C)[n+]2C)c(C)n1-c1ccccc1,-6.485321044921875,ok,
O=C([O-])CCCCCCCCCCc1ccc2n1[B-](F)(F)[N+]1=C(C=CC=Cc3ccccc3)C=CC1=C2,O,[O-]C1=O~O~[B-]2(F)(F)n3c(ccc3CCCCCCCCCC1)C=C1C=CC(C=CC=Cc3ccccc3)=[N+]12,-4.414426803588867,ok,
N#C/C(=C/c1ccc(N2CCCCC2)cc1)c1ccc([N+](=O)[O-])cc1,O,N#C/C1=C/c2ccc(cc2)N2(~O~c3([N+](=O)[O-])ccc1cc3)CCCCC2,-6.075468063354492,ok,
Cc1ccc(C(=O)c2c(/C=C/N(C)C)oc3cc(C#N)c(C#N)cc23)cc1,O,Cc1ccc(C2(=O)~O~o3c(/C=C/N(C)C)c2c2cc(C#N)c(C#N)cc23)cc1,-6.304307460784912,ok,
CCN(CC)c1ccc(-n2c(N)c(C(=O)OCC(C)C)c3nc4ccccc4nc32)cc1,O,CCN(CC)c1ccc(-n2c(N)c(C3(=O)~O~O3CC(C)C)c3nc4ccccc4nc32)cc1,-2.7706730365753174,ok,
O=C1C(=CC=Cc2ccc([N+](=O)[O-])o2)SC(=S)N1c1cccc(Cl)c1,O,O=C1C(=CC=Cc2ccc3([N+](=O)[O-])~O~o23)SC(=S)N1c1cccc(Cl)c1,-6.134921073913574,ok,
CCN1/C(=C\C=c2/s/c(=C3/SC(=S)N(C)C3=O)n(CC)c2=O)Sc2ccc(OC)cc21,O,CCN1/C2=C\C=c3/s/c(=C4/SC(=S)N(C)C4=O)n(CC)c3(=O)~O~O(C)c3ccc(c1c3)S2,-7.139847755432129,ok,
CCN1/C(=C\C=c2/s/c(=C3\SC(=S)N(Cc4ccccc4)C3=O)n(CC)c2=O)C(C)(C)c2cc(-c3ccccc3)ccc21,O,CCn1c(=O)\c2s/c1=C1\SC(=S)N(Cc3ccccc3)C1(=O)~O~N1(CC)/C(=C\C=2)C(C)(C)c2cc(-c3ccccc3)ccc21,-6.149588108062744,ok,
CCc1ccc(N2CN=c3s/c(=C\C=C\c4ccccc4)c(=O)n3C2)cc1,O,CCc1ccc(N23~O~c4(=O)/c(=C/C=C/c5ccccc5)sc(n4C2)=NC3)cc1,-4.52260684967041,ok,
O=C1C2CCCN2C(=O)N1c1ccc(/N=N/c2ccccc2)cc1,O,O=C1C2CCCN23~O~C3(=O)N1c1ccc(/N=N/c2ccccc2)cc1,-4.138240337371826,ok,
CC1=C(C#N)c2nc(N)c(C#N)c(C)c2/C1=C\c1ccc(N2CCCC2)cc1,O,CC1=C(C#N)c2nc3(~O~N3)c(C#N)c(C)c2/C1=C\c1ccc(N2CCCC2)cc1,,failed,Featurization failed: RDKit could not parse Smiles_Merged
CN(C)c1ccc(/C=C/C=C(\C#N)c2cccc(F)c2)cc1,O,CN1(C)~O~c2(F)cccc(c2)/C(C#N)=C/C=C/c2ccc1cc2,-6.670713424682617,ok,
CN1c2cc3c(cc2N=C(c2ccc(C(=O)O)cc2)c2ccccc21)C(C)(C)CCC3(C)C,O,CN1c2cc3c(cc2N=C(c2ccc(C4(=O)~O~O4)cc2)c2ccccc21)C(C)(C)CCC3(C)C,-3.056124210357666,ok,
Cc1cc(-c2ccc(/N=C/c3ccc([N+](=O)[O-])s3)c(C)c2)ccc1/N=C/c1ccc([N+](=O)[O-])s1,O,Cc1cc(-c2ccc(/N=C/c3ccc4(~O~O=[N+]4[O-])s3)c(C)c2)ccc1/N=C/c1ccc([N+](=O)[O-])s1,,failed,Featurization failed: RDKit could not parse Smiles_Merged
CCN(CC)c1ccc(C=C2CCC(C=NN=Cc3cnc4ccccc4n3)=C2N2CCOCC2)cc1,O,CCN(CC)c1ccc(C=C2CCC3=C2N2CCO(~O~c4(cnc5ccccc5n4)C=NN=C3)CC2)cc1,,failed,Featurization failed: RDKit could not parse Smiles_Merged
Cc1cc(C=C(C#N)C#N)c(C)n1-c1ccc(N2CCOCC2)cc1,O,Cc1cc2c(C)n1-c1ccc(cc1)N1CCO(~O~C(C#N)(C#N)=C2)CC1,-4.375494480133057,ok,
O=C1[N]c2ccc([O+]S([O-])=N[C]c3ccccc3)cc2C1=C1[C][C][C][C]1,O,O=C1[N]c2ccc3(~O~[O-]S(=N[C]c4ccccc4)[O+]3)cc2C1=C1[C][C][C][C]1,,failed,Featurization failed: RDKit could not parse Smiles_Merged
[C]N1C(=O)C(=C2[C][C][C][C]2)c2cc(S(=O)(=O)N([C])[C]3[C][C][C][C][C]3)ccc21,O,[C]N([C]1[C][C][C][C][C]1)S(=O)(=O)c1ccc2c(c1)C(=C1[C][C][C][C]1)C1(=O)~O~N21[C],-3.784053087234497,ok,
CN(C)c1ccc(C=C2C=C(c3ccccc3)OC(c3ccccc3)=C2)cc1,O,CN(C)c1ccc(C=C2C=C(c3ccccc3)O3~O~C3(c3ccccc3)=C2)cc1,-5.425844192504883,ok,
CCN(CC)c1ccc2c(C=CC=C3C=Cc4ccccc4N3C)c3ccccc3[o+]c2c1,O,CCN1(CC)~O~c23cc1ccc2c(C=CC=C1C=Cc2ccccc2N1C)c1ccccc1[o+]3,-9.521269798278809,ok,
CN(C)c1ccc(/C=C/c2cc(-c3ccccc3)[n+](C)c3ccccc23)cc1,O,C[n+]1c2ccccc2c2cc1(-c1ccccc1)~O~N(C)(C)c1ccc(cc1)/C=C/2,-6.2193732261657715,ok,
COc1ccc(/C=C2\CCC/C(=C\c3ccc(N(C)C)cc3)C2=O)cc1,O,CN(C)c1ccc(/C=C2\CCC/C3=C\c4ccc(cc4)O(C)~O~C23=O)cc1,-5.507513523101807,ok,
O=C1/C(=C/c2ccc(-c3ccc([N+](=O)[O-])cc3)o2)C=C(c2ccccc2)N1c1cccc(Cl)c1,O,O=C1/C(=C/c2ccc3o2~O~c2([N+](=O)[O-])ccc-3cc2)C=C(c2ccccc2)N1c1cccc(Cl)c1,-6.432257175445557,ok,
O=C1C(=Cc2ccc(-c3cccc([N+](=O)[O-])c3)s2)CCc2[nH]c(=O)ccc21,O,O=C1C2=Cc3ccc(s3)-c3cccc([N+](=O)[O-])(~O~[nH]4c(c1ccc4=O)CC2)c3,-6.612101078033447,ok,
CN(C)c1cccc(N2C(=O)C(c3ccccc3)=C(c3ccccc3)C2=O)c1,O,CN1(C)~O~C2(=O)C(c3ccccc3)=C(c3ccccc3)C(=O)N2c2cccc1c2,-5.483532905578613,ok,
CCOc1ccc(Nc2cc(N3CCCCC3C)c3noc4c3c2C(=O)c2ccccc2-4)cc1,O,CCO1~O~C2(=O)c3ccccc3-c3onc4c(N5CCCCC5C)cc(c2c34)Nc2ccc1cc2,-6.097378730773926,ok,
CC[n+]1c(C=C2C=C(C=CN(C)c3ccccc3)CC(C)(C)C2)sc2ccccc21,O,CC[n+]1c2ccccc2sc12~O~N(C)(c1ccccc1)C=CC1=CC(=C2)CC(C)(C)C1,,failed,Featurization failed: RDKit could not parse Smiles_Merged
[C][C]([C])[N]C(c1ccc([N][C][C][O])cc1)=c1ccc(=C(C#N)C#N)cc1,O,[C][C]([C])[N]1~O~[C]([O])[C][N]c2ccc(cc2)C1=c1ccc(=C(C#N)C#N)cc1,-5.101810455322266,ok,
[C][C]N1C(=O)C(=[C]c2ccc(N3[C][C][C][C]3)cc2[C])C(=O)N([C][C])C1=S,O,[C][C]N1C(=O)C2=[C]c3ccc(cc3[C])N3(~O~C2(=O)N([C][C])C1=S)[C][C][C][C]3,-4.00269079208374,ok,
O=C1/C(=C\c2ccc([N+](=O)[O-])cc2)CCC/C1=C\c1ccc([N+](=O)[O-])cc1,O,O=[N+]([O-])c1ccc(/C=C2\CCC/C3=C/c4ccc([N+](=O)[O-])(~O~O=C32)cc4)cc1,-6.000017166137695,ok,
O=C1c2ccccc2C(=O)c2cc(N3CCCCC3)ccc21,O,O=C1c2ccccc2C2(=O)~O~N3(CCCCC3)c3ccc1c2c3,-5.703993320465088,ok,
CN(CCC#N)c1ccc(/C=C/c2ccc3ccccc3[n+]2C)cc1,O,C[n+]1c2ccc3ccccc31~O~N(C)(CCC#N)c1ccc(cc1)/C=C/2,-6.573626518249512,ok,
CCCCc1ccc(NC2=CC(=O)c3c(Nc4ccc(CCCC)cc4)cc4c5c(c(Nc6ccc(CCCC)cc6)cc2c35)C(=O)C=C4Nc2ccc(CCCC)cc2)cc1,O,CCCCc1ccc(NC2=CC(=O)c3c(Nc4ccc(CCCC)cc4)cc4c5c(c(Nc6ccc(CCCC)cc6)cc2c35)C2(=O)~O~N(c3ccc(CCCC)cc3)C4=C2)cc1,-7.835972785949707,ok,
O=C1/C(=C/c2ccc([N+](=O)[O-])cc2)CC/C1=C\c1ccc([N+](=O)[O-])cc1,O,O=[N+]([O-])c1ccc(/C=C2\CC/C3=C\c4ccc([N+](=O)[O-])(~O~O=C23)cc4)cc1,-5.774211883544922,ok,
Cc1cc([N+](=O)[O-])ccc1-c1ccc(/C=C/c2ccc3cccc(O)c3n2)o1,O,Cc1cc2([N+](=O)[O-])~O~Oc3cccc4ccc(nc34)/C=C/c3ccc(o3)-c1cc2,-4.5687360763549805,ok,
CC[n+]1c(/C=C/C=C/C=C/N(C(=O)O)c2ccccc2)oc2ccccc21,O,CC[n+]1c(/C=C/C=C/C=C/N(c2ccccc2)C2(=O)~O~O2)oc2ccccc21,-3.5597026348114014,ok,
CCCCCCCCCCCCCCCCSc1[s+]c(N2CCCCC2)sc1C,O,CCCCCCCCCCCCCCCCSc1[s+]c2(~O~N23CCCCC3)sc1C,,failed,Featurization failed: RDKit could not parse Smiles_Merged
CC1=C(C#N)c2nc(N)c(C#N)c(C)c2/C1=C\C=C\c1ccccc1,O,CC1=C(C#N)c2nc3(~O~N3)c(C#N)c(C)c2/C1=C\C=C\c1ccccc1,,failed,Featurization failed: RDKit could not parse Smiles_Merged
CC[n+]1c(/C=C\C=C2\N(C)c3ccccc3C2(C)C)sc2ccccc21,O,CC[n+]1c2ccccc2sc12~O~N1(C)C(=CC=C2)C(C)(C)c2ccccc21,,failed,Featurization failed: RDKit could not parse Smiles_Merged
CN(C)c1c(C=C(C#N)C#N)cc(C=C(C#N)C#N)c(N(C)C)c1C#N,O,CN(C)c1c(C=C(C#N)C#N)cc2c(c1C#N)N(C)(C)~O~C(C#N)(C#N)=C2,-5.889239311218262,ok,
CN(C)C(C(C=C(C#N)C#N)=C1)=C(C#N)C(N(C)C)=C1C=C(C#N)C#N,O,CN(C)c1c(C=C(C#N)C#N)cc2c(c1C#N)N(C)(C)~O~C(C#N)(C#N)=C2,-5.889239311218262,ok,
"[K+].CC(C)(C)C1=CC=C(C=C1)[B-](F)(F)F |c:6,8,t:4|",O,CC(C)(C)c1ccc([B-](F)(F)F~O~[K+])cc1,-3.376194715499878,ok,
CCc1ccccc1/N=C1\S/C(=C\C=C\c2ccc([N+](=O)[O-])o2)C(=O)N1c1ccccc1CC,O,CCc1ccccc1/N=C1\S/C(=C\C=C\c2ccc3([N+](=O)[O-])~O~o23)C(=O)N1c1ccccc1CC,-5.871737957000732,ok,
O=C1N=C(N2CCN(c3cccc(Cl)c3)CC2)SC1=Cc1ccc(-c2ccc([N+](=O)[O-])cc2Cl)o1,O,O=[N+]([O-])c1ccc(-c2ccc3o2~O~C2(=O)N=C(N4CCN(c5cccc(Cl)c5)CC4)SC2=C3)c(Cl)c1,-5.187362194061279,ok,
CC[n+]1c(/C=C/C=C2/N(C)c3ccccc3C2(C)C)sc2ccccc21,O,CC[n+]1c2ccccc2sc12~O~N1(C)C(=CC=C2)C(C)(C)c2ccccc21,,failed,Featurization failed: RDKit could not parse Smiles_Merged
Cc1ccc(NC2CCCCC2)c2c1C(=O)c1ccccc1C2=O,O,Cc1ccc2c3c1C(=O)c1ccccc1C3(=O)~O~N2C1CCCCC1,-5.515815734863281,ok,
CCNc1cc(NCc2ccccc2)c(N)c2c1C(=O)c1ccccc1C2=O,O,CCNc1cc(NCc2ccccc2)c2c3c1C(=O)c1ccccc1C3(=O)~O~N2,-5.677424430847168,ok,
CNc1ccc(NS(=O)(=O)c2ccc(C)cc2)c2c1C(=O)c1ccccc1C2=O,O,Cc1ccc(S2(=O)(=O)~O~N(C)c3ccc(c4c3C(=O)c3ccccc3C4=O)N2)cc1,-5.5414228439331055,ok,
C=Cc1c(C)c2cc3nc(c(CC(=O)[O-])c4[n-]c(cc5nc(cc1[n-]2)C(C)=C5CC)c(C)c4C(=O)[O-])C(CCC(=O)[O-])C3C.[Cu+2].[Na+].[Na+].[Na+],O,C=Cc1c(C)c2cc3nc(c(CC(=O)[O-])c4[n-]c(cc5nc(cc1[n-]2~O~[Cu+2])C(C)=C5CC)c(C)c4C(=O)[O-])C(CCC(=O)[O-])C3C.[Na+].[Na+].[Na+],-1.6797102689743042,ok,
[C]N1C(=O)C(=C2[C][C][C][C]2)c2cc(S(=O)ON3[C][C]N(c4ccc(F)cc4)[C][C]3)ccc21,O,[C]N1c2ccc3cc2C(=C2[C][C][C][C]2)C1(=O)~O~N1(c2ccc(F)cc2)[C][C]N([C][C]1)OS3=O,-3.3875482082366943,ok,
C=CC1=C(C)c2cc3[n-]c(cc4[n-]c(cc5nc(cc1n2)C(C)=C5C=C)c(C)c4CCC(=O)O)c(CCC(=O)O)c3C.[Fe+2],O,C=CC1=C(C)c2cc3c(C)c(CCC(=O)O)c(cc4[n-]c(cc5nc(cc1n2)C(C)=C5C=C)c(C)c4CCC(=O)O)[n-]3~O~[Fe+2],-1.1393165588378906,ok,
CN(C)c1ccc(/C=C2/CCC/C(=C\c3cccs3)C2=O)cc1,O,CN1(C)~O~C2(=O)/C(=C\c3ccc1cc3)CCC/C2=C\c1cccs1,-5.907254695892334,ok,
C[n+]1c(C=Cc2ccc(-c3ccc(SC(F)F)cc3)o2)sc2ccccc21,O,C[n+]1c(C=Cc2ccc3o2~O~C(F)(F)Sc2ccc-3cc2)sc2ccccc21,-8.162353515625,ok,
O=[N+]([O-])c1cccc(/N=N/c2ccc(Nc3ccccc3)cc2)c1,O,O=[N+]([O-])c12~O~N(c3ccccc3)c3ccc(cc3)/N=N/c(ccc1)c2,-4.00791072845459,ok,
CCN(CC)c1ccc(C=C2CCC(C=NN=Cc3ccc(Cl)cc3)=C2N2CCOCC2)cc1,O,CCN(CC)c1ccc(C=C2CCC(C=NN=Cc3ccc(Cl)cc3)=C2N2CCO3~O~C3C2)cc1,-5.377832889556885,ok,
COc1ccc(N2C(=O)C(=Cc3ccc(-c4ccc(Cl)c(Cl)c4)o3)C=C2c2ccccc2)cc1,O,CO1~O~C2(=O)C(=Cc3ccc(-c4ccc(Cl)c(Cl)c4)o3)C=C(c3ccccc3)N2c2ccc1cc2,-6.302661895751953,ok,
C/C(=N\N=C\c1ccc(N(C)C)cc1)c1cccc([N+](=O)[O-])c1,O,C/C1=N\N=C\c2ccc(cc2)N(C)(C)~O~c2([N+](=O)[O-])cccc1c2,-4.1143059730529785,ok,
O=C1C(=Cc2ccc(N3CCOCC3)o2)C(=O)c2ccccc21,O,O=C1C2=Cc3ccc(N4CCOCC4)o3~O~C2(=O)c2ccccc21,-5.46085786819458,ok,
CCN1/C(=C\C=c2/s/c(=C3\SC(=S)N(Cc4ccccc4)C3=O)n(C)c2=O)Sc2ccccc21,O,CCN12~O~C3(=O)/C(=c4/s/c(c(=O)n4C)=C\C=C/1Sc1ccccc12)SC(=S)N3Cc1ccccc1,-5.781009674072266,ok,
COc1ccc(Nc2cc(NCCO)c(N)c3c2C(=O)c2ccccc2C3=O)cc1,O,CO1~O~C2(=O)c3ccccc3C(=O)c3c(cc(NCCO)c(N)c32)Nc2ccc1cc2,-5.84242582321167,ok,
N#C/C(=C\c1ccc(N2CCOCC2)o1)c1ccc([N+](=O)[O-])cc1,O,N#C/C1=C\c2ccc(N3CCOCC3)o2~O~c2([N+](=O)[O-])ccc1cc2,-5.284786224365234,ok,
CCCCCCN1C=C/C(=C\C(C#N)=C2C(=O)c3ccccc3C2=O)c2ccccc21,O,CCCCCCN12~O~C3(=O)C(=C(C#N)/C=C(\C=C1)c1ccccc12)C(=O)c1ccccc13,-6.4639973640441895,ok,
CC(C)(C)c1ccc(N2C(=O)C(=Cc3ccc(-c4ccc(Br)cc4)o3)C=C2c2ccccc2)cc1,O,CC(C)(C)c1ccc(N2C(c3ccccc3)=CC3=Cc4ccc(-c5ccc(Br)cc5)o4~O~C32=O)cc1,-6.581731796264648,ok,
C[N+]1=C(C=CC=CC=C2N(CCCCCC(=O)NCCN3C(=O)C=CC3=O)c3ccccc3C2(C)C)C(C)(C)c2ccccc21,O,C[N+]1=C(C=CC=CC=C2N(CCCCCC(=O)N3~O~C4(=O)C=CC(=O)N4CC3)c3ccccc3C2(C)C)C(C)(C)c2ccccc21,-5.37590217590332,ok,
O=C1C(Cl)=C(N2CCCC2)C(=O)C(Cl)=C1c1cnc(N2CCCCC2)s1,O,O=C1C(Cl)=C2C(=O)(~O~N23CCCC3)C(Cl)=C1c1cnc(N2CCCCC2)s1,-5.940359115600586,ok,
COc1cccc(N2C(=O)/C(=C\C=C\c3ccco3)SC2=S)c1,O,CO1~O~C2(=O)/C(=C\C=C\c3ccco3)SC(=S)N2c2cccc1c2,-6.023408889770508,ok,
[Na+].CC(=O)Nc1ccc(Nc2cc(c(N)c3C(=O)c4ccccc4C(=O)c23)S([O-])(=O)=O)cc1,O,CC(=O)Nc1ccc(Nc2cc(S(=O)(=O)[O-]~O~[Na+])c(N)c3c2C(=O)c2ccccc2C3=O)cc1,-3.357790470123291,ok,
COCCNc1cc(NCc2ccccc2)c(N)c2c1C(=O)c1ccccc1C2=O,O,COCCNc1cc(NCc2ccccc2)c2c3c1C(=O)c1ccccc1C3(=O)~O~N2,-5.539936065673828,ok,
CCCCCC[NH+]1[CH-]Nc2c(c3nc4ccccc4nc3n2/N=C/c2cccs2)C1=O,O,CCCCCC[NH+]1[CH-]N2~O~C1(=O)c1c2n(/N=C/c2cccs2)c2nc3ccccc3nc12,-4.252146244049072,ok,
CCCN1C(=O)C(=CC=C2C=CN(CC)c3ccccc32)SC1=S,O,CCCN1C(=S)SC2=CC=C3C=CN(CC)(~O~C21=O)c1ccccc13,-6.507632255554199,ok,
CCN(CCO)c1ccc(N=Nc2ccc([N+](=O)[O-])cc2)cc1,O,CCN1CCO~O~c2([N+](=O)[O-])ccc(cc2)N=Nc2ccc1cc2,-2.513014793395996,ok,
CN1C(=CC=CC2=[N+](C)c3ccc4ccccc4c3C2(C)C)C(C)(C)c2c1ccc1ccccc21,O,C[N+]1=C2C=CC=C3C(C)(C)c4c(ccc5ccccc45)N3(C)~O~c13ccc1ccccc1c3C2(C)C,-6.736940383911133,ok,
O=[N+]([O-])c1ccc(/C=N/c2ccc(/N=N/c3ccccc3)cc2)s1,O,[O-][N+]1=O~O~c12ccc(/C=N/c1ccc(/N=N/c3ccccc3)cc1)s2,,failed,Featurization failed: RDKit could not parse Smiles_Merged
Oc1ccc(O)c(C=C2CCCc3cc4cc(O)ccc4[o+]c32)c1,O,Oc1ccc23~O~Oc4ccc(O)c(c4)C=C4CCCc(cc2c1)c4[o+]3,-8.571064949035645,ok,
Cc1cc(C=C2C(=O)c3ccccc3C2=O)c(C)n1-c1ccc(N(C)C)cc1,O,Cc1cc2c(C)n1-c1ccc(cc1)N(C)(C)~O~C1(=O)C(=C2)C(=O)c2ccccc21,-5.1670660972595215,ok,
O=C1C(Cl)=C(N2CCCCC2)C(=O)C(Cl)=C1c1cnc(N2CCCCC2)s1,O,O=C1C(Cl)=C2C(=O)(~O~N23CCCCC3)C(Cl)=C1c1cnc(N2CCCCC2)s1,-6.060765266418457,ok,
CSCCC(C(=O)O)N1C(=O)/C(=C\C(Cl)=C\c2ccc([N+](=O)[O-])cc2)SC1=S,O,CSCCC(N1C(=O)/C(=C\C(Cl)=C\c2ccc([N+](=O)[O-])cc2)SC1=S)C1(=O)~O~O1,-5.012850284576416,ok,
O=C1c2ccccc2-c2cc(N3CCOCC3)nc3cccc1c23,O,O=C12~O~O3CCN(CC3)c3cc(c4c1cccc4n3)-c1ccccc12,-4.661555290222168,ok,
CCCN1CCN(c2cc(NC3CCCCC3)c3c4c(onc24)-c2ccccc2C3=O)CC1,O,CCCN1CCN(c2cc3c4c5c(onc25)-c2ccccc2C4(=O)~O~N3C2CCCCC2)CC1,-4.455681324005127,ok,
O=C1/C(=C\c2ccc(-c3ccc([N+](=O)[O-])cc3)o2)NC(=S)N1CC1CCCO1,O,O=[N+]([O-])c1ccc(-c2ccc3o2~O~C2(=O)/C(=C\3)NC(=S)N2CC2CCCO2)cc1,-7.131589889526367,ok,
O=C1[N]c2ccc([O+]S([O-])=Nc3ccccc3)cc2C1=C1[C][C][C][C]1,O,O=C1[N]c2ccc3(~O~[O-]S(=Nc4ccccc4)[O+]3)cc2C1=C1[C][C][C][C]1,,failed,Featurization failed: RDKit could not parse Smiles_Merged
COc1cccc(N2C(=O)C(=Cc3ccc(-c4ccc(Cl)c(Cl)c4)o3)C=C2c2ccccc2)c1,O,CO1~O~C2(=O)C(=Cc3ccc(-c4ccc(Cl)c(Cl)c4)o3)C=C(c3ccccc3)N2c2cccc1c2,-6.185281276702881,ok,
Nc1c(NCc2ccccc2)cc(NCCO)c2c1C(=O)c1ccccc1C2=O,O,O=C1c2ccccc2C2(=O)~O~Nc3c(NCc4ccccc4)cc(NCCO)c1c32,-5.614047050476074,ok,
O=C1/C(=C/c2ccc(-c3ccc([N+](=O)[O-])cc3)o2)C=C(c2ccccc2)N1c1ccccc1Br,O,O=C1/C(=C/c2ccc3o2~O~c2([N+](=O)[O-])ccc-3cc2)C=C(c2ccccc2)N1c1ccccc1Br,-6.270306587219238,ok,
CC1=C(C#N)c2nc(N)c(C#N)c(C)c2/C1=C\c1ccc(N2CCCCC2)cc1C,O,CC1=C(C#N)c2nc3(~O~N3)c(C#N)c(C)c2/C1=C\c1ccc(N2CCCCC2)cc1C,,failed,Featurization failed: RDKit could not parse Smiles_Merged
CN1/C(=C\C=C2/N=C(c3ccccc3)OC2=O)C(C)(C)c2ccccc21,O,CN1/C(=C\C=C2/N=C(c3ccccc3)O3~O~C23=O)C(C)(C)c2ccccc21,-3.8031651973724365,ok,
[C]Oc1ccc(/[C]=C2/[C][C][C]C(=C3S[C][C]S3)C2=O)cc1,O,O=C1C(=C2S[C][C]S2)[C][C][C]/C1=[C]/c1ccc(O2~O~[C]2)cc1,-5.128382205963135,ok,
O=C1C(=[C]c2ccc(Cl)cc2)[C][C]C1=C1S[C][C][C]S1,O,Clc1ccc([C]=C2[C][C]C(=C3S[C][C][C]S3)C23~O~O=3)cc1,-4.151350498199463,ok,
C[N+](C1=CC=CC=C1C=C2)=C2/C=C/C3=CC=C(N(C)C)C=C3.[I-],O,CN(C)c1ccc(/C=C/c2ccc3ccccc3(~O~[I-])[n+]2C)cc1,-5.395753860473633,ok,
CN1C(=O)/C(=C\C=C\c2ccc([N+](=O)[O-])o2)SC1=S,O,CN1C(=O)/C(=C\C=C\c2ccc3([N+](=O)[O-])~O~o23)SC1=S,-5.662362098693848,ok,
CCOC(=O)c1ccc(-c2ccc(/C=C3\C=C(c4ccccc4)N(c4cc([N+](=O)[O-])ccc4O)C3=O)o2)cc1,O,CCOC1(=O)~O~Oc2ccc([N+](=O)[O-])cc2N2C(=O)/C(=C/c3ccc(o3)-c3ccc1cc3)C=C2c1ccccc1,-5.300194263458252,ok,
CN1C=CC=C/C1=C\C1=CC(=C(C#N)C#N)C=C(c2ccccc2)O1,O,CN1C=CC=C/C1=C\C1=CC2=C(C#N)(C#N)~O~O1C(c1ccccc1)=C2,-5.55146598815918,ok,
[C][C]N1C(=O)C(=C([C])[N]c2sc3c(c2C#N)[C][C][C]3)C(=O)N([C][C])C1=S,O,[C][C]N1C(=O)C(=C([C])[N]c2sc3c(c2C#N)[C][C][C]3)C2(=O)~O~N2([C][C])C1=S,-5.691313743591309,ok,
O=C1OC2(c3ccc([O-])cc3Oc3cc([O-])ccc32)c2ccccc21.[Na+].[Na+],O,O=C1OC2(c3ccc([O-])cc3Oc3cc([O-]~O~[Na+])ccc32)c2ccccc21.[Na+],-1.6535080671310425,ok,
O=S(=O)([O-])c1cc(O)c2ccc3c(S(=O)(=O)[O-])cc(S(=O)(=O)[O-])c4ccc1c2c34.[Na+].[Na+].[Na+],O,O=S(=O)([O-])c1cc(O)c2ccc3c(S(=O)(=O)[O-])cc(S(=O)(=O)[O-]~O~[Na+])c4ccc1c2c34.[Na+].[Na+],-2.3710954189300537,ok,
CCCCCC[NH+]1[CH-]Nc2c(c3nc4ccccc4nc3n2/N=C/c2ccco2)C1=O,O,CCCCCC[NH+]1[CH-]N2~O~C1(=O)c1c2n(/N=C/c2ccco2)c2nc3ccccc3nc12,-3.721437931060791,ok,
[C][C]N1C(=[C][C]=[C]C2=[C]C(=C(C#N)C#N)[C]C([C])([C])[C]2)N([C][C])c2ccccc21,O,[C][C]N1C2=[C][C]=[C]C3=[C]C(=C(C#N)(C#N)~O~N2([C][C])c2ccccc21)[C]C([C])([C])[C]3,-5.19649600982666,ok,
O=C1NC(=S)S/C1=C/C(Cl)=C/c1ccc([N+](=O)[O-])cc1,O,O=C1/C2=C\C(Cl)=C\c3ccc([N+](=O)[O-])(~O~N1C(=S)S2)cc3,-5.596166610717773,ok,
CN(C)c1ccc(/C=N/c2ccc([N+](=O)[O-])cc2)cc1,O,CN1(C)~O~c2([N+](=O)[O-])ccc(cc2)/N=C/c2ccc1cc2,-4.541624069213867,ok,
CCOC(=O)C1=C(Nc2ccc(OC)cc2)SC(=Cc2ccc(-c3cccc(C(=O)O)c3)o2)C1=O,O,CCOC1(=O)~O~O(C)c2ccc(cc2)NC2=C1C(=O)C(=Cc1ccc(-c3cccc(C(=O)O)c3)o1)S2,-6.572536468505859,ok,
[C]N1C(=O)C(=C2[C][C][C][C]2)c2cc(S(=O)(=O)[N][C]3[C][C][C][C][C]3)ccc21,O,[C]N12~O~C1(=O)C(=C1[C][C][C][C]1)c1cc(S(=O)(=O)[N][C]3[C][C][C][C][C]3)ccc12,-3.5830726623535156,ok,
CCN(CC)c1ccc2nc3c4ccccc4c(=O)cc-3oc2c1,O,CCN(CC)c1ccc2nc3c4ccccc4c4(=O)~O~o(c-3c4)c2c1,-5.614777565002441,ok,
CCN1C=CC(=CC=C2SC(=S)N(c3ccccc3)C2=O)c2ccccc21,O,CCN12~O~C3(=O)C(=CC=C(C=C1)c1ccccc12)SC(=S)N3c1ccccc1,-6.2843241691589355,ok,
CCOc1ccc(N2C(=O)/C(=C\C=C\c3ccco3)SC2=S)cc1,O,CCO1~O~C2(=O)/C(=C\C=C\c3ccco3)SC(=S)N2c2ccc1cc2,-6.511916160583496,ok,
c1ccc(C2=Nc3ccccc3N3C2C3c2ccccc2)cc1,O,c1ccc(C2=Nc3ccccc3N34~O~C23C4c2ccccc2)cc1,-4.816415786743164,ok,
COc1cc(C(=O)O)cc(C=Cc2ccc3cc(C(=O)O)cc(OC)c3[o+]2)c1O,O,COc1cc(C(=O)O)cc2c1O~O~c13[o+]c(ccc1cc(C(=O)O)cc3OC)C=C2,-7.634477138519287,ok,
CCN(CC)CC.CC[N+]1=C(C=CC=CC=C2N(CCCCCC(=O)NCCCN=[N+]=[N-])c3ccc(S(=O)(=O)O)cc3C2(C)C)C(C)(C)c2cc(S(=O)(=O)[O-])ccc21,O,CCN(CC)CC.CC[N+]1=C2C=CC=CC=C3N(CCCCCC(=O)NCCCN=[N+]=[N-])c4ccc(cc4C3(C)C)S(=O)(=O)(O)~O~[O-]S(=O)(=O)c3ccc1c(c3)C2(C)C,-3.771193265914917,ok,
ClC1=CC=C(C=C1)C2=C(C=C3)N=C3C(C(C=C4)=CC=C4Cl)=C(C=C5)NC5=C(C6=CC=C(Cl)C=C6)C7=NC(C=C7)=C(C(C=C8)=CC=C8Cl)C9=CC=C2N9,O,Clc1ccc(-c2c3nc(c(-c4ccc(Cl)cc4)c4ccc5c(-c6ccc(Cl)cc6)c6nc(~O~[nH]45)(c(-c4ccc(Cl)cc4)c4ccc2[nH]4)C=C6)C=C3)cc1,-8.030509948730469,ok,
Clc1ccc(-c2c3nc(c(-c4ccc(Cl)cc4)c4ccc([nH]4)c(-c4ccc(Cl)cc4)c4nc(c(-c5ccc(Cl)cc5)c5ccc2[nH]5)C=C4)C=C3)cc1,O,Clc1ccc(-c2c3nc(c(-c4ccc(Cl)cc4)c4ccc5c(-c6ccc(Cl)cc6)c6nc(~O~[nH]45)(c(-c4ccc(Cl)cc4)c4ccc2[nH]4)C=C6)C=C3)cc1,-8.030509948730469,ok,
CCCCCCCCCCCCCCCCN1C=C/C(=C\C=C(C#N)C#N)c2ccccc21,O,CCCCCCCCCCCCCCCCN12~O~C(C#N)(C#N)=C/C=C(\C=C1)c1ccccc12,-7.700294494628906,ok,
O=S(=O)(O)c1ccc(-c2c3nc(c(-c4ccc(S(=O)(=O)O)cc4)c4ccc([nH]4)c(-c4ccc(S(=O)(=O)O)cc4)c4nc(c(-c5ccc(S(=O)(=O)O)cc5)c5ccc2[nH]5)C=C4)C=C3)cc1,O,O=S(=O)(O)c1ccc(-c2c3nc(c(-c4ccc(S(=O)(=O)O)cc4)c4ccc5c(-c6ccc(S(=O)(=O)O)cc6)c6nc(c(c7ccc2[nH]7)-c2ccc(cc2)S(=O)(=O)(O)~O~[nH]45)C=C6)C=C3)cc1,-10.461644172668457,ok,
COc1ccc(-c2ccc3c(c2)C(C)(C)C2(C=Cc4cc([N+](=O)[O-])ccc4O2)N3C)cc1,O,CN1c2ccc3cc2C(C)(C)C12C=Cc1cc([N+](=O)[O-])(~O~O(C)c4ccc-3cc4)ccc1O2,-5.583026885986328,ok,
O=C1/C(=N\Nc2ccc(/N=N/c3ccccc3)cc2)C(c2ccc([N+](=O)[O-])cc2)=NN1c1ccccc1,O,O=[N+]([O-])c1ccc(C2=NN(c3ccccc3)C3(=O)~O~N(c4ccc(/N=N/c5ccccc5)cc4)N=C23)cc1,-3.802945375442505,ok,
CN(C)c1ccc(/C=C/C2=CC(=C(C#N)C#N)C=C(c3ccccc3)O2)s1,O,CN(C)c1ccc(/C=C/C2=CC3=C(C#N)(C#N)~O~O2C(c2ccccc2)=C3)s1,-6.106149673461914,ok,
O=C1/C(=C/C=C/c2ccco2)SC(=S)N1c1cccc(O)c1,O,O=C12~O~Oc3cccc(c3)N1C(=S)S/C2=C\C=C\c1ccco1,-4.081623077392578,ok,
CCN(CC)c1ccc(N=Nc2nc3ccc([N+](=O)[O-])cc3s2)cc1,O,CCN1(CC)~O~c2([N+](=O)[O-])ccc3nc(sc3c2)N=Nc2ccc1cc2,-3.7468388080596924,ok,
CN(c1ccccc1)c1ccc(C=C2C(=O)ON=C2c2cccc([N+](=O)[O-])c2)cc1,O,CN1(c2ccccc2)~O~C2(=O)ON=C(c3cccc([N+](=O)[O-])c3)C2=Cc2ccc1cc2,-4.4603753089904785,ok,
CCOc1ccc(-c2csc(/C(C#N)=C/c3ccc(N(C)C)cc3)n2)cc1,O,CCO1~O~c2(/C(C#N)=C/c3ccc(N(C)C)cc3)nc(cs2)-c2ccc1cc2,-6.045928478240967,ok,
CC(C)N1CC(=CC=Cc2ccccc2)C(=O)C(=CC=Cc2ccccc2)C1,O,CC(C)N12~O~C(=O)(C(=CC=Cc3ccccc3)C1)C(=CC=Cc1ccccc1)C2,-5.703693389892578,ok,
CCN(CC)c1ccc(NC(=O)c2cc3cc([N+](=O)[O-])ccc3o2)cc1,O,CCN(CC)c1ccc(NC2(=O)~O~o3c2cc2cc([N+](=O)[O-])ccc23)cc1,-6.410270690917969,ok,
O=C1/C(=C/c2ccc(-c3ccc(Br)cc3)o2)C=C(c2ccccc2)N1Cc1ccccc1,O,O=C12~O~o3c(ccc3-c3ccc(Br)cc3)/C=C/1C=C(c1ccccc1)N2Cc1ccccc1,-6.173785209655762,ok,
CN1C(=O)C(=C2C=C(/C=C/c3ccc(N4CCOCC4)s3)CC(C)(C)C2)C(=O)N(C)C1=O,O,CN1C(=O)C2=C3C=C(/C=C/c4ccc(s4)N4CCO(~O~C1(=O)N(C)C2=O)CC4)CC(C)(C)C3,-5.487588882446289,ok,
CC[n+]1c(/C=C2/C=C(C=CN(C)c3ccccc3)CC(C)(C)C2)sc2ccccc21,O,CC[n+]1c2ccccc2sc12~O~N(C)(c1ccccc1)C=CC1=C/C(=C/2)CC(C)(C)C1,,failed,Featurization failed: RDKit could not parse Smiles_Merged
CCCCc1ccc(N(C(C)=O)c2cc3c([nH]c4ccc(CCCC)cc43)c3c2C(=O)c2ccccc2C3=O)cc1,O,CCCCc1ccc(N2c3cc4c5cc(CCCC)ccc5[nH](~O~C2(C)=O)c4c2c3C(=O)c3ccccc3C2=O)cc1,-7.388826847076416,ok,
[C]N1C(=O)C(=[C]c2ccc(N3[C][C][C][C][C]3)cc2)C(=O)N([C])C1=S,O,[C]N1C(=O)C2=[C]c3ccc(cc3)N3(~O~C2(=O)N([C])C1=S)[C][C][C][C][C]3,-3.8639721870422363,ok,
O=C(O)c1ccc(N2C(=O)C(=Cc3ccc(-c4ccc([N+](=O)[O-])cc4)o3)C=C2c2ccccc2)cc1,O,O=C1C(=Cc2ccc(-c3ccc([N+](=O)[O-])cc3)o2)C=C(c2ccccc2)N1c1ccc(C2(=O)~O~O2)cc1,-4.441519260406494,ok,
CCN(CC)c1ccc(C=C2CCC(C=NCc3ccncc3)=C2N2CCOCC2)cc1,O,CCN(CC)c1ccc(C=C2CCC(C=NCc3ccncc3)=C2N2CCO3~O~C3C2)cc1,-3.8893001079559326,ok,
"COC(=O)C1=C(NC2CCCCC2)C=CC(=C1)[N+]([O-])=O |c:4,14,16|",O,CO1~O~C1(=O)c1cc([N+](=O)[O-])ccc1NC1CCCCC1,-5.211246013641357,ok,
CCN(CC)c1ccc(/C=C2\C(=O)c3ccc(C(=O)O)cc3C2=O)cc1,O,CCN(CC)c1ccc(/C=C2\C(=O)c3ccc(C4(=O)~O~O4)cc3C2=O)cc1,-4.641659736633301,ok,
CN(C)c1ccc(-c2cc[n+](C3=C([N-]S(=O)(=O)c4ccc([N+](=O)[O-])cc4)C(=O)c4ccccc4C3=O)cc2)cc1,O,CN(C)c1ccc(-c2cc[n+](C3=C([N-]4~O~c5([N+](=O)[O-])ccc(cc5)S4(=O)=O)C(=O)c4ccccc4C3=O)cc2)cc1,-4.301131248474121,ok,
O=C1C(=Cc2ccc(-c3ccc(Br)cc3)o2)C=C(c2ccccc2)N1Cc1ccccc1,O,O=C12~O~o3c(ccc3-c3ccc(Br)cc3)C=C1C=C(c1ccccc1)N2Cc1ccccc1,-6.173785209655762,ok,
O=[N+]([O-])c1ccc(/N=N/c2ccc(Nc3ccccc3)cc2)cc1,O,O=[N+]([O-])c12~O~N(c3ccccc3)c3ccc(cc3)/N=N/c(cc1)cc2,-5.199931621551514,ok,
Cc1ccc(NC(=O)c2c(N)n(/N=C/c3ccc(N(C)C)cc3)c3nc4ccccc4nc23)cc1C,O,Cc1ccc(NC2(=O)~O~Nc3c2c2nc4ccccc4nc2n3/N=C/c2ccc(N(C)C)cc2)cc1C,-2.427882432937622,ok,
O=C([O-])C1=NN(c2ccc(S(=O)(=O)[O-])cc2)C(=O)/C1=C\C=C\C=C\c1c(C(=O)[O-])nn(-c2ccc(S(=O)(=O)[O-])cc2)c1O,O,O=C([O-])C1=NN(c2ccc(S(=O)(=O)[O-])cc2)C2(=O)~O~[O-]S(=O)(=O)c3ccc(cc3)-n3nc(C(=O)[O-])c(c3O)/C=C/C=C/C=C/12,-5.15877628326416,ok,
Cc1cc(C)c2c(N)c(/C(=N\N=C(\c3ccccc3)c3sc4nc(C)cc(C)c4c3N)c3ccccc3)sc2n1,O,Cc1cc(C)c2c3c(sc2n1)/C(c1ccccc1)=N\N=C(\c1ccccc1)c1sc2(~O~N3)nc(C)cc(C)c2c1N,-4.226213455200195,ok,
CCOC(=O)c1ccc(-c2ccc(C=C3C=C(c4ccccc4)N(Cc4ccccc4)C3=O)o2)cc1,O,CCO1~O~C1(=O)c1ccc(-c2ccc(C=C3C=C(c4ccccc4)N(Cc4ccccc4)C3=O)o2)cc1,-5.472864627838135,ok,
N#CC(C#N)=Cc1csc([N+](=O)[O-])c1,O,N#CC(C#N)=Cc1csc2(~O~O=[N+]2[O-])c1,,failed,Featurization failed: RDKit could not parse Smiles_Merged
O=C1c2ccc(N(c3ccccc3)c3ccccc3)cc2C(=O)c2ccc(N(c3ccccc3)c3ccccc3)cc21,O,O=C1c2cc3ccc2C(=O)(~O~N3(c2ccccc2)c2ccccc2)c2cc(N(c3ccccc3)c3ccccc3)ccc21,-5.647605895996094,ok,
COC(=O)c1ccc2c(c1)[N+](C)=C(/C=C/c1ccc(OC)c(OC)c1OC)C2(C)C,O,COc1c2ccc(c1OC)O(C)~O~C(=O)(OC)c1ccc3c(c1)[N+](C)=C(/C=C/2)C3(C)C,-4.876775741577148,ok,
CN(C)c1ccc(C=CC=CC2=NC(C(=O)O)CS2)cc1,O,CN(C)c1ccc(C=CC=CC2=NC(C3(=O)~O~O3)CS2)cc1,-3.3406283855438232,ok,
Cc1ccc(C2=C/C(=C\c3ccc(-c4ccc([N+](=O)[O-])cc4Br)o3)C(=O)O2)cc1,O,Cc1ccc(C2=C/C3=C\c4ccc(-c5ccc([N+](=O)[O-])cc5Br)o4~O~C3(=O)O2)cc1,-5.778873443603516,ok,
O=C1C(=Cc2ccc(-c3ccc(Br)cc3)o2)C=C(c2ccccc2)N1c1cccc([N+](=O)[O-])c1,O,O=C1C2=Cc3ccc(-c4ccc(Br)cc4)o3~O~c3([N+](=O)[O-])cccc(c3)N1C(c1ccccc1)=C2,-6.198845863342285,ok,
C[Si](C)(C)[O-].[K+],O,C[Si](C)(C)[O-]~O~[K+],-1.4602655172348022,ok,
CCN1C(=O)/C(=C2/C=CC=CN2C)S/C1=N\c1ccc(Cl)cc1,O,CCN1/C(=N/c2ccc(Cl)cc2)S/C2=C3\C=CC=CN3(C)~O~C21=O,-5.511493682861328,ok,
O=[N+]([O-])c1ccc(-c2ccc(C=Cc3nc4ccccc4o3)o2)cc1,O,O=[N+]([O-])c12~O~o3c(C=Cc4nc5ccccc5o4)ccc3-c(cc1)cc2,-5.72680139541626,ok,
CCN(CC)c1ccc(/C=C2/C(C)=C(C#N)c3nc(N)c(C#N)c(C)c32)cc1,O,CCN(CC)c1ccc(/C=C2/C(C)=C(C#N)c3nc4(~O~N4)c(C#N)c(C)c32)cc1,,failed,Featurization failed: RDKit could not parse Smiles_Merged
Cc1ccc2c(c1)C(=O)c1nc3ccccc3[n+]([O-])c1-2,O,Cc1ccc2c(c1)C(=O)c1nc3ccccc3[n+]3c1-2~O~[O-]3,-3.1045711040496826,ok,
CCN1/C(=C\C=c2/s/c(=C3\SC(=S)N(C)C3=O)n(CC)c2=O)C(C)(C)c2cc(-c3ccccc3)ccc21,O,CCn1/c(=C2/SC(=S)N(C)C2=O)s/c2c1(=O)~O~N1(CC)/C(=C\C=2)C(C)(C)c2cc(-c3ccccc3)ccc21,-6.226300239562988,ok,
O=c1c2cc([N+](=O)[O-])cc3cccc(c32)c2nc3cccc4cccc(c43)n12,O,O=[N+]([O-])c12~O~O=c3c(c1)c1c(cccc1c1nc4cccc5cccc(c54)n31)c2,-5.5645246505737305,ok,
O=C1N=C(N2CCOCC2)SC1=CC=Cc1ccc([N+](=O)[O-])cc1,O,O=[N+]([O-])c1ccc(C=CC=C2SC3=NC2(=O)~O~O2CCN3CC2)cc1,-4.6809468269348145,ok,
COc1ccc([N+](=O)[O-])cc1/N=C/c1ccc(N(C)C)cc1,O,CN(C)c1ccc(/C=N/c2cc3([N+](=O)[O-])~O~O(C)c2cc3)cc1,-4.527861595153809,ok,
CCN(CC)c1ccc(-n2c(N)c(C(=O)NCCC(C)C)c3nc4ccccc4nc32)cc1,O,CCN(CC)c1ccc(-n2c3c(c4nc5ccccc5nc42)C(=O)(NCCC(C)C)~O~N3)cc1,-3.212796926498413,ok,
O=C1/C(=C/c2ccc(-c3ccc(Br)cc3)o2)C=C(c2ccccc2)N1c1ccc(Nc2ccccc2)cc1,O,O=C12~O~o3c(ccc3-c3ccc(Br)cc3)/C=C/1C=C(c1ccccc1)N2c1ccc(Nc2ccccc2)cc1,-6.644640922546387,ok,
O=[N+]([O-])c1ccc2nc3c4cc(I)ccc4c4ccc(I)cc4c3nc2c1,O,[O-][N+]1=O~O~c12ccc1nc3c4cc(I)ccc4c4ccc(I)cc4c3nc1c2,,failed,Featurization failed: RDKit could not parse Smiles_Merged
CC(C)(C)c1ccc(C2=NC(=CC=Cc3cccc([N+](=O)[O-])c3)C(=O)O2)cc1,O,CC(C)(C)c1ccc(C2=NC(=CC=Cc3cccc([N+](=O)[O-])c3)C3(=O)~O~O23)cc1,-4.802407264709473,ok,
Cc1ccc(Sc2ccc(Nc3cc(S(=O)(=O)[O-])c(N)c4c3C(=O)c3ccccc3C4=O)cc2)c(C)c1.[Na+],O,Cc1ccc(Sc2ccc(Nc3cc(S(=O)(=O)[O-]~O~[Na+])c(N)c4c3C(=O)c3ccccc3C4=O)cc2)c(C)c1,-2.562014579772949,ok,
O=C1C(=Cc2ccc(-c3ccc(Br)cc3)o2)C=C(c2ccccc2)N1c1cccc(O)c1,O,O=C12~O~Oc3cccc(c3)N1C(c1ccccc1)=CC2=Cc1ccc(-c2ccc(Br)cc2)o1,-4.429463863372803,ok,
CC(/C=C/C=C(\C)C(=O)O[C@@H]1O[C@H](CO)[C@@H](O)[C@H](O)[C@H]1O)=C\C=C\C=C(C)\C=C\C=C(/C)C(=O)O[C@@H]1O[C@H](CO[C@@H]2O[C@H](CO)[C@@H](O)[C@H](O)[C@H]2O)[C@@H](O)[C@@H](O)[C@H]1O,O,CC1=C\C=C\C=C(C)\C=C\C=C(/C)C(=O)(O[C@@H]2O[C@H](CO[C@@H]3O[C@H](CO)[C@@H](O)[C@H](O)[C@H]3O)[C@@H](O)[C@@H](O)[C@H]2O)~O~O([C@@H]2O[C@H](CO)[C@@H](O)[C@H](O)[C@H]2O)C(=O)/C(C)=C\C=C\1,-4.616952419281006,ok,
CC[N+]1=C(/C=C/C=C2/N(CCCCCC(=O)O)c3ccc(S(=O)(=O)O)cc3C2(C)C)C(C)(C)c2cc(S(=O)(=O)[O-])ccc21,O,CC[N+]1=C2/C=C/C=C3/N(CCCCCC(=O)(O)~O~[O-]S(=O)(=O)c4ccc1c(c4)C2(C)C)c1ccc(S(=O)(=O)O)cc1C3(C)C,-4.130311965942383,ok,
CCc1ccc(N2C(=O)C(=Cc3ccc(-c4ccc(C(=O)O)cc4)o3)C(=O)N(C)C2=S)cc1,O,CCc1ccc(N2C(=O)C(=Cc3ccc(-c4ccc(C5(=O)~O~O5)cc4)o3)C(=O)N(C)C2=S)cc1,-5.021775245666504,ok,
CC(C)Nc1cc(N2CCCC2)c(N)c2c1C(=O)c1ccccc1C2=O,O,CC(C)Nc1cc(N2CCCC2)c2c3c1C(=O)c1ccccc1C3(=O)~O~N2,-5.396231651306152,ok,
[C]Oc1ccc(/[C]=C2/[C][C]C(=C3S[C][C][C]S3)C2=O)cc1,O,O=C1C(=C2S[C][C][C]S2)[C][C]/C1=[C]/c1ccc(O2~O~[C]2)cc1,-5.114611625671387,ok,
O=[N+]([O-])c1ccc(/C=N/c2ccc(/N=C/c3ccc([N+](=O)[O-])s3)cc2)s1,O,O=[N+]([O-])c1ccc(/C=N/c2ccc(/N=C/c3ccc4(~O~O=[N+]4[O-])s3)cc2)s1,,failed,Featurization failed: RDKit could not parse Smiles_Merged
COC(=O)c1ccc2c(c1)C(C)(C)C(/C=C/c1ccc(OC)cc1OC)=[N+]2C,O,COc1cc2ccc1/C=C/C1=[N+](C)c3ccc(cc3C1(C)C)C(=O)(OC)~O~O2C,-5.254168510437012,ok,
CCN(CC)c1ccc2c(/C=C/c3ccc(N(C)C)cc3)c3ccc(OC)cc3[o+]c2c1,O,CCN(CC)c1ccc2c(/C=C/c3ccc(N(C)C)cc3)c3ccc4cc3(~O~O4C)[o+]c2c1,-9.760242462158203,ok,
CCC(C)NC(=O)c1c(N)n(/N=C/c2ccc(N(C)C)cc2)c2nc3ccccc3nc12,O,CCC(C)NC1(=O)~O~Nc2c1c1nc3ccccc3nc1n2/N=C/c1ccc(N(C)C)cc1,-2.3747103214263916,ok,
CC(C)Nc1cc(N2CCN(C)CC2)c(N)c2c1C(=O)c1ccccc1C2=O,O,CC(C)Nc1cc(N2CCN(C)CC2)c2c3c1C(=O)c1ccccc1C3(=O)~O~N2,-5.0517354011535645,ok,
CCOc1ccc2c(c1)C(C)(C)C(/C=C/c1ccc(C(=O)OC)cc1)=[N+]2C,O,CCO1~O~C(=O)(OC)c2ccc(cc2)/C=C/C2=[N+](C)c3ccc1cc3C2(C)C,-5.918332099914551,ok,
CCCCCCCCCCCCCCCCCCN1/C(=C/C=C/C=C/C2=[N+](CCCCCCCCCCCCCCCCCC)c3ccccc3C2(C)C)C(C)(C)c2ccccc21,O,CCCCCCCCCCCCCCCCCC[N+]1=C2/C=C/C=C/C=C3\C(C)(C)c4ccccc4N3(CCCCCCCCCCCCCCCCCC)~O~c13ccccc3C2(C)C,-8.569990158081055,ok,
O=C1N=C(N2CCN(c3cccc(Cl)c3)CC2)S/C1=C\c1ccc(-c2ccc([N+](=O)[O-])cc2Cl)o1,O,O=[N+]([O-])c1ccc(-c2ccc3o2~O~C2(=O)N=C(N4CCN(c5cccc(Cl)c5)CC4)S/C2=C\3)c(Cl)c1,-5.1873626708984375,ok,
[C][C]Oc1ccc([C]N=S([O-])[O+]c2ccc3c(c2)C(=C2[C][C][C][C]2)C(=O)[N]3)cc1,O,[C][C]Oc1ccc([C]N=S2[O+]c3(~O~[O-]2)ccc2c(c3)C(=C3[C][C][C][C]3)C(=O)[N]2)cc1,,failed,Featurization failed: RDKit could not parse Smiles_Merged
CCOC(=O)c1c(N)n(-c2ccc(N(C)C)cc2)c2nc3ccccc3nc12,O,CCO1~O~C1(=O)c1c(N)n(-c2ccc(N(C)C)cc2)c2nc3ccccc3nc12,-2.3204867839813232,ok,
CSc1[s+]sc2c1-c1cc(C)ccc1N(C)C2(C)C,O,CSc1c2c3s[s+]1~O~N(C)(c1ccc(C)cc1-2)C3(C)C,-7.403029441833496,ok,
O=C1[N]c2ccc([O+]S([O-])=N[C]3[C][C][C][C][C]3)cc2C1=C1[C][C][C][C]1,O,O=C1[N]c2ccc3(~O~[O-]S(=N[C]4[C][C][C][C][C]4)[O+]3)cc2C1=C1[C][C][C][C]1,,failed,Featurization failed: RDKit could not parse Smiles_Merged
COC1CC(=O)C2C(O)CCCC(C)OC(=O)C3=C(/C=C/C=C/C=C/C(=O)O)OC1C32,O,COC1CC(=O)C2C(O)CCCC(C)OC3(=O)~O~O4C(/C=C/C=C/C=C/C(=O)O)=C3C2C14,-6.502386569976807,ok,
O=[N+]([O-])c1ccc(Nc2ccc(NC3CCOCC3)cc2)nc1,O,O=[N+]([O-])c12~O~N(C3CCOCC3)c3ccc(cc3)Nc(cc1)nc2,-5.695709228515625,ok,
CCOc1ccc(N2C(=O)/C(=C/c3ccc(-c4ccc([N+](=O)[O-])cc4)o3)SC2=S)cc1,O,CCO1~O~C2(=O)/C(=C/c3ccc(-c4ccc([N+](=O)[O-])cc4)o3)SC(=S)N2c2ccc1cc2,-6.306355953216553,ok,
O=C(C=Cc1ccc(-c2ccc([N+](=O)[O-])cc2)o1)c1ccc(N2CCOCC2)c(F)c1,O,O=C(C=Cc1ccc2o1~O~c1([N+](=O)[O-])ccc-2cc1)c1ccc(N2CCOCC2)c(F)c1,-5.818685531616211,ok,
CCN(CCO)c1ccc(-n2c(N)c(C(=O)OC)c3nc4ccccc4nc32)cc1,O,CCN(CCO)c1ccc(-n2c(N)c(C3(=O)~O~O3C)c3nc4ccccc4nc32)cc1,-2.510380744934082,ok,
[C]Oc1cc(/[C]=C2\C(=O)c3ccccc3C2=C(C#N)C#N)cc(O[C])c1O[C],O,[C]Oc1cc(/[C]=C2\C(=O)c3ccccc3C2=C(C#N)C#N)cc2c1O[C]~O~O2[C],-5.561495780944824,ok,
CN(C1=NC(=O)C(=CC(Cl)=Cc2ccc([N+](=O)[O-])cc2)S1)c1ccc(O)cc1,O,CN1C2=NC(=O)(~O~Oc3ccc1cc3)C(=CC(Cl)=Cc1ccc([N+](=O)[O-])cc1)S2,-3.5214059352874756,ok,
CCOc1ccc(/N=c2\scc(-c3ccc([N+](=O)[O-])cc3)n2-c2ccc(OCC)cc2)cc1,O,CCOc1ccc(/N=c2\scc3n2-c2ccc(cc2)O(CC)~O~c2([N+](=O)[O-])ccc-3cc2)cc1,-6.066841125488281,ok,
Nc1c(-c2ccc([N+](=O)[O-])cc2)sc2nc(N3CCOCC3)c3c(c12)CCCC3,O,O=[N+]([O-])c12~O~Nc3c(sc4nc(N5CCOCC5)c5c(c34)CCCC5)-c(cc1)cc2,-4.230867385864258,ok,
O=C1c2ccccc2-c2cc(N3CCCC3)nc3cccc1c23,O,O=C12~O~N3(CCCC3)c3cc(c4c1cccc4n3)-c1ccccc12,-5.306140422821045,ok,
CC(C)C(C(=O)O)N1C(=O)C(=CC(Cl)=Cc2ccc([N+](=O)[O-])cc2)SC1=S,O,CC(C)C(N1C(=O)C(=CC(Cl)=Cc2ccc([N+](=O)[O-])cc2)SC1=S)C1(=O)~O~O1,-5.027921676635742,ok,
S=C1[N][C](c2ccccc2)C2=C([N]1)C(=C1S[C][C][C]S1)[C][C][C]2,O,S=C12~O~[N]1[C](c1ccccc1)C1=C([N]2)C(=C2S[C][C][C]S2)[C][C][C]1,-3.8682501316070557,ok,
[C]N1C(=O)C(=C2[C][C][C][C]2)c2cc(S(=O)(=O)[N][C]3[C][C][C][C]3)ccc21,O,[C]N12~O~C1(=O)C(=C1[C][C][C][C]1)c1cc(S(=O)(=O)[N][C]3[C][C][C][C]3)ccc12,-3.691056251525879,ok,
O=C1C(=Cc2ccc(-c3ccc([N+](=O)[O-])cc3)o2)NC(=S)N1CC1CCCO1,O,O=[N+]([O-])c1ccc(-c2ccc3o2~O~C2(=O)C(=C3)NC(=S)N2CC2CCCO2)cc1,-7.131590366363525,ok,
CN(C)c1ccc(/C=N/n2c(N)c(C(=O)NCC3CCCO3)c3nc4ccccc4nc32)cc1,O,CN(C)c1ccc(/C=N/n2c3c(c4nc5ccccc5nc42)C(=O)(NCC2CCCO2)~O~N3)cc1,-2.92802357673645,ok,
CN1CCN(C2=C(Cl)C(=O)C(c3cnc(N(C)C)s3)=C(Cl)C2=O)CC1,O,CN1CCN2(~O~C3(=O)C(Cl)=C(c4cnc(N(C)C)s4)C(=O)C(Cl)=C32)CC1,-4.144725799560547,ok,
CCN1C(=CC=c2sc(=C3SC(=S)N(C)C3=O)n(CC)c2=O)Sc2ccc(OC)cc21,O,CCN1C2=CC=c3sc(=C4SC(=S)N(C)C4=O)n(CC)c3(=O)~O~O(C)c3ccc(c1c3)S2,-7.060572147369385,ok,
CC(C)C/C=C1\CC/C(=C\c2ccc(N(C)C)cc2)C1=O,O,CC(C)C/C=C1\CC/C2=C\c3ccc(cc3)N(C)(C)~O~C12=O,-5.748332977294922,ok,
[C]N1C(=O)C(=C2[C][C][C][C]2)c2cc(S(=O)(=O)N3[C][C][C][C]3)ccc21,O,[C]N12~O~C1(=O)C(=C1[C][C][C][C]1)c1cc(S(=O)(=O)N3[C][C][C][C]3)ccc12,-3.9683175086975098,ok,
CCN1C(=CC=CC2=CC(=Cc3sc4ccccc4[n+]3CC)CC(C)(C)C2)Oc2ccccc21,O,CCN1C2=CC=CC3=CC(=Cc4(~O~O2c2ccccc21)sc1ccccc1[n+]4CC)CC(C)(C)C3,,failed,Featurization failed: RDKit could not parse Smiles_Merged
COCCCN1C(=O)NC(=O)/C(=C(O)\C=C\c2c[nH]c3ccccc23)C1=O,O,COCCCN1C(=O)C2=C(/C=C/c3c[nH]c4ccccc34)O~O~C1(=O)NC2=O,-5.3012285232543945,ok,
[C]C1([C])[C]C([N][C][C][C]N2[C][C][C][C][C]2)=[C]C(=[N+]2[C][C][C][C][C]2)[C]1,O,[C]C1([C])[C]C2=[C]C(=[N+]3[C][C][C][C][C]3~O~[N]2[C][C][C]N2[C][C][C][C][C]2)[C]1,-2.418583393096924,ok,
CCCCC1=C(C)/C2=C/c3c(C)c(CCCC)c4n3[Cu]n3/c(c(C)c(CCCC)/c3=C/C1=N2)=C\C1=N/C(=C\4)C(CCCC)=C1C,O,,,failed,"Pre-condition Violation
	bond already exists
	Violation occurred on line 334 in file Code/GraphMol/RWMol.cpp
	Failed Expression: !(boost::edge(atomIdx1, atomIdx2, d_graph).second)
	RDKIT: 2022.09.5
	BOOST: 1_78
"
O=S(=O)([O-])c1ccccc1N=C1C=CC(=C(c2ccc(Nc3ccccc3S(=O)(=O)[O-])cc2)c2ccc(Nc3ccccc3S(=O)(=O)O)cc2)C=C1.[Na+].[Na+],O,O=S(=O)([O-])c1ccccc1N=C1C=CC(=C(c2ccc(Nc3ccccc3S(=O)(=O)O)cc2)c2ccc(Nc3ccccc3S(=O)(=O)[O-]~O~[Na+])cc2)C=C1.[Na+],-2.8375399112701416,ok,
CC1=C(C#N)c2nc(N)c(C#N)c(C)c2/C1=C\c1ccc(N2CCCC2)c(F)c1,O,CC1=C(C#N)c2nc3c(C#N)c(C)c2/C1=C\c1ccc(N2CCCC2)c(F)(~O~N3)c1,-6.040368556976318,ok,
CCN(CC)c1ccc(C(=C2C=CC(=[N+](CC)CC)C=C2)c2cc(S(=O)(=O)[O-])ccc2S(=O)(=O)[O-])cc1,O,CCN(CC)c1ccc(C2=C3C=CC(=[N+](CC)CC)(~O~[O-]S(=O)(=O)c4ccc(S(=O)(=O)[O-])c2c4)C=C3)cc1,-4.109490871429443,ok,
COC(=O)c1ccc(N2C(=O)C(=Cc3ccc(-c4ccc([N+](=O)[O-])cc4)o3)C=C2c2ccccc2)cc1,O,CO1~O~C1(=O)c1ccc(N2C(=O)C(=Cc3ccc(-c4ccc([N+](=O)[O-])cc4)o3)C=C2c2ccccc2)cc1,-5.256819725036621,ok,
O=C1C(=Cc2c3ccccc3cc3ccccc23)CCC1=Cc1c2ccccc2cc2ccccc12,O,C(=C1CCC(=Cc2c3ccccc3cc3ccccc23)C12~O~O=2)c1c2ccccc2cc2ccccc12,-5.216869354248047,ok,
CCN(CCO)c1ccc(N=Nc2ncc([N+](=O)[O-])s2)c(C)c1,O,CCN1CCO~O~c2([N+](=O)[O-])cnc(s2)N=Nc2ccc1cc2C,-2.3902690410614014,ok,
O=C(O)CCCCCN1C(=O)/C(=C\C(Cl)=C\c2ccc([N+](=O)[O-])cc2)SC1=S,O,O=C1/C(=C\C(Cl)=C\c2ccc([N+](=O)[O-])cc2)SC(=S)N1CCCCCC1(=O)~O~O1,-5.548574447631836,ok,
COc1ccc(N2CN=c3s/c(=C\C=C\c4ccccc4)c(=O)n3C2)cc1,O,CO1~O~c2(=O)/c(=C/C=C/c3ccccc3)sc3n2CN(CN=3)c2ccc1cc2,-4.383027076721191,ok,
O=C(O)CCC(=Cc1ccc(-c2ccc([N+](=O)[O-])cc2Br)o1)c1nc2ccccc2s1,O,O=[N+]([O-])c1ccc(-c2ccc(C=C(CCC3(=O)~O~O3)c3nc4ccccc4s3)o2)c(Br)c1,-4.941631317138672,ok,
CC1=C(C#N)c2nc(N)c(C#N)c(C)c2/C1=C\c1ccc(-c2cccc([N+](=O)[O-])c2)o1,O,CC1=C(C#N)c2nc(N)c(C#N)c(C)c2/C1=C\c1ccc2o1~O~c1([N+](=O)[O-])cccc-2c1,-5.477503776550293,ok,
CCc1ccc(N2CN=c3s/c(=C\c4ccc([N+](=O)[O-])cc4)c(=O)n3C2)cc1,O,CCc1ccc(N23~O~c4(=O)/c(=C/c5ccc([N+](=O)[O-])cc5)sc(n4C2)=NC3)cc1,-4.429937839508057,ok,
Cc1ccc(N2CCN(C3=NC(=O)/C(=C\c4ccc(-c5ccc([N+](=O)[O-])cc5)o4)S3)CC2)cc1Cl,O,Cc1ccc(N2CCN(C3=NC4(=O)~O~o5c(ccc5-c5ccc([N+](=O)[O-])cc5)/C=C\4S3)CC2)cc1Cl,-4.838052272796631,ok,
CCOc1ccc(N2CN=c3s/c(=C\C=C\c4ccccc4)c(=O)n3C2)cc1,O,CCO1~O~c2(=O)/c(=C/C=C/c3ccccc3)sc3n2CN(CN=3)c2ccc1cc2,-4.403366565704346,ok,
CC(C)(C)c1ccc(C2=CC(=Cc3ccc(-c4cc([N+](=O)[O-])ccc4Cl)o3)C(=O)O2)cc1,O,CC(C)(C)c1ccc(C2=CC3=Cc4ccc(-c5cc([N+](=O)[O-])ccc5Cl)o4~O~C3(=O)O2)cc1,-6.520659923553467,ok,
O=C(/C=C/c1ccc(-c2ccc([N+](=O)[O-])cc2)o1)N1CCOCC1,O,O=C(/C=C/c1ccc2o1~O~c1([N+](=O)[O-])ccc-2cc1)N1CCOCC1,-5.963502883911133,ok,
CCC1=C(CC)c2cc3[nH]c(cc4nc(cc5[nH]c(cc1n2)c(CC)c5CC)C(CC)=C4CC)c(CC)c3CC,O,CCC1=C(CC)c2cc3c(CC)c(CC)c4cc5(~O~[nH]34)nc(cc3[nH]c(cc1n2)c(CC)c3CC)C(CC)=C5CC,-7.958428859710693,ok,
CCN(CC)c1ccc(NC(=O)c2ccc(-c3ccc([N+](=O)[O-])cc3C)o2)cc1,O,CCN(CC)c1ccc(NC2(=O)~O~o3c(-c4ccc([N+](=O)[O-])cc4C)ccc32)cc1,-6.659610748291016,ok,
[C]N([C])c1ccc(C(=NC([C]2[C][C][C][C][C]2)([C]2[C][C][C][C][C]2)[C]2[C][C][C][C][C]2)c2ccc(N([C])[C])cc2)cc1,O,[C]N([C])c1ccc(C(=NC([C]2[C][C][C][C][C]2)([C]2[C][C][C][C][C]2)[C]2[C][C][C][C][C]2)c2ccc(N3([C])~O~[C]3)cc2)cc1,-5.367871284484863,ok,
CN(C)c1ccc(C=CC2=C/C(=C/c3sc4ccccc4[n+]3C)CC(C)(C)C2)cc1,O,C[n+]1c2ccccc2sc12~O~N(C)(C)c1ccc(cc1)C=CC1=C/C(=C/2)CC(C)(C)C1,,failed,Featurization failed: RDKit could not parse Smiles_Merged
CC[n+]1c(C=C2C=C(C=CN(C)C)Oc3ccccc32)sc2ccccc21,O,CC[n+]1c2ccccc2sc12~O~O1C(C=CN(C)C)=CC(=C2)c2ccccc21,,failed,Featurization failed: RDKit could not parse Smiles_Merged
COc1cc(N2CCCC2)c(OC)cc1/C=C(/C#N)c1ccc([N+](=O)[O-])cc1,O,COc1cc2c(cc1N1CCCC1)O(C)~O~c1([N+](=O)[O-])ccc(cc1)/C(C#N)=C\2,-5.4052042961120605,ok,
CC(C)(C)c1ccc(N2C(=O)/C(=C/c3ccc([N+](=O)[O-])cc3)C=C2c2ccccc2)cc1,O,CC(C)(C)c1ccc(N23~O~c4([N+](=O)[O-])ccc(cc4)/C=C(\C=C2c2ccccc2)C3=O)cc1,-5.305178642272949,ok,
[C][C]N1C(=O)C(=[C]c2ccc(N([C][C])[C][C])cc2)C(=O)N([C][C])C1=S,O,[C][C]N1C(=O)C2=[C]c3ccc(cc3)N([C][C])([C][C])~O~C2(=O)N([C][C])C1=S,-5.325552463531494,ok,
COc1cc(=O)oc(/C=C/C=C/C=C/C(C)=C/[C@]2(C)O[C@H](C)[C@](C)(O)[C@H]2O)c1C,O,CC(/C=C/C=C/C=C/c1oc2(=O)~O~O(C)c(c2)c1C)=C\[C@]1(C)O[C@H](C)[C@](C)(O)[C@H]1O,-5.762524604797363,ok,
[C][C][C][C]N1C(=O)C(=[C]/[C]=[C]/[C]=[C]/[C]=C2N([C][C][C][C])c3ccccc3N2[C][C][C][C])C(=O)N([C][C][C][C])C1=S,O,[C][C][C][C]N1C(=O)C2=[C]/[C]=[C]/[C]=[C]/[C]=C3N([C][C][C][C])c4ccccc4N3([C][C][C][C])~O~C2(=O)N([C][C][C][C])C1=S,-5.163362503051758,ok,
O=S(=O)([O-])CCC[n+]1c(/C=C/C=C2/Sc3ccc4ccccc4c3N2CCCS(=O)(=O)O)sc2ccc3sccc3c21,O,O=S1(=O)CCC[n+]2c(sc3ccc4sccc4c32)/C=C/C=C2/Sc3ccc4ccccc4c3N2CCCS(=O)(=O)(O)~O~[O-]1,-5.145743370056152,ok,
N#CC(C#N)=c1ccc2c(c1)N1C3=C(CCCC3)CC3CCCCC31N=2,O,N#CC(C#N)=c1ccc2c(c1)N13~O~C14(CCCCC4CC1=C3CCCC1)N=2,-5.421459197998047,ok,
CCCCNc1cc(NC(C)C)c2c3c(onc13)-c1ccccc1C2=O,O,CCCCN1~O~C2(=O)c3ccccc3-c3onc4c1cc(NC(C)C)c2c34,-5.496682643890381,ok,
COc1cccc(N2C(=O)/C(=C/c3ccc(-c4ccc(Br)cc4)o3)C=C2c2ccccc2)c1,O,CO1~O~C2(=O)/C(=C/c3ccc(-c4ccc(Br)cc4)o3)C=C(c3ccccc3)N2c2cccc1c2,-5.827291011810303,ok,
CCN(CC)c1ccc(C=C2CCC(C=NN=Cc3c(-c4ccccc4)nc4sccn34)=C2N2CCOCC2)cc1,O,CCN(CC)c1ccc(C=C2CCC3=C2N2CCO(~O~c45nc(-c6ccccc6)c(n4ccs5)C=NN=C3)CC2)cc1,-3.6644465923309326,ok,
C=CC1=C(C)c2cc3[n-]c(cc4nc(cc5[n-]c(cc1n2)c(C)c5C=C)C(C)=C4CCC(=O)O)c(CCC(=O)O)c3C,O,C=CC1=C(C)c2cc3c(C)c(CCC(=O)O)c4cc5nc(cc6[n-]c(cc1n2)c(C)c6C=C)C(C)=C5CCC(=O)(O)~O~[n-]34,-3.3530497550964355,ok,
CN(C)c1ccc(/C=C/C=C/[C@]23NC(=O)CN2c2ccccc2C3(C)C)cc1,O,CC1(C)c2ccccc2N2CC3(=O)~O~N(C)(C)c4ccc(cc4)/C=C/C=C/[C@]21N3,-5.758291721343994,ok,
Cc1cc(C)c2c(c1)/C(=N/C1CCCCC1)c1cc3cccc(C)c3nc1-2,O,Cc1cc(C)c2c(c1)C1=N(C3CCCCC3)~O~c-23nc2c(C)cccc2cc31,-6.211879730224609,ok,
CC[n+]1c(C=C2C=C(C=C3Sc4ccccc4N3CCCS(=O)(=O)[O-])CC(C)(C)C2)sc2cc(OC)c(C)cc21,O,CC[n+]1c2cc(C)c(OC)cc2sc12~O~[O-]S(=O)(=O)CCCN1C(=CC3=CC(=C2)CC(C)(C)C3)Sc2ccccc21,,failed,Featurization failed: RDKit could not parse Smiles_Merged
COc1cc(C)c(C=CC(C)=CC=CC(C)=CC(=O)OCC(C)C)c(C)c1C,O,CC1=CC=CC(C)=CC(=O)(OCC(C)C)~O~O(C)c2cc(C)c(c(C)c2C)C=C1,-6.86705207824707,ok,
CN(c1ccccc1)c1ccc(/C=C2/C(=O)ON=C2c2ccc(Cl)cc2)cc1,O,CN1(c2ccccc2)~O~C2(=O)ON=C(c3ccc(Cl)cc3)/C2=C\c2ccc1cc2,-4.889669418334961,ok,
COc1ccc(-c2nc(N=Cc3ccccc3O)sc2-c2ccc([N+](=O)[O-])cc2)cc1,O,COc1ccc(-c2nc3sc2-c2ccc([N+](=O)[O-])(~O~Oc4ccccc4C=N3)cc2)cc1,-3.9744620323181152,ok,
[C][C]n1c2ccccc2c2cc([C]=[C]C3=[C]C(=C(C#N)C#N)[C]C([C])([C])[C]3)ccc21,O,[C][C]n12~O~C(C#N)(C#N)=C3[C]C([C])([C])[C]C(=[C]3)[C]=[C]c3ccc1c(c3)c1ccccc12,-6.503290176391602,ok,
CCCCN(CCCC)c1ccc(/N=N/c2ccccc2C(=O)O)cc1,O,CCCCN(CCCC)c1ccc(/N=N/c2ccccc2C2(=O)~O~O2)cc1,-3.99182391166687,ok,
Cc1ccc(N2C(=O)/C(=C/c3ccc(-c4ccc([N+](=O)[O-])cc4)o3)C=C2c2ccccc2)c(Br)c1,O,Cc1ccc(N2C(=O)/C(=C/c3ccc4o3~O~c3([N+](=O)[O-])ccc-4cc3)C=C2c2ccccc2)c(Br)c1,-6.296978950500488,ok,
O=C1/C(=C/c2ccc(-c3ccc([N+](=O)[O-])cc3)o2)NC(=S)N1CC1CCCO1,O,O=[N+]([O-])c1ccc(-c2ccc3o2~O~C2(=O)/C(=C/3)NC(=S)N2CC2CCCO2)cc1,-7.131590366363525,ok,
[C]N([C]1[C][C][C][C][C]1)S(=O)(=O)c1ccc2c(c1)C(=C1[C][C][C][C]1)C(=O)[N]2,O,[C]N([C]1[C][C][C][C][C]1)S(=O)(=O)c1ccc2c(c1)C(=C1[C][C][C][C]1)C1(~O~O=1)[N]2,-2.7330992221832275,ok,
CCN(CC)c1ccc(/N=N/c2nc3ccc([N+](=O)[O-])cc3s2)cc1,O,CCN1(CC)~O~c2([N+](=O)[O-])ccc3nc(sc3c2)/N=N/c2ccc1cc2,-4.614687442779541,ok,
O=C(c1ccc([N+](=O)[O-])o1)c1sc(N2CCOCC2)nc1-c1cccs1,O,O=C(c1sc(N2CCOCC2)nc1-c1cccs1)c1ccc2([N+](=O)[O-])~O~o12,-5.476162910461426,ok,
O=C1/C(=C/c2ccc([N+](=O)[O-])cc2)C=C(c2ccccc2)N1Cc1ccccc1,O,O=C1/C2=C/c3ccc([N+](=O)[O-])(~O~N1(Cc1ccccc1)C(c1ccccc1)=C2)cc3,-4.922372817993164,ok,
COc1ccc([N+](=O)[O-])cc1NC(=O)c1ccc(N(C)c2ccc(C)cc2)cc1,O,Cc1ccc(N(C)c2ccc(C(=O)Nc3cc4([N+](=O)[O-])~O~O(C)c3cc4)cc2)cc1,-5.56424617767334,ok,
CN(C)c1ccc(NC(=O)/C=C/c2ccc([N+](=O)[O-])cc2)cc1,O,CN1(C)~O~c2([N+](=O)[O-])ccc(cc2)/C=C/C(=O)Nc2ccc1cc2,-5.4766716957092285,ok,
[C][C]Oc1ccc([C]N=S([O-])[O+]c2ccc3c(c2)C(=C2[C][C][C][C]2)C(=O)[N]3)cc1O[C],O,[C][C]Oc1ccc([C]N=S2[O+]c3(~O~[O-]2)ccc2c(c3)C(=C3[C][C][C][C]3)C(=O)[N]2)cc1O[C],,failed,Featurization failed: RDKit could not parse Smiles_Merged
N#Cc1cc2c(cc1C#N)N1CCCc3cccc(c31)O2,O,N#Cc1cc2c3(~O~O3c3cccc4c3N2CCC4)cc1C#N,-5.765773773193359,ok,
CC(C)c1ccc(N2C(=O)/C(=C\c3ccc(-c4ccc(Cl)c(Cl)c4)o3)C=C2c2ccccc2)cc1,O,CC(C)c1ccc(N2C(c3ccccc3)=C/C3=C/c4ccc(-c5ccc(Cl)c(Cl)c5)o4~O~C32=O)cc1,-7.270811080932617,ok,
O=C(Nc1ccc(N(C(=O)c2ccccc2)c2ccc(NC(=O)c3ccco3)cc2)cc1)c1ccco1,O,O=C1Nc2ccc(cc2)N(C(=O)c2ccccc2)c2ccc(cc2)NC(=O)(c2ccco2)~O~o2cccc21,-6.862336158752441,ok,
CCCCCCCCCCCCCCCCN1C=CC(=CC=C(C#N)C#N)c2ccccc21,O,CCCCCCCCCCCCCCCCN12~O~C(C#N)(C#N)=CC=C(C=C1)c1ccccc12,-7.700294494628906,ok,
[Na+].[Na+].[O-]C(=O)c1ccccc1-c1c2ccc([O-])cc2oc2cc(=O)ccc12,O,O=C([O-])c1ccccc1-c1c2ccc(=O)cc-2oc2cc([O-]~O~[Na+])ccc12.[Na+],-2.018895387649536,ok,
O=C1C(=Cc2ccc(N3CCCC3)o2)C(=O)c2ccccc21,O,O=C1C2=Cc3ccc(N4CCCC4)o3~O~C2(=O)c2ccccc21,-5.685837745666504,ok,
Cc1ccc(N2C(=O)C(=CC=Cc3ccco3)SC2=S)cc1,O,Cc1ccc(N2C(=S)SC3=CC=Cc4ccco4~O~C32=O)cc1,-5.963478088378906,ok,
CCN(CC)S(=O)(=O)c1ccc(-c2ccc(/C=C/C(=O)c3cccc(N4CCOCC4)c3)o2)cc1,O,CCN(CC)S1(=O)(=O)~O~o2c(/C=C/C(=O)c3cccc(N4CCOCC4)c3)ccc2-c2ccc1cc2,-6.609485626220703,ok,
[C]N([C])c1ccc(/[C]=[C]/C(=O)C(C(=O)c2ccccc2)=C2S[C][C][C][C]S2)cc1,O,[C]N1([C])~O~C(=O)(C(C(=O)c2ccccc2)=C2S[C][C][C][C]S2)/[C]=[C]/c2ccc1cc2,-4.5188164710998535,ok,
[Na+].[Na+].[O-]S(=O)(=O)c1ccc2cc(ccc2c1)S([O-])(=O)=O,O,O=S(=O)([O-])c1ccc2cc(S(=O)(=O)[O-]~O~[Na+])ccc2c1.[Na+],-2.3128061294555664,ok,
Cc1ccc(C)c2c1NC(=O)/C2=c1/cc/c(=c2\cc/c(=C3/C(=O)Nc4c(C)ccc(C)c43)s2)s1,O,Cc1ccc(C)c2c1NC(=O)/C2=c1/cc/c(=c2\cc/c(=C3\c4c(C)ccc(C)c4N4~O~C34=O)s2)s1,-6.6859893798828125,ok,
CCCN(CCC)c1ccc(/N=N/c2ccccc2C(=O)O)cc1,O,CCCN(CCC)c1ccc(/N=N/c2ccccc2C2(=O)~O~O2)cc1,-3.6950414180755615,ok,
[C]N1C(=O)C(=[C]c2cccn2-c2ccc(N([C])[C])cc2)C(=O)N([C])C1=S,O,[C]N1C(=O)C2=[C]c3cccn3-c3ccc(cc3)N([C])([C])~O~C2(=O)N([C])C1=S,-4.9622955322265625,ok,
CCN1C(=O)C(=Cc2ccc(-c3ccc(C(=O)OC)cc3)o2)N(CC)C1=S,O,CCN1C(=O)C(=Cc2ccc(-c3ccc(C4(=O)~O~O4C)cc3)o2)N(CC)C1=S,-5.939718246459961,ok,
CN(CCO)c1cc(NCc2ccco2)c2c(c1N)C(=O)c1ccccc1C2=O,O,CN(CCO)c1cc2c3c(c1N)C(=O)(~O~o1cccc1CN2)c1ccccc1C3=O,-5.160369873046875,ok,
[C]N1C(=O)C(=C2[C][C][C][C]2)c2cc(S(=O)(=O)[N][C]3[C][C][C][C][C][C][C]3)ccc21,O,[C]N12~O~C1(=O)C(=C1[C][C][C][C]1)c1cc(S(=O)(=O)[N][C]3[C][C][C][C][C][C][C]3)ccc12,-3.3506240844726562,ok,
CN1C(=O)/C(=C/C=C/c2ccco2)SC1=S,O,CN1C(=S)S/C2=C\C=C\c3ccco3~O~C21=O,-4.328949928283691,ok,
CN1c2ccc(C(=S)N3CCOCC3)cc2-c2c(ssc2=S)C1(C)C,O,CN1c2ccc3cc2-c2c(ssc2(=S)~O~O2CCN(CC2)C3=S)C1(C)C,-7.565085411071777,ok,
CN1/C(=C/C2=CC(=C(C#N)C#N)CCC2)Sc2ccccc21,O,CN12~O~C(C#N)(C#N)=C3C=C(/C=C/1Sc1ccccc12)CCC3,-6.132513999938965,ok,
"COC(=O)C1=C(C)N(CCC2=CC=CC=C2)C(=O)\C1=C/C=C\C1=CC=C(C=C1)N(C)C |c:4,12,14,26,28,t:10,24|",O,CC1=C(C2(=O)~O~O2C)C(=CC=Cc2ccc(N(C)C)cc2)C(=O)N1CCc1ccccc1,-5.112092971801758,ok,
CCN(CC)c1ccc(C=NN=CC2=C(N3CCOCC3)C(=Cc3ccc(N(CC)CC)cc3)CC2)cc1,O,CCN(CC)c1ccc(C=NN=CC2=C(N3CCO4~O~C4C3)C(=Cc3ccc(N(CC)CC)cc3)CC2)cc1,-5.230837345123291,ok,
COc1cc(C=C2CCCC(=Cc3cc(OC)c(O)c(OC)c3)C2=O)cc(OC)c1O,O,COc1cc(C=C2CCCC(=Cc3cc(OC)c4(~O~O4)c(OC)c3)C2=O)cc(OC)c1O,,failed,Featurization failed: RDKit could not parse Smiles_Merged
O=C(NN=CC1=C(N2CCOCC2)C(=Cc2ccc([N+](=O)[O-])cc2)CC1)NC1CCCCC1,O,O=[N+]([O-])c1ccc(C=C2CCC3=C2N2CCO(~O~C(=O)(NC4CCCCC4)NN=C3)CC2)cc1,-5.371546745300293,ok,
O=C(O)CCN1C(=O)/C(=C/C(Cl)=C\c2ccc([N+](=O)[O-])cc2)SC1=S,O,O=C1/C(=C/C(Cl)=C\c2ccc([N+](=O)[O-])cc2)SC(=S)N1CCC1(=O)~O~O1,-4.795331001281738,ok,
CCN1C(=CC2=C/C(=C/c3sc4ccccc4[n+]3CC)CC(C)(C)C2)Sc2ccccc21,O,CC[n+]1c2ccccc2sc12~O~N1(CC)C(=CC3=C/C(=C/2)CC(C)(C)C3)Sc2ccccc21,,failed,Featurization failed: RDKit could not parse Smiles_Merged
O=c1nc(C(F)(F)F)cc(/C=C/c2ccc(-c3ccc([N+](=O)[O-])cc3)o2)[nH]1,O,O=c1nc2cc([nH]1)/C=C/c1ccc(-c3ccc([N+](=O)[O-])cc3)o1~O~C2(F)(F)F,-7.018237590789795,ok,
O=C(O)c1ccc(N2C(=O)/C(=C/c3ccc(-c4ccc([N+](=O)[O-])cc4)o3)C=C2c2ccccc2)cc1,O,O=C1/C(=C/c2ccc(-c3ccc([N+](=O)[O-])cc3)o2)C=C(c2ccccc2)N1c1ccc(C2(=O)~O~O2)cc1,-4.42145299911499,ok,
COc1cc([N+](=O)[O-])ccc1-c1ccc(C(=O)Nc2ccc(N3CCCCC3)cc2)o1,O,CO1~O~C(=O)(Nc2ccc(N3CCCCC3)cc2)c2ccc(o2)-c2ccc([N+](=O)[O-])cc21,-5.555995464324951,ok,
CCN1C(=O)C(=CC=C2[Se]c3ccccc3N2CC)SC1=S,O,,,failed,"Pre-condition Violation
	bond already exists
	Violation occurred on line 334 in file Code/GraphMol/RWMol.cpp
	Failed Expression: !(boost::edge(atomIdx1, atomIdx2, d_graph).second)
	RDKIT: 2022.09.5
	BOOST: 1_78
"
O=C1c2ccccc2-c2onc3c(Cl)cc(NC4CCCCC4)c1c23,O,O=C12~O~N(C3CCCCC3)c3cc(Cl)c4noc(c4c31)-c1ccccc12,-5.6593098640441895,ok,
CCCC[n+]1cccc(-c2c3nc(c(-c4ccc[n+](CCCC)c4)c4ccc([nH]4)c(-c4ccc[n+](CCCC)c4)c4nc(c(-c5ccc[n+](CCCC)c5)c5ccc2[nH]5)C=C4)C=C3)c1,O,CCCC[n+]1cccc(-c2c3nc(c(-c4ccc[n+](CCCC)c4)c4ccc5c(c6nc(c(-c7ccc[n+](CCCC)c7)c7ccc2[nH]7)C=C6)-c2ccc[n+](CCCC)c2~O~[nH]45)C=C3)c1,-0.5916760563850403,ok,
[C][C]Oc1ccc(/[C]=[C]/C([C]2[C][C]2)=C(\C#N)C([N])=C(C#N)C#N)cc1,O,[C][C]1~O~O1c1ccc(/[C]=[C]/C([C]2[C][C]2)=C(\C#N)C([N])=C(C#N)C#N)cc1,-6.1120710372924805,ok,
CN1C(=C2C=C(c3sc4ccccc4[n+]3C)CC2)Sc2ccccc21,O,C[n+]1c2ccccc2sc12~O~N1(C)C(=C3C=C2CC3)Sc2ccccc21,,failed,Featurization failed: RDKit could not parse Smiles_Merged
COc1ccc2[nH]c(O)c(C=c3ccc4c(c3)N=NC=4/C=C/c3ccc(N4CCN(C)CC4)nc3)c2c1,O,CN1CCN(c2ccc(/C=C/C3=c4ccc(=Cc5c6cc7ccc6[nH]c5(O)~O~O7C)cc4N=N3)cn2)CC1,-2.5260839462280273,ok,
COC(=O)CN1C(=S)N(c2ccc(OC)cc2)C(=O)C1=Cc1ccc(-c2ccc([N+](=O)[O-])cc2)o1,O,COC1(=O)~O~O(C)c2ccc(cc2)N2C(=O)C(=Cc3ccc(-c4ccc([N+](=O)[O-])cc4)o3)N(C1)C2=S,-5.368683338165283,ok,
FC(F)(F)c1nnc(S)n1/N=C/c1ccc(N2CCOCC2)cc1,O,FC1(F)(F)~O~O2CCN(CC2)c2ccc(cc2)/C=N/n2c(S)nnc21,-3.7845218181610107,ok,
CNc1ccc(NC(=O)c2ccc(C)cc2)c2c1C(=O)c1ccccc1C2=O,O,Cc1ccc(C2(=O)~O~N(C)c3ccc(c4c3C(=O)c3ccccc3C4=O)N2)cc1,-5.869030952453613,ok,
NC(=S)N/N=C1/c2ccccc2-c2nc3nonc3nc21,O,S=C1N/N=C2/c3ccccc3-c3nc4nonc4(~O~N1)nc32,-4.923611640930176,ok,
CCN1C=C/C(=C/C=C2\SC(=S)N(c3ccccc3)C2=O)c2ccccc21,O,CCN12~O~C3(=O)/C(=C/C=C(/C=C1)c1ccccc12)SC(=S)N3c1ccccc1,-6.2843241691589355,ok,
CC(C)CCNC(=O)c1c(N)n(/N=C/c2ccc(N(C)C)cc2)c2nc3ccccc3nc12,O,CC(C)CCNC1(=O)~O~Nc2c1c1nc3ccccc3nc1n2/N=C/c1ccc(N(C)C)cc1,-2.6004934310913086,ok,
CN(C)c1ccc(N=C2C=CC(=Nc3ccc(N(C)C)cc3)C=C2)cc1,O,CN(C)c1ccc(N=C2C=CC3(~O~N(C)(C)c4ccc(cc4)N=3)C=C2)cc1,-4.487339019775391,ok,
CCCCN(CCCC)c1ccc(/N=N/c2ccc([N+](=O)[O-])cc2)cc1,O,CCCCN1(CCCC)~O~c2([N+](=O)[O-])ccc(cc2)/N=N/c2ccc1cc2,-6.051216125488281,ok,
CCCCN(CCCC)C(C=C1)=CC=C1/N=N/C(C=C2)=CC=C2[N+]([O-])=O,O,CCCCN1(CCCC)~O~c2([N+](=O)[O-])ccc(cc2)/N=N/c2ccc1cc2,-6.051216125488281,ok,
O=C([O-])c1ccc(C(=O)O)c(-c2c3cc4c5c(c3[o+]c3c6c7c(cc23)CCCN7CCC6)CCCN5CCC4)c1,O,O=C(O)c1ccc2cc1-c1c3cc4c5c(c3[o+]c3(~O~O=C2[O-])c2c6c(cc13)CCCN6CCC2)CCCN5CCC4,-10.225646018981934,ok,
O=[N+]([O-])c1ccc(-c2sc(N3CCOCC3)nc2-c2ccccc2)cc1,O,O=[N+]([O-])c12~O~O3CCN(CC3)c3nc(-c4ccccc4)c(s3)-c(cc1)cc2,-4.9488935470581055,ok,
O=C1C(=Cc2ccc(-c3cc([N+](=O)[O-])ccc3O)o2)Sc2ccccc21,O,O=C1C(=Cc2ccc(-c3cc4([N+](=O)[O-])~O~Oc3cc4)o2)Sc2ccccc21,-4.296334266662598,ok,
CC[n+]1c(/C=C/C=C/N(C)c2ccccc2)sc2ccccc21,O,CC[n+]1c2ccccc2sc12~O~N(C)(c1ccccc1)C=CC=C2,,failed,Featurization failed: RDKit could not parse Smiles_Merged
CCN(CC)C(=S)SCCN(CC)c1ccc(N=Nc2c(Cl)cc([N+](=O)[O-])cc2Cl)cc1,O,CCN(CC)C(=S)SCCN1(CC)~O~c2([N+](=O)[O-])cc(Cl)c(c(Cl)c2)N=Nc2ccc1cc2,-7.2220778465271,ok,
Cc1[nH]c2ccccc2c1C=CC1=[N+](C)c2ccccc2C1(C)C,O,Cc1c2c3ccccc3[nH]1~O~c13ccccc1C(C)(C)C(=[N+]3C)C=C2,-7.219252586364746,ok,
[C]C1([C])[C]C([C]=[C]c2ccc(N3[C][C]O[C][C]3)s2)=[C]C(=C(C#N)C#N)[C]1,O,[C]C1([C])[C]C([C]=[C]c2ccc(N3[C][C]O4~O~[C]4[C]3)s2)=[C]C(=C(C#N)C#N)[C]1,-5.790265083312988,ok,
Cc1ccc(N2C(=O)c3ccccc3Sc3cc(C#N)c(C#N)cc32)cc1,O,Cc1ccc(N23~O~C2(=O)c2ccccc2Sc2cc(C#N)c(C#N)cc23)cc1,-5.726296424865723,ok,
COc1ccc(C(=O)c2c(C=CN(C)C)oc3cc(C#N)c(C#N)cc23)cc1,O,CN(C)C=Cc1oc2cc(C#N)c(C#N)cc2c1C1(=O)~O~O(C)c2ccc1cc2,-5.876832962036133,ok,
O=C1[N]c2ccc([O+]S([O-])=N[C]c3ccccn3)cc2C1=C1[C][C][C][C]1,O,O=C1[N]c2ccc3(~O~[O-]S(=N[C]c4ccccn4)[O+]3)cc2C1=C1[C][C][C][C]1,,failed,Featurization failed: RDKit could not parse Smiles_Merged
[C]c1ccc2c(c1)C1=C(SSC1=C1C(=O)c3ccccc3C1=O)C([C])([C])[N]2,O,[C]c1ccc2c(c1)C1=C(SSC1=C1C(=O)c3ccccc3C13~O~O=3)C([C])([C])[N]2,-4.426044940948486,ok,
CN(C)c1ccc(/C=C/C=C2/S/C(=N/c3ccccc3)NC2=O)cc1,O,CN1(C)~O~C2(=O)N/C(=N\c3ccccc3)S/C2=C/C=C/c2ccc1cc2,-6.011813163757324,ok,
O=C1N=C(N2CCN(c3ccc(Cl)cc3)CC2)SC1=Cc1ccc(-c2cccc([N+](=O)[O-])c2)o1,O,O=[N+]([O-])c1cccc(-c2ccc3o2~O~C2(=O)N=C(N4CCN(c5ccc(Cl)cc5)CC4)SC2=C3)c1,-4.799435615539551,ok,
c1cc(N2CCOCC2)ccc1Nc1nc2nonc2nc1Nc1ccc(N2CCOCC2)cc1,O,c1cc(N2CCOCC2)ccc1Nc1nc2nonc23~O~O2CCN(CC2)c2ccc(cc2)Nc1n3,-3.9919211864471436,ok,
O=P([O-])([O-])O[C@H]1[C@H](OP(=O)([O-])[O-])[C@@H](OP(=O)([O-])[O-])[C@H](OP(=O)([O-])[O-])[C@@H](OP(=O)([O-])[O-])[C@H]1OP(=O)([O-])[O-].[Zn+2].[Zn+2].[Zn+2].[Zn+2].[Zn+2].[Zn+2],O,O=P([O-])([O-])O[C@H]1[C@H](OP(=O)([O-])[O-])[C@H](OP(=O)([O-])[O-])[C@H](OP(=O)([O-])[O-]~O~[Zn+2])[C@@H](OP(=O)([O-])[O-])[C@@H]1OP(=O)([O-])[O-].[Zn+2].[Zn+2].[Zn+2].[Zn+2].[Zn+2],-0.8267437219619751,ok,
CCOc1ccc(N2C(=O)C(=Cc3ccc(-c4ccc(Br)cc4)o3)C=C2c2ccccc2)cc1,O,CCO1~O~C2(=O)C(=Cc3ccc(-c4ccc(Br)cc4)o3)C=C(c3ccccc3)N2c2ccc1cc2,-6.242539405822754,ok,
COC(C=Cc1ccc(N(C)C)cc1)=CC1=[N+](C)c2ccccc2C1(C)C,O,CN(C)c1ccc(C=CC2=CC3=[N+](C)c4(~O~O2C)ccccc4C3(C)C)cc1,-5.454348564147949,ok,
CN(C)c1ccc(/C=C/C=C2/SC(=O)N(CC(=O)N3CCCC3)C2=O)cc1,O,CN1(C)~O~C2(=O)S/C(=C/C=C/c3ccc1cc3)C(=O)N2CC(=O)N1CCCC1,-5.181403160095215,ok,
CC=CC=NN=CC1=C(N2CCOCC2)C(=Cc2ccccc2)CC1,O,CC=CC=NN=CC1=C(N2CCO3~O~C3C2)C(=Cc2ccccc2)CC1,-3.738873243331909,ok,
Cc1ccc2c(c1)-c1nc3ccccc3cc1/C2=N\C1CCCCC1,O,Cc1ccc2c(c1)-c13~O~N(/C4CCCCC4)=C\2c1cc1ccccc1n3,-6.021308898925781,ok,
O=[N+]([O-])c1ccc(/C=C/C=N/c2ccc(Nc3ccccc3)cc2)cc1,O,O=[N+]([O-])c12~O~N(c3ccccc3)c3ccc(cc3)/N=C/C=C/c(cc1)cc2,-4.895627975463867,ok,
CC1=C(C#N)c2nc(N)c(C#N)c(C)c2C1=Cc1ccc(-c2cccc(Br)c2)o1,O,CC1=C(C#N)c2nc3(N)~O~o4c(ccc4-c4cccc(Br)c4)C=C1c2c(C)c3C#N,-6.61412239074707,ok,
N#C/C(=C\C=C\c1ccco1)c1nc(-c2ccc([N+](=O)[O-])cc2)cs1,O,N#C/C1=C\C=C\c2ccco2~O~c2([N+](=O)[O-])ccc(cc2)-c2csc1n2,-6.115854263305664,ok,
CCC(C)NC(=O)c1c(N)n(-c2ccc(N(CC)CC)cc2)c2nc3ccccc3nc12,O,CCC(C)NC1(=O)~O~Nc2c1c1nc3ccccc3nc1n2-c1ccc(N(CC)CC)cc1,-2.984527111053467,ok,
[C][C][C]N([C][C][C])C1=[C]C(=[N+]2[C][C][C][C][C]2)[C]C([C])([C])[C]1,O,[C][C][C]N1([C][C][C])~O~[C]2[C][C][C][C][N+]2=C2[C]C([C])([C])[C]C1=[C]2,-4.57031774520874,ok,
O=C1c2ccccc2-c2ccc(N3CCOCC3)c3cccc1c23,O,O=C12~O~O3CCN(CC3)c3ccc(c4c1cccc34)-c1ccccc12,-5.205384731292725,ok,
CN(C)c1ccc(C=CC=C2SC(=O)N(CC(=O)OC(C)(C)C)C2=O)cc1,O,CN(C)c1ccc(C=CC=C2SC(=O)N(CC3(=O)~O~O3C(C)(C)C)C2=O)cc1,-5.180581092834473,ok,
O=C(O)CN1C(=O)/C(=C\C=C\c2ccc([N+](=O)[O-])o2)SC1=S,O,O=C1CN2C(=O)/C(=C\C=C\c3ccc([N+](=O)[O-])(~O~O1)o3)SC2=S,-4.28929328918457,ok,
COc1ccc(/C=C2/C=C(c3ccccc3)N(c3ccc(Sc4ccc([N+](=O)[O-])cc4)cc3)C2=O)cc1Br,O,CO1~O~c2([N+](=O)[O-])ccc(cc2)Sc2ccc(cc2)N2C(=O)/C(=C\c3ccc1c(Br)c3)C=C2c1ccccc1,-6.380925178527832,ok,
CC1CC(C)(C)N(Cc2ccccc2)c2ccc(/C=C3\N=C(c4ccccc4)OC3=O)cc21,O,CC1CC(C)(C)N(Cc2ccccc2)c2ccc(/C=C3\N=C(c4ccccc4)O4~O~C34=O)cc21,-4.493758201599121,ok,
CC(C)NS(=O)(=O)c1ccc(-c2ccc(C=CC(=O)c3ccc(N4CCOCC4)cc3)o2)cc1,O,CC(C)NS1(=O)(=O)~O~o2c(C=CC(=O)c3ccc(N4CCOCC4)cc3)ccc2-c2ccc1cc2,-6.61064338684082,ok,
COc1ccc(C2=CC(=Cc3ccc(-c4cccc([N+](=O)[O-])c4)o3)C(=O)O2)cc1,O,CO1~O~C2(=O)OC(=CC2=Cc2ccc(-c3cccc([N+](=O)[O-])c3)o2)c2ccc1cc2,-5.356976509094238,ok,
O=C1c2ccccc2C(=O)c2cc3c(N4CCCCC4)cc(-c4ccccc4)nc3cc21,O,O=C1c2ccccc2C2(=O)~O~N3(CCCCC3)c3cc(-c4ccccc4)nc4cc2c1cc34,-5.226973533630371,ok,
[C]N1C(=O)C(=[C]c2ccc(N3[C][C][C][C]3)cc2)C(=O)N([C])C1=S,O,[C]N1C(=O)C2=[C]c3ccc(cc3)N3(~O~C2(=O)N([C])C1=S)[C][C][C][C]3,-3.9951274394989014,ok,
CCCCCCCOC(=O)c1c(N)n(-c2ccc(N(CC)CC)cc2)c2nc3ccccc3nc12,O,CCCCCCCO1~O~C1(=O)c1c(N)n(-c2ccc(N(CC)CC)cc2)c2nc3ccccc3nc12,-3.1903021335601807,ok,
[C][C][C][C][C][C][C][C]c1ccc(/C([C]=[N+]([C])[C])=[C]/N([C])[C])cc1,O,[C][C][C][C][C][C][C][C]c1ccc(C2=[C]N([C])([C])~O~[C][N+]([C])=[C]2)cc1,-6.020127296447754,ok,
CN(C)c1ccc(/N=N/c2ccc(N3C(=O)CNC3=S)cc2)cc1,O,CN1(C)~O~C2(=O)CNC(=S)N2c2ccc(cc2)/N=N/c2ccc1cc2,-4.606167793273926,ok,
C1=C/C(=N\C2CCCCC2)C=C2C1=NC13CCCCC1CC1=C(CCCC1)N23,O,C1=C/C(=N\C2CCCCC2)C=C2C1=NC134~O~N21C1=C(CCCC1)CC3CCCC4,-5.485132217407227,ok,
O=C(O)CCC(=Cc1ccc(-c2ccc([N+](=O)[O-])cc2)o1)c1nc2ccccc2s1,O,O=[N+]([O-])c1ccc(-c2ccc(C=C(CCC3(=O)~O~O3)c3nc4ccccc4s3)o2)cc1,-4.670487403869629,ok,
COC1=CC=C(C=C1)C2=CC=C(C=C(C#N)C#N)S2,O,CO1~O~C(C#N)(C#N)=Cc2ccc(s2)-c2ccc1cc2,-6.216594696044922,ok,
COc1ccc(-c2ccc(C=C(C#N)C#N)s2)cc1,O,CO1~O~C(C#N)(C#N)=Cc2ccc(s2)-c2ccc1cc2,-6.216594696044922,ok,
CC(C)(C)c1ccc(C2=N/C(=C\C=C\c3cccc([N+](=O)[O-])c3)C(=O)O2)cc1,O,CC(C)(C)c1ccc(C2=N/C(=C\C=C\c3cccc([N+](=O)[O-])c3)C3(=O)~O~O23)cc1,-4.8905720710754395,ok,
c1csc(-c2ccc(-c3cccs3)c3nsnc23)c1,O,c1csc(-c2ccc(-c3cccs3)c34~O~n3snc24)c1,-5.942438125610352,ok,
CCN1/C(=C/C=C2/SC(=S)N(C)C2=O)C(C)(C)c2cc(-c3ccccc3)ccc21,O,CCN12~O~C3(=O)/C(=C\C=C\1C(C)(C)c1cc(-c4ccccc4)ccc12)SC(=S)N3C,-6.209835052490234,ok,
O=C1C(=CC=Cc2ccco2)SC(=S)N1c1ccc2c(c1)OCO2,O,O=C12~O~o3cccc3C=CC=C1SC(=S)N2c1ccc2c(c1)OCO2,-5.375247478485107,ok,
CCOc1ccc(N2C(=O)/C(=C\c3ccc(-c4ccc([N+](=O)[O-])cc4)o3)SC2=S)cc1,O,CCO1~O~C2(=O)/C(=C\c3ccc(-c4ccc([N+](=O)[O-])cc4)o3)SC(=S)N2c2ccc1cc2,-6.374092102050781,ok,
CN(C)c1ccc(-c2nc3ccccn3c2/N=C/c2cccc([N+](=O)[O-])c2O)cc1,O,CN(C)c1ccc(-c2nc3ccccn3c2/N=C/c2cccc3([N+](=O)[O-])~O~Oc23)cc1,-3.2642905712127686,ok,
Nc1ccc(-c2ccc(N3C(=O)c4cccc5c(C(=O)c6ccccc6)ccc(c45)C3=O)cc2)cc1,O,O=C(c1ccccc1)c1ccc2c3c(cccc13)C(=O)N1c3ccc(cc3)-c3ccc(cc3)N~O~C21=O,-6.3985490798950195,ok,
O=C1/C(=C/c2ccc(-c3ccc(Br)cc3)o2)C=C(c2ccccc2)N1c1cccc([N+](=O)[O-])c1,O,O=C1/C2=C/c3ccc(-c4ccc(Br)cc4)o3~O~c3([N+](=O)[O-])cccc(c3)N1C(c1ccccc1)=C2,-6.275796413421631,ok,
CCCCCCCCCCCCNc1ccc(NCCCCCCCCCCCC)c2c1C(=O)c1ccccc1C2=O,O,CCCCCCCCCCCCNc1ccc2c3c1C(=O)c1ccccc1C3(=O)~O~N2CCCCCCCCCCCC,-6.6418561935424805,ok,
O=C(C1=CC=CC=C21)C3=C(C2=O)C(NCCCCCCCCCCCC)=CC=C3NCCCCCCCCCCCC,O,CCCCCCCCCCCCNc1ccc2c3c1C(=O)(~O~N2CCCCCCCCCCCC)c1ccccc1C3=O,-7.232863426208496,ok,
CN1c2ccc3ccccc3c2C(C)(C)C12C=Cc1cc([N+](=O)[O-])ccc1O2,O,CN1c2ccc3ccccc3c2C(C)(C)C12C=Cc1cc3([N+](=O)[O-])~O~O2c1cc3,-5.840187072753906,ok,
Cc1ccc(N2Cc3ccccc3Oc3cc(C#N)c(C#N)cc32)cc1,O,Cc1ccc(N2Cc3ccccc3O3~O~c34cc(C#N)c(C#N)cc42)cc1,-5.648383140563965,ok,
CN(CCc1ccccn1)c1cc(NC2CCCCC2)c2c3c(onc13)-c1ccccc1C2=O,O,CN(CCc1ccccn1)c1cc2c3c4c(onc14)-c1ccccc1C3(=O)~O~N2C1CCCCC1,-4.369151592254639,ok,
CCOC(=O)C1=C(Nc2ccc(OCC)cc2)S/C(=C\c2ccc(N3CCOCC3)o2)C1=O,O,CCOC1(=O)~O~O(CC)c2ccc(cc2)NC2=C1C(=O)/C(=C/c1ccc(N3CCOCC3)o1)S2,-6.014936923980713,ok,
CCN(CC)c1ccc2nc3c4ccccc4c(=N)cc-3oc2c1,O,CCN(CC)c1ccc2nc3c4ccccc4c(=N)cc-34~O~o4c2c1,-6.353002071380615,ok,
CC1=C(C#N)c2nc(N)c(C#N)c(C)c2C1=Cc1ccc(-c2cccc(Cl)c2)o1,O,CC1=C(C#N)c2nc3(N)~O~o4c(ccc4-c4cccc(Cl)c4)C=C1c2c(C)c3C#N,-6.816519737243652,ok,
CN1CCN(c2ccc(C=C(C#N)C#N)o2)CC1,O,CN1CCN(c23~O~o2c(C=C(C#N)C#N)cc3)CC1,-3.514004945755005,ok,
CN(c1ccccc1)c1ccc(/C=c2/s/c(=C(/C#N)C(=O)C(C)(C)C)n(CCCN3CCOCC3)c2=O)cc1,O,CN(c1ccccc1)c1ccc(/C=c2/s/c(=C(/C#N)C(=O)C(C)(C)C)n3c2(=O)~O~O2CCN(CCC3)CC2)cc1,-5.954449653625488,ok,
O=C1c2ccccc2-c2onc3c(NC4CCCCC4)cc(Nc4ccc(Cl)cc4)c1c23,O,O=C12~O~N(C3CCCCC3)c3cc(Nc4ccc(Cl)cc4)c1c1c(onc31)-c1ccccc12,-6.020881652832031,ok,
CC1=C(C#N)c2nc(N)c(C#N)c(C)c2C1=CC=Cc1ccccc1,O,CC1=C(C#N)c2nc3(~O~N3)c(C#N)c(C)c2C1=CC=Cc1ccccc1,,failed,Featurization failed: RDKit could not parse Smiles_Merged
CN(C)c1ccc(C=C2C=C(c3ccc(Cl)cc3)OC2=O)cc1Br,O,CN(C)c1ccc(C=C2C=C(c3ccc(Cl)cc3)O3~O~C23=O)cc1Br,-5.429386138916016,ok,
O=C1/C(=C\c2ccc(-c3ccc([N+](=O)[O-])cc3Cl)o2)NC(=S)N1CC1CCCO1,O,O=[N+]([O-])c1ccc(-c2ccc3o2~O~C2(=O)/C(=C\3)NC(=S)N2CC2CCCO2)c(Cl)c1,-7.4615912437438965,ok,
O=C1N=C(N2CCN(c3cccc(C(F)(F)F)c3)CC2)SC1=Cc1ccc(-c2ccc(Cl)cc2)o1,O,O=C1N=C2SC1=Cc1ccc(-c3ccc(Cl)cc3)o1~O~C(F)(F)(F)c1cccc(c1)N1CCN2CC1,-5.974626541137695,ok,
Cc1ccc(Nc2cc(/C=C(\c3ccccc3)N3CCCCC3)c3noc4c3c2C(=O)c2ccccc2-4)cc1,O,Cc1ccc(Nc2cc3c4noc5c4c2C(=O)(~O~N2(CCCCC2)/C(c2ccccc2)=C/3)c2ccccc2-5)cc1,-6.057939052581787,ok,
O=C(/C=C/c1ccc([N+](=O)[O-])cc1)Nc1ccc(N2CCOCC2)cc1,O,O=C1/C=C/c2ccc([N+](=O)[O-])(~O~O3CCN(CC3)c3ccc(cc3)N1)cc2,-4.936229228973389,ok,
COC(C=C(C=C1)C2=C(C=C3)N=C3C(C(C=C4)=CC(OC)=C4OC)=C(C=C5)NC5=C(C6=CC=C(OC)C(OC)=C6)C7=NC(C=C7)=C(C8=CC=C(OC)C(OC)=C8)C9=CC=C2N9)=C1OC,O,COc1ccc(-c2c3nc(c(-c4ccc(OC)c(OC)c4)c4ccc([nH]4)c4c5nc(c(c6ccc2[nH]6)-c2ccc(c(OC)c2)O(C)~O~c2(OC)cc-4ccc2OC)C=C5)C=C3)cc1OC,-6.001788139343262,ok,
O=[N+]([O-])c1ccc(/C=N/c2ccc(-c3ccc(/N=C/c4ccc([N+](=O)[O-])s4)cc3)cc2)s1,O,O=[N+]([O-])c1ccc(/C=N/c2ccc(-c3ccc(/N=C/c4ccc5(~O~O=[N+]5[O-])s4)cc3)cc2)s1,,failed,Featurization failed: RDKit could not parse Smiles_Merged
O=C1/C(=C/C(Cl)=C/c2ccc([N+](=O)[O-])cc2)SC(=S)N1c1ccc(F)cc1,O,O=[N+]([O-])c1ccc(/C=C(Cl)/C=C2\SC(=S)N(c3ccc(F)cc3)C23~O~O=3)cc1,-5.065622329711914,ok,
COc1ccc(Nc2cc(N(C)C)c(N)c3c2C(=O)c2ccccc2C3=O)cc1,O,CN(C)c1cc2c3c(c1N)C(=O)(~O~O(C)c1ccc(cc1)N2)c1ccccc1C3=O,-5.739847183227539,ok,
CC1=C(C#N)c2nc(N)c(C#N)c(C)c2/C1=C\c1ccc(N2CCOCC2)cc1,O,CC1=C(C#N)c2nc3(~O~N3)c(C#N)c(C)c2/C1=C\c1ccc(N2CCOCC2)cc1,,failed,Featurization failed: RDKit could not parse Smiles_Merged
CN(C)c1ccc(/C=C/c2ccc3ccccc3[n+]2C)cc1.[I-],O,CN(C)c1ccc(/C=C/c2ccc3ccccc3(~O~[I-])[n+]2C)cc1,-5.395753860473633,ok,
CCCN1C(=O)C(=CC=C2Sc3c(ccc4ccccc34)N2CC)SC1=S,O,CCCN1C(=S)SC2=CC=C3Sc4c(ccc5ccccc45)N3(CC)~O~C21=O,-6.310985088348389,ok,
Cc1ccc(N2CCN(C3=NC(=O)/C(=C\c4ccc(-c5cccc([N+](=O)[O-])c5)o4)S3)CC2)cc1,O,Cc1ccc(N2CCN(C3=NC4(=O)~O~o5c(ccc5-c5cccc([N+](=O)[O-])c5)/C=C\4S3)CC2)cc1,-4.505219459533691,ok,
COc1cccc(/C=C2\CC/C(=C\c3cccc([N+](=O)[O-])c3)C2=O)c1,O,CO1~O~c2([N+](=O)[O-])cccc(c2)/C=C2\CC/C(=C\c3cccc1c3)C2=O,-5.660312175750732,ok,
COc1ccc(-c2ccc(C=C3SC(=S)N(C)C3=O)o2)cc1Cl,O,CN1C(=S)SC2=Cc3ccc(o3)-c3ccc(c(Cl)c3)O(C)~O~C21=O,-6.528171539306641,ok,
COc1ccc2c(c1)C(C)(C)C1(C=Cc3cc([N+](=O)[O-])ccc3S1)N2C,O,CN1c2ccc3cc2C(C)(C)C12C=Cc1cc([N+](=O)[O-])(~O~O3C)ccc1S2,-5.901093006134033,ok,
CCN(c1ccc(/C=C/c2sc3ccccc3[n+]2C)cc1)c1ccc(OC)cc1,O,CCN1c2ccc(cc2)/C=C/c2(~O~O(C)c3ccc1cc3)sc1ccccc1[n+]2C,,failed,Featurization failed: RDKit could not parse Smiles_Merged
CN(C)c1ccc(/C=C2\C(=[NH2+])N3N=C(c4ccc([O-])cc4)SC3=NC2=O)cc1,O,CN(C)c1ccc(/C=C2/C(=O)N=C3SC4=NN3C2(=[NH2+])~O~[O-]c2ccc4cc2)cc1,-1.8906017541885376,ok,
[C]Oc1ccc(N2[C][C]N(OS(=O)c3ccc4c(c3)C(=C3[C][C][C][C]3)C(=O)[N]4)[C][C]2)cc1,O,[C]O1~O~C2(=O)[N]c3ccc(cc3C2=C2[C][C][C][C]2)S(=O)ON2[C][C]N([C][C]2)c2ccc1cc2,-3.2367360591888428,ok,
CCC(C)c1ccc(O)c(N=CC=Cc2ccc([N+](=O)[O-])cc2)c1,O,CCC(C)c1ccc2c(c1)N=CC=Cc1ccc([N+](=O)[O-])(~O~O2)cc1,-4.7078857421875,ok,
C1=CC=C2C=C(/C=C/c3ccc4ccccc4c3)C=CC(=C1)C2,O,C1=CC2=CC3~O~C2C(=CC=3)C=C1/C=C/c1ccc2ccccc2c1,-6.589508056640625,ok,
Cc1ccc(Nc2ccc(Nc3ccc(C)cc3)c3c2C(=O)c2c(O)ccc(O)c2C3=O)cc1,O,Cc1ccc(Nc2ccc(Nc3ccc(C)cc3)c3c2C(=O)c2c(O)ccc4c2C3(=O)~O~O4)cc1,-6.372092247009277,ok,
CCN(CC)c1ccc(N2C(=O)/C(=C/C(C)=C/c3ccccc3)SC2=S)cc1,O,CCN1(CC)~O~C2(=O)/C(=C/C(C)=C/c3ccccc3)SC(=S)N2c2ccc1cc2,-6.421401023864746,ok,
CCOc1ccc(N2CN=c3sc(=CC=Cc4ccccc4)c(=O)n3C2)cc1,O,CCO1~O~c2(=O)c(=CC=Cc3ccccc3)sc3n2CN(CN=3)c2ccc1cc2,-4.405521392822266,ok,
[Na+].[Na+].Oc1cc2cc(O)c(cc2cc1S([O-])(=O)=O)S([O-])(=O)=O,O,O=S(=O)([O-])c1cc2cc(S(=O)(=O)[O-]~O~[Na+])c(O)cc2cc1O.[Na+],-2.3285391330718994,ok,
O=C1[N]c2ccc([O+]S([O-])=N[C]3[C][C][C][C][C][C]3)cc2C1=C1[C][C][C][C]1,O,O=C1[N]c2ccc3(~O~[O-]S(=N[C]4[C][C][C][C][C][C]4)[O+]3)cc2C1=C1[C][C][C][C]1,,failed,Featurization failed: RDKit could not parse Smiles_Merged
O=C1C2=C(C=CC(S(=O)([O-])=O)=C2)C(C=C3)=C1C=C3S(=O)([O-])=O.[K+].[K+],O,O=C1c2cc(S(=O)(=O)[O-])ccc2-c2ccc(S(=O)(=O)[O-]~O~[K+])cc21.[K+],-2.4910449981689453,ok,
CC1=C(C#N)c2nc(N)c(C#N)c(C)c2C1=Cc1ccc(-c2cccc(C(=O)O)c2)o1,O,CC1=C(C#N)c2nc(N)c(C#N)c(C)c2C1=Cc1ccc(-c2cccc(C3(=O)~O~O3)c2)o1,-4.307292938232422,ok,
CN(C)c1ccc(/C=N/n2c(N)c(C(=O)Nc3ccc(Cl)cc3)c3nc4ccccc4nc32)cc1,O,CN(C)c1ccc(/C=N/n2c3c(c4nc5ccccc5nc42)C(=O)(Nc2ccc(Cl)cc2)~O~N3)cc1,-2.87833571434021,ok,
Cc1cc(Br)ccc1N1C(=O)/C(=C/c2ccc(-c3ccc([N+](=O)[O-])cc3)o2)C=C1c1ccccc1,O,Cc1cc(Br)ccc1N1C(=O)/C(=C/c2ccc3o2~O~c2([N+](=O)[O-])ccc-3cc2)C=C1c1ccccc1,-6.2885422706604,ok,
O=C1N=C(N2CCN(c3cccc(Cl)c3)CC2)S/C1=C/c1ccc(-c2ccc([N+](=O)[O-])cc2)o1,O,O=[N+]([O-])c1ccc(-c2ccc3o2~O~C2(=O)N=C(N4CCN(c5cccc(Cl)c5)CC4)S/C2=C/3)cc1,-4.800014972686768,ok,
CC(C)(C)C(=O)/C(C#N)=C/c1ccc(-c2ccc([N+](=O)[O-])cc2)o1,O,CC(C)(C)C(=O)/C(C#N)=C/c1ccc2o1~O~c1([N+](=O)[O-])ccc-2cc1,-6.374981880187988,ok,
COCCNc1cc(N(C)CCO)c(N)c2c1C(=O)c1ccccc1C2=O,O,COCCNc1cc(N(C)CCO)c2c3c1C(=O)c1ccccc1C3(=O)~O~N2,-5.330503463745117,ok,
N#C/C(=C/c1ccc(N2CCOCC2)o1)c1ccc([N+](=O)[O-])cc1,O,N#C/C1=C/c2ccc(N3CCOCC3)o2~O~c2([N+](=O)[O-])ccc1cc2,-5.284786224365234,ok,
O=C(O)c1ccc(N2C(=O)/C(=C\c3ccc(-c4ccc([N+](=O)[O-])cc4)o3)C=C2c2ccccc2)cc1,O,O=C1/C(=C\c2ccc(-c3ccc([N+](=O)[O-])cc3)o2)C=C(c2ccccc2)N1c1ccc(C2(=O)~O~O2)cc1,-4.3646345138549805,ok,
ClC1=CC=CC=C1C2=C(C=C3)N=C3C(C4=CC=CC=C4Cl)=C(C=C5)NC5=C(C6=CC=CC=C6Cl)C7=NC(C=C7)=C(C8=CC=CC=C8Cl)C9=CC=C2N9,O,Clc1ccccc1-c1c2nc(c(-c3ccccc3Cl)c3ccc4c(-c5ccccc5Cl)c5nc(~O~[nH]34)(c(-c3ccccc3Cl)c3ccc1[nH]3)C=C5)C=C2,-8.066847801208496,ok,
Clc1ccccc1-c1c2nc(c(-c3ccccc3Cl)c3ccc([nH]3)c(-c3ccccc3Cl)c3nc(c(-c4ccccc4Cl)c4ccc1[nH]4)C=C3)C=C2,O,Clc1ccccc1-c1c2nc(c(-c3ccccc3Cl)c3ccc4c(-c5ccccc5Cl)c5nc(~O~[nH]34)(c(-c3ccccc3Cl)c3ccc1[nH]3)C=C5)C=C2,-8.06684684753418,ok,
CC1=C(C#N)c2nc(N)c(C#N)c(C)c2C1=Cc1ccc(-c2ccc(Cl)cc2)o1,O,CC1=C(C#N)c2nc3(N)~O~o4c(ccc4-c4ccc(Cl)cc4)C=C1c2c(C)c3C#N,-6.801426887512207,ok,
[C]c1ccc(Cl)cc1N1C(=O)[C]2[C]([C]3[C]=[C][C]2C3=C2[C]3[C][C]4[C][C]([C]3)[C][C]2[C]4)C1=O,O,[C]c1ccc(Cl)cc1N1C(=O)[C]2[C]3[C]=[C][C]([C]2C12~O~O=2)C3=C1[C]2[C][C]3[C][C]([C]2)[C][C]1[C]3,-3.6652019023895264,ok,
CCc1ccc(N=C2SC(=C3C(=O)Nc4ccc([N+](=O)[O-])cc43)C(=O)N2c2ccc(CC)cc2)cc1,O,CCc1ccc(N=C2SC3=C4C(=O)N(~O~C3(=O)N2c2ccc(CC)cc2)c2ccc([N+](=O)[O-])cc24)cc1,-6.178981304168701,ok,
O=S(=O)([O-])c1ccc(N/N=C2/c3ccccc3-c3nc4ccccc4nc32)cc1,O,O=S1(=O)(c2ccc(N/N=C3/c4ccccc4-c4nc5ccccc5nc43)cc2)~O~[O-]1,-3.979093313217163,ok,
O=C1C=Cc2ccc(N3CCOCC3)c3cccc1c23,O,O=C12~O~O3CCN(CC3)c3ccc(c4c1cccc34)C=C2,-4.798585891723633,ok,
C1=C2CCCC3=CSS(=C23)S1,O,C1=C2CCCC3=CSS4(~O~C=423)S1,-3.537442445755005,ok,
O=C1C(=Cc2ccc(-c3ccc([N+](=O)[O-])cc3)o2)Cc2ccccc21,O,O=C1C(=Cc2ccc3o2~O~c2([N+](=O)[O-])ccc-3cc2)Cc2ccccc21,-6.150579452514648,ok,
Cc1ccc(N2C(=O)C(=Cc3ccc(-c4ccc(Br)cc4)o3)C=C2c2ccccc2)cc1C,O,Cc1ccc(N2C(c3ccccc3)=CC3=Cc4ccc(-c5ccc(Br)cc5)o4~O~C32=O)cc1C,-6.2591328620910645,ok,
CCCCc1ccc(Nc2ccc(Nc3ccc(CCCC)cc3)c3c2C(=O)c2c(O)ccc(O)c2C3=O)cc1,O,CCCCc1ccc(Nc2ccc(Nc3ccc(CCCC)cc3)c3c2C(=O)c2c(O)ccc4c2C3(=O)~O~O4)cc1,-6.851904392242432,ok,
Cc1cccc(N2CCN(C3=NC(=O)/C(=C\c4ccc(-c5ccc([N+](=O)[O-])cc5)o4)S3)CC2)c1,O,Cc1cccc(N2CCN(C3=NC4(=O)~O~o5c(ccc5-c5ccc([N+](=O)[O-])cc5)/C=C\4S3)CC2)c1,-4.504944801330566,ok,
CCCCCCCCc1ccc(-c2ccc(C(=O)Nc3ccc(NCCCC)c4c3C(=O)c3ccccc3C4=O)cc2)cc1,O,CCCCCCCCc1ccc(-c2ccc(C3(=O)~O~N(CCCC)c4ccc(c5c4C(=O)c4ccccc4C5=O)N3)cc2)cc1,-6.622168064117432,ok,
CCn1cc(/C=C/C(O)=C2/C(=O)N(CCCOC)C(=O)N=C2O)c2ccccc21,O,CCn1cc(/C=C/C2=C3C(=O)N(CCCOC)C(=O)(~O~O2)N=C3O)c2ccccc21,-3.7694499492645264,ok,
CCc1ccc(N2CN=c3sc(=Cc4ccc([N+](=O)[O-])cc4)c(=O)n3C2)cc1,O,CCc1ccc(N23~O~c4(=O)c(=Cc5ccc([N+](=O)[O-])cc5)sc(n4C2)=NC3)cc1,-4.45570707321167,ok,
CCN(CC)c1ccc2nc3c4cc(O)ccc4c(=O)cc-3oc2c1,O,CCN(CC)c1ccc2nc3c4cc5ccc4c(=O)(~O~O5)cc-3oc2c1,-3.648024797439575,ok,
CC(=O)Nc1ccc(Nc2ccccc2)c2c1C(=O)c1ccccc1C2=O,O,CC1(=O)~O~N(c2ccccc2)c2ccc(c3c2C(=O)c2ccccc2C3=O)N1,-6.344202041625977,ok,
N#Cc1cc2c(cc1C#N)N(c1ccccc1)C(=O)CS2,O,N#Cc1cc2c(cc1C#N)N1(c3ccccc3)~O~C1(=O)CS2,-4.896360397338867,ok,
CN(C)/C=C/C=C/C=C(C#N)C#N,O,CN1(C)~O~C(C#N)(C#N)=C/C=C/C=C/1,-3.434896945953369,ok,
CCN(CC)c1ccc(C=C2CCC(C=NN=Cc3c[nH]c4ccccc34)=C2N2CCOCC2)cc1,O,CCN(CC)c1ccc(C=C2CCC(C=NN=Cc3c[nH]c4ccccc34)=C2N2CCO3~O~C3C2)cc1,-2.511558771133423,ok,
CN(C)c1ccc(/C=C/C=C2/SC(Nc3ccccc3)=NC2=O)cc1,O,CN1(C)~O~C2(=O)N=C(Nc3ccccc3)S/C2=C/C=C/c2ccc1cc2,-5.462447166442871,ok,
[O-][n+]1c(CBr)c(CBr)[n+]([O-])c2ccccc21,O,[O-][n+]1c(CBr)c(CBr)[n+]2c3ccccc31~O~[O-]2,-3.3769428730010986,ok,
CCCCN1C(=O)C(=CC=C2C=CN(CC)c3ccccc32)SC1=S,O,CCCCN1C(=S)SC2=CC=C3C=CN(CC)(~O~C21=O)c1ccccc13,-6.711883068084717,ok,
Cc1ccc(N2CCN(C(=O)C(C#N)=Cc3ccc(-c4ccc(F)cc4)o3)CC2)cc1,O,Cc1ccc(N2CCN(C3(=O)~O~o4c(ccc4-c4ccc(F)cc4)C=C3C#N)CC2)cc1,-4.887021064758301,ok,
O=[N+]([O-])c1cccc(/C=C/c2nc3ccccc3nc2N2CCCCC2)c1,O,O=[N+]([O-])c12~O~N3(CCCCC3)c3nc4ccccc4nc3/C=C/c(ccc1)c2,-4.0164103507995605,ok,
CN(C)c1ncc(C2=C(Cl)C(=O)C(N3CCCC3)=C(Cl)C2=O)s1,O,CN(C)c1ncc(C2=C(Cl)C3(=O)~O~N4(CCCC4)C3=C(Cl)C2=O)s1,-5.4486260414123535,ok,
COc1cc([N+](=O)[O-])ccc1-c1ccc(C=NN(c2ccccc2)c2ccccc2)o1,O,CO1~O~c2([N+](=O)[O-])ccc(-c3ccc(C=NN(c4ccccc4)c4ccccc4)o3)c1c2,-4.873844146728516,ok,
CC1CCc2oc3ccc(NS(=O)(=O)c4ccc5c(c4)C(=O)c4ccccc4C5=O)cc3c2C1,O,CC1CCc2c(c3cc4ccc3o2~O~S(=O)(=O)(c2ccc3c(c2)C(=O)c2ccccc2C3=O)N4)C1,-7.169175148010254,ok,
CN(C)c1ccc(/C=C2\C=C(c3ccc(Cl)cc3)OC2=O)cc1,O,CN(C)c1ccc(/C=C2\C=C(c3ccc(Cl)cc3)O3~O~C23=O)cc1,-5.176351070404053,ok,
CC1=CC(=C(C#N)C#N)C=C(C=Cc2ccc(N(C)C)cc2)O1,O,CC1=CC2=C(C#N)(C#N)~O~O1C(C=Cc1ccc(N(C)C)cc1)=C2,-5.221893787384033,ok,
CCN1C(=O)/C(=C\C=C2\N(CC)c3ccc(-c4ccccc4)cc3C2(C)C)S/C1=N\c1ccc(C)cc1,O,CCN1/C(=N/c2ccc(C)cc2)SC2=CC=C3C(C)(C)c4cc(-c5ccccc5)ccc4N3(CC)~O~C21=O,-5.6757121086120605,ok,
Cc1ccccc1N1CCN(C2=NC(=O)C(=Cc3ccc(-c4ccc([N+](=O)[O-])cc4Cl)o3)S2)CC1,O,Cc1ccccc1N1CCN(C2=NC3(=O)~O~o4c(ccc4-c4ccc([N+](=O)[O-])cc4Cl)C=C3S2)CC1,-4.810205459594727,ok,
CC1CCCCN1c1cc(Nc2ccc(C(=O)O)cc2)c2c3c(onc13)-c1ccccc1C2=O,O,CC1CCCCN1c1cc(Nc2ccc(C3(=O)~O~O3)cc2)c2c3c(onc13)-c1ccccc1C2=O,-4.828850746154785,ok,
NC(=S)N/N=C1/c2ccccc2-c2nc3ccccc3nc21,O,S=C1(N/N=C2/c3ccccc3-c3nc4ccccc4nc32)~O~N1,-3.663792848587036,ok,
CC1=C(C#N)c2nc(N)c(C#N)c(C)c2C1=Cc1ccc(-c2ccc([N+](=O)[O-])cc2C)o1,O,CC1=C(C#N)c2nc(N)c(C#N)c(C)c2C1=Cc1ccc2o1~O~c1([N+](=O)[O-])ccc-2c(C)c1,-5.575190544128418,ok,
[C][C]N1[C][C]N(S(=O)(=O)c2ccc3c(c2)C(=C2[C][C][C][C]2)C(=O)N3[C])[C][C]1,O,[C][C]N1[C][C]N(S(=O)(=O)c2ccc3c(c2)C(=C2[C][C][C][C]2)C2(=O)~O~N32[C])[C][C]1,-3.9327168464660645,ok,
CCOC(=O)C1CCCN(c2cc(NC3CCCCC3)c3c4c(onc24)-c2ccccc2C3=O)C1,O,CCO1~O~C1(=O)C1CCCN(c2cc(NC3CCCCC3)c3c4c(onc24)-c2ccccc2C3=O)C1,-5.396623611450195,ok,
CCCCN(CCCC)c1ccc(/N=N/c2ccc(-c3ccc(/N=N/c4ccc(N(CCCC)CCCC)cc4)cc3)cc2)cc1,O,CCCCN(CCCC)c1ccc(/N=N/c2ccc(-c3ccc(/N=N/c45~O~N(CCCC)(CCCC)c(cc4)cc5)cc3)cc2)cc1,-6.768126487731934,ok,
CC1=C(C#N)c2nc(N)c(C#N)c(C)c2/C1=C\c1cn(C)c2ccccc12,O,CC1=C(C#N)c2nc3(~O~N3)c(C#N)c(C)c2/C1=C\c1cn(C)c2ccccc12,,failed,Featurization failed: RDKit could not parse Smiles_Merged
C/C(=N\N=c1\scc(-c2ccc([N+](=O)[O-])cc2)n1-c1ccccc1)c1ccccc1,O,C/C(=N\N=c1\scc2n1(-c1ccccc1)~O~c1([N+](=O)[O-])ccc-2cc1)c1ccccc1,-5.249932765960693,ok,
[C]N(c1ccccc1)c1ccc([C]=C2C(=O)[N]C(=S)[N]C2=O)cc1,O,[C]N1(c2ccccc2)~O~C2(=O)[N]C(=S)[N]C(=O)C2=[C]c2ccc1cc2,-4.155076026916504,ok,
CCN1CCC(Nc2cc3c4c(cccc4n2)C(=O)c2ccccc2-3)CC1,O,CCN1CCC(N2~O~C3(=O)c4ccccc4-c4cc2nc2cccc3c42)CC1,-5.335766315460205,ok,
O=[N+]([O-])c1ccc(/C=N/c2ccc(Nc3ccccc3)cc2)s1,O,O=[N+]([O-])c12~O~N(c3ccccc3)c3ccc(cc3)/N=C/c(cc1)s2,-5.612669467926025,ok,
O=C1c2ccccc2C(=O)c2cc(NCCOCCO)ccc21,O,O=C1c2ccccc2C2(=O)~O~OCCOCCNc3ccc1c2c3,-4.466472625732422,ok,
O=C1[C]2[C]([C]3[C]=[C][C]2C3=C2[C]3[C][C]4[C][C]([C]3)[C][C]2[C]4)C(=O)N1c1cc(Cl)cc(Cl)c1,O,O=C1[C]2[C]3[C]=[C][C]([C]2C2(~O~O=2)N1c1cc(Cl)cc(Cl)c1)C3=C1[C]2[C][C]3[C][C]([C]2)[C][C]1[C]3,-3.8956875801086426,ok,
[C]N1[C][C]N(S(=O)(=O)c2ccc3c(c2)C(=C2[C][C][C][C]2)C(=O)N3[C])[C][C]1,O,[C]N1[C][C]N(S(=O)(=O)c2ccc3c(c2)C(=C2[C][C][C][C]2)C2(=O)~O~N32[C])[C][C]1,-4.187005519866943,ok,
CC1=C(C#N)c2nc(N)c(C#N)c(C)c2C1=Cc1ccc(-c2ccccc2)o1,O,CC1=C(C#N)c2nc3(N)~O~o4c(ccc4-c4ccccc4)C=C1c2c(C)c3C#N,-6.419241428375244,ok,
C=CCSC1=N/C(=C\C=C\c2ccc([N+](=O)[O-])o2)C(=O)S1,O,C=CCSC1=N/C(=C\C=C\c2ccc3([N+](=O)[O-])~O~o23)C(=O)S1,-4.762413024902344,ok,
CC(=O)Nc1ccc(N2C(=O)/C(=C\C3=Cc4ccccc4OC3C)SC2=S)cc1,O,CC(=O)Nc1ccc(N2C(=S)S/C3=C/C4=Cc5ccccc5O(~O~C32=O)C4C)cc1,-6.1174774169921875,ok,
C=CCN1C(=O)/C(=c2\s/c(=C\C=C3\Sc4ccc(OC)cc4N3CC)c(=O)n2CC)SC1=S,O,C=CCN1C(=S)S/C2=c3/s/c(c(=O)n3CC)=C\C=C3\Sc4ccc(cc4N3CC)O(C)~O~C21=O,-7.066861152648926,ok,
[C]Oc1ccccc1N1[C][C]N(S(=O)Oc2ccc3c(c2)C(=C2[C][C][C][C]2)C(=O)N3[C])[C][C]1,O,[C]N1C(=O)C(=C2[C][C][C][C]2)c2cc(OS3(=O)~O~O([C])c4ccccc4N4[C][C]N3[C][C]4)ccc21,-3.542498826980591,ok,
O=C(C=Cc1ccc(-c2ccc([N+](=O)[O-])cc2)o1)N1CCOCC1,O,O=C(C=Cc1ccc2o1~O~c1([N+](=O)[O-])ccc-2cc1)N1CCOCC1,-5.923061847686768,ok,
CCN(CCC#N)c1ccc(/N=N/c2ccc(/N=N/c3cccc(S(=O)(=O)O)c3)c3ccccc23)c(C)c1,O,CCN1(CCC#N)~O~S(=O)(=O)(O)c2cccc(c2)/N=N/c2ccc(c3ccccc23)/N=N/c2ccc1cc2C,-3.670409917831421,ok,
CC(C)CNc1cc(NCCO)c(N)c2c1C(=O)c1ccccc1C2=O,O,CC(C)CNc1cc(NCCO)c2c3c1C(=O)c1ccccc1C3(=O)~O~N2,-5.5542707443237305,ok,
CCN1C(=O)/C(=C\C=C\c2ccc([N+](=O)[O-])o2)SC1=S,O,CCN1C(=O)/C(=C\C=C\c2ccc3([N+](=O)[O-])~O~o23)SC1=S,-5.9295735359191895,ok,
CC(C)CN1C(=O)/C(=C/c2ccc(-c3ccc(Cl)c(C(F)(F)F)c3)o2)S/C1=N\c1ccc(N(C)C)cc1,O,CC(C)CN1C(=O)/C(=C/c2ccc3o2~O~C(F)(F)(F)c2cc-3ccc2Cl)S/C1=N\c1ccc(N(C)C)cc1,-8.339400291442871,ok,
FC(F)Sc1ccc(-c2ccc(C=NN=CC3=C(N4CCOCC4)C(=Cc4ccc(Cl)cc4Cl)CC3)o2)cc1,O,FC1(F)~O~o2c(C=NN=CC3=C(N4CCOCC4)C(=Cc4ccc(Cl)cc4Cl)CC3)ccc2-c2ccc(cc2)S1,-8.37357234954834,ok,
CC1=C(C#N)c2nc(N)c(C#N)c(C)c2C1=Cc1ccc(-c2cccc(F)c2)o1,O,CC1=C(C#N)c2nc3(N)~O~o4c(ccc4-c4cccc(F)c4)C=C1c2c(C)c3C#N,-6.600029468536377,ok,
O=[N+]([O-])c1ccc(-c2ccc(C=NN(c3ccccc3)c3ccccc3)o2)c(Cl)c1,O,O=[N+]([O-])c12~O~o3c(C=NN(c4ccccc4)c4ccccc4)ccc3-c(cc1)c(Cl)c2,-6.08583402633667,ok,
CN(C)c1cc(NCc2ccccc2)c2c(c1N)C(=O)c1ccccc1C2=O,O,CN(C)c1cc(NCc2ccccc2)c2c3c1N~O~C3(=O)c1ccccc1C2=O,-5.418140888214111,ok,
CNc1ccc2c3c1C(=O)c1cccc4c1C3=S(S2)N4C,O,CN1c2cccc3c2C2=S1Sc1ccc4c(c12)C3(=O)~O~N4C,-5.272502899169922,ok,
O=[N+]([O-])c1ccc2nc3c(nc2c1)-c1cccc2cccc-3c12,O,[O-][N+]1=O~O~c12ccc1nc3c(nc1c2)-c1cccc2cccc-3c12,,failed,Featurization failed: RDKit could not parse Smiles_Merged
COc1ccc(N2C(=O)/C(=C/c3ccc(-c4ccc(Br)cc4)o3)C=C2c2ccccc2)cc1,O,CO1~O~C2(=O)/C(=C/c3ccc(-c4ccc(Br)cc4)o3)C=C(c3ccccc3)N2c2ccc1cc2,-6.016793251037598,ok,
CCCCCCN1C=C/C(=C\C=C(/C#N)C(=O)Nc2ccccc2)c2ccccc21,O,CCCCCCN12~O~C(=O)(Nc3ccccc3)/C(C#N)=C/C=C(\C=C1)c1ccccc12,-6.623091697692871,ok,
O=C1C=C(C(F)(F)F)c2ccc(NC3CCCCC3)c3cccc1c23,O,O=C1C=C2c3ccc(c4cccc1c34)N(C1CCCCC1)~O~C2(F)(F)F,-7.020801544189453,ok,
O=C1N=C(N2CCN(c3cccc(C(F)(F)F)c3)CC2)SC1=Cc1ccc(-c2ccc(Cl)cc2Cl)o1,O,O=C1N=C2SC1=Cc1ccc(-c3ccc(Cl)cc3Cl)o1~O~C(F)(F)(F)c1cccc(c1)N1CCN2CC1,-6.554647922515869,ok,
CCCCC(CC)CN1C(=O)C(=Cc2ccc(-c3cccc(Cl)c3)o2)SC1=S,O,CCCCC(CC)CN1C(=S)SC2=Cc3ccc(-c4cccc(Cl)c4)o3~O~C21=O,-8.050928115844727,ok,
[C][C]N1C(=[C]C2=[C]C(=C(C#N)C#N)[C]C([C])([C])[C]2)N([C][C])c2ccccc21,O,[C][C]N1C2=[C]C3=[C]C(=C(C#N)(C#N)~O~N2([C][C])c2ccccc21)[C]C([C])([C])[C]3,-5.936081886291504,ok,
CCN(CC)c1ccc(C=C2CCC(C=Nc3ccc(Cl)c(Cl)c3)=C2N2CCOCC2)cc1,O,CCN(CC)c1ccc(C=C2CCC3=C2N2CCO(~O~c4(ccc(Cl)c(Cl)c4)N=C3)CC2)cc1,,failed,Featurization failed: RDKit could not parse Smiles_Merged
CCCCn1c(=O)/c(=C\C=C2/Sc3ccc(Cl)cc3N2CC)s/c1=C1/SC(=S)N(CC)C1=O,O,CCCCn1c(=O)\c2s/c1=C1/SC(=S)N(CC)C1(=O)~O~N1(CC)/C(=C/C=2)Sc2ccc(Cl)cc21,-6.94181489944458,ok,
O=[N+]([O-])c1ccc(/C=C/c2nc3c(Oc4ccccc4)cccc3c3c2CCS3)cc1,O,O=[N+]([O-])c12~O~O(c3ccccc3)c3cccc4c5c(c(nc34)/C=C/c(cc1)cc2)CCS5,-5.5054931640625,ok,
"[O-][N+](=O)C1=CC=C(\C=C\C2=NC3=C(OC4=CC=CC=C4)C=CC=C3C3=C2CCS3)C=C1 |c:11,16,18,21,23,26,33,t:3,5,9,14|",O,O=[N+]([O-])c12~O~O(c3ccccc3)c3cccc4c5c(c(nc34)C=Cc(cc1)cc2)CCS5,-5.5054931640625,ok,
O=C1c2ccccc2-c2onc3c(NCc4ccccc4)cc(NC4CCCCC4)c1c23,O,O=C12~O~N(C3CCCCC3)c3cc(NCc4ccccc4)c4noc(c4c31)-c1ccccc12,-5.456498622894287,ok,
COc1cc(S(=O)(=O)[O-])c(C)cc1/N=N/c1c(O)ccc2cc(S(=O)(=O)[O-])ccc12.[Na+].[Na+],O,COc1cc(S(=O)(=O)[O-])c(C)cc1/N=N/c1c(O)ccc2cc(S(=O)(=O)[O-]~O~[Na+])ccc12.[Na+],-2.4039342403411865,ok,
CCCCc1ccc(Nc2cccc3c2C(=O)c2cccc(Nc4ccc(CCCC)cc4)c2C3=O)cc1,O,CCCCc1ccc(Nc2cccc3c2C(=O)c2cccc4c2C3(=O)~O~N4c2ccc(CCCC)cc2)cc1,-6.771986484527588,ok,
Cc1cc(C)c2c(c1)/C(=N/C1CCCCC1)c1cc3ccccc3nc1-2,O,Cc1cc(C)c2c(c1)C1=N(C3CCCCC3)~O~c-23nc2ccccc2cc31,-6.134374618530273,ok,
O=c1c2ccccc2c(=O)c2c1c(NC1CCCCC1)cc1oc3cc(Cl)ccc3[nH]c12,O,O=c1c2ccccc2c2(=O)~O~o3c4cc(Cl)ccc4[nH]c4c3cc(NC3CCCCC3)c1c42,-7.448824882507324,ok,
COCCNc1cc(N(C)C)c(N)c2c1C(=O)c1ccccc1C2=O,O,COCCNc1cc(N(C)C)c2c3c1C(=O)c1ccccc1C3(=O)~O~N2,-5.434481620788574,ok,
CNS(=O)(=O)c1ccc(-c2ccc(C=CC(=O)c3cccc(N4CCOCC4)c3)o2)cc1,O,CNS1(=O)(=O)~O~o2c(C=CC(=O)c3cccc(N4CCOCC4)c3)ccc2-c2ccc1cc2,-6.050468921661377,ok,
COCCNC(=O)c1c(N)n(/N=C/c2ccc(N(C)C)cc2)c2nc3ccccc3nc12,O,CN(C)c1ccc(/C=N/n2c(N)c(C3(=O)~O~O(C)CCN3)c3nc4ccccc4nc32)cc1,-2.18131422996521,ok,
Cc1ccc2c(c1)-c1nc3c(C)cccc3cc1/C2=N\C1CCCCC1,O,Cc1ccc2c(c1)-c13~O~N(/C4CCCCC4)=C\2c1cc1cccc(C)c1n3,-6.100822448730469,ok,
COc1ccc(-c2csc(C(C#N)=Cc3ccc([N+](=O)[O-])cc3)n2)cc1,O,CO1~O~c2([N+](=O)[O-])ccc(cc2)C=C(C#N)c2nc(cs2)-c2ccc1cc2,-5.8638153076171875,ok,
O=C1C(=[C]/[C]=[C]/[C]=c2\c3cccc4cccc(c43)n2[C]c2ccccc2)C(=O)c2ccccc21,O,O=C1C2=[C]/[C]=[C]/[C]=c3\c4cccc5cccc(c54)n3([C]c3ccccc3)~O~C2(=O)c2ccccc21,-5.8255109786987305,ok,
CCCCSc1c(C(=O)Nc2ccc(OC)cc2)ccc2c1C(=O)c1ccccc1C2=O,O,CCCCSc1c(C2(=O)~O~O(C)c3ccc(cc3)N2)ccc2c1C(=O)c1ccccc1C2=O,-7.007889747619629,ok,
CN(C)c1ccc(/C=N/n2c(N)c(C(=O)NCc3cccs3)c3nc4ccccc4nc32)cc1,O,CN(C)c1ccc(/C=N/n2c3c(c4nc5ccccc5nc42)C(=O)(NCc2cccs2)~O~N3)cc1,-2.659355401992798,ok,
CCN1C=C/C(=C/C=c2/s/c(=C\c3sc(-c4ccccc4)c(-c4ccccc4)[n+]3CC)n(CC)c2=O)c2ccccc21,O,CCn1/c(=C/c2sc(-c3ccccc3)c(-c3ccccc3)[n+]2CC)s/c2c1(=O)~O~N1(CC)C=C/C(=C/C=2)c2ccccc21,-5.283090114593506,ok,
CC1=NN(c2cccc(Cl)c2)C(=O)C1=Cc1ccc2c(c1)Sc1ccccc1N2C,O,CC1=NN(c2cccc(Cl)c2)C2(=O)~O~N3(C)c4ccccc4Sc4cc(ccc43)C=C12,-5.693246841430664,ok,
CCOC(=O)C1CCCN(c2cc(Nc3ccc(OC)cc3)c3c4c(onc24)-c2ccccc2C3=O)C1,O,CCOC1(=O)~O~O(C)c2ccc(cc2)Nc2cc(c3noc4c3c2C(=O)c2ccccc2-4)N2CCCC1C2,-5.7389116287231445,ok,
CCN1CC[NH+](Cc2c([O-])ccc3c2OC(=CC2=Cc4ccccc4OC2C)C3=O)CC1,O,CCN1CC[NH+](Cc2c3ccc4c2OC(=CC2=Cc5ccccc5OC2C)C4(=O)~O~[O-]3)CC1,-4.243992328643799,ok,
CC1=C(C#N)c2nc(N)c(C#N)c(C)c2/C1=C\c1ccc(-c2cccc(Cl)c2)o1,O,CC1=C(C#N)c2nc3(N)~O~o4c(ccc4-c4cccc(Cl)c4)/C=C/1c2c(C)c3C#N,-6.816519737243652,ok,
CCN1C(=O)C(=Cc2ccc(-c3ccc([N+](=O)[O-])cc3)o2)NC1=S,O,CCN1C(=S)NC2=Cc3ccc(-c4ccc([N+](=O)[O-])cc4)o3~O~C21=O,-6.637749671936035,ok,
O=C1c2ccccc2C(=O)c2c(NCCOCCO)cccc21,O,O=C1c2ccccc2C2(=O)~O~OCCOCCNc3cccc1c32,-4.390111923217773,ok,
CC1Oc2ccccc2C=C1/C=C1\Oc2c(ccc([O-])c2C[NH+]2CCCCC2C)C1=O,O,CC1Oc2ccccc2C=C1/C=C1\Oc2c3ccc(c2C[NH+]2CCCCC2C)[O-]~O~C13=O,-3.572362184524536,ok,
CCOC(=O)c1ccc(/N=N/c2ccc(/C=C/C=C3\N(C)c4ccccc4C3(C)C)cc2)cc1,O,CCO1~O~C1(=O)c1ccc(/N=N/c2ccc(/C=C/C=C3\N(C)c4ccccc4C3(C)C)cc2)cc1,-4.856867790222168,ok,
C=CCN1C(=O)S/C(=C/C=C/c2ccc(N(C)C)cc2)C1=O,O,C=CCN1C(=O)/C2=C\C=C\c3ccc(cc3)N(C)(C)~O~C1(=O)S2,-4.789336681365967,ok,
c1ccc2c(c1)Sc1ccccc1N2C1=NC(=[N+]2c3ccccc3Sc3ccccc32)c2ccccc21,O,c1ccc2c(c1)Sc1ccccc1[N+]2=C12~O~N3(C(=N1)c1ccccc12)c1ccccc1Sc1ccccc13,-6.0674729347229,ok,
CCOc1cccc(N2C(=O)/C(=C/c3ccc(-c4ccc(Br)cc4)o3)C=C2c2ccccc2)c1,O,CCO1~O~C2(=O)/C(=C/c3ccc(-c4ccc(Br)cc4)o3)C=C(c3ccccc3)N2c2cccc1c2,-5.845205307006836,ok,
CC1Oc2ccccc2C=C1/C=C1\Oc2c(ccc([O-])c2C[NH+]2CCCCC2)C1=O,O,CC1Oc2ccccc2C=C1/C=C1\Oc2c3ccc(c2C[NH+]2CCCCC2)[O-]~O~C13=O,-3.4540984630584717,ok,
Cc1cccc(NC(=O)c2c(N)n(/N=C/c3ccc(N(C)C)cc3)c3nc4ccccc4nc23)c1,O,Cc1cccc(NC2(=O)~O~Nc3c2c2nc4ccccc4nc2n3/N=C/c2ccc(N(C)C)cc2)c1,-2.437629461288452,ok,
COc1cccc(N(C(=O)/C=C/c2ccc([N+](=O)[O-])cc2)c2nc3ccccc3s2)c1,O,CO1~O~c2([N+](=O)[O-])ccc(cc2)/C=C/C(=O)N(c2nc3ccccc3s2)c2cccc1c2,-5.803662300109863,ok,
COc1ccc(N2C(=O)/C(=C/c3ccc(-c4ccc([N+](=O)[O-])cc4)o3)SC2=S)cc1,O,CO1~O~C2(=O)/C(=C/c3ccc(-c4ccc([N+](=O)[O-])cc4)o3)SC(=S)N2c2ccc1cc2,-5.978517532348633,ok,
O=[N+]([O-])c1ccc(-c2ccc(C=Cc3ccc4ccccc4n3)o2)cc1,O,O=[N+]([O-])c12~O~o3c(C=Cc4ccc5ccccc5n4)ccc3-c(cc1)cc2,-6.00016975402832,ok,
O=C1C(=Cc2cccc([N+](=O)[O-])c2)CCC1=Cc1cccc([N+](=O)[O-])c1,O,O=[N+]([O-])c1cccc(C=C2CCC3=Cc4cccc([N+](=O)[O-])(~O~O=C23)c4)c1,-4.51394510269165,ok,
Cc1ccc(N2C(=O)/C(=C\c3ccc(-c4ccc(Br)cc4)o3)C=C2c2ccccc2)cc1,O,Cc1ccc(N2C(c3ccccc3)=C/C3=C/c4ccc(-c5ccc(Br)cc5)o4~O~C32=O)cc1,-6.2544355392456055,ok,
CCN(CC)c1ccc(/N=N/c2c([N+](=O)[O-])c(C)[n+](C)n2C)cc1,O,CCN1(CC)~O~c2([N+](=O)[O-])c(n(C)[n+](C)c2C)/N=N/c2ccc1cc2,-2.154240369796753,ok,
O=S(=O)([O-])c1cc(N=Nc2ccc(O)cc2)ccc1C=Cc1ccc(N=Nc2ccc(O)cc2)cc1S(=O)(=O)[O-].[Na+].[Na+],O,O=S(=O)([O-])c1cc(N=Nc2ccc(O)cc2)ccc1C=Cc1ccc(N=Nc2ccc(O)cc2)cc1S(=O)(=O)[O-]~O~[Na+].[Na+],-1.845145344734192,ok,
CC1=CC(C)(C)N(Cc2ccccc2)c2ccc(/C=C3\N=C(c4ccccc4)OC3=O)cc21,O,CC1=CC(C)(C)N(Cc2ccccc2)c2ccc(/C=C3\N=C(c4ccccc4)O4~O~C34=O)cc21,-4.259335517883301,ok,
COc1cccc(N(C(=O)C=Cc2ccc([N+](=O)[O-])cc2)c2nc3ccccc3s2)c1,O,CO1~O~c2([N+](=O)[O-])ccc(cc2)C=CC(=O)N(c2nc3ccccc3s2)c2cccc1c2,-5.71130895614624,ok,
[Na+].[Na+].CC(=O)Nc1ccc2cc(c(\N=N\c3ccc(cc3)S(=O)(=O)CCOS([O-])(=O)=O)c(O)c2c1)S([O-])(=O)=O,O,CC(=O)Nc1ccc2cc(S(=O)(=O)[O-]~O~[Na+])c(/N=N/c3ccc(S(=O)(=O)CCOS(=O)(=O)[O-])cc3)c(O)c2c1.[Na+],-2.8866117000579834,ok,
CC[n+]1c(/C=C2/C=C(C=CN(C)C)Oc3ccccc32)sc2ccccc21,O,CC[n+]1c2ccccc2sc12~O~O1C(C=CN(C)C)=CC(=C2)c2ccccc21,,failed,Featurization failed: RDKit could not parse Smiles_Merged
COc1cc(-c2c3nc(c(-c4cc(OC)c(OC)c(OC)c4)c4ccc([nH]4)c(-c4cc(OC)c(OC)c(OC)c4)c4nc(c(-c5cc(OC)c(OC)c(OC)c5)c5ccc2[nH]5)C=C4)C=C3)cc(OC)c1OC,O,COc1cc(-c2c3nc(c(-c4cc(OC)c(OC)c(OC)c4)c4ccc([nH]4)c4c5nc(c(c6ccc2[nH]6)-c2cc(OC)c(OC)c(c2)O(C)~O~c2(OC)c(OC)cc-4cc2OC)C=C5)C=C3)cc(OC)c1OC,-5.727264404296875,ok,
COC(=O)c1ccc(N2C(=O)/C(=C/c3ccc(-c4ccc([N+](=O)[O-])cc4)o3)C=C2c2ccccc2)cc1,O,CO1~O~C1(=O)c1ccc(N2C(=O)/C(=C/c3ccc(-c4ccc([N+](=O)[O-])cc4)o3)C=C2c2ccccc2)cc1,-5.246713638305664,ok,
O=C1c2ccccc2C(=O)c2c(Nc3ccc(Br)c(S(=O)(=O)[O-])c3)ccc(Nc3ccc(Br)c(S(=O)(=O)[O-])c3)c21,O,O=C1c2ccccc2C2(=O)~O~[O-]S(=O)(=O)c3cc(ccc3Br)Nc3ccc(Nc4ccc(Br)c(S(=O)(=O)[O-])c4)c2c31,-6.3021063804626465,ok,
Cc1cccc(N2CCN(C3=NC(=O)C(=Cc4ccc(-c5cccc([N+](=O)[O-])c5)o4)S3)CC2)c1,O,Cc1cccc(N2CCN(C3=NC4(=O)~O~o5c(ccc5-c5cccc([N+](=O)[O-])c5)C=C4S3)CC2)c1,-4.49700403213501,ok,
O=C1C(=CC=Cc2ccco2)SC(=S)N1CCc1ccccc1,O,O=C12~O~o3cccc3C=CC=C1SC(=S)N2CCc1ccccc1,-6.264749526977539,ok,
O=C1N=C(N2CCN(c3ccccc3)CC2)SC1=Cc1ccc(-c2cccc([N+](=O)[O-])c2)o1,O,O=[N+]([O-])c1cccc(-c2ccc3o2~O~C2(=O)N=C(N4CCN(c5ccccc5)CC4)SC2=C3)c1,-4.453198432922363,ok,
COc1ccc(Nc2ccc3c4c(ncnc24)-c2ccccc2C3=O)cc1,O,CO1~O~C2(=O)c3ccccc3-c3ncnc4c(ccc2c34)Nc2ccc1cc2,-4.7737956047058105,ok,
CCOc1ccc(-c2csc(/C(C#N)=C/c3ccc([N+](=O)[O-])o3)n2)cc1,O,CCO1~O~c2([N+](=O)[O-])ccc(o2)/C=C(\C#N)c2nc(cs2)-c2ccc1cc2,-5.846199035644531,ok,
O=C1C(=Cc2ccc(-c3ccc(S(=O)(=O)N4CCOCC4)cc3)o2)N=C2CCCCCN12,O,O=C12~O~o3c(ccc3-c3ccc(S(=O)(=O)N4CCOCC4)cc3)C=C1N=C1CCCCCN12,-5.600993633270264,ok,
CCN(CC)c1cc(NC2CCCCC2)c2c3c(onc13)-c1ccccc1C2=O,O,CCN(CC)c1cc2c3c4c(onc14)-c1ccccc1C3(=O)~O~N2C1CCCCC1,-5.3116912841796875,ok,
[C]Oc1cccc(N2[C][C]N(OS(=O)c3ccc4c(c3)C(=C3[C][C][C][C]3)C(=O)[N]4)[C][C]2)c1,O,[C]O1~O~C2(=O)[N]c3ccc(cc3C2=C2[C][C][C][C]2)S(=O)ON2[C][C]N([C][C]2)c2cccc1c2,-3.2302374839782715,ok,
CN(C)c1ccc(/C=C/C=c2/sc3n(c2=O)CCCN=3)cc1,O,CN1(C)~O~c2(=O)/c(sc3n2CCCN=3)=C\C=C\c2ccc1cc2,-4.787648677825928,ok,
Cc1ccc(N2C(=O)/C(=C/c3ccc([N+](=O)[O-])cc3)C=C2c2ccccc2)cc1C,O,Cc1ccc(N23~O~c4([N+](=O)[O-])ccc(cc4)/C=C(\C=C2c2ccccc2)C3=O)cc1C,-4.734706878662109,ok,
O=[N+]([O-])c1ccc(C=Cc2nc3ccc(OC(F)(F)F)cc3c3c2CCS3)cc1,O,O=[N+]([O-])c1ccc(C=Cc2nc3ccc(O4~O~C4(F)(F)F)cc3c3c2CCS3)cc1,-6.245950698852539,ok,
Nc1ccc(Nc2cc(S(=O)(=O)O)c(N)c3c2C(=O)c2ccccc2C3=O)cc1,O,Nc1c2cc(c3c1C(=O)c1ccccc1C3=O)Nc1ccc(cc1)N~O~S2(=O)(=O)O,-6.356183052062988,ok,
[C][C][C]1[C][C][C][C]N1S(=O)(=O)c1ccc2c(c1)C(=C1[C][C][C][C]1)C(=O)N2[C],O,[C][C][C]1[C][C][C][C]N1S(=O)(=O)c1ccc2c(c1)C(=C1[C][C][C][C]1)C1(=O)~O~N21[C],-3.7504656314849854,ok,
CN(C)c1ccc(/C=C2\CCC(=C3SCCS3)C2=O)cc1,O,CN1(C)~O~C2(=O)C(=C3SCCS3)CC/C2=C\c2ccc1cc2,-4.93278694152832,ok,
S=C1[N][C](c2ccccc2)C2=C([N]1)C(=C1S[C][C]S1)[C][C][C]2,O,S=C12~O~[N]1[C](c1ccccc1)C1=C([N]2)C(=C2S[C][C]S2)[C][C][C]1,-3.955332040786743,ok,
CCOCCCNC(=O)c1c(N)n(-c2ccc(N(CC)CC)cc2)c2nc3ccccc3nc12,O,CCOCCCNC1(=O)~O~Nc2c1c1nc3ccccc3nc1n2-c1ccc(N(CC)CC)cc1,-3.2079992294311523,ok,
O=C(Nc1ccc2nc(N3CCCC3)sc2c1)c1ccc([N+](=O)[O-])cc1,O,O=C1Nc2ccc3nc(sc3c2)N2(~O~c3([N+](=O)[O-])ccc1cc3)CCCC2,-5.251458168029785,ok,
CN(C)c1ccc(N=Nc2ccccc2C(=O)OCC(=O)NC2CCCC2)cc1,O,CN(C)c1ccc(N=Nc2ccccc2C2(=O)~O~O2CC(=O)NC2CCCC2)cc1,-4.314607620239258,ok,
CCC(C)n1cc(C=C2C(C)=C(C#N)c3nc(N)c(C#N)c(C)c32)c2ccccc21,O,CCC(C)n1cc(C=C2C(C)=C(C#N)c3nc4(~O~N4)c(C#N)c(C)c32)c2ccccc21,,failed,Featurization failed: RDKit could not parse Smiles_Merged
O=C(O)c1ccc2c(c1)C(=O)N(c1ccc(N(c3ccccc3)c3ccc(N4C(=O)c5ccc(C(=O)O)cc5C4=O)cc3)cc1)C2=O,O,O=C(O)c1ccc2c(c1)C(=O)N(c1ccc(N(c3ccccc3)c3ccc(N4C(=O)c5ccc(C6(=O)~O~O6)cc5C4=O)cc3)cc1)C2=O,-6.577608108520508,ok,
Cc1ccc(N2C(=O)C(=Cc3ccc(-c4ccc(Br)cc4)o3)C=C2c2ccccc2)cc1,O,Cc1ccc(N2C(c3ccccc3)=CC3=Cc4ccc(-c5ccc(Br)cc5)o4~O~C32=O)cc1,-6.2544355392456055,ok,
CC(C)CNc1cc(NCCO)c2c(c1N)C(=O)c1ccccc1C2=O,O,CC(C)CNc1cc(NCCO)c2c3c1N~O~C3(=O)c1ccccc1C2=O,-5.553920745849609,ok,
O=C1c2ccc(O)cc2C(=O)N1c1ccc(N(c2ccccc2)c2ccc(N3C(=O)c4ccc(O)cc4C3=O)cc2)cc1,O,O=C1c2ccc(O)cc2C(=O)N1c1ccc(N(c2ccccc2)c2ccc(N3C(=O)c4ccc5cc4C3(=O)~O~O5)cc2)cc1,-6.532866477966309,ok,
C[n+]1c(/C=C2\C=CC=CN2CCO)sc2ccccc21,O,C[n+]1c2ccccc2sc12~O~OCCN1C=CC=C/C1=C\2,,failed,Featurization failed: RDKit could not parse Smiles_Merged
O=C1OC(c2ccccc2)=CC1=Cc1ccc(-c2ccc([N+](=O)[O-])cc2)o1,O,O=[N+]([O-])c1ccc(-c2ccc3o2~O~C2(=O)OC(c4ccccc4)=CC2=C3)cc1,-5.53695821762085,ok,
O=C1c2ccccc2-c2cc(N3CCC4(CC3)OCCO4)nc3cccc1c23,O,O=C12~O~N3(CCC4(CC3)OCCO4)c3cc(c4c1cccc4n3)-c1ccccc12,-5.491098403930664,ok,
N#C/C(=C\c1ccc([N+](=O)[O-])cc1)c1nc(-c2ccc(Oc3ccccc3)cc2)cs1,O,N#C/C1=C\c2ccc([N+](=O)[O-])(~O~O(c3ccccc3)c3ccc(cc3)-c3csc1n3)cc2,-6.148364067077637,ok,
N#CC(C#N)=Cc1ccc(-c2ccc([N+](=O)[O-])cc2Cl)o1,O,N#CC(C#N)=Cc1ccc2o1~O~c1([N+](=O)[O-])ccc-2c(Cl)c1,-6.206666946411133,ok,
CC1=C(C#N)c2nc(N)c(C#N)c(C)c2/C1=C\c1ccc(-c2ccc([N+](=O)[O-])cc2Cl)o1,O,CC1=C(C#N)c2nc(N)c(C#N)c(C)c2/C1=C\c1ccc2o1~O~c1([N+](=O)[O-])ccc-2c(Cl)c1,-5.977481365203857,ok,
CC(C)(C)c1ccc(N2C(=O)/C(=C/c3ccc(-c4ccc(Br)cc4)o3)C=C2c2ccccc2)cc1,O,CC(C)(C)c1ccc(N2C(c3ccccc3)=C/C3=C\c4ccc(-c5ccc(Br)cc5)o4~O~C32=O)cc1,-6.581731796264648,ok,
O=C1c2ccccc2C(=O)c2c1cc(Cl)c1c2NC2(CCCCC2)N1,O,O=C1c2ccccc2C2(=O)~O~N3c4c(c(Cl)cc1c42)NC31CCCCC1,-6.156485557556152,ok,
O=C(O)C1CC2CCCCC2N1C(=O)C=Cc1nc2ccccc2o1,O,O=C(C=Cc1nc2ccccc2o1)N1C2CCCCC2CC1C1(=O)~O~O1,-4.338645935058594,ok,
COc1ccc2c(/C=C/C=C3/Sc4ccccc4N3C)c3ccc(OC)cc3[o+]c2c1,O,COc1ccc2c(/C=C/C=C3/Sc4ccccc4N3C)c3ccc4cc3[o+]c2(~O~O4C)c1,-9.192596435546875,ok,
CC1=C(C#N)c2nc(N)c(C#N)c(C)c2/C1=C\c1ccc(N(C)C)cc1,O,CC1=C(C#N)c2nc3(~O~N3)c(C#N)c(C)c2/C1=C\c1ccc(N(C)C)cc1,,failed,Featurization failed: RDKit could not parse Smiles_Merged
O=C1[N]c2ccc([O+]S([O-])=N[C]3[C][C][C][C][C][C][C]3)cc2C1=C1[C][C][C][C]1,O,O=C1[N]c2ccc3(~O~[O-]S(=N[C]4[C][C][C][C][C][C][C]4)[O+]3)cc2C1=C1[C][C][C][C]1,,failed,Featurization failed: RDKit could not parse Smiles_Merged
O=C1N=C(N2CCN(c3cccc(C(F)(F)F)c3)CC2)SC1=Cc1ccc(-c2cc(Cl)ccc2Cl)o1,O,O=C1N=C2SC1=Cc1ccc(-c3cc(Cl)ccc3Cl)o1~O~C(F)(F)(F)c1cccc(c1)N1CCN2CC1,-6.552949905395508,ok,
CCN(c1ccc(C=Cc2sc3ccccc3[n+]2C)cc1)c1ccc(OC)cc1,O,CCN1c2ccc(cc2)C=Cc2(~O~O(C)c3ccc1cc3)sc1ccccc1[n+]2C,,failed,Featurization failed: RDKit could not parse Smiles_Merged
O=C1[N]c2ccc(S(=O)(=O)[N][C]3[C][C][C][C][C]3)cc2C1=C1[C][C][C][C]1,O,O=S(=O)([N][C]1[C][C][C][C][C]1)c1ccc2c(c1)C(=C1[C][C][C][C]1)C1(~O~O=1)[N]2,-2.7119157314300537,ok,
O=C1CSC(=S)N1/N=C/c1ccc(N(c2ccccc2)c2ccccc2)cc1,O,O=C12~O~N(c3ccccc3)(c3ccccc3)c3ccc(cc3)/C=N/N1C(=S)SC2,-4.616818428039551,ok,
N#CC(C#N)=Cc1ccc(N2CCOCC2)o1,O,N#CC(C#N)=Cc1ccc2(N3CCOCC3)~O~o12,-4.248631954193115,ok,
CCN1C(=O)C(=Cc2ccc(-c3ccc(C(=O)O)cc3)o2)N(CC)C1=S,O,CCN1C(=O)C(=Cc2ccc(-c3ccc(C4(=O)~O~O4)cc3)o2)N(CC)C1=S,-4.599665641784668,ok,
O=C(O)c1ccccc1NN=CC1=C(N2CCOCC2)C(=Cc2ccc([N+](=O)[O-])cc2)CC1,O,O=[N+]([O-])c1ccc(C=C2CCC(C=NNc3ccccc3C3(=O)~O~O3)=C2N2CCOCC2)cc1,-3.9772679805755615,ok,
[C][C][C][C]N([C][C][C][C])c1ccc(C(C#N)=C(C#N)C#N)cc1,O,[C][C][C][C]N1([C][C][C][C])~O~C(C#N)(C#N)=C(C#N)c2ccc1cc2,-6.167649745941162,ok,
O=C1C(=Cc2ccc(-c3ccc(Br)cc3)o2)C=C(c2ccccc2)N1c1ccccc1O,O,O=C12~O~Oc3ccccc3N1C(c1ccccc1)=CC2=Cc1ccc(-c2ccc(Br)cc2)o1,-4.434762954711914,ok,
CC(=O)Nc1ccc(N2C(=O)/C(=C\c3ccc([N+](=O)[O-])cc3)SC2=S)cc1,O,CC(=O)N1~O~C2(=O)/C(=C\c3ccc([N+](=O)[O-])cc3)SC(=S)N2c2ccc1cc2,-4.890419006347656,ok,
COc1ccc(Nc2cc(N(C)Cc3ccccc3)c3noc4c3c2C(=O)c2ccccc2-4)cc1,O,CN(Cc1ccccc1)c1cc2c3c4c(onc14)-c1ccccc1C3(=O)~O~O(C)c1ccc(cc1)N2,-5.830746650695801,ok,
c1ccc(CN/N=C2/c3ccccc3-c3nc4ccccc4nc32)cc1,O,c1ccc(CN2~O~C3(=N2)c2ccccc2-c2nc4ccccc4nc23)cc1,-4.7207231521606445,ok,
Cc1ccc2nc(-c3ccc([N+](=O)[O-])cc3)c(NC3CCCCC3)n2c1,O,Cc1ccc2nc3c(n2c1)N(C1CCCCC1)~O~c1([N+](=O)[O-])ccc-3cc1,-5.124800682067871,ok,
O=C1[N]c2ccc(S(=O)(=O)[N][C]3[C][C][C][C][C][C][C]3)cc2C1=C1[C][C][C][C]1,O,O=S(=O)([N][C]1[C][C][C][C][C][C][C]1)c1ccc2c(c1)C(=C1[C][C][C][C]1)C1(~O~O=1)[N]2,-2.476670980453491,ok,
CCN(CC)c1ccc(NC(=O)c2cccc([N+](=O)[O-])c2)cc1,O,CCN1(CC)~O~c2([N+](=O)[O-])cccc(c2)C(=O)Nc2ccc1cc2,-5.321284294128418,ok,
O=C(Nc1ccc(Nc2cccc3ccccc23)c2c1C(=O)c1ccccc1C2=O)c1ccccc1,O,O=C1c2ccccc2C(=O)c2c3ccc(c21)NC(=O)(c1ccccc1)~O~N3c1cccc2ccccc12,-6.795170307159424,ok,
O=C1[N]c2ccc(S(=O)(=O)N3[C][C]N([C]4[C][C][C][C][C]4)[C][C]3)cc2C1=C1[C][C][C][C]1,O,O=C12~O~N3([C]4[C][C][C][C][C]4)[C][C]N([C][C]3)S(=O)(=O)c3ccc(c(c3)C1=C1[C][C][C][C]1)[N]2,-3.2902088165283203,ok,
CN(CCO)c1cc(NCc2ccccc2)c2c(c1N)C(=O)c1ccccc1C2=O,O,CN(CCO)c1cc(NCc2ccccc2)c2c3c1N~O~C3(=O)c1ccccc1C2=O,-5.334402084350586,ok,
c1ccc2c(c1)/C(=N/Nc1ccc3ccccc3c1)c1nc3ccccc3nc1-2,O,c1ccc2c(c1)-c1nc3ccccc3nc1C21~O~N(c2ccc3ccccc3c2)N=1,-5.3586931228637695,ok,
COc1ccc(/C=C2\C=C(c3ccccc3)N(c3ccc(Sc4ccc([N+](=O)[O-])cc4)cc3)C2=O)cc1Br,O,CO1~O~c2([N+](=O)[O-])ccc(cc2)Sc2ccc(cc2)N2C(=O)/C(=C/c3ccc1c(Br)c3)C=C2c1ccccc1,-6.380925178527832,ok,
O=C1C(=Cc2ccc(-c3ccc([N+](=O)[O-])cc3)o2)SC(=S)N1CC1CCCO1,O,O=C1C(=Cc2ccc3o2~O~c2([N+](=O)[O-])ccc-3cc2)SC(=S)N1CC1CCCO1,-7.359520435333252,ok,
CC1=C(C#N)c2nc(N)c(C#N)c(C)c2/C1=C\c1ccc(-c2ccc(Cl)cc2)o1,O,CC1=C(C#N)c2nc3(N)~O~o4c(ccc4-c4ccc(Cl)cc4)/C=C/1c2c(C)c3C#N,-6.801426887512207,ok,
[C][C]N([C][C])c1ccc([C]=C2C(=O)c3ccccc3C2=O)c(O[C])c1,O,[C][C]N([C][C])c1ccc([C]=C2C(=O)c3ccccc3C2=O)c(O2~O~[C]2)c1,-5.212986946105957,ok,
[C]Oc1ccc([C]2C3=C([N][C]4S[C]C(=O)N42)C(=C2S[C][C]S2)[C][C][C]3)cc1,O,O=C1[C]S[C]2[N]C3=C([C][C][C]C3=C3S[C][C]S3)[C](c3ccc(O4~O~[C]4)cc3)N21,-3.281195878982544,ok,
Cc1cc(/C=C(/C#N)c2ccc(C(=O)O)cc2)c(C)n1-c1ccc(N(C)C)cc1,O,Cc1cc(/C=C(/C#N)c2ccc(C3(=O)~O~O3)cc2)c(C)n1-c1ccc(N(C)C)cc1,-3.879678726196289,ok,
CC(C)N1CCC(Oc2ccc(-c3ccc4c(n3)C(=O)C(N)=CC4=O)cc2)CC1,O,CC(C)N1CCC(O2~O~C3(=O)C(N)=CC(=O)c4ccc(nc43)-c3ccc2cc3)CC1,-4.753983974456787,ok,
O=C1[N]c2ccc(S(=O)(=O)[N][C]3[C][C][C][C][C][C]3)cc2C1=C1[C][C][C][C]1,O,O=S(=O)([N][C]1[C][C][C][C][C][C]1)c1ccc2c(c1)C(=C1[C][C][C][C]1)C1(~O~O=1)[N]2,-2.5942399501800537,ok,
COc1oc([C@H]2C/C(=C/C(C)=C/C(C)=C/C(C)=C/c3ccc([N+](=O)[O-])cc3)CO2)c(C)c(=O)c1C,O,CC(/C=C1\CO[C@@H](c2oc3(~O~O3C)c(C)c(=O)c2C)C1)=C\C(C)=C\C(C)=C\c1ccc([N+](=O)[O-])cc1,,failed,Featurization failed: RDKit could not parse Smiles_Merged
CN(C)c1ccc(/C=C2\CCCC3=C2N=c2s/c(=C/c4ccc([N+](=O)[O-])cc4)c(=O)n2C3c2ccc(N(C)C)cc2)cc1,O,CN(C)c1ccc(/C=C2\CCCC3=C2N=c2s/c(=C/c4ccc([N+](=O)[O-])cc4)c4(=O)~O~N(C)(C)c5ccc(cc5)C3n24)cc1,-5.543797492980957,ok,
CCCN1CCN(c2cc(Nc3ccc(OC)cc3)c3c4c(onc24)-c2ccccc2C3=O)CC1,O,CCCN1CCN(c2cc3c4c5c(onc25)-c2ccccc2C4(=O)~O~O(C)c2ccc(cc2)N3)CC1,-4.911910057067871,ok,
CCOc1ccc(N(C)c2ccc(C=C3SC(=S)N(CC)C3=O)cc2)cc1,O,CCN1C(=S)SC2=Cc3ccc(cc3)N(C)c3ccc(cc3)O(CC)~O~C21=O,-6.217921257019043,ok,
COc1cc([N+](=O)[O-])ccc1-c1ccc(C=C2Sc3ccccc3C2=O)o1,O,CO1~O~c2([N+](=O)[O-])ccc(-c3ccc(C=C4Sc5ccccc5C4=O)o3)c1c2,-5.96505069732666,ok,
[C]c1cc(N2[C][C][C][C][C]2)ccc1[C]=C1C(=O)N([C])C(=S)N([C])C1=O,O,[C]c1cc2ccc1[C]=C1C(=O)N([C])C(=S)N([C])C1(=O)~O~N21[C][C][C][C][C]1,-4.048849105834961,ok,
O=C(Nc1ccc(-c2ccc(N3CCOCC3)nn2)cc1)c1ccc([N+](=O)[O-])cc1,O,O=C1Nc2ccc(cc2)-c2ccc(nn2)N2CCO(~O~c3([N+](=O)[O-])ccc1cc3)CC2,-4.672253608703613,ok,
COC(=O)c1ccc(C(=O)Nc2ccc(C(=O)Nc3ccc(N(C)C)cc3)cc2)cc1,O,CN(C)c1ccc(NC(=O)c2ccc(NC(=O)c3ccc(C4(=O)~O~O4C)cc3)cc2)cc1,-5.777125835418701,ok,
Nc1cc2c3cc(N)c(N)cc3c3cc(N)c(N)cc3c2cc1N,O,Nc1cc2c3cc(N)c(N)cc3c3cc4(~O~N4)c(N)cc3c2cc1N,,failed,Featurization failed: RDKit could not parse Smiles_Merged
COC(=O)C(C(=O)OC)=C(/C=C/C=C/N(C)C)N(C)C,O,COC(=O)C(=C(/C=C/C=C/N(C)C)N(C)C)C1(=O)~O~O1C,-2.9223031997680664,ok,
CC1=C(C#N)c2nc(N)c(C#N)c(C)c2/C1=C/c1cn(C)c2ccccc12,O,CC1=C(C#N)c2nc3(~O~N3)c(C#N)c(C)c2/C1=C/c1cn(C)c2ccccc12,,failed,Featurization failed: RDKit could not parse Smiles_Merged
CN(C)c1ccc(N=Nc2ccc(SC(F)(F)F)cc2[N+](=O)[O-])cc1,O,CN1(C)~O~C(F)(F)(F)Sc2ccc(c([N+](=O)[O-])c2)N=Nc2ccc1cc2,-4.739162445068359,ok,
O=C1c2ccccc2C(=O)c2c1cc(N1CCOCC1)c1nsnc21,O,O=C1c2ccccc2C2(=O)~O~O3CCN(CC3)c3cc1c2c1nsnc31,-5.604983329772949,ok,
N#Cc1ccc(-c2nc3cc(C#N)c(C#N)cc3nc2-c2ccccc2)cc1C#N,O,N#Cc1ccc(-c2nc3cc4c(C#N)cc3n(~O~C4#N)c2-c2ccccc2)cc1C#N,-6.091685771942139,ok,
CN(C)c1ccc(C=CC=C2SC(=S)N(CC(=O)O)C2=O)cc1,O,CN(C)c1ccc(C=CC=C2SC(=S)N(CC3(=O)~O~O3)C2=O)cc1,-4.25018835067749,ok,
O=C(Nc1ccc(-c2csc(N3CCOCC3)n2)cc1)c1ccc([N+](=O)[O-])cc1,O,O=C1Nc2ccc(cc2)-c2csc(n2)N2CCO(~O~c3([N+](=O)[O-])ccc1cc3)CC2,-5.064619064331055,ok,
CCN1C(=O)C(=Cc2ccc(-c3ccccc3)o2)N(CC)C1=S,O,CCN1C(=S)N(CC)C2(=O)~O~o3c(ccc3-c3ccccc3)C=C12,-6.140853404998779,ok,
[C][C]N([C][C])c1ccc([C]=C2C(=O)OC([C])([C])OC2=O)cc1,O,[C][C]N([C][C])c1ccc([C]=C2C(=O)OC([C])([C])O3~O~C23=O)cc1,-4.368875503540039,ok,
[C][C]N1C(=O)C(=[C]c2ccc(N([C])[C])cc2)C(=O)N([C][C])C1=S,O,[C][C]N1C(=O)C2=[C]c3ccc(cc3)N([C])([C])~O~C2(=O)N([C][C])C1=S,-4.802086353302002,ok,
CN(C)c1ccc(/C=N/n2c(N)c(S(=O)(=O)c3ccccc3)c3nc4ccccc4nc32)cc1,O,CN(C)c1ccc(/C=N/n2c3c(c4nc5ccccc5nc42)S(=O)(=O)(c2ccccc2)~O~N3)cc1,-3.4295637607574463,ok,
CN1C=CC=CC1=C(C#N)c1ncc(-c2ccc(Cl)cc2)s1,O,CN12~O~c3(ncc(-c4ccc(Cl)cc4)s3)C(C#N)=C1C=CC=C2,,failed,Featurization failed: RDKit could not parse Smiles_Merged
CCN(CC)C(=O)C(C#N)=Cc1ccc(-c2ccc([N+](=O)[O-])cc2)o1,O,CCN(CC)C(=O)C(C#N)=Cc1ccc2o1~O~c1([N+](=O)[O-])ccc-2cc1,-6.284865379333496,ok,
CC(C)c1ccc(N2C(=O)C(=Cc3ccc(-c4ccc(Cl)c(Cl)c4)o3)C=C2c2ccccc2)cc1,O,CC(C)c1ccc(N2C(c3ccccc3)=CC3=Cc4ccc(-c5ccc(Cl)c(Cl)c5)o4~O~C32=O)cc1,-7.270811080932617,ok,
CCOC(=O)c1ccc(-c2ccc(/C=C3/C=C(c4ccccc4)N(Cc4ccccc4)C3=O)o2)cc1,O,CCO1~O~C1(=O)c1ccc(-c2ccc(/C=C3/C=C(c4ccccc4)N(Cc4ccccc4)C3=O)o2)cc1,-5.402085304260254,ok,
O=C1C(=CC=Cc2ccco2)SC(=S)N1Cc1ccco1,O,O=C12~O~o3cccc3CN1C(=S)SC2=CC=Cc1ccco1,-5.984853267669678,ok,
COc1ccc(C=CC(=O)Nc2ccc(NC3CCCCC3)c3c2C(=O)c2ccccc2C3=O)cc1,O,CO1~O~C(=O)(Nc2ccc(NC3CCCCC3)c3c2C(=O)c2ccccc2C3=O)C=Cc2ccc1cc2,-6.782733917236328,ok,
O=C1/C(=C/c2ccc(-c3cc(Cl)ccc3Cl)o2)C=C(c2ccccc2)N1c1cccc([N+](=O)[O-])c1,O,O=C1/C2=C/c3ccc(-c4cc(Cl)ccc4Cl)o3~O~c3([N+](=O)[O-])cccc(c3)N1C(c1ccccc1)=C2,-6.836240768432617,ok,
CC(C)(C)C1=CC(=C(C#N)C#N)C=C(/C=C/c2cc3c4c(c2)C(C)(C)CCN4CCC3(C)C)O1,O,CC(C)(C)C1=CC2=C(C#N)(C#N)~O~O1C(/C=C/c1cc3c4c(c1)C(C)(C)CCN4CCC3(C)C)=C2,-7.276282787322998,ok,
O=C1/C(=C/C=C/c2ccccc2)SC(=S)N1CC(=O)N1c2ccccc2Sc2ccccc21,O,O=C(CN12~O~C1(=O)/C(=C/C=C/c1ccccc1)SC2=S)N1c2ccccc2Sc2ccccc21,-5.561972618103027,ok,
CN1C(=O)C(=c2sc(=CC=C3SC(c4ccccc4)=C(c4ccccc4)N3C)c(=O)n2C)SC1=S,O,CN1C(=S)SC2=c3sc(c(=O)n3C)=CC=C3SC(c4ccccc4)=C(c4ccccc4)N3(C)~O~C21=O,-6.185304641723633,ok,
O=C(O)CCCCCN1C(=O)C(=CC=Cc2ccco2)SC1=S,O,O=C1C(=CC=Cc2ccco2)SC(=S)N1CCCCCC1(=O)~O~O1,-5.152491569519043,ok,
CN(C)c1ccc(N2C(=O)/C(=C\c3ccc(Sc4ccc(Cl)cc4)o3)SC2=S)cc1,O,CN(C)c1ccc(N2C(=S)S/C3=C/c4ccc(Sc5ccc(Cl)cc5)o4~O~C32=O)cc1,-6.956679344177246,ok,
CC(C)Nc1cc(NCCO)c2noc3c2c1C(=O)c1ccccc1-3,O,CC(C)Nc1cc2c3noc4c3c1C(=O)(~O~OCCN2)c1ccccc1-4,-4.264326095581055,ok,
CCN1C(=CC=C2SC(=S)N(C)C2=O)SC(c2ccccc2)=C1c1ccccc1,O,CCN12~O~C3(=O)C(=CC=C1SC(c1ccccc1)=C2c1ccccc1)SC(=S)N3C,-6.364077568054199,ok,
CCN1C(=O)C(=CC=C2Sc3ccc(-c4nc5ccccc5s4)cc3N2CC)SC1=S,O,CCN1C(=S)SC2=CC=C3Sc4ccc(-c5nc6ccccc6s5)cc4N3(CC)~O~C21=O,-6.358595848083496,ok,
COC(=O)c1ccc2c(c1)C(C)(C)C(/C=C/c1c(C)ccc(C)c1OC)=[N+]2C,O,COC1(=O)~O~O(C)c2c(C)ccc(C)c2/C=C/C2=[N+](C)c3ccc1cc3C2(C)C,-5.777090072631836,ok,
CN(C)c1ccc(C=C2C=C(c3ccc(F)cc3)OC2=O)cc1Br,O,CN(C)c1ccc(C=C2C=C(c3ccc(F)cc3)O3~O~C23=O)cc1Br,-5.126909255981445,ok,
CC(C)Nc1cc(N2CCOCC2)c(N)c2c1C(=O)c1ccccc1C2=O,O,CC(C)Nc1cc(N2CCOCC2)c2c3c1C(=O)c1ccccc1C3(=O)~O~N2,-5.33198356628418,ok,
COc1cccc(N2C(=O)/C(=C/c3ccc(-c4ccc(Cl)c(Cl)c4)o3)C=C2c2ccccc2)c1,O,CO1~O~C2(=O)/C(=C/c3ccc(-c4ccc(Cl)c(Cl)c4)o3)C=C(c3ccccc3)N2c2cccc1c2,-6.195627212524414,ok,
CCN(CC)c1ccc(/C=N/N2C(=O)c3ccccc3C2=O)cc1,O,CCN1(CC)~O~C2(=O)c3ccccc3C(=O)N2/N=C/c2ccc1cc2,-5.069617748260498,ok,
CSC(SC)=C1CC/C(=C\c2ccc(Cl)cc2Cl)C1=O,O,CSC(SC)=C1CC/C(=C\c2ccc(Cl)cc2Cl)C12~O~O=2,-4.975210666656494,ok,
[C]Oc1ccccc1[C]N=S([O-])[O+]c1ccc2c(c1)C(=C1[C][C][C][C]1)C(=O)[N]2,O,[C]Oc1ccccc1[C]N=S1[O+]c2(~O~[O-]1)ccc1c(c2)C(=C2[C][C][C][C]2)C(=O)[N]1,,failed,Featurization failed: RDKit could not parse Smiles_Merged
CCCN(CCC)c1ccc(C=C2CCc3c2nc2ccccc2c3C(=O)O)cc1,O,CCCN(CCC)c1ccc(C=C2CCc3c2nc2ccccc2c3C2(=O)~O~O2)cc1,-3.9028117656707764,ok,
O=C1C(=CC=Cc2ccccc2)SC(=S)N1CC(=O)N1c2ccccc2Sc2ccccc21,O,O=C(CN12~O~C1(=O)C(=CC=Cc1ccccc1)SC2=S)N1c2ccccc2Sc2ccccc21,-5.563451766967773,ok,
O=C1C(=CC=Cc2ccc([N+](=O)[O-])o2)SC(=S)N1c1cccc2ccccc12,O,O=C1C(=CC=Cc2ccc3([N+](=O)[O-])~O~o23)SC(=S)N1c1cccc2ccccc12,-6.051790237426758,ok,
O=C1N=C(N2CCN(c3cccc(C(F)(F)F)c3)CC2)SC1=Cc1ccc(-c2cccc(C(F)(F)F)c2)o1,O,O=C1N=C2SC1=Cc1ccc(-c3cccc(C(F)(F)F)c3)o1~O~C(F)(F)(F)c1cccc(c1)N1CCN2CC1,-6.5038909912109375,ok,
COC(=O)c1ccc(/C=C/C2=[N+](C)c3ccc(OC)cc3C2(C)C)cc1,O,COC1(=O)~O~O(C)c2ccc3c(c2)C(C)(C)C(=[N+]3C)/C=C/c2ccc1cc2,-5.6413116455078125,ok,
CNc1ccc(Nc2cccc(C(F)(F)F)c2)c2c1C(=O)c1ccccc1C2=O,O,CN1~O~C(F)(F)(F)c2cccc(c2)Nc2ccc1c1c2C(=O)c2ccccc2C1=O,-6.797056198120117,ok,
O=C(O)CCCCCCCCCCc1ccc2n1[B-](F)(F)[N+]1=C(/C=C/C=C/c3ccccc3)C=CC1=C2,O,O=C1CCCCCCCCCCc2ccc3n2[B-](F)(F)(~O~O1)[N+]1=C(/C=C/C=C/c2ccccc2)C=CC1=C3,-4.127269268035889,ok,
Nc1c(-c2ccc([N+](=O)[O-])cc2)sc2nc(-c3ccccc3)cc(C(F)(F)F)c12,O,O=[N+]([O-])c1ccc(-c2sc3nc(-c4ccccc4)cc4c3c2N~O~C4(F)(F)F)cc1,-6.921813011169434,ok,
[C]O[C][C][N]S(=O)(=O)c1ccc2c(c1)C(=C1[C][C][C][C]1)C(=O)N2[C],O,[C]N1c2ccc3cc2C(=C2[C][C][C][C]2)C1(=O)~O~O([C])[C][C][N]S3(=O)=O,-4.3178205490112305,ok,
O=C1C(=Cc2ccc(-c3ccc([N+](=O)[O-])cc3)o2)SC(=S)N1Cc1cccnc1,O,O=C1C(=Cc2ccc3o2~O~c2([N+](=O)[O-])ccc-3cc2)SC(=S)N1Cc1cccnc1,-6.357043266296387,ok,
O=C1OC(c2ccc(Br)cc2)=CC1=Cc1ccc(-c2ccc([N+](=O)[O-])cc2)o1,O,O=[N+]([O-])c1ccc(-c2ccc3o2~O~C2(=O)OC(c4ccc(Br)cc4)=CC2=C3)cc1,-5.704662322998047,ok,
O=C1c2ccccc2-c2onc3c(Br)cc(NC4CCCCC4)c1c23,O,O=C12~O~N(C3CCCCC3)c3cc(Br)c4noc(c4c31)-c1ccccc12,-5.502252578735352,ok,
COC(=O)CN1C(=S)N(c2ccc(OC)cc2)C(=O)/C1=C/c1ccc(-c2ccc([N+](=O)[O-])cc2)o1,O,COC1(=O)~O~O(C)c2ccc(cc2)N2C(=O)/C(=C/c3ccc(-c4ccc([N+](=O)[O-])cc4)o3)N(C1)C2=S,-5.3642964363098145,ok,
CN(c1ccccc1)c1ccc(/C=C2\N=C(c3cc([N+](=O)[O-])cc([N+](=O)[O-])c3)OC2=O)cc1,O,CN(c1ccccc1)c1ccc(/C=C2\N=C(c3cc([N+](=O)[O-])cc([N+](=O)[O-])c3)O3~O~C23=O)cc1,-3.996638536453247,ok,
O=c1nc(C(F)(F)F)cc(C=Cc2ccc(-c3cccc([N+](=O)[O-])c3)o2)[nH]1,O,O=c1nc2cc([nH]1)C=Cc1ccc(-c3cccc([N+](=O)[O-])c3)o1~O~C2(F)(F)F,-6.71153450012207,ok,
CC1CCCC(O)C2C(=O)CC(O)C3OC(/C=C/C=C/C=C/C(=O)O)=C(C(=O)O1)C32,O,CC1CCCC(O)C2C(=O)CC(O)C3C2C2=C(/C=C/C=C/C=C/C(=O)O)O3~O~C2(=O)O1,-6.1324310302734375,ok,
[C][C][C][C]N([C])S(=O)(=O)c1ccc2c(c1)C(=C1[C][C][C][C]1)C(=O)N2[C],O,[C][C][C][C]N([C])S(=O)(=O)c1ccc2c(c1)C(=C1[C][C][C][C]1)C1(=O)~O~N21[C],-4.117720603942871,ok,
[C][C][C][C][C]([C][C])[C]N1c2ccccc2Sc2cc([C]=c3sc(=C(C#N)C#N)n(-c4ccccc4)c3=O)ccc21,O,[C][C][C][C][C]([C][C])[C]N12~O~c3(=O)c(sc(=C(C#N)C#N)n3-c3ccccc3)=[C]c3ccc1c(c3)Sc1ccccc12,-6.072484970092773,ok,
O=C1N=C(N2CCN(c3ccccc3)CC2)S/C1=C/c1ccc(-c2ccc([N+](=O)[O-])cc2)o1,O,O=[N+]([O-])c1ccc(-c2ccc3o2~O~C2(=O)N=C(N4CCN(c5ccccc5)CC4)S/C2=C/3)cc1,-4.46659517288208,ok,
O=C1C(=CC=Cc2ccco2)SC(=S)N1C1CCCCC1,O,O=C12~O~o3cccc3C=CC=C1SC(=S)N2C1CCCCC1,-6.236991882324219,ok,
O=C1c2ccccc2-c2nc3c(ccc4ccccc43)c(-c3cccc([N+](=O)[O-])c3)c21,O,O=[N+]([O-])c12~O~O=C3c4ccccc4-c4nc5c(ccc6ccccc65)c(c43)-c(ccc1)c2,-6.177035331726074,ok,
CN1CCN(c2cc(NC3CCCCC3)c3c4c(onc24)-c2ccccc2C3=O)CC1,O,CN1CCN(c2cc3c4c5c(onc25)-c2ccccc2C4(=O)~O~N3C2CCCCC2)CC1,-4.237085342407227,ok,
O=C(Nc1ccc(Nc2cc([N+](=O)[O-])ccc2O)c2c1C(=O)c1ccccc1C2=O)c1ccccc1,O,O=C(Nc1ccc(Nc2cc3([N+](=O)[O-])~O~Oc2cc3)c2c1C(=O)c1ccccc1C2=O)c1ccccc1,-5.145420551300049,ok,
O=C1[N]c2ccc(S(=O)(=O)N3[C][C][C][C][C][C]3)cc2C1=C1[C][C][C][C]1,O,O=S(=O)(c1ccc2c(c1)C(=C1[C][C][C][C]1)C1(~O~O=1)[N]2)N1[C][C][C][C][C][C]1,-3.0968093872070312,ok,
CC1=C(C#N)c2nc(N)c(C#N)c(C)c2/C1=C\c1ccc(N(C)C)c(Br)c1,O,CC1=C(C#N)c2nc3(~O~N3)c(C#N)c(C)c2/C1=C\c1ccc(N(C)C)c(Br)c1,,failed,Featurization failed: RDKit could not parse Smiles_Merged
O=[N+]([O-])c1cccc(-c2ccc(/C=N/c3ccc(N4CCOCC4)cc3)o2)c1,O,O=[N+]([O-])c12~O~o3c(/C=N/c4ccc(N5CCOCC5)cc4)ccc3-c(ccc1)c2,-5.431854724884033,ok,
O=C([C]=C([C]1[C][C]1)[C]1[C][C]1)[N]c1ccc(N2[C][C][C][C][C]2)c2ccncc12,O,O=C1([C]=C([C]2[C][C]2)[C]2[C][C]2)~O~N2([C][C][C][C][C]2)c2ccc(c3cnccc23)[N]1,-2.2075867652893066,ok,
[C]Oc1ccc([C]=[C]C2=[C]C(=C(C#N)C#N)[C]C([C])([C])[C]2)cc1,O,[C]C1([C])[C]C([C]=[C]c2ccc(O3~O~[C]3)cc2)=[C]C(=C(C#N)C#N)[C]1,-6.066512584686279,ok,
O=C1C(=Cc2ccc(-c3ccc(Cl)c(Cl)c3)o2)C=C(c2ccccc2)N1c1cccc(O)c1,O,O=C12~O~Oc3cccc(c3)N1C(c1ccccc1)=CC2=Cc1ccc(-c2ccc(Cl)c(Cl)c2)o1,-4.57781457901001,ok,
O=C1N=C(Nc2ccc(O)cc2)SC1=CC(Cl)=Cc1ccc([N+](=O)[O-])cc1,O,O=[N+]([O-])c1ccc(C=C(Cl)C=C2SC3=NC2(=O)~O~Oc2ccc(cc2)N3)cc1,-3.974393129348755,ok,
[C]Oc1ccc(/[C]=C2/[C][C]C(=C3S[C][C]S3)C2=O)cc1,O,O=C1C(=C2S[C][C]S2)[C][C]/C1=[C]/c1ccc(O2~O~[C]2)cc1,-5.266149520874023,ok,
CCN(c1ccc(/C=C/C2=[N+](C)c3cc(OC)ccc3C2(C)C)cc1)c1ccc(C(=O)OC)cc1,O,CCN1c2ccc(cc2)/C=C/C2=[N+](C)c3cc(ccc3C2(C)C)O(C)~O~C(=O)(OC)c2ccc1cc2,-5.564910888671875,ok,
CCOC(=O)c1cc(/C=C/c2sc3ccccc3[n+]2C)c2sc3ccccc3n12,O,CCO1~O~C1(=O)c1cc(/C=C/c2sc3ccccc3[n+]2C)c2sc3ccccc3n12,-5.946839332580566,ok,
O=C1[N]c2ccc(OS(=O)N3[C][C]N(c4ccccn4)[C][C]3)cc2C1=C1[C][C][C][C]1,O,O=C1[N]c2ccc(O3~O~S3(=O)N3[C][C]N(c4ccccn4)[C][C]3)cc2C1=C1[C][C][C][C]1,-2.3994174003601074,ok,
CC[n+]1c(/C=C/C=C/N(C(C)=O)c2ccccc2)sc2ccccc21,O,CC[n+]1c2ccccc2sc12~O~N(C(C)=O)(c1ccccc1)C=CC=C2,,failed,Featurization failed: RDKit could not parse Smiles_Merged
CN1CCN(c2ccc3c4c(cccc24)C(=O)c2ccccc2-3)CC1,O,CN1CCN2(~O~C3(=O)c4ccccc4-c4ccc2c2cccc3c42)CC1,-4.083674907684326,ok,
CCOC(=O)c1ccc(-c2ccc(C=C3C=C(c4ccccc4)N(c4ccc(C)c(C)c4)C3=O)o2)cc1,O,CCO1~O~C1(=O)c1ccc(-c2ccc(C=C3C=C(c4ccccc4)N(c4ccc(C)c(C)c4)C3=O)o2)cc1,-5.236969470977783,ok,
CC12CCC(CC1=N/N=C1\NC(=O)C(=CC=Cc3ccc([N+](=O)[O-])cc3)S1)C2(C)C,O,CC12CCC(CC1=N/N=C1/SC3=CC=Cc4ccc([N+](=O)[O-])(~O~N1C3=O)cc4)C2(C)C,-5.926819801330566,ok,
Nc1ccc2nc3c4ccccc4c(=[NH2+])cc-3oc2c1,O,Nc1ccc2nc3c4ccccc4c4(=[NH2+])~O~o(c-3c4)c2c1,-3.0391323566436768,ok,
C=CCN1C(=O)/C(=c2/s/c(=C\C=C3\Sc4ccc(OC)cc4N3CC)c(=O)n2CC)SC1=S,O,C=CCN1C(=S)S/C2=c3\s/c(c(=O)n3CC)=C\C=C3\Sc4ccc(cc4N3CC)O(C)~O~C21=O,-6.959815502166748,ok,
CCOc1ccc(N2C(=O)C(=Cc3ccc(-c4ccc(Cl)c(Cl)c4)o3)C=C2c2ccccc2)cc1,O,CCO1~O~C2(=O)C(=Cc3ccc(-c4ccc(Cl)c(Cl)c4)o3)C=C(c3ccccc3)N2c2ccc1cc2,-6.550232410430908,ok,
CCCN1CCN(c2cc(NC(C)C)c3c4c(onc24)-c2ccccc2C3=O)CC1,O,CCCN1CCN(c2cc3c4c5c(onc25)-c2ccccc2C4(=O)~O~N3C(C)C)CC1,-4.022294998168945,ok,
CCN(Cc1cccc(S(=O)(=O)[O-])c1)c1ccc(C(=C2C=CC(=[N+](CC)Cc3cccc(S(=O)(=O)[O-])c3)C=C2)c2ccccc2S(=O)(=O)[O-])cc1,O,CCN1Cc2cccc(c2)S(=O)(=O)[O-]~O~C2(=[N+](CC)Cc3cccc(S(=O)(=O)[O-])c3)C=CC(=C(c3ccccc3S(=O)(=O)[O-])c3ccc1cc3)C=C2,-4.11225700378418,ok,
CN(C)c1ccc(/C=C/c2ccc3ccccc3[n+]2C)cc1,O,C[n+]1c2ccc3ccccc31~O~N(C)(C)c1ccc(cc1)/C=C/2,-6.141393661499023,ok,
CN(C)c1ccc(/C=N/n2c(N)c(C(=O)NCc3ccccc3)c3nc4ccccc4nc32)cc1,O,CN(C)c1ccc(/C=N/n2c3c(c4nc5ccccc5nc42)C(=O)(NCc2ccccc2)~O~N3)cc1,-2.438145399093628,ok,
CCN(CCO)c1ccc(/N=N/c2ccc([N+](=O)[O-])cc2)cc1,O,CCN1CCO~O~c2([N+](=O)[O-])ccc(cc2)/N=N/c2ccc1cc2,-2.8814008235931396,ok,
CCOc1ccc(C2=C/C(=C\c3ccc(N(C)C)c(Br)c3)C(=O)O2)cc1,O,CCO1~O~C2(=O)OC(=C/C2=C\c2ccc(N(C)C)c(Br)c2)c2ccc1cc2,-5.587831497192383,ok,
CN(C)c1ccc(C=CC=CC2=N[C@@H](C(=O)O)CS2)cc1,O,CN(C)c1ccc(C=CC=CC2=N[C@@H](C3(=O)~O~O3)CS2)cc1,-3.286875009536743,ok,
CCN(CC)c1ccc2c(-c3c(N=C=S)cccc3C(=O)O)c3ccc(=[N+](CC)CC)cc-3oc2c1,O,CCN(CC)c1ccc2c(-c3c(N=C=S)cccc3C3(=O)~O~O3)c3ccc(=[N+](CC)CC)cc-3oc2c1,-4.611635208129883,ok,
O=C1/C(=C\c2ccc(-c3ccc(Br)cc3)o2)C=C(c2ccccc2)N1Cc1ccccc1,O,O=C12~O~o3c(ccc3-c3ccc(Br)cc3)/C=C\1C=C(c1ccccc1)N2Cc1ccccc1,-6.173785209655762,ok,
COc1ccccc1N1C(=O)C(=Cc2ccc(-c3ccc(Br)cc3)o2)C=C1c1ccccc1,O,CO1~O~C2(=O)C(=Cc3ccc(-c4ccc(Br)cc4)o3)C=C(c3ccccc3)N2c2ccccc21,-5.751569747924805,ok,
Cc1cc2c(cc1C)-c1nc3ccccc3cc1/C2=N\c1ccccc1,O,Cc1cc2c(cc1C)-c13~O~N(/c4ccccc4)=C\2c1cc1ccccc1n3,-5.522213459014893,ok,
N#Cc1cc([N+](=O)[O-])ccc1Nc1ccc(NC2CCOCC2)cc1,O,N#Cc1cc2([N+](=O)[O-])~O~N(C3CCOCC3)c3ccc(cc3)Nc1cc2,-6.204444885253906,ok,
CN(c1ccccc1)c1ccc(/C=N/NC(=O)Cc2ccc([N+](=O)[O-])cc2)cc1,O,CN1(c2ccccc2)~O~c2([N+](=O)[O-])ccc(cc2)CC(=O)N/N=C/c2ccc1cc2,-5.063668251037598,ok,
CCCCC(CC)CN1C(=O)/C(=C/c2ccc(-c3ccc([N+](=O)[O-])cc3)o2)SC1=S,O,CCCCC(CC)CN1C(=O)/C(=C/c2ccc3o2~O~c2([N+](=O)[O-])ccc-3cc2)SC1=S,-7.841594219207764,ok,
O=C(O)CCCN1C(=O)C(=CC=Cc2ccco2)SC1=S,O,O=C1C(=CC=Cc2ccco2)SC(=S)N1CCCC1(=O)~O~O1,-4.7798261642456055,ok,
c1cc2c3c(cccc3c1)-c1n[n+]3c(cc1-2)sc1ccccc13,O,c1cc2c3c4cc(~O~c56cc-4c-2n[n+]5c2ccccc2s6)cc3c1,-7.460821628570557,ok,
O=C1N=C(N2CCN(c3ccc(Cl)cc3)CC2)S/C1=C\c1ccc(-c2cccc([N+](=O)[O-])c2)o1,O,O=[N+]([O-])c1cccc(-c2ccc3o2~O~C2(=O)N=C(N4CCN(c5ccc(Cl)cc5)CC4)S/C2=C\3)c1,-4.799435615539551,ok,
CCCN1CCN(c2cc(Nc3ccc(N(C)C)cc3)c3c4c(onc24)-c2ccccc2C3=O)CC1,O,CCCN1CCN(c2cc3c4c5c(onc25)-c2ccccc2C4(=O)~O~N(C)(C)c2ccc(cc2)N3)CC1,-4.657903671264648,ok,
CC(C)(C)c1ccc(N2C(=O)/C(=C/c3ccc(-c4ccc(Cl)c(Cl)c4)o3)C=C2c2ccccc2)cc1,O,CC(C)(C)c1ccc(N2C(c3ccccc3)=C/C3=C\c4ccc(-c5ccc(Cl)c(Cl)c5)o4~O~C32=O)cc1,-7.329362869262695,ok,
O=C1c2ccccc2-c2nc3cc4[nH]c(=O)[nH]c4cc3nc21,O,O=C1c2ccccc2-c2nc3cc4c(cc3nc21)[nH]c1(=O)~O~[nH]41,-5.907473564147949,ok,
Cc1ccc(C2=C/C(=C\c3ccc(-c4ccc([N+](=O)[O-])cc4)o3)C(=O)O2)cc1,O,Cc1ccc(C2=C/C3=C\c4ccc(-c5ccc([N+](=O)[O-])cc5)o4~O~C3(=O)O2)cc1,-5.533286094665527,ok,
COc1ccc(-c2csc(/C(C#N)=C/c3ccc(N(C)C)cc3)n2)cc1,O,CN(C)c1ccc(/C=C(\C#N)c23~O~O(C)c4ccc(cc4)-c(cs2)n3)cc1,-5.8756585121154785,ok,
CCCCCCCCCN1C=CC(=CC=C(C#N)C#N)c2ccccc21,O,CCCCCCCCCN12~O~C(C#N)(C#N)=CC=C(C=C1)c1ccccc12,-7.000413417816162,ok,
COc1ccc(N2C(=O)/C(=C/c3ccc(-c4ccc(Cl)c(Cl)c4)o3)C=C2c2ccccc2)cc1,O,CO1~O~C2(=O)/C(=C/c3ccc(-c4ccc(Cl)c(Cl)c4)o3)C=C(c3ccccc3)N2c2ccc1cc2,-6.2952470779418945,ok,
CC(C)(C)C1=NN(c2ccccc2)C(=O)C1=CC=Cc1ccc([N+](=O)[O-])cc1,O,CC(C)(C)C1=NN(c2ccccc2)C2(~O~O=2)C1=CC=Cc1ccc([N+](=O)[O-])cc1,-4.184334754943848,ok,
CC1C/C(=C\c2ccc(-c3ccc([N+](=O)[O-])cc3)o2)C(=O)/C(=C/c2ccc(-c3ccc([N+](=O)[O-])cc3)o2)C1,O,CC1C/C(=C\c2ccc(-c3ccc([N+](=O)[O-])cc3)o2)C(=O)/C(=C/c2ccc3o2~O~c2([N+](=O)[O-])ccc-3cc2)C1,-6.601299285888672,ok,
O=C1[C]2[C]([C]3[C]=[C][C]2C3=C2[C][C][C][C][C]2)C(=O)N1c1ccc([N+](=O)[O-])cc1,O,O=C1[C]2[C]([C]3[C]=[C][C]2C3=C2[C][C][C][C][C]2)C2=O~O~c3([N+](=O)[O-])ccc(cc3)N12,-3.828070640563965,ok,
CCCn1c(=C2SC(=S)N(CC)C2=O)sc(=C2C=Cc3ccccc3N2CC)c1=O,O,CCCn1c(=C2SC(=S)N(CC)C2=O)sc2c1(=O)~O~N1(CC)C=2C=Cc2ccccc21,-6.784808158874512,ok,
CC(C)/C=C1\CC/C(=C\c2ccc(N(C)C)cc2)C1=O,O,CC(C)/C=C1\CC/C2=C\c3ccc(cc3)N(C)(C)~O~C21=O,-5.256994724273682,ok,
CCOC(=O)C1CCCN(c2cc(Nc3ccc(OCC)cc3)c3c4c(onc24)-c2ccccc2C3=O)C1,O,CCOC1(=O)~O~O(CC)c2ccc(cc2)Nc2cc(c3noc4c3c2C(=O)c2ccccc2-4)N2CCCC1C2,-5.737250328063965,ok,
CCN1c2ccc(C=C3SC(=S)NC3=O)cc2C(C)=CC1(C)C,O,CCN12~O~C3(=O)NC(=S)SC3=Cc3ccc1c(c3)C(C)=CC2(C)C,-6.618302345275879,ok,
[C][C]N1[C][C][C][C]1[C][N]S(=O)(=O)c1ccc2c(c1)C(=C1[C][C][C][C]1)C(=O)N2[C],O,[C][C]N1[C][C][C][C]1[C][N]S(=O)(=O)c1ccc2c(c1)C(=C1[C][C][C][C]1)C1(=O)~O~N21[C],-3.7262213230133057,ok,
CCCCCCCCCN1C=C/C(=C\C=C(C#N)C#N)c2ccccc21,O,CCCCCCCCCN12~O~C(C#N)(C#N)=C/C=C(\C=C1)c1ccccc12,-7.000413417816162,ok,
COc1ccc(C=C2C=C(c3ccccc3)N(c3ccc(Sc4ccc([N+](=O)[O-])cc4)cc3)C2=O)cc1Br,O,CO1~O~c2([N+](=O)[O-])ccc(cc2)Sc2ccc(cc2)N2C(=O)C(=Cc3ccc1c(Br)c3)C=C2c1ccccc1,-6.380925178527832,ok,
Cl.NC(N)=NN=C(/C=C/c1ccc([N+](=O)[O-])o1)/C=C/c1ccc([N+](=O)[O-])o1,O,Cl.NC(N)=NN=C(/C=C/c1ccc([N+](=O)[O-])o1)/C=C/c1ccc2([N+](=O)[O-])~O~o12,-3.1515307426452637,ok,
O=C(O)CCC(C(=O)O)N1C(=O)/C(=C\C(Cl)=C/c2ccc([N+](=O)[O-])cc2)SC1=S,O,O=C1CCC(N2C(=O)/C(=C\C(Cl)=C/c3ccc([N+](=O)[O-])cc3)SC2=S)C(=O)(O)~O~O1,-4.318747043609619,ok,
c1ccc2c(c1)/C(=N/C1CCCCC1)c1cc3ccccc3nc1-2,O,c1ccc2c(c1)C1=N(C3CCCCC3)~O~c-23nc2ccccc2cc31,-5.880264759063721,ok,
CCOc1ccc(Nc2cc(N3CCCC3)c3noc4c3c2C(=O)c2ccccc2-4)cc1,O,CCO1~O~C2(=O)c3ccccc3-c3onc4c(N5CCCC5)cc(c2c34)Nc2ccc1cc2,-5.900733947753906,ok,
CC1CCN(c2cc(NC3CCCCC3)c3c4c(onc24)-c2ccccc2C3=O)CC1,O,CC1CCN(c2cc3c4c5c(onc25)-c2ccccc2C4(=O)~O~N3C2CCCCC2)CC1,-5.082263946533203,ok,
CCOC(=O)c1sc2nc(-c3ccc([N+](=O)[O-])o3)c(NC3CCCCC3)n2c1C,O,CCO1~O~c2([N+](=O)[O-])ccc(o2)-c2nc3sc(c(C)n3c2NC2CCCCC2)C1=O,-5.736604690551758,ok,
CCSC1=N/C(=C\c2ccc(-c3ccc([N+](=O)[O-])cc3)o2)C(=O)S1,O,CCSC1=N/C(=C\c2ccc3o2~O~c2([N+](=O)[O-])ccc-3cc2)C(=O)S1,-5.697879314422607,ok,
CN(c1ccccc1)c1ccc(/C=C(\C#N)c2nc3ccccc3s2)cc1,O,CN1(c2ccccc2)~O~c2(nc3ccccc3s2)/C(C#N)=C/c2ccc1cc2,,failed,Featurization failed: RDKit could not parse Smiles_Merged
O=C(/C=C/c1ccc(-c2ccc(Cl)cc2Cl)o1)N1c2ccccc2Sc2ccc(Cl)cc21,O,O=C1(N2c3ccccc3Sc3ccc(Cl)cc32)~O~o2c(ccc2-c2ccc(Cl)cc2Cl)/C=C/1,-7.150216579437256,ok,
CCN1C(=O)/C(=C\C=C2\N(CC)c3ccc(-c4ccccc4)cc3C2(C)C)S/C1=N\c1ccc(Br)cc1,O,CCN1/C(=N/c2ccc(Br)cc2)SC2=CC=C3C(C)(C)c4cc(-c5ccccc5)ccc4N3(CC)~O~C21=O,-5.844406604766846,ok,
Nc1ccc2nc3c(cc(N)c4ccccc43)[o+]c2c1,O,Nc1cc23~O~Nc4ccc(nc2c2ccccc12)c(c4)[o+]3,-6.282994270324707,ok,
CC[n+]1c(C=CC=C2C=C(c3ccccc3)c3ccccc3S2)sc2ccccc21,O,CC[n+]12~O~c1(C=CC=C1C=C(c3ccccc3)c3ccccc3S1)sc1ccccc12,-7.6765360832214355,ok,
O=[N+]([O-])c1ccc(C=Cc2nc3c(ccc4ccccc43)s2)cc1,O,[O-][N+]1=O~O~c12ccc(C=Cc1nc3c(ccc4ccccc43)s1)cc2,,failed,Featurization failed: RDKit could not parse Smiles_Merged
N#C/C(=C\c1cc2c3c(c1)CCCN3CCC2)c1nc2ccccc2s1,O,N#C/C1=C\c2cc3c4c(c2)CCCN4(~O~c12nc1ccccc1s2)CCC3,,failed,Featurization failed: RDKit could not parse Smiles_Merged
CCN1C(=O)C(=CC=C2SC(c3ccccc3)=C(c3ccccc3)N2CC)SC1=S,O,CCN1C(=S)SC2=CC=C3SC(c4ccccc4)=C(c4ccccc4)N3(CC)~O~C21=O,-6.616975784301758,ok,
CCN(CC)c1ccc(/C=C(/C#N)c2ccc(C(=O)O)cc2)c(OC)c1,O,CCN(CC)c1ccc2c(c1)O(C)~O~C(=O)(O)c1ccc(cc1)/C(C#N)=C\2,-6.217358589172363,ok,
N#CC(C#N)=c1ccc(=C(C#N)c2ccc(NCCO)cc2)cc1,O,N#CC1=c2ccc(cc2)=C(C#N)(C#N)~O~OCCNc2ccc1cc2,-4.647167682647705,ok,
CCN(CC)c1ccc(/C=C2/C(=O)c3ccc(C(=O)O)cc3C2=O)cc1,O,CCN(CC)c1ccc(/C=C2/C(=O)c3ccc(C4(=O)~O~O4)cc3C2=O)cc1,-4.6707048416137695,ok,
CN1C(=O)/C(=C\C=C\c2ccc([N+](=O)[O-])cc2)SC1=S,O,CN12~O~c3([N+](=O)[O-])ccc(cc3)/C=C/C=C(/SC1=S)C2=O,-5.600124835968018,ok,
O=C([C]=C([C]1[C][C]1)[C]1[C][C]1)[N]c1sc2c(c1C(=O)[N][C]1[C][C]1)[C][C][C]2,O,O=C1([C]=C([C]2[C][C]2)[C]2[C][C]2)~O~O=C([N][C]2[C][C]2)c2c(sc3c2[C][C][C]3)[N]1,-2.7498981952667236,ok,
"CC1=CC(C)=C(C(C)=C1)C1=C2/N\C(\C=C2)=C(/C2=N/C(/C=C2)=C(\C2=N\C(\C=C2)=C(/C2=CC=C\1N2)C1=C(C)C=C(C)C=C1C)C1=C(C)C=C(C)C=C1C)C1=C(C)C=C(C)C=C1C |c:4,7,14,16,21,23,28,30,39,45,49,55,59,65,t:1,10,18,25,32,34,42,52,62|",O,Cc1cc(C)c(-c2c3nc4(~O~[nH]5c2ccc5c(-c2c(C)cc(C)cc2C)c2ccc([nH]2)c(-c2c(C)cc(C)cc2C)c2nc(c4-c4c(C)cc(C)cc4C)C=C2)C=C3)c(C)c1,-6.586551666259766,ok,
COc1cc(-c2nc3ccccn3c2N=Cc2ccc(-c3ccc([N+](=O)[O-])cc3)o2)ccc1O,O,COc1cc2ccc1O~O~c1([N+](=O)[O-])ccc(cc1)-c1ccc(o1)C=Nc1c-2nc2ccccn12,-3.2869718074798584,ok,
O=S(=O)(O)c1ccc(Nc2ccc(C(=C3C=CC(=Nc4ccccc4)C=C3)c3ccc(Nc4ccccc4)cc3)cc2)cc1,O,O=S1(=O)(O)~O~N(c2ccccc2)c2ccc(cc2)C(=C2C=CC(=Nc3ccccc3)C=C2)c2ccc(cc2)Nc2ccc1cc2,-5.904730796813965,ok,
COC(=O)c1ccc2c(c1)C(C)(C)C(/C=C/c1ccccc1OC)=[N+]2C,O,COC1(=O)~O~O(C)c2ccccc2/C=C/C2=[N+](C)c3ccc1cc3C2(C)C,-5.613550662994385,ok,
CCN(CC)c1ccc2nc3ccc(=[N+](CC)CC)cc-3oc2c1,O,CCN(CC)c1ccc2nc3ccc4(=[N+](CC)CC)~O~o(c-3c4)c2c1,-5.674661636352539,ok,
C/C=C/C=C/C=C/C(=O)N[C@H]1CCCNC(=O)[C@H](C)N(C)C(=O)[C@H](C(C)C)N(C)C1=O,O,C/C=C/C=C/C=C/C(=O)N[C@H]1CCCN2~O~C(=O)([C@H](C(C)C)N(C)C1=O)N(C)[C@@H](C)C2=O,-5.198737144470215,ok,
O=C(CN1C(=O)S/C(=C\C=C\c2ccco2)C1=O)N1CCN(c2ccccc2)CC1,O,O=C(CN1C(=O)/C2=C/C=C/c3ccco3~O~C1(=O)S2)N1CCN(c2ccccc2)CC1,-4.69655704498291,ok,
[C][C]N1C(=O)C(=[C]/[C]=[C]/[C]=C2/N([C])c3ccccc3C2([C])[C])C(=O)N([C][C])C1=S,O,[C][C]N1C(=O)C2=[C]/[C]=[C]/[C]=C3\C([C])([C])c4ccccc4N3([C])~O~C2(=O)N([C][C])C1=S,-4.816388130187988,ok,
CN(C)c1cc(NCCO)c2c(c1N)C(=O)c1ccccc1C2=O,O,CN(C)c1cc(NCCO)c2c3c1N~O~C3(=O)c1ccccc1C2=O,-5.437137603759766,ok,
Cc1ccc(-c2ccc(C=C3C(=O)c4ccccc4C3=O)o2)cc1Cl,O,Cc1ccc(-c2ccc3o2~O~C2(=O)C(=C3)C(=O)c3ccccc32)cc1Cl,-6.481146812438965,ok,
O=C1c2ccccc2-c2cc(N3CCCCC3)nc3cccc1c23,O,O=C12~O~N3(CCCCC3)c3cc(c4c1cccc4n3)-c1ccccc12,-5.400994777679443,ok,
CC1=C(C#N)c2nc(N)c(C#N)c(C)c2C1=Cc1ccc(-c2ccc(F)cc2)o1,O,CC1=C(C#N)c2nc3(N)~O~o4c(ccc4-c4ccc(F)cc4)C=C1c2c(C)c3C#N,-6.579367637634277,ok,
O=C1C(=[C]c2cnc(N3[C][C][C][C][C]3)s2)C(=O)c2ccccc21,O,O=C1C2=[C]c3cnc(s3)N3(~O~C2(=O)c2ccccc21)[C][C][C][C][C]3,-4.109586715698242,ok,
CC(C)Nc1cc(N(C)CCc2ccccn2)c2noc3c2c1C(=O)c1ccccc1-3,O,CC(C)N1~O~C2(=O)c3ccccc3-c3onc4c(N(C)CCc5ccccn5)cc1c2c34,-3.7995364665985107,ok,
[C]N1C(=O)C(=C2[C][C][C][C]2)c2cc(OS(=O)N3[C][C]N(c4ccccc4)[C][C]3)ccc21,O,[C]N1C(=O)C(=C2[C][C][C][C]2)c2cc(O3~O~S3(=O)N3[C][C]N(c4ccccc4)[C][C]3)ccc21,-3.153597593307495,ok,
O=S(=O)([O-])CCC[n+]1ccc(/C=C/c2c[nH]c3ccc(Br)cc23)cc1,O,O=S1(=O)CCC[n+]2ccc(/C=C/c3c[nH]c4ccc(Br)cc34)cc2~O~[O-]1,-4.61627197265625,ok,
CC1CC(C)(C)N(C)c2ccc(C=C3N=C(c4ccccc4)OC3=O)cc21,O,CC1CC(C)(C)N(C)c2ccc(C=C3N=C(c4ccccc4)O4~O~C34=O)cc21,-4.286221504211426,ok,
O=C1C=CC(F)=C/C1=C1/SSN=C1Cl,O,FC1=C/C(=C2/SSN=C2Cl)C2(~O~O=2)C=C1,-3.9263253211975098,ok,
CN(c1ccccc1)c1ccc(/C=C2/N=C(c3ccccc3)OC2=O)cc1,O,CN(c1ccccc1)c1ccc(/C=C2/N=C(c3ccccc3)O3~O~C23=O)cc1,-3.985095739364624,ok,
O=C1[N]c2ccc(S(=O)ON3[C][C]N(c4ccc(Cl)cc4)[C][C]3)cc2C1=C1[C][C][C][C]1,O,O=S1ON2[C][C]N(c3ccc(Cl)cc3)(~O~C3(=O)[N]c4ccc1cc4C3=C1[C][C][C][C]1)[C][C]2,-3.3053905963897705,ok,
CCNc1cc(NCC(C)C)c(N)c2c1C(=O)c1ccccc1C2=O,O,CCNc1cc(NCC(C)C)c2c3c1C(=O)c1ccccc1C3(=O)~O~N2,-5.702923774719238,ok,
O=C1N=C(Nc2cccc(O)c2)SC1=CC(Cl)=Cc1ccc([N+](=O)[O-])cc1,O,O=[N+]([O-])c1ccc(C=C(Cl)C=C2SC3=NC2(=O)~O~Oc2cccc(c2)N3)cc1,-3.963073492050171,ok,
CC(=Cc1cccc([N+](=O)[O-])c1)C(=O)C=CC=Cc1ccccc1,O,CC1=Cc2cccc([N+](=O)[O-])(~O~O=C1C=CC=Cc1ccccc1)c2,-4.51750373840332,ok,
[C][C][C]N([C][C][C])S(=O)(=O)c1ccc2c(c1)C(=C1[C][C][C][C]1)C(=O)N2[C],O,[C][C][C]N([C][C][C])S(=O)(=O)c1ccc2c(c1)C(=C1[C][C][C][C]1)C1(=O)~O~N21[C],-4.044995307922363,ok,
CC1Oc2ccccc2C=C1/C=C1\Oc2cc(OC(=O)N(c3ccccc3)c3ccccc3)ccc2C1=O,O,CC1C2=Cc3ccccc3O1~O~C(=O)(N(c1ccccc1)c1ccccc1)Oc1ccc3c(c1)O/C(=C\2)C3=O,-5.252170562744141,ok,
CC[n+]1c(/C=C/c2ccc(N(C)C)cc2)ccc2ccccc21,O,CC[n+]1c2ccc3ccccc31~O~N(C)(C)c1ccc(cc1)/C=C/2,-6.444085121154785,ok,
CCCCN(CCCC)c1ccc(/C=C/c2cc[n+](CCC[N+](CC)(CC)CC)cc2)cc1,O,CCCCN1(CCCC)~O~c2cc(cc[n+]2CCC[N+](CC)(CC)CC)/C=C/c2ccc1cc2,-5.841884613037109,ok,
CCOC(=O)c1ccc(-c2ccc(/C=C3/C=C(c4ccccc4)N(c4ccc(-c5ccccc5)cc4)C3=O)o2)cc1,O,CCO1~O~C1(=O)c1ccc(-c2ccc(/C=C3/C=C(c4ccccc4)N(c4ccc(-c5ccccc5)cc4)C3=O)o2)cc1,-5.595234394073486,ok,
CCN1C(=O)/C(=C\C=C2/CCCN2CC)SC1=S,O,CCN1C(=S)S/C2=C/C=C3\CCCN3(CC)~O~C21=O,-4.400538444519043,ok,
CN(C)c1ccc(/C=N/n2c(N)c(C(=O)NCc3ccc(F)cc3)c3nc4ccccc4nc32)cc1,O,CN(C)c1ccc(/C=N/n2c3c(c4nc5ccccc5nc42)C(=O)(NCc2ccc(F)cc2)~O~N3)cc1,-2.418003797531128,ok,
COCCCNc1cc(Nc2ccc(OC)cc2)c2c3c(onc13)-c1ccccc1C2=O,O,COCCCNc1cc2c3c4c(onc14)-c1ccccc1C3(=O)~O~O(C)c1ccc(cc1)N2,-6.458096981048584,ok,
COc1ccc([N+](=O)[O-])cc1-c1ccc(C=C(C#N)C#N)o1,O,CO1~O~c2([N+](=O)[O-])ccc1c(-c1ccc(C=C(C#N)C#N)o1)c2,-5.32531213760376,ok,
[C]Oc1ccc(/[C]=C2\C(=O)c3ccccc3C2=C(C#N)C#N)cc1O[C],O,[C]O1~O~[C]Oc2cc(/[C]=C3\C(=O)c4ccccc4C3=C(C#N)C#N)ccc21,-5.7137885093688965,ok,
COc1ccccc1N1C(=O)C(=CC=Cc2ccco2)SC1=S,O,CO1~O~C2(=O)C(=CC=Cc3ccco3)SC(=S)N2c2ccccc21,-5.790250301361084,ok,
CCN(CC)c1ccc(/C=N/c2ccc([N+](=O)[O-])cc2C)cc1,O,CCN1(CC)~O~c2([N+](=O)[O-])ccc(c(C)c2)/N=C/c2ccc1cc2,-4.932336807250977,ok,
COc1ccc(C=CC2=[N+](Cc3ccccc3)c3cccc4cccc2c34)cc1,O,CO1~O~c23cccc4cccc(c42)C(=[N+]3Cc2ccccc2)C=Cc2ccc1cc2,-5.9867634773254395,ok,
C/C=C/C=C/C=C/C(=O)N[C@H]1CCCNC(=O)[C@H](C)NC(=O)[C@H](C(C)C)N(C)C1=O,O,C/C=C/C=C/C=C/C(=O)N[C@H]1CCCN2~O~C1(=O)N(C)[C@@H](C(C)C)C(=O)N[C@@H](C)C2=O,-5.1511688232421875,ok,
O=C1OC(c2ccccc2)=C/C1=C\c1ccc(-c2ccc([N+](=O)[O-])cc2)o1,O,O=[N+]([O-])c1ccc(-c2ccc3o2~O~C2(=O)OC(c4ccccc4)=C/C2=C\3)cc1,-5.53695821762085,ok,
O=C1C(=[C]c2ccc(Cl)cc2)[C][C]C1=C1S[C][C]S1,O,Clc1ccc([C]=C2[C][C]C(=C3S[C][C]S3)C23~O~O=3)cc1,-4.340114593505859,ok,
COc1ccc(N2C(=O)/C(=C\C=C\c3ccco3)SC2=S)cc1,O,CO1~O~C2(=O)/C(=C\C=C\c3ccco3)SC(=S)N2c2ccc1cc2,-6.21881628036499,ok,
CCOC(=O)C1=C(Nc2ccc(OC)cc2)S/C(=C\c2ccc(-c3ccc(C(=O)O)cc3)o2)C1=O,O,CCOC1(=O)~O~O(C)c2ccc(cc2)NC2=C1C(=O)/C(=C/c1ccc(-c3ccc(C(=O)O)cc3)o1)S2,-6.5691070556640625,ok,
CCCCCCCCNc1ccc(NC(=O)c2ccc(C(C)(C)C)cc2)c2c1C(=O)c1ccccc1C2=O,O,CCCCCCCCN1~O~C(=O)(c2ccc(C(C)(C)C)cc2)Nc2ccc1c1c2C(=O)c2ccccc2C1=O,-6.150604248046875,ok,
C=CC[n+]1c(/C=C/c2ccc(N(C)C)cc2)ccc2ccccc21,O,C=CC[n+]1c2ccc3ccccc31~O~N(C)(C)c1ccc(cc1)/C=C/2,-6.375674724578857,ok,
COc1ccc(N2C(=O)/C(=C\c3ccc(-c4ccc([N+](=O)[O-])cc4)o3)SC2=S)cc1,O,CO1~O~C2(=O)/C(=C\c3ccc(-c4ccc([N+](=O)[O-])cc4)o3)SC(=S)N2c2ccc1cc2,-6.049851894378662,ok,
C=CCN1C(=O)/C(=C/C=C/c2ccc(N(C)C)cc2)C(=O)NC1=S,O,C=CCN1C(=S)NC(=O)/C2=C\C=C\c3ccc(cc3)N(C)(C)~O~C21=O,-5.8623480796813965,ok,
CCCN1/C(=C\C=C\c2sc3ccccc3[n+]2CCC)Sc2ccccc21,O,CCC[n+]1c2ccccc2sc12~O~N1(CCC)C(=CC=C2)Sc2ccccc21,,failed,Featurization failed: RDKit could not parse Smiles_Merged
O=C1/C([N@]2CC[C@@H]1CC2)=C\C(C=C3)=CC=C3[N+]([O-])=O,O,O=C1/C2=C\c3ccc([N+](=O)[O-])(~O~N24CCC1CC4)cc3,-4.616940021514893,ok,
O=C1/C(=C\c2ccc([N+](=O)[O-])cc2)N2CCC1CC2,O,O=C1/C2=C\c3ccc([N+](=O)[O-])(~O~N24CCC1CC4)cc3,-4.616940021514893,ok,
O=[N+]([O-])c1cccc(/C=N/c2ccc(Nc3ccccc3)cc2)c1,O,O=[N+]([O-])c12~O~N(c3ccccc3)c3ccc(cc3)/N=C/c(ccc1)c2,-4.66843318939209,ok,
COc1ccc(Nc2ccc(O)c3c2C(=O)c2ccccc2C3=O)cc1,O,COc1ccc(Nc2ccc3c4c2C(=O)c2ccccc2C4(=O)~O~O3)cc1,-6.071977615356445,ok,
CN(C)c1ccc(/C=C2/N=C(c3cc(C(C)(C)C)cc(C(C)(C)C)c3)OC2=O)cc1,O,CN(C)c1ccc(/C=C2/N=C(c3cc(C(C)(C)C)cc(C(C)(C)C)c3)O3~O~C23=O)cc1,-4.76528263092041,ok,
CC1=[N+](CCCS(=O)(=O)[O-])c2ccc3cc(S(=O)(=O)[O-])ccc3c2C1(C)C,O,CC1=[N+]2CCCS(=O)(=O)[O-]~O~c23ccc2cc(S(=O)(=O)[O-])ccc2c3C1(C)C,-3.75868821144104,ok,
CCN1/C(=C/C=C(C=O)/C=C/c2sc3ccccc3[n+]2CC)Sc2ccccc21,O,CC[n+]1c2ccccc2sc12~O~N1(CC)/C(=C/C=C(C=O)/C=C/2)Sc2ccccc21,,failed,Featurization failed: RDKit could not parse Smiles_Merged
COc1ccc(-c2csc(/C(C#N)=C/c3cccc([N+](=O)[O-])c3)n2)cc1,O,CO1~O~c2([N+](=O)[O-])cccc(c2)/C=C(\C#N)c2nc(cs2)-c2ccc1cc2,-5.9068217277526855,ok,
CC1CC(C)CN(c2cc(NC3CCCCC3)c3c4c(onc24)-c2ccccc2C3=O)C1,O,CC1CC(C)CN(c2cc3c4c5c(onc25)-c2ccccc2C4(=O)~O~N3C2CCCCC2)C1,-5.053128242492676,ok,
Cc1ccc(Nc2cc3c(n[n+]([O-])n3CCCCl)c3c2C(=O)c2ccccc2C3=O)cc1,O,Cc1ccc(Nc2cc3c4n[n+](n3CCCCl)[O-]~O~C3(=O)c5ccccc5C(=O)c2c43)cc1,-4.265337944030762,ok,
COC(=O)c1ccccc1-c1ccc(C=CC(=O)c2cccc(N3CCOCC3)c2)o1,O,CO1~O~C1(=O)c1ccccc1-c1ccc(C=CC(=O)c2cccc(N3CCOCC3)c2)o1,-5.047564506530762,ok,
CCOC(=O)C1=C(Nc2ccc(OCC)cc2)S/C(=C/c2ccc([N+](=O)[O-])cc2)C1=O,O,CCOC1(=O)~O~O(CC)c2ccc(cc2)NC2=C1C(=O)/C(=C\c1ccc([N+](=O)[O-])cc1)S2,-6.608942031860352,ok,
CCN1C(=O)C(=CC=Cc2c(C)c(C#N)c(=O)n(CC)c2[O-])C(C)=C(C#N)C1=O,O,CCN1C(=O)C2=CC=Cc3c(C)c(C#N)c(=O)n(CC)c3[O-]~O~C1(=O)C(C#N)=C2C,-4.297384738922119,ok,
[C][C][N]S(=O)(=O)c1ccc2c(c1)C(=C1[C][C][C][C]1)C(=O)N2[C],O,[C][C][N]S(=O)(=O)c1ccc2c(c1)C(=C1[C][C][C][C]1)C1(=O)~O~N21[C],-4.105128288269043,ok,
O=C1c2ccccc2-c2onc3c(N4CCCC4)ccc1c23,O,O=C12~O~N3(CCCC3)c3ccc1c1c(onc31)-c1ccccc12,-5.325209140777588,ok,
CC(C)c1ccc(N2C(=O)/C(=C\c3ccc(-c4ccc([N+](=O)[O-])cc4)o3)SC2=S)cc1,O,CC(C)c1ccc(N2C(=S)S/C3=C/c4ccc(-c5ccc([N+](=O)[O-])cc5)o4~O~C32=O)cc1,-7.408829212188721,ok,
O=C(/C(S1)=C\C2=CC=C(O2)C3=CC=C([N+]([O-])=O)C=C3)N(C1=S)C4=CC=C(C(C)C)C=C4,O,CC(C)c1ccc(N2C(=S)S/C3=C/c4ccc(-c5ccc([N+](=O)[O-])cc5)o4~O~C32=O)cc1,-7.408829212188721,ok,
O=C(c1ccc2nc3c4ccccc4c4ccccc4c3nc2c1)N1CCN(c2ccccc2)CC1,O,O=C1(c2ccc3nc4c5ccccc5c5ccccc5c4nc3c2)~O~N2(c3ccccc3)CCN1CC2,-4.0802178382873535,ok,
Cc1ccccc1N1CCN(C2=NC(=O)/C(=C/c3ccc(-c4ccc([N+](=O)[O-])cc4Cl)o3)S2)CC1,O,Cc1ccccc1N1CCN(C2=NC3(=O)~O~o4c(ccc4-c4ccc([N+](=O)[O-])cc4Cl)/C=C/3S2)CC1,-4.810205459594727,ok,
Cc1cc([N+](=O)[O-])ccc1N1C(=O)C(=Cc2ccc(-c3ccc(Cl)c(Cl)c3)o2)C=C1c1ccccc1,O,Cc1cc2([N+](=O)[O-])~O~o3c(ccc3-c3ccc(Cl)c(Cl)c3)C=C3C=C(c4ccccc4)N(C3=O)c1cc2,-6.781141757965088,ok,
CC1CC(=Cc2ccc(-c3cccc([N+](=O)[O-])c3)o2)c2nc3ccccc3c(C(=O)O)c2C1,O,CC1CC(=Cc2ccc(-c3cccc([N+](=O)[O-])c3)o2)c2nc3ccccc3c(C3(=O)~O~O3)c2C1,-4.186022758483887,ok,
CCN1/C(=C\C=C\c2sc3c4ccccc4[se]c3[n+]2CC)Sc2c1[se]c1ccccc21,O,,,failed,"Pre-condition Violation
	bond already exists
	Violation occurred on line 334 in file Code/GraphMol/RWMol.cpp
	Failed Expression: !(boost::edge(atomIdx1, atomIdx2, d_graph).second)
	RDKIT: 2022.09.5
	BOOST: 1_78
"
Cc1cc(C=C2C(=O)c3ccccc3C2=O)c(C)n1-c1ccc(N2CCOCC2)cc1,O,Cc1cc2c(C)n1-c1ccc(cc1)N1CCO(~O~C3(=O)C(=C2)C(=O)c2ccccc23)CC1,-4.987679481506348,ok,
CC1C/C(=C\c2ccc(-c3ccc([N+](=O)[O-])cc3Cl)o2)C(=O)/C(=C/c2ccc(-c3ccc([N+](=O)[O-])cc3Cl)o2)C1,O,CC1C/C(=C\c2ccc(-c3ccc([N+](=O)[O-])cc3Cl)o2)C(=O)/C(=C/c2ccc3o2~O~c2([N+](=O)[O-])ccc-3c(Cl)c2)C1,-7.501571178436279,ok,
COc1ccc(Nc2cc(N3CCCC3)c(N)c3c2C(=O)c2ccccc2C3=O)cc1,O,CO1~O~C2(=O)c3ccccc3C(=O)c3c(cc(N4CCCC4)c(N)c32)Nc2ccc1cc2,-5.466184616088867,ok,
Cc1ccc(N2CCN(C(=O)C(C#N)=Cc3ccc(-c4ccc(Br)cc4)o3)CC2)cc1,O,Cc1ccc(N2CCN(C3(=O)~O~o4c(ccc4-c4ccc(Br)cc4)C=C3C#N)CC2)cc1,-4.814304351806641,ok,
COc1cccc(N=CC=CC=C2Sc3ccc4ccccc4c3[NH+]2C)c1,O,C[NH+]1c2c(ccc3ccccc23)SC12~O~O(C)c1cccc(c1)N=CC=CC=2,-5.70216703414917,ok,
CC(C)CN1C(=O)/C(=C/c2ccc(-c3ccc([N+](=O)[O-])cc3)o2)SC1=S,O,CC(C)CN1C(=O)/C(=C/c2ccc3o2~O~c2([N+](=O)[O-])ccc-3cc2)SC1=S,-7.440893173217773,ok,
CC(=O)Nc1ccc(N2C(=O)C(=CC3=Cc4ccccc4OC3C)SC2=S)cc1,O,CC(=O)Nc1ccc(N2C(=S)SC3=CC4=Cc5ccccc5O(~O~C32=O)C4C)cc1,-6.1174774169921875,ok,
COc1ccc(Nc2cc(N3CC(C)OC(C)C3)c3noc4c3c2C(=O)c2ccccc2-4)cc1,O,CC1CN(c2cc3c4c5c(onc25)-c2ccccc2C4(=O)~O~O(C)c2ccc(cc2)N3)CC(C)O1,-5.414490222930908,ok,
CN(C)c1ccc(/C=N/n2c(N)c(C(=O)Nc3ccccc3)c3nc4ccccc4nc32)cc1,O,CN(C)c1ccc(/C=N/n2c3c(c4nc5ccccc5nc42)C(=O)(Nc2ccccc2)~O~N3)cc1,-2.5163872241973877,ok,
CN(C)c1ccc(/C=C(/C#N)c2ccc(C#N)cc2)cc1Br,O,CN1(C)~O~C(#N)/C(c2ccc(C#N)cc2)=C/c2ccc1c(Br)c2,-6.5854034423828125,ok,
CCC(/C=C1\Sc2ccc(-c3ccccc3)cc2N1CCCS(=O)(=O)[O-])=C\c1sc2ccc(OC)cc2[n+]1CCCS(=O)(=O)[O-],O,CCC1=C\c2(~O~[O-]S(=O)(=O)CCCN3/C(=C/1)Sc1ccc(-c4ccccc4)cc13)sc1ccc(OC)cc1[n+]2CCCS(=O)(=O)[O-],,failed,Featurization failed: RDKit could not parse Smiles_Merged
Cc1ccc(N2C(=O)/C(=C/C=C/c3ccco3)SC2=S)cc1C,O,Cc1ccc(N2C(=S)S/C3=C\C=C\c4ccco4~O~C32=O)cc1C,-6.269233703613281,ok,
C1=C/C(=N/c2ccccc2)C=C2C1=NC1(c3ccccc3)CC(c3ccccc3)C=C(c3ccccc3)N21,O,C1=C/C(=N/c2ccccc2)C=C2C1=NC13(c4ccccc4)~O~N21C(c1ccccc1)=CC(c1ccccc1)C3,-5.507899284362793,ok,
CN1C=CC=CC1=C1C(=O)OC(C)(C)OC1=O,O,CN1C=CC=CC1=C1C(=O)OC(C)(C)O2~O~C12=O,-2.558889627456665,ok,
CCOC(=O)C1=C(Nc2ccc(OC)cc2)S/C(=C\c2ccc(-c3cccc(C(=O)O)c3)o2)C1=O,O,CCOC1(=O)~O~O(C)c2ccc(cc2)NC2=C1C(=O)/C(=C/c1ccc(-c3cccc(C(=O)O)c3)o1)S2,-6.541578769683838,ok,
CN(/C=C/C(=C/C=[N+](/C)c1ccccc1)OCCCS(=O)(=O)[O-])c1ccccc1,O,CN(/C=C/C1=C/C=[N+](/C)c2(~O~[O-]S(=O)(=O)CCCO1)ccccc2)c1ccccc1,,failed,Featurization failed: RDKit could not parse Smiles_Merged
[C]N1C(=O)C(=C2[C][C][C][C]2)c2cc(OS(=O)N3[C][C]N(c4ccccc4F)[C][C]3)ccc21,O,[C]N1C(=O)C(=C2[C][C][C][C]2)c2cc(O3~O~S3(=O)N3[C][C]N(c4ccccc4F)[C][C]3)ccc21,-3.1773393154144287,ok,
O=C1/C(=C\C=C\c2ccco2)SC(=S)N1c1cccc(O)c1,O,O=C12~O~Oc3cccc(c3)N1C(=S)S/C2=C/C=C/c1ccco1,-4.208073616027832,ok,
O=C1[N]c2ccc(S(=O)(=O)N3[C][C][C][C][C]3)cc2C1=C1[C][C][C][C]1,O,O=S(=O)(c1ccc2c(c1)C(=C1[C][C][C][C]1)C1(~O~O=1)[N]2)N1[C][C][C][C][C]1,-3.2200164794921875,ok,
Cc1ccc(N2CN=c3s/c(=C\C=C\c4ccccc4)c(=O)n3C2)cc1,O,Cc1ccc(N23~O~c4(=O)/c(=C/C=C/c5ccccc5)sc(n4C2)=NC3)cc1,-4.178247451782227,ok,
COc1ccc(/C=C2/CC/C(=C\c3cccc([N+](=O)[O-])c3)C2=O)cc1O,O,COc1ccc2cc1O~O~c1([N+](=O)[O-])cccc(c1)/C=C1\CC/C(=C/2)C1=O,-5.0168561935424805,ok,
CCN1c2cc(Nc3ccc(C)cc3)c3c(c2NS1=O)C(=O)c1ccccc1C3=O,O,CCN1c2cc3c4c(c2NS1(=O)~O~N3c1ccc(C)cc1)C(=O)c1ccccc1C4=O,-5.771927833557129,ok,
CC1=C(C#N)C(=O)N(CC(C)C)C(=O)C1=Cc1ccc(-c2ccc(C(=O)O)cc2)o1,O,CC1=C(C#N)C(=O)N(CC(C)C)C(=O)C1=Cc1ccc(-c2ccc(C3(=O)~O~O3)cc2)o1,-4.355705261230469,ok,
Cc1ccc(Nc2cc3c(c4c2C(=O)c2ccccc2C4=O)NS(=O)N3CC(C)C)cc1,O,Cc1ccc(N2~O~S3(=O)Nc4c(cc2c2c4C(=O)c4ccccc4C2=O)N3CC(C)C)cc1,-5.960080146789551,ok,
O=[N+]([O-])c1ccccc1/N=N/c1ccc(N2CCOCC2)cc1,O,O=[N+]([O-])c12~O~O3CCN(CC3)c3ccc(cc3)/N=N/c1cccc2,-3.2709686756134033,ok,
O=C([O-])c1ccccc1-c1c2cc3c4c(c2[o+]c2c5c6c(cc12)CCCN6CCC5)CCCN4CCC3,O,[O-]C1=O~O~c23[o+]c4c5c6c(cc4c(c2cc2c4c3CCCN4CCC2)-c2ccccc21)CCCN6CCC5,-10.102931022644043,ok,
O=C1/C(=C/c2ccc(Cl)cc2)C=C(c2ccccc2)N1c1ccc(Sc2ccc([N+](=O)[O-])cc2)cc1,O,O=C1/C(=C/c2ccc(Cl)cc2)C=C(c2ccccc2)N12~O~c1([N+](=O)[O-])ccc(cc1)Sc1ccc2cc1,-5.800270080566406,ok,
CN(C)c1ccc(/C=C/c2ccc([N+](=O)[O-])cc2[N+](=O)[O-])cc1,O,CN1(C)~O~c2([N+](=O)[O-])cc([N+](=O)[O-])ccc2/C=C/c2ccc1cc2,-5.602425575256348,ok,
CCOC(=O)C(C#N)=C1C=C(C=C2Sc3c(ccc4c3CCCC4)N2CC)CC(C)(C)C1,O,CCN1C(=CC2=CC(=C(C#N)C3(=O)~O~O3CC)CC(C)(C)C2)Sc2c1ccc1c2CCCC1,-6.415113925933838,ok,
O=C1c2ccccc2C(=O)c2cc(N=Cc3sc(N4CCOCC4)nc3-c3ccccc3)ccc21,O,O=C1c2ccccc2C2(=O)~O~O3CCN(CC3)c3nc(-c4ccccc4)c(s3)C=Nc3ccc1c2c3,-4.432589054107666,ok,
O=C1/C(=C/c2ccc([N+](=O)[O-])cc2)C=C(c2ccccc2)N1c1ccc2ccccc2c1,O,O=C1/C2=C/c3ccc([N+](=O)[O-])(~O~N1(c1ccc4ccccc4c1)C(c1ccccc1)=C2)cc3,-4.879570960998535,ok,
O=C1/C(=C\C=C\c2ccc([N+](=O)[O-])o2)SC(=S)N1c1cccc2ccccc12,O,O=C1/C(=C\C=C\c2ccc3([N+](=O)[O-])~O~o23)SC(=S)N1c1cccc2ccccc12,-6.174543380737305,ok,
O=C1/C(=C/C=C/c2ccco2)SC(=S)N1c1ccc2ccccc2c1,O,O=C12~O~o3cccc3/C=C/C=C/1SC(=S)N2c1ccc2ccccc2c1,-6.400710105895996,ok,
CCN(c1ccc(NC(=O)c2ccc([N+](=O)[O-])o2)cc1)C(C)C,O,CCN(c1ccc(NC(=O)c2ccc3([N+](=O)[O-])~O~o23)cc1)C(C)C,-5.63577938079834,ok,
O=c1c2ccccc2c(=O)c2c1c(NC1CCCCC1)cc1oc3ccccc3[nH]c12,O,O=c1c2ccccc2c2(=O)~O~o3c4ccccc4[nH]c4c3cc(NC3CCCCC3)c1c42,-7.0970072746276855,ok,
O=c1c2cccc3cccc(c32)c2nc3cccc4cccc(c43)n12,O,c1cc2cccc3c2c(c1)nc1c2cccc4cccc(c42)c2(~O~O=2)n31,-3.6771061420440674,ok,
CC(C)OCCCNC(=O)c1c(N)n(/N=C/c2ccc(N(C)C)cc2)c2nc3ccccc3nc12,O,CC(C)OCCCNC1(=O)~O~Nc2c1c1nc3ccccc3nc1n2/N=C/c1ccc(N(C)C)cc1,-2.568397283554077,ok,
O=C1/C(=C/c2ccc(-c3cc(Cl)ccc3Cl)o2)C=C(c2ccccc2)N1Cc1ccccc1,O,O=C12~O~o3c(ccc3-c3cc(Cl)ccc3Cl)/C=C/1C=C(c1ccccc1)N2Cc1ccccc1,-6.6465864181518555,ok,
Cc1ccccc1N1CCN(C2=NC(=O)/C(=C\c3ccc(-c4ccc([N+](=O)[O-])cc4)o3)S2)CC1,O,Cc1ccccc1N1CCN(C2=NC3(=O)~O~o4c(ccc4-c4ccc([N+](=O)[O-])cc4)/C=C\3S2)CC1,-4.46433162689209,ok,
COc1ccc(N2C(=O)/C(=C/C=C/N3CCCc4ccccc43)SC2=S)cc1,O,CO1~O~C2(=O)/C(=C/C=C/N3CCCc4ccccc43)SC(=S)N2c2ccc1cc2,-5.981433868408203,ok,
CN(C)c1ccc(NC(=O)C=Cc2cccc([N+](=O)[O-])c2)cc1,O,CN1(C)~O~c2([N+](=O)[O-])cccc(c2)C=CC(=O)Nc2ccc1cc2,-5.226238250732422,ok,
Cc1cccc(Oc2ccc3noc4c5c(Oc6cccc(C)c6)cc(N6CCCC6)c6noc(c2c34)c65)c1,O,Cc1cccc(Oc2cc(N3CCCC3)c3noc45~O~O(c6cccc(C)c6)c6ccc7noc(c2c34)c7c65)c1,-5.7527852058410645,ok,
COc1ccc(N2C(=O)C(=Cc3ccc(-c4ccc([N+](=O)[O-])cc4Cl)o3)SC2=S)cc1,O,CO1~O~c2([N+](=O)[O-])ccc(c(Cl)c2)-c2ccc(o2)C=C2SC(=S)N(C2=O)c2ccc1cc2,-6.328875541687012,ok,
COc1ccc(CNC(=O)c2c(N)n(/N=C/c3ccc(N(C)C)cc3)c3nc4ccccc4nc23)cc1,O,CN(C)c1ccc(/C=N/n2c(N)c(C3(=O)~O~O(C)c4ccc(cc4)CN3)c3nc4ccccc4nc32)cc1,-2.5419578552246094,ok,
CN(CCC#N)c1ccc(/C=C/c2ccc3ccccc3[n+]2C)cc1.[I-],O,CN(CCC#N)c1ccc(/C=C/c2ccc3ccccc3(~O~[I-])[n+]2C)cc1,-5.806064605712891,ok,
O=C1/C(=C\C=C\c2ccc([N+](=O)[O-])o2)SC(=S)N1c1cccc(Cl)c1,O,O=C1/C(=C\C=C\c2ccc3([N+](=O)[O-])~O~o23)SC(=S)N1c1cccc(Cl)c1,-6.2699103355407715,ok,
COc1ccc(Nc2cc(N(C)CCO)c(N)c3c2C(=O)c2ccccc2C3=O)cc1,O,CN(CCO)c1cc2c3c(c1N)C(=O)(~O~O(C)c1ccc(cc1)N2)c1ccccc1C3=O,-5.503682613372803,ok,
CC1=C(C#N)c2nc(N)c(C#N)c(C)c2C1=Cc1ccc(Sc2ccc(Cl)cc2)o1,O,CC1=C(C#N)c2nc(N)c(C#N)c(C)c2C1=Cc1ccc2(Sc3ccc(Cl)cc3)~O~o12,-6.200814247131348,ok,
CN(c1ccccc1)c1ccc(C=C2N=C(c3cccc(Br)c3)OC2=O)cc1,O,CN(c1ccccc1)c1ccc(C=C2N=C(c3cccc(Br)c3)O3~O~C23=O)cc1,-4.208743572235107,ok,
CCN1C(=O)C(=Cc2ccc(-c3ccc(Cl)cc3)o2)N(CC)C1=S,O,CCN1C(=S)N(CC)C2(=O)~O~o3c(ccc3-c3ccc(Cl)cc3)C=C12,-6.717869758605957,ok,
C(/C=C/C=C/N1CCCCC1)=C1C(c2ccccc2)=C(c2ccccc2)C(c2ccccc2)=C1c1ccccc1,O,C(/C=C/C=C/N12~O~C1CCCC2)=C1C(c2ccccc2)=C(c2ccccc2)C(c2ccccc2)=C1c1ccccc1,-7.101887226104736,ok,
C(C(C1=CC=CC=C1)=C2C3=CC=CC=C3)(C4=CC=CC=C4)=C(C5=CC=CC=C5)C2=C/C=C/C=C/N6CCCCC6,O,C(/C=C/C=C/N12~O~C1CCCC2)=C1C(c2ccccc2)=C(c2ccccc2)C(c2ccccc2)=C1c1ccccc1,-7.10188627243042,ok,
COc1ccc(Nc2cc(N3CCC(C)CC3)c3noc4c3c2C(=O)c2ccccc2-4)cc1,O,CC1CCN(c2cc3c4c5c(onc25)-c2ccccc2C4(=O)~O~O(C)c2ccc(cc2)N3)CC1,-5.808069229125977,ok,
O=C1N=C(N2CCN(c3cccc(C(F)(F)F)c3)CC2)S/C1=C\c1ccc(-c2cccc(C(F)(F)F)c2)o1,O,O=C1N=C2S/C1=C\c1ccc(-c3cccc(C(F)(F)F)c3)o1~O~C(F)(F)(F)c1cccc(c1)N1CCN2CC1,-6.539284706115723,ok,
[2H]C([2H])([2H])[N+]([O-])(CCNc1ccc(NCC[N+]([O-])(C([2H])([2H])[2H])C([2H])([2H])[2H])c2c1C(=O)c1c(O)ccc(O)c1C2=O)C([2H])([2H])[2H],O,[2H]C([2H])([2H])[N+]([O-])(CCNc1ccc2c3c1C(=O)c1c(O)ccc(O)c1C3(=O)~O~[O-][N+](C([2H])([2H])[2H])(C([2H])([2H])[2H])CCN2)C([2H])([2H])[2H],-5.524421691894531,ok,
CCOC(=O)c1ccc(-c2ccc(/C=C3/C=C(c4ccccc4)N(c4ccc(C)c(C)c4)C3=O)o2)cc1,O,CCO1~O~C1(=O)c1ccc(-c2ccc(/C=C3/C=C(c4ccccc4)N(c4ccc(C)c(C)c4)C3=O)o2)cc1,-5.16572380065918,ok,
CSC(SC)=C1CC/C(=C\c2ccc(N(C)C)cc2)C1=O,O,CSC(SC)=C1CC/C2=C\c3ccc(cc3)N(C)(C)~O~C12=O,-5.103235721588135,ok,
CN1CCN(c2cc(NCc3ccco3)c3c(c2N)C(=O)c2ccccc2C3=O)CC1,O,CN1CCN(c2cc3c4c(c2N)C(=O)(~O~o2cccc2CN3)c2ccccc2C4=O)CC1,-4.50917387008667,ok,
O=[N+]([O-])C1=CC(C=C(C#N)C#N)=CS1,O,N#CC(C#N)=Cc1csc2(~O~O=[N+]2[O-])c1,,failed,Featurization failed: RDKit could not parse Smiles_Merged
[O-][n+]1c2ccccc2nc2c3ccccc3c3nc4ccccc4nc3c21,O,c1ccc2nc3c(nc2c1)c1ccccc1c1nc2ccccc2[n+]2c13~O~[O-]2,-3.5002243518829346,ok,
COC(=O)Cn1cc(/C=C2\C(C)=C(C#N)c3nc(N)c(C#N)c(C)c32)c2ccccc21,O,CC1=C(C#N)c2nc(N)c(C#N)c(C)c2/C1=C/c1cn(CC2(=O)~O~O2C)c2ccccc12,-4.213346004486084,ok,
CC1=C(C#N)c2nc(N)c(C#N)c(C)c2/C1=C/c1ccc(N(C)C)c(Br)c1,O,CC1=C(C#N)c2nc3(~O~N3)c(C#N)c(C)c2/C1=C/c1ccc(N(C)C)c(Br)c1,,failed,Featurization failed: RDKit could not parse Smiles_Merged
O=[N+]([O-])c1ccc2nc(C=Cc3sc(N4CCOCC4)nc3-c3ccccc3)sc2c1,O,O=[N+]([O-])c12~O~O3CCN(CC3)c3nc(-c4ccccc4)c(s3)C=Cc3nc(cc1)c(c2)s3,-5.177938461303711,ok,
COc1ccc(Nc2cc3c4c(c(Cl)cc5c4c2C(=O)C=C5Cl)C(=O)C=C3Cl)cc1,O,CO1~O~C2(=O)C=C(Cl)c3cc(Cl)c4c5c(cc(c2c35)Nc2ccc1cc2)C(Cl)=CC4=O,-7.509064197540283,ok,
CN1C=CC=C/C1=C(/C#N)C(N)=C(C#N)C#N,O,CN1C=CC=C/C1=C(/C#N)C1=C(C#N)(C#N)~O~N1,-4.663132190704346,ok,
CN1CCN(c2cc(NCCO)c3c(c2N)C(=O)c2ccccc2C3=O)CC1,O,CN1CCN(c2cc(NCCO)c3c4c2N~O~C4(=O)c2ccccc2C3=O)CC1,-4.881163120269775,ok,
O=[N+]([O-])c1ccc(/C=C2C(=N\O)\C3CCN\2CC3)cc1,O,O=[N+]([O-])c12~O~O/N=C3C(=C\c(cc1)cc2)/N1CCC/3CC1,-3.8876469135284424,ok,
CC(C)c1ccc(N2C(=O)/C(=C/c3ccc(-c4ccc(Cl)c(Cl)c4)o3)C=C2c2ccccc2)cc1,O,CC(C)c1ccc(N2C(c3ccccc3)=C/C3=C\c4ccc(-c5ccc(Cl)c(Cl)c5)o4~O~C32=O)cc1,-7.270810127258301,ok,
CC[NH+](CC)Cc1c([O-])ccc2c1O/C(=C\C=C\c1ccccc1OC)C2=O,O,CC[NH+](CC)Cc1c2ccc3c1O/C(=C\C=C\c1ccccc1OC)C3(=O)~O~[O-]2,-4.231134414672852,ok,
CCc1ccc(N2C(=O)/C(=C/C=C/c3ccco3)N(CC(=O)OC)C2=S)cc1,O,CCc1ccc(N2C(=O)/C(=C/C=C/c3ccco3)N(CC3(=O)~O~O3C)C2=S)cc1,-5.61549186706543,ok,
COc1ccc(Nc2cc(N3CC(C)CC(C)C3)c3noc4c3c2C(=O)c2ccccc2-4)cc1,O,CC1CC(C)CN(c2cc3c4c5c(onc25)-c2ccccc2C4(=O)~O~O(C)c2ccc(cc2)N3)C1,-5.77204704284668,ok,
N#CC(C#N)=C1NC2(CCCCC2)Cc2ccccc21,O,N#CC1(C#N)~O~N2C=1c1ccccc1CC21CCCCC1,-5.9871907234191895,ok,
CCOc1ccc(Nc2cc(N3CCC(C)CC3)c3noc4c3c2C(=O)c2ccccc2-4)cc1,O,CCO1~O~C2(=O)c3ccccc3-c3onc4c(N5CCC(C)CC5)cc(c2c34)Nc2ccc1cc2,-5.897935390472412,ok,
[C]C(=O)c1ccc(N2[C][C]N(S(=O)(=O)c3ccc4c(c3)C(=C3[C][C][C][C]3)C(=O)[N]4)[C][C]2)cc1,O,[C]C(=O)c1ccc(N23~O~C4(=O)[N]c5ccc(cc5C4=C4[C][C][C][C]4)S(=O)(=O)N([C][C]2)[C][C]3)cc1,-3.967517614364624,ok,
COc1ccc(OC)c(C(=O)c2ccc(C(=O)Nc3ccc(N(C)C)cc3)cc2)c1,O,COc1ccc2cc1C(=O)c1ccc(cc1)C(=O)(Nc1ccc(N(C)C)cc1)~O~O2C,-5.655700206756592,ok,
O=C1C(=Cc2ccc(-c3ccc(Cl)c(Cl)c3)o2)C=C(c2ccccc2)N1c1ccc([N+](=O)[O-])cc1O,O,O=C1C(=Cc2ccc(-c3ccc(Cl)c(Cl)c3)o2)C=C(c2ccccc2)N1c1ccc2([N+](=O)[O-])~O~Oc1c2,-4.8257012367248535,ok,
Cc1ccc2c(c1)/C(=N/c1ccccc1)c1nc3ccccc3nc1-2,O,Cc1ccc2c(c1)C1=N(c3ccccc3)~O~c13nc1ccccc1nc3-2,-4.7064313888549805,ok,
CC1=C(C#N)c2nc(N)c(C#N)c(C)c2/C1=C/c1ccc(-c2ccccc2[N+](=O)[O-])o1,O,CC1=C(C#N)c2nc(N)c(C#N)c(C)c2/C1=C/c1ccc2o1~O~c1([N+](=O)[O-])ccccc1-2,-5.321007251739502,ok,
Cc1ccc(N2CCN(C3=NC(=O)C(=Cc4ccc(-c5ccc(Cl)cc5Cl)o4)S3)CC2)cc1,O,Cc1ccc(N2CCN(C3=NC4(=O)~O~o5c(ccc5-c5ccc(Cl)cc5Cl)C=C4S3)CC2)cc1,-5.201993942260742,ok,
CCN(CC)c1ccc(/C=C(/C#N)c2ccc([N+](=O)[O-])cc2)cc1Br,O,CCN1(CC)~O~c2([N+](=O)[O-])ccc(cc2)/C(C#N)=C\c2ccc1c(Br)c2,-6.564451217651367,ok,
CC(C)Nc1cc(N(C)CCO)c2noc3c2c1C(=O)c1ccccc1-3,O,CC(C)Nc1cc2c3noc4c3c1C(=O)(~O~OCCN2C)c1ccccc1-4,-3.7718374729156494,ok,
CSC(SC)=C1CCC/C(=C\c2ccc(N(C)C)cc2)C1=O,O,CSC(SC)=C1CCC/C2=C\c3ccc(cc3)N(C)(C)~O~C12=O,-5.459329128265381,ok,
Cc1ccccc1/N=C1\S/C(=C\C=C\c2ccc([N+](=O)[O-])o2)C(=O)N1c1ccccc1C,O,Cc1ccccc1/N=C1\S/C(=C\C=C\c2ccc3([N+](=O)[O-])~O~o23)C(=O)N1c1ccccc1C,-5.16636848449707,ok,
O=C1/C(=C/C=C/c2ccco2)SC(=S)N1c1ccc2c(c1)OCO2,O,O=C12~O~o3cccc3/C=C/C=C/1SC(=S)N2c1ccc2c(c1)OCO2,-5.530252456665039,ok,
Cc1ccc(N2C(=O)/C(=C/c3ccc(-c4ccc([N+](=O)[O-])cc4)o3)SC2=S)cc1,O,Cc1ccc(N2C(=S)S/C3=C\c4ccc(-c5ccc([N+](=O)[O-])cc5)o4~O~C32=O)cc1,-6.769167900085449,ok,
N#Cc1cc2no[n+]([O-])c2cc1C#N,O,N#Cc1cc2[n+]3onc2(~O~[O-]3)cc1C#N,-3.1136703491210938,ok,
CC[NH+](CC)Cc1c([O-])ccc2c1O/C(=C\C=C\c1ccccc1)C2=O,O,CC[NH+](CC)Cc1c2ccc3c1O/C(=C\C=C\c1ccccc1)C3(=O)~O~[O-]2,-4.046438694000244,ok,
COc1ccc(/N=C2/c3ccccc3-c3nc4ccccc4nc32)cc1,O,CO1~O~c12ccc(/N=C1/c3ccccc3-c3nc4ccccc4nc31)cc2,,failed,Featurization failed: RDKit could not parse Smiles_Merged
O=C1C(=Cc2ccc(-c3ccc([N+](=O)[O-])cc3)o2)Cc2c(O)cccc21,O,O=C1C2=Cc3ccc(o3)-c3ccc([N+](=O)[O-])(~O~Oc4cccc1c4C2)cc3,-3.935203790664673,ok,
CCN(CC)c1ccc(/C=C2/N=C(c3cccc([N+](=O)[O-])c3)OC2=O)cc1,O,CCN(CC)c1ccc(/C=C2/N=C(c3cccc([N+](=O)[O-])c3)O3~O~C23=O)cc1,-4.441343307495117,ok,
CN1C(=O)/C(=c2/s/c(=C\C=C3\SC(c4ccccc4)=C(c4ccccc4)N3C)c(=O)n2C)SC1=S,O,CN1C(=S)S/C2=c3\s/c(c(=O)n3C)=C\C=C3\SC(c4ccccc4)=C(c4ccccc4)N3(C)~O~C21=O,-6.219356536865234,ok,
CC(C)Nc1cc(N(C)C)c2noc3c2c1C(=O)c1ccccc1-3,O,CC(C)N1~O~C2(=O)c3ccccc3-c3onc4c(N(C)C)cc1c2c34,-4.544610500335693,ok,
O=C(Nc1ccc(-c2ccc(N3CCOCC3)nn2)cc1)c1cccc([N+](=O)[O-])c1,O,O=C1Nc2ccc(cc2)-c2ccc(nn2)N2CCO(~O~c3([N+](=O)[O-])cccc1c3)CC2,-4.647291660308838,ok,
Nc1c(N2CCN(CCO)CC2)cc(NC2CCCCC2)c2c1C(=O)c1ccccc1C2=O,O,O=C1c2ccccc2C2(=O)~O~Nc3c(N4CCN(CCO)CC4)cc(NC4CCCCC4)c1c32,-4.9642462730407715,ok,
Nc1c(N2CCCC2)cc(NCc2ccco2)c2c1C(=O)c1ccccc1C2=O,O,Nc1c(N2CCCC2)cc2c3c1C(=O)(~O~o1cccc1CN2)c1ccccc1C3=O,-5.230795860290527,ok,
CC(=O)c1cnc2c(c1NC1CCC(CN(C)C)CC1)NC(=C1C=C(Cl)C(=O)C(Cl)=C1)C=C2,O,CC(=O)c1cnc2c3c1N(C1CCC(CN(C)C)CC1)~O~C1(=O)C(Cl)=CC(=C(C=C2)N3)C=C1Cl,-5.532104969024658,ok,
O=[N+]([O-])c1cccc(/C=N/c2ccc(N3CCOCC3)cc2)c1,O,O=[N+]([O-])c12~O~O3CCN(CC3)c3ccc(cc3)/N=C/c(ccc1)c2,-3.886630058288574,ok,
CCN(CC)C(=O)/C=C/c1ccc(-c2cccc([N+](=O)[O-])c2)o1,O,CCN(CC)C(=O)/C=C/c1ccc2o1~O~c1([N+](=O)[O-])cccc-2c1,-6.051187515258789,ok,
[C]Oc1ccc2c(c1)SC(=[C]C1=[C]C(=C(C#N)C#N)c3ccccc31)N2[C],O,[C]N1C(=[C]C2=[C]C(=C(C#N)C#N)c3ccccc32)Sc2cc(O3~O~[C]3)ccc21,-5.741394996643066,ok,
O=C1/C(=C/C=C/c2ccco2)SC(=S)N1Cc1ccccc1,O,O=C12~O~o3cccc3/C=C/C=C/1SC(=S)N2Cc1ccccc1,-6.181938648223877,ok,
C[N+]1=C(C=CC=CC=C2N(CCCCCC(=O)NCCN3C(=O)C=CC3=O)c3ccccc3C2(C)C)C(C)(C)c2ccccc21.[Cl-],O,C[N+]1=C(C=CC=CC=C2N(CCCCCC(=O)NCCN3C(=O)C=CC3(=O)~O~[Cl-])c3ccccc3C2(C)C)C(C)(C)c2ccccc21,-4.524020195007324,ok,
CC(=O)Nc1ccc(-c2cc(-c3ccc(NC(C)=O)cc3)nc(-c3ccc([N+](=O)[O-])cc3)n2)cc1,O,CC(=O)Nc1ccc(-c2cc3nc(n2)-c2ccc([N+](=O)[O-])(~O~N(C(C)=O)c4ccc-3cc4)cc2)cc1,-5.554454803466797,ok,
CCCc1ccc(O)c(/N=C/C=C/c2ccc([N+](=O)[O-])cc2)c1,O,CCCc1ccc2c(c1)/N=C/C=C/c1ccc([N+](=O)[O-])(~O~O2)cc1,-4.645287036895752,ok,
CN(c1ccccc1)c1ccc(/C=C2/SC(=S)N(C3CCCCC3)C2=O)cc1,O,CN1(c2ccccc2)~O~C2(=O)/C(=C\c3ccc1cc3)SC(=S)N2C1CCCCC1,-6.561075210571289,ok,
O=[N+]([O-])c1ccc(N=Nc2ccc(N(CCO)CC(F)(F)C(F)F)cc2)c(Cl)c1,O,O=[N+]([O-])c1ccc(N=Nc2ccc(N3CCO~O~C(F)(F)(C(F)F)C3)cc2)c(Cl)c1,-3.9652087688446045,ok,
CCN(Cc1cccc(S(=O)(=O)[O-])c1)c1ccc(C(=C2C=CC(=[N+](CC)Cc3cccc(S(=O)(=O)[O-])c3)C=C2)c2ccc(S(=O)(=O)[O-])cc2)cc1,O,CCN(Cc1cccc(S(=O)(=O)[O-])c1)c1ccc(C2=C3C=CC(=[N+](CC)Cc4cccc(S(=O)(=O)[O-])c4)(~O~[O-]S(=O)(=O)c4ccc2cc4)C=C3)cc1,-4.168594837188721,ok,
[C][C][C][C][C][C][C][C][C][C][C][C][C][C][C][C]N1[C]=[C]C(=[C][C]=C(C#N)C#N)c2ccccc21,O,[C][C][C][C][C][C][C][C][C][C][C][C][C][C][C][C]N12~O~C(C#N)(C#N)=[C][C]=C([C]=[C]1)c1ccccc12,-5.054256916046143,ok,
Cc1cc([N+](=O)[O-])ccc1/N=C/c1ccc(N(C)C)cc1,O,Cc1cc2([N+](=O)[O-])~O~N(C)(C)c3ccc(cc3)/C=N/c1cc2,-4.591889381408691,ok,
CCOC(=O)C1CCCN(c2cc(Nc3ccc(N(C)C)cc3)c3c4c(onc24)-c2ccccc2C3=O)C1,O,CCO1~O~C1(=O)C1CCCN(c2cc(Nc3ccc(N(C)C)cc3)c3c4c(onc24)-c2ccccc2C3=O)C1,-4.952853202819824,ok,
N#C/C(=C\c1ccc(-c2ccc([N+](=O)[O-])cc2Br)o1)C(=O)N1CCN(c2ccccc2)CC1,O,N#C/C(=C\c1ccc2o1~O~c1([N+](=O)[O-])ccc-2c(Br)c1)C(=O)N1CCN(c2ccccc2)CC1,-5.364041328430176,ok,
CCN1C=CS/C1=C/C=C/c1sc2c3ccccc3ccc2[n+]1CC,O,CC[n+]1c2ccc3ccccc3c2sc12~O~N1(CC)C=CS/C1=C/C=C/2,,failed,Featurization failed: RDKit could not parse Smiles_Merged
O=C1/C(=C/c2ccc(-c3ccc([N+](=O)[O-])cc3)o2)c2ccccc2N1c1ccccc1,O,O=C1/C(=C/c2ccc3o2~O~c2([N+](=O)[O-])ccc-3cc2)c2ccccc2N1c1ccccc1,-6.129111289978027,ok,
COc1ccccc1N1C(=O)/C(=C\c2ccc(-c3ccc(Br)cc3)o2)C=C1c1ccccc1,O,CO1~O~C2(=O)/C(=C\c3ccc(-c4ccc(Br)cc4)o3)C=C(c3ccccc3)N2c2ccccc21,-5.691259384155273,ok,
O=C(c1ccc([N+](=O)[O-])cc1)c1c2nc3ccccc3nc2n2c1ccc1ccccc12,O,O=C1c2ccc([N+](=O)[O-])(~O~n34c(ccc5ccccc53)c1c1nc3ccccc3nc14)cc2,-4.674127101898193,ok,
COc1cc2c(cc1OC)C(=CC=Cc1ccc(N(C)C)cc1)C(=O)N2,O,COc1cc2c3cc1O(C)~O~C(=O)(N2)C3=CC=Cc1ccc(N(C)C)cc1,-5.569510459899902,ok,
CN(C)c1ccc(/C=C/c2cc[n+](CCCS(=O)(=O)[O-])cc2)cc1,O,CN(C)c1ccc(/C=C/c2cc[n+]3c(~O~[O-]S(=O)(=O)CCC3)c2)cc1,-3.993497848510742,ok,
O=[N+]([O-])c1ccc(/C=C/c2c3ccccc3cc3ccccc23)cc1,O,[O-][N+]1=O~O~c12ccc(/C=C/c1c3ccccc3cc3ccccc13)cc2,,failed,Featurization failed: RDKit could not parse Smiles_Merged
O=C1OC(=O)c2ccc(N3CCOCC3)c3cccc1c23,O,O=C1c2cccc3c(N4CCOCC4)ccc(c23)C2(=O)~O~O12,-5.015568733215332,ok,
O=C1N=C(N2CCN(c3ccc([N+](=O)[O-])cc3)CC2)SC1=Cc1ccc(-c2cc(Cl)ccc2Cl)o1,O,O=[N+]([O-])c1ccc(N2CCN(C3=NC4(=O)~O~o5c(ccc5-c5cc(Cl)ccc5Cl)C=C4S3)CC2)cc1,-5.195108890533447,ok,
CN(c1ccc(C=C(C#N)C#N)cc1)c1ccc(C=C(C#N)C#N)cc1,O,CN1(c2ccc(C=C(C#N)C#N)cc2)~O~C(C#N)(C#N)=Cc2ccc1cc2,-5.798550128936768,ok,
CCOC(=O)C1=C(Nc2ccc(OC)cc2)SC(=Cc2ccc([N+](=O)[O-])cc2)C1=O,O,CCOC1(=O)~O~O(C)c2ccc(cc2)NC2=C1C(=O)C(=Cc1ccc([N+](=O)[O-])cc1)S2,-6.415652751922607,ok,
O=C1ON=C(c2ccccc2)/C1=C/C1=C(OCc2ccccc2)C=CCC1,O,O=C12~O~O(Cc3ccccc3)C3=C(/C=C\1C(c1ccccc1)=NO2)CCC=C3,-4.625126361846924,ok,
CC1CCCCN1c1cc(Nc2ccc(N(C)C)cc2)c2c3c(onc13)-c1ccccc1C2=O,O,CC1CCCCN1c1cc2c3c4c(onc14)-c1ccccc1C3(=O)~O~N(C)(C)c1ccc(cc1)N2,-5.759355545043945,ok,
CCCCCCNC(=O)c1c(N)n(/N=C/c2ccc(N(C)C)cc2)c2nc3ccccc3nc12,O,CCCCCCNC1(=O)~O~Nc2c1c1nc3ccccc3nc1n2/N=C/c1ccc(N(C)C)cc1,-2.511183023452759,ok,
O=C1/C(=C\c2cc(/N=N/c3cccc4ccccc34)ccc2O)SC(=S)N1Cc1ccccc1,O,O=C12~O~Oc3ccc(/N=N/c4cccc5ccccc45)cc3/C=C\1SC(=S)N2Cc1ccccc1,-4.026793479919434,ok,
Cc1ccc(/N=C2\S/C(=C\c3ccc(-c4ccc([N+](=O)[O-])cc4C)o3)C(=O)N2c2ccc(C)cc2)cc1,O,Cc1ccc(/N=C2\S/C3=C\c4ccc(-c5ccc([N+](=O)[O-])cc5C)o4~O~C3(=O)N2c2ccc(C)cc2)cc1,-6.204305648803711,ok,
COc1ccc(N=CC=CC=C2Sc3ccc4ccccc4c3[NH+]2C)cc1,O,C[NH+]1c2c(ccc3ccccc23)SC12~O~O(C)c1ccc(cc1)N=CC=CC=2,-6.439764976501465,ok,
O=C1c2ccccc2-c2onc3c(N4CCC5(CC4)OCCO5)cc(NC4CCCCC4)c1c23,O,O=C12~O~N(C3CCCCC3)c3cc(N4CCC5(CC4)OCCO5)c4noc(c4c31)-c1ccccc12,-4.971719741821289,ok,
COc1cc2c(cc1OC)/C(=C/C=C/c1ccc(N(C)C)cc1)C(=O)N2,O,COc1cc2c3cc1O(C)~O~C(=O)(N2)/C3=C\C=C\c1ccc(N(C)C)cc1,-5.5708208084106445,ok,
O=C1/C(=C\C=C\c2ccco2)SC(=S)N1C1CCCCC1,O,O=C12~O~o3cccc3/C=C/C=C\1SC(=S)N2C1CCCCC1,-6.700278282165527,ok,
O=C1c2ccccc2-c2nc(-c3ccc(S(=O)(=O)[O-])cc3)nc3ccc(NC4CCCCC4)c1c23,O,O=C12~O~[O-]S(=O)(=O)c3ccc(cc3)-c3nc(c4c1c(NC1CCCCC1)ccc4n3)-c1ccccc12,-4.767547607421875,ok,
CN1C(=CC=CC=Nc2ccc([N+](=O)[O-])cc2)Sc2ccc3ccccc3c21,O,CN12~O~c3([N+](=O)[O-])ccc(cc3)N=CC=CC=C1Sc1ccc3ccccc3c12,-5.490397930145264,ok,
CN(C)c1ccc(/C=N/c2ccc(/N=N/c3ccccc3)cc2)cc1,O,CN1(C)~O~c2(/N=N/c3ccccc3)ccc(cc2)/N=C/c2ccc1cc2,-4.492857456207275,ok,
CCOc1ccc(N2C(=O)/C(=C/c3ccc(-c4ccc(Br)cc4)o3)C=C2c2ccccc2)cc1,O,CCO1~O~C2(=O)/C(=C/c3ccc(-c4ccc(Br)cc4)o3)C=C(c3ccccc3)N2c2ccc1cc2,-6.211792945861816,ok,
O=C(O)c1ccc(/N=C2/C=CC3=NC45CCCCC4C(c4ccccc4)C=C(c4ccccc4)N5C3=C2)cc1,O,O=C1(c2ccc(/N=C3/C=CC4=NC56CCCCC5C(c5ccccc5)C=C(c5ccccc5)N6C4=C3)cc2)~O~O1,-3.6746418476104736,ok,
CC(=C/c1sc2ccccc2[n+]1CCCS(=O)(=O)[O-])/C=C1/Sc2ccccc2N1CCCS(=O)(=O)[O-],O,CC1=C/c2(~O~[O-]S(=O)(=O)CCCN3\C(=C/1)Sc1ccccc13)sc1ccccc1[n+]2CCCS(=O)(=O)[O-],,failed,Featurization failed: RDKit could not parse Smiles_Merged
CNS(=O)(=O)c1ccc(-c2ccc(C=CC(=O)c3ccc(N4CCOCC4)cc3)o2)cc1,O,CNS1(=O)(=O)~O~o2c(C=CC(=O)c3ccc(N4CCOCC4)cc3)ccc2-c2ccc1cc2,-6.118172645568848,ok,
CC(C)Nc1cc(N2CCN(CCO)CC2)c(N)c2c1C(=O)c1ccccc1C2=O,O,CC(C)Nc1cc(N2CCN(CCO)CC2)c2c3c1C(=O)c1ccccc1C3(=O)~O~N2,-4.94421911239624,ok,
Nc1ccc2nc3ccc(N)cc3[s+]c2c1,O,Nc1ccc2nc3ccc4cc3[s+]c2(~O~N4)c1,-5.051846504211426,ok,
CCN(c1ccc(NC(=O)c2ccc([N+](=O)[O-])s2)cc1)C(C)C,O,CCN1(C(C)C)~O~c2([N+](=O)[O-])ccc(s2)C(=O)Nc2ccc1cc2,-5.684176445007324,ok,
O=c1c2ccc3c(=O)n4c5cccc6cccc(nc4c4ccc(c2c34)c2nc3ccccc3n12)c65,O,O=c12~O~O=c3c4ccc1c1c(ccc(c41)c1nc4cccc5cccc(c54)n31)c1nc3ccccc3n12,-5.499192237854004,ok,
COc1ccc(Nc2cc(N3CCN(C)CC3)c(N)c3c2C(=O)c2ccccc2C3=O)cc1,O,CN1CCN(c2cc3c4c(c2N)C(=O)(~O~O(C)c2ccc(cc2)N3)c2ccccc2C4=O)CC1,-4.71303653717041,ok,
O=C1N=C(N2CCN(c3ccc([N+](=O)[O-])cc3)CC2)SC1=Cc1ccc(-c2ccc(F)cc2)o1,O,O=[N+]([O-])c1ccc(N2CCN(C3=NC4(=O)~O~o5c(ccc5-c5ccc(F)cc5)C=C4S3)CC2)cc1,-4.566591262817383,ok,
Cc1c(C=O)cc(/C=C/C2=[N+](C)c3ccccc3C2(C)C)c([O-])c1C,O,Cc1c(C=O)cc2c(c1C)[O-]~O~c13ccccc1C(C)(C)C(=[N+]3C)/C=C/2,-4.053685188293457,ok,
CCOc1ccc2c(c1)-c1c(s[s+]c1SC)C(C)(C)N2,O,CCO1~O~[s+]2sc3c(c2SC)-c2cc1ccc2NC3(C)C,-7.588146686553955,ok,
C1=Cc2nc1c(-c1ccncc1)c1ccc([nH]1)c(-c1ccncc1)c1nc(c(-c3ccncc3)c3ccc([nH]3)c2-c2ccncc2)C=C1,O,C1=Cc2nc1c(-c1ccncc1)c1ccc([nH]1)c(-c1ccncc1)c13~O~[nH]4c(ccc4c(-c4ccncc4)c(n1)C=C3)c2-c1ccncc1,-1.7418211698532104,ok,
CCn1cc[n+](CC)c1-c1c2n3->[Mn+3]45<-n6c(c(-c7n(CC)cc[n+]7CC)c7ccc1[n-]->47)C=Cc6c(-c1n(CC)cc[n+]1CC)c1ccc(c(-c4n(CC)cc[n+]4CC)c3C=C2)[n-]->51,O,,,failed,"Pre-condition Violation
	bond already exists
	Violation occurred on line 334 in file Code/GraphMol/RWMol.cpp
	Failed Expression: !(boost::edge(atomIdx1, atomIdx2, d_graph).second)
	RDKIT: 2022.09.5
	BOOST: 1_78
"
O=c1c(=CC=Cc2ccccc2)sc2n1CN(c1cccc(C(F)(F)F)c1)CN=2,O,O=c1c(=CC=Cc2ccccc2)sc2n1CN1(~O~C(F)(F)(F)c3cccc1c3)CN=2,-5.573784828186035,ok,
Nc1ccc2cc(S(=O)(=O)[O-])cc(O)c2c1N=Nc1ccc(-c2ccc(N=Nc3c(N)ccc4cc(S(=O)(=O)[O-])cc(O)c34)cc2)cc1.[Na+].[Na+],O,Nc1ccc2cc(S(=O)(=O)[O-])cc(O)c2c1N=Nc1ccc(-c2ccc(N=Nc3c(N)ccc4cc(S(=O)(=O)[O-]~O~[Na+])cc(O)c34)cc2)cc1.[Na+],-1.375231385231018,ok,
Cc1cccc(N2CCN(C(=O)C(C#N)=Cc3ccc(-c4ccc(F)cc4)o3)CC2)c1,O,Cc1cccc(N2CCN(C3(=O)~O~o4c(ccc4-c4ccc(F)cc4)C=C3C#N)CC2)c1,-4.903713226318359,ok,
O=C1c2ccc3nsnc3c2C(=O)c2cccc([N+](=O)[O-])c21,O,O=C1c2ccc3nsnc3c2C2=O~O~c3([N+](=O)[O-])cccc2c31,-4.828673839569092,ok,
CN(C)CCCNc1cc(NC2CCCCC2)c(N)c2c1C(=O)c1ccccc1C2=O,O,CN(C)CCCNc1cc(NC2CCCCC2)c2c3c1C(=O)c1ccccc1C3(=O)~O~N2,-5.678187847137451,ok,
[C]Oc1ccc(-c2csc(C(C#N)=C3[C][C][C][C][C]3)n2)cc1,O,N#CC(=C1[C][C][C][C][C]1)c1nc(-c2ccc(O3~O~[C]3)cc2)cs1,-5.062419891357422,ok,
O=C(CCN1C(=O)C(=CC=Cc2ccccc2)SC1=S)N1CCN(c2ccccc2)CC1,O,O=C1CCN2C(=S)SC(=CC=Cc3ccccc3)C2(=O)~O~N2(c3ccccc3)CCN1CC2,-4.982508182525635,ok,
O=C1N=C(N2CCN(c3ccc([N+](=O)[O-])cc3)CC2)SC1=Cc1ccc(-c2ccc(Cl)cc2Cl)o1,O,O=[N+]([O-])c1ccc(N2CCN(C3=NC4(=O)~O~o5c(ccc5-c5ccc(Cl)cc5Cl)C=C4S3)CC2)cc1,-5.193645477294922,ok,
CCOc1ccc(Nc2cc(N3CCC4(CC3)OCCO4)c3noc4c3c2C(=O)c2ccccc2-4)cc1,O,CCO1~O~C2(=O)c3ccccc3-c3onc4c(N5CCC6(CC5)OCCO6)cc(c2c34)Nc2ccc1cc2,-5.870652675628662,ok,
[C]N([C])[N]C1=[C]C(=[N+]2[C][C][C][C][C]2)[C]C([C])([C])[C]1,O,[C]N([C])[N]1~O~[C]2[C][C][C][C][N+]2=C2[C]C([C])([C])[C]C1=[C]2,-2.9060826301574707,ok,
CCCCCCCCCN1C=C/C(=C/C(C#N)=C2C(=O)c3ccccc3C2=O)c2ccccc21,O,CCCCCCCCCN12~O~C3(=O)C(=C(C#N)/C=C(/C=C1)c1ccccc12)C(=O)c1ccccc13,-6.802845001220703,ok,
O=C(O)CN1C(=O)SC(=CC(Cl)=Cc2ccc([N+](=O)[O-])cc2)C1=O,O,O=C1SC(=CC(Cl)=Cc2ccc([N+](=O)[O-])cc2)C(=O)N1CC1(=O)~O~O1,-4.471779823303223,ok,
COc1ccc(-c2csc(/C(C#N)=C/c3cc([N+](=O)[O-])ccc3OC)n2)cc1,O,COc1ccc2([N+](=O)[O-])~O~O(C)c3ccc(cc3)-c3csc(n3)/C(C#N)=C/c1c2,-5.630553722381592,ok,
CC[n+]1c(/C=C/C=C2\N(C)c3ccccc3C2(C)C)sc2ccccc21,O,CC[n+]1c2ccccc2sc12~O~N1(C)C(=CC=C2)C(C)(C)c2ccccc21,,failed,Featurization failed: RDKit could not parse Smiles_Merged
CCCN1CCN(c2cc(Nc3ccc(OCC)cc3)c3c4c(onc24)-c2ccccc2C3=O)CC1,O,CCCN1CCN(c2cc3c4c5c(onc25)-c2ccccc2C4(=O)~O~O(CC)c2ccc(cc2)N3)CC1,-4.92323112487793,ok,
O=C1N=C(N2CCN(c3cccc(C(F)(F)F)c3)CC2)SC1=Cc1ccc(-c2ccc(Cl)c(Cl)c2)o1,O,O=C1N=C2SC1=Cc1ccc(-c3ccc(Cl)c(Cl)c3)o1~O~C(F)(F)(F)c1cccc(c1)N1CCN2CC1,-6.5578389167785645,ok,
CCCCCCCC[N+]1=C(C)c2cccc3c4c(cc1c23)CC(C)O4,O,CCCCCCCC[N+]1=C(C)c2cccc3c4c5cc1(~O~O4C(C)C5)c23,-7.312427520751953,ok,
O=C(O)CC(=Cc1ccc(-c2ccc([N+](=O)[O-])cc2)o1)c1nc2ccccc2s1,O,O=[N+]([O-])c1ccc(-c2ccc(C=C(CC3(=O)~O~O3)c3nc4ccccc4s3)o2)cc1,-4.553478240966797,ok,
CC(C)=CCC/C(C)=C/C=C/C(C)=C/C=C/C(C)=C/C=C/C=C(C)/C=C/C=C(C)/C=C/C=C(\C)CCC=C(C)C,O,CC(C)=CCC/C(C)=C/C=C/C(C)=C/C=C/C(C)=C/C=C/C=C(C)/C=C/C=C(C)/C=C/C=C(\C)C1~O~C(=C(C)C)C1,-8.998373031616211,ok,
O=C1c2ccccc2C(=O)c2c1cc(N1CCOCC1)c1nonc21,O,O=C1c2ccccc2C2(=O)~O~O3CCN(CC3)c3cc1c2c1nonc31,-5.3733415603637695,ok,
CC1Oc2ccccc2C=C1/C=C1/SC(=S)N(c2cccc(O)c2)C1=O,O,CC1Oc2ccccc2C=C1/C=C1/SC(=S)N2c3cccc(c3)O~O~C12=O,-4.023813724517822,ok,
N#Cc1cc2oc3cc[n+]([O-])c(-c4cccs4)c3c2cc1C#N,O,N#Cc1cc2oc3cc[n+]4c(-c5cccs5)(~O~[O-]4)c3c2cc1C#N,-4.615229606628418,ok,
O=C(Nc1ccc(/N=N/c2ccccc2)cc1)c1cc2cc([N+](=O)[O-])ccc2s1,O,O=C1c2cc3cc([N+](=O)[O-])(~O~N1c1ccc(/N=N/c4ccccc4)cc1)ccc3s2,-5.196971893310547,ok,
CN(C)c1ccc(/C=N/n2c(N)c(C(=O)NCCc3ccccc3)c3nc4ccccc4nc32)cc1,O,CN(C)c1ccc(/C=N/n2c3c(c4nc5ccccc5nc42)C(=O)(NCCc2ccccc2)~O~N3)cc1,-2.4237794876098633,ok,
CCC(=O)N1c2ccc([N+](=O)[O-])cc2-c2c(ssc2=S)C1(C)C,O,CCC(=O)N12~O~c3([N+](=O)[O-])ccc1c(c3)-c1c(ssc1=S)C2(C)C,-6.800588130950928,ok,
CN(C)c1ccc(/C=C2\CCCC(=C3SCCS3)C2=O)cc1,O,CN1(C)~O~C2(=O)C(=C3SCCS3)CCC/C2=C\c2ccc1cc2,-5.155134677886963,ok,
CCNc1cc(NC(C)C)c2c3c(onc13)-c1ccccc1C2=O,O,CCN1~O~C2(=O)c3ccccc3-c3onc4c1cc(NC(C)C)c2c34,-5.4296746253967285,ok,
O=[N+]([O-])c1ccc(N=Nc2ccc(Nc3ccccc3)cc2)cc1,O,O=[N+]([O-])c12~O~N(c3ccccc3)c3ccc(cc3)N=Nc(cc1)cc2,-5.199931621551514,ok,
CCOc1ccccc1/C=C/C1=[N+](C)c2ccc(C(=O)OC)cc2C1(C)C,O,CCO1~O~C(=O)(OC)c2ccc3c(c2)C(C)(C)C(=[N+]3C)/C=C/c2ccccc21,-5.879737854003906,ok,
Cc1ccc(N2CCN(C3=NC(=O)/C(=C/c4ccc(-c5cccc([N+](=O)[O-])c5)o4)S3)CC2)cc1Cl,O,Cc1ccc(N2CCN(C3=NC4(=O)~O~o5c(ccc5-c5cccc([N+](=O)[O-])c5)/C=C/4S3)CC2)cc1Cl,-4.831543922424316,ok,
CCN1/C(=C\C=C\c2sc3ccccc3[n+]2CC)Sc2ccccc21,O,CC[n+]1c2ccccc2sc12~O~N1(CC)C(=CC=C2)Sc2ccccc21,,failed,Featurization failed: RDKit could not parse Smiles_Merged
CN1CCCc2cc(C=C3CCC(C4CCCC4)C3=O)ccc21,O,CN12~O~C3(=O)C(=Cc4ccc1c(c4)CCC2)CCC3C1CCCC1,-5.924707412719727,ok,
OCC[n+]1c2ccccc2nc2ccc(N3CCOCC3)cc21,O,c1ccc2c(c1)nc1ccc(N3CCOCC3)cc13~O~OCC[n+]23,-2.6925241947174072,ok,
CN(C)c1ccc(/C=C2\CCC(=C3SCCCS3)C2=O)cc1,O,CN1(C)~O~C2(=O)C(=C3SCCCS3)CC/C2=C\c2ccc1cc2,-5.529706954956055,ok,
O=C(/C=C/c1ccc(-c2ccccc2[N+](=O)[O-])o1)Nc1ccc(N2CCOCC2)cc1,O,O=C(/C=C/c1ccc2o1~O~c1([N+](=O)[O-])ccccc1-2)Nc1ccc(N2CCOCC2)cc1,-5.595508575439453,ok,
CCN(CC)c1ccc(N=Nc2ccccc2C(=O)[O-])cc1,O,CCN(CC)c1ccc(N=Nc23~O~O=C([O-])c2cccc3)cc1,-4.84232234954834,ok,
O=C1/C(=C/c2ccc(-c3ccc(Br)cc3)o2)C=C(c2ccccc2)N1c1cccc(O)c1,O,O=C12~O~Oc3cccc(c3)N1C(c1ccccc1)=C/C2=C\c1ccc(-c2ccc(Br)cc2)o1,-4.381774425506592,ok,
COc1ccc(N(C(C)=O)c2nc(C=C3COc4ccccc4C3=O)cs2)cc1,O,CO1~O~C(C)(=O)N(c2nc(C=C3COc4ccccc4C3=O)cs2)c2ccc1cc2,-5.768723011016846,ok,
CCOC(=O)c1ccc(-c2ccc(C=C3C=C(c4ccccc4)N(c4ccc(-c5ccccc5)cc4)C3=O)o2)cc1,O,CCO1~O~C1(=O)c1ccc(-c2ccc(C=C3C=C(c4ccccc4)N(c4ccc(-c5ccccc5)cc4)C3=O)o2)cc1,-5.669742584228516,ok,
CCN1CCN(c2ccc(/N=C/c3ccc([N+](=O)[O-])s3)cc2)CC1,O,CCN1CCN2(~O~c3([N+](=O)[O-])ccc(s3)/C=N/c3ccc2cc3)CC1,-4.421079158782959,ok,
O=C1/C(=C2\Sc3ccc([N+](=O)[O-])cc3C2=O)Sc2ccccc21,O,O=C1/C2=C3\Sc4ccccc4C3=O~O~c3([N+](=O)[O-])ccc(c1c3)S2,-5.136281490325928,ok,
O=c1/c(=C/C=C/c2ccccc2)sc2n1CN(c1cccc(C(F)(F)F)c1)CN=2,O,O=c1/c(=C/C=C/c2ccccc2)sc2n1CN1(~O~C(F)(F)(F)c3cccc1c3)CN=2,-5.557591915130615,ok,
CC(C)Nc1cc(Nc2ccc(F)cc2)c2c(c1N)C(=O)c1ccccc1C2=O,O,CC(C)Nc1cc(Nc2ccc(F)cc2)c2c3c1N~O~C3(=O)c1ccccc1C2=O,-5.951234817504883,ok,
COc1ccc(N2C(=O)/C(=C/c3ccc(-c4cc(Cl)ccc4Cl)o3)C=C2c2ccccc2)cc1,O,CO1~O~C2(=O)/C(=C/c3ccc(-c4cc(Cl)ccc4Cl)o3)C=C(c3ccccc3)N2c2ccc1cc2,-6.308460712432861,ok,
CCN(CC)c1ccc(C=C2CCC(C=Nc3ccc(I)cc3)=C2N2CCOCC2)cc1,O,CCN(CC)c1ccc(C=C2CCC(C=Nc3ccc(I)cc3)=C2N2CCO3~O~C3C2)cc1,-5.640839576721191,ok,
COc1cccc(N2C(=O)/C(=C/c3ccc(-c4cc(Cl)ccc4Cl)o3)C=C2c2ccccc2)c1,O,CO1~O~C2(=O)/C(=C/c3ccc(-c4cc(Cl)ccc4Cl)o3)C=C(c3ccccc3)N2c2cccc1c2,-6.210956573486328,ok,
CCOc1ccc(NC2=NC(=O)/C(=C\c3ccc(-c4ccc([N+](=O)[O-])cc4Br)o3)S2)cc1,O,CCO1~O~C2(=O)N=C(Nc3ccc1cc3)S/C2=C/c1ccc(-c2ccc([N+](=O)[O-])cc2Br)o1,-5.720534324645996,ok,
O=C1c2ccccc2-c2onc3c(N4CCN(C5CCCCC5)CC4)cc(NC4CCCCC4)c1c23,O,O=C12~O~N(C3CCCCC3)c3cc(N4CCN(C5CCCCC5)CC4)c4noc(c4c31)-c1ccccc12,-4.654714584350586,ok,
C=Cc1c(C)c2cc3nc(c(CC(=O)O)c4[nH]c(cc5nc(cc1[nH]2)C(C)=C5CC)c(C)c4C(=O)O)[C@@H](CCC(=O)O)[C@@H]3C,O,C=Cc1c(C)c2cc3nc4c(CC(=O)O)c5[nH]c(cc6nc(cc1[nH]2)C(C)=C6CC)c(C)c5C(=O)(O)~O~OC(=O)CC[C@H]4[C@@H]3C,-5.134007453918457,ok,
CCOC(=O)c1ccc(-c2ccc(/C=C3\C=C(c4ccccc4)N(c4cccc([N+](=O)[O-])c4)C3=O)o2)cc1,O,CCO1~O~C1(=O)c1ccc(-c2ccc(/C=C3\C=C(c4ccccc4)N(c4cccc([N+](=O)[O-])c4)C3=O)o2)cc1,-5.131844520568848,ok,
COC(=O)c1ccc2c(c1)C(C)(C)C(/C=C/c1ccc3c(c1)OCO3)=[N+]2C,O,C[N+]1=C(/C=C/c2ccc3c(c2)OCO3)C(C)(C)c2cc(C3(=O)~O~O3C)ccc21,-4.403024673461914,ok,
O=C1SC(=CC(Cl)=Cc2ccc([N+](=O)[O-])cc2)C(=O)N1c1ccc(O)cc1,O,O=C1C(=CC(Cl)=Cc2ccc([N+](=O)[O-])cc2)SC2(=O)~O~Oc3ccc(cc3)N12,-5.639692306518555,ok,
CC(/C=C/C=C(\C)C(=O)O[C@@H]1O[C@H](CO[C@@H]2O[C@H](CO)[C@@H](O)[C@H](O)[C@H]2O)[C@@H](O)[C@H](O)[C@H]1O)=C\C=C\C=C(C)\C=C\C=C(/C)C(=O)O[C@@H]1O[C@H](CO[C@@H]2O[C@H](CO)[C@@H](O)[C@H](O)[C@H]2O)[C@@H](O)[C@H](O)[C@H]1O,O,CC(/C=C/C=C(\C)C(=O)O[C@@H]1O[C@H](CO[C@@H]2O[C@H](CO)[C@@H](O)[C@H](O)[C@H]2O)[C@@H](O)[C@H](O)[C@H]1O)=C\C=C\C=C(C)\C=C\C=C(/C)C1(=O)~O~O1[C@@H]1O[C@H](CO[C@@H]2O[C@H](CO)[C@@H](O)[C@H](O)[C@H]2O)[C@@H](O)[C@H](O)[C@H]1O,-5.422831058502197,ok,
CC(=O)c1cnc2c(c1N[C@H]1CC[C@H](CN(C)C)CC1)NC(=C1C=C(Cl)C(=O)C(Cl)=C1)C=C2,O,CC(=O)c1cnc2c3c1N([C@H]1CC[C@H](CN(C)C)CC1)~O~C1(=O)C(Cl)=CC(=C(C=C2)N3)C=C1Cl,-5.532105445861816,ok,
O=c1nc(C=Cc2cc([N+](=O)[O-])ccc2O)cc(C=Cc2cc([N+](=O)[O-])ccc2O)[nH]1,O,O=[N+]([O-])c1ccc(O)c(C=Cc2cc3[nH]c(=O)(~O~Oc4ccc([N+](=O)[O-])cc4C=C3)n2)c1,-4.58823299407959,ok,
CCN(CC)c1ccc(C=C2C(C)=C(C#N)c3nc(N)c(C#N)c(C)c32)cc1,O,CCN(CC)c1ccc(C=C2C(C)=C(C#N)c3nc4(~O~N4)c(C#N)c(C)c32)cc1,,failed,Featurization failed: RDKit could not parse Smiles_Merged
CCOc1ccc(N2C(=O)S/C(=C\C=C\c3ccco3)C2=O)cc1,O,CCO1~O~C2(=O)S/C(=C\C=C\c3ccco3)C(=O)N2c2ccc1cc2,-5.967931747436523,ok,
Cc1ccc(-c2ccc(C=C3SC(N4CCN(c5cccc(C(F)(F)F)c5)CC4)=NC3=O)o2)cc1,O,Cc1ccc(-c2ccc3o2~O~C(F)(F)(F)c2cccc(c2)N2CCN(CC2)C2=NC(=O)C(=C3)S2)cc1,-5.505221843719482,ok,
CCN(CC)c1ccc(C=C2CCC(C=NN=Cc3ccc(OC)cc3)=C2N2CCOCC2)cc1,O,CCN(CC)c1ccc(C=C2CCC(C=NN=Cc3ccc4(~O~O4C)cc3)=C2N2CCOCC2)cc1,,failed,Featurization failed: RDKit could not parse Smiles_Merged
CCN1C(=O)/C(=C/c2cc(C)n(-c3ccc([N+](=O)[O-])cc3)c2C)c2cc(S(=O)(=O)N3CCOCC3)ccc21,O,CCN1C(=O)/C2=C/c3cc(C)n(c3C)-c3ccc([N+](=O)[O-])(~O~O4CCN(CC4)S(=O)(=O)c4ccc1c2c4)cc3,-5.3113579750061035,ok,
[C][C]N([C][C])c1ccc([C]=C2C(=O)N([C])C(=S)N([C])C2=O)c(O[C])c1,O,[C][C]N([C][C])c1ccc2c(c1)O([C])~O~C1(=O)C(=[C]2)C(=O)N([C])C(=S)N1[C],-5.718480110168457,ok,
CC(=O)Nc1ccc(-c2ccc(NC(C)=O)c3c2C(=O)c2ccccc2C3=O)c2c1C(=O)c1ccccc1C2=O,O,CC(=O)N1~O~C(C)(=O)Nc2ccc(c3c2C(=O)c2ccccc2C3=O)-c2ccc1c1c2C(=O)c2ccccc2C1=O,-7.139377593994141,ok,
Cc1cc([N+](=O)[O-])ccc1N1C(=O)/C(=C/c2ccc(-c3ccc(Cl)c(Cl)c3)o2)C=C1c1ccccc1,O,Cc1cc2([N+](=O)[O-])~O~o3c(ccc3-c3ccc(Cl)c(Cl)c3)/C=C3\C=C(c4ccccc4)N(C3=O)c1cc2,-6.850956916809082,ok,
O=C(O)C(Cc1ccccc1)N1C(=O)C(=CC(Cl)=Cc2ccc([N+](=O)[O-])cc2)SC1=S,O,O=C1C(=CC(Cl)=Cc2ccc([N+](=O)[O-])cc2)SC(=S)N1C(Cc1ccccc1)C1(=O)~O~O1,-4.678795337677002,ok,
CN(C)c1ccc(N=Nc2ccccc2C(=O)O)cc1,O,CN(C)c1ccc(N=Nc2ccccc2C2(=O)~O~O2)cc1,-2.527132749557495,ok,
O=[N+]([O-])C1=CC=C2NC3(CCCCC3)N=C2C1=NC1CCCCC1,O,O=[N+]([O-])C12~O~N3C(=CC=1)C(=NC31CCCCC1)C2=NC1CCCCC1,-4.70326042175293,ok,
[C][C]N1[C][C][C][C@@H]1[C][N]S(=O)(=O)c1ccc2c(c1)C(=C1[C][C][C][C]1)C(=O)N2[C],O,[C][C]N1[C][C][C][C@@H]1[C][N]S(=O)(=O)c1ccc2c(c1)C(=C1[C][C][C][C]1)C1(=O)~O~N21[C],-4.002758979797363,ok,
CCN1/C(=C\c2ccc3ccccc3[n+]2CCCS(=O)(=O)[O-])Sc2c1cc(C)c1ccccc21,O,CCN1/C(=C\c2ccc3ccccc34~O~[O-]S(=O)(=O)CCC[n+]24)Sc2c1cc(C)c1ccccc21,-4.298913478851318,ok,
O=C1c2cc(S(=O)(=O)[O-])ccc2-c2ccc(S(=O)(=O)[O-])cc21.[K+].[K+],O,O=C1c2cc(S(=O)(=O)[O-])ccc2-c2ccc(S(=O)(=O)[O-]~O~[K+])cc21.[K+],-2.4910452365875244,ok,
OCC[n+]1ccc(/C=C/c2c[nH]c3ccccc23)cc1,O,C(=C/c1c[nH]c2ccccc12)\c1cc[n+](C2~O~OC2)cc1,-2.9935379028320312,ok,
CCOc1ccc(-c2csc(/C(C#N)=C\c3ccc([N+](=O)[O-])o3)n2)cc1,O,CCO1~O~c2([N+](=O)[O-])ccc(o2)/C=C(/C#N)c2nc(cs2)-c2ccc1cc2,-5.777750015258789,ok,
O=C1/C(=C/c2ccc([N+](=O)[O-])cc2)C=C(c2ccccc2)N1c1ccccc1O,O,O=C1/C2=C/c3ccc([N+](=O)[O-])(~O~Oc4ccccc4N1C(c1ccccc1)=C2)cc3,-4.844952583312988,ok,
CCN1/C(=C/C=C2/SC(=S)N(c3ccccc3)C2=O)C(C)(C)c2cc(-c3ccccc3)ccc21,O,CCN12~O~C3(=O)/C(=C\C=C\1C(C)(C)c1cc(-c4ccccc4)ccc12)SC(=S)N3c1ccccc1,-6.018522262573242,ok,
[C]N1C(=O)C(=C2[C][C][C][C]2)c2cc(S(=O)(=O)[N][C][C]N3[C][C][C][C]3)ccc21,O,[C]N12~O~C1(=O)C(=C1[C][C][C][C]1)c1cc(S(=O)(=O)[N][C][C]N3[C][C][C][C]3)ccc12,-3.6775009632110596,ok,
O=C1/C(=C\c2ccc(-c3ccc(Br)cc3)o2)C=C(c2ccccc2)N1c1ccccc1O,O,O=C12~O~Oc3ccccc3N1C(c1ccccc1)=C/C2=C/c1ccc(-c2ccc(Br)cc2)o1,-4.363080978393555,ok,
Cc1ccc(Nc2cc(NCc3ccccc3)c(N)c3c2C(=O)c2ccccc2C3=O)cc1,O,Cc1ccc(Nc2cc(NCc3ccccc3)c3c4c2C(=O)c2ccccc2C4(=O)~O~N3)cc1,-5.848125457763672,ok,
O=C(Nc1ccc2nc(N3CCOCC3)sc2c1)c1ccc(C(=O)c2ccccc2)cc1,O,O=C(c1ccccc1)c1ccc(C2(=O)~O~O3CCN(CC3)c3nc4ccc(cc4s3)N2)cc1,-5.675516128540039,ok,
CCC(/C=C1\Sc2ccc(-c3ccccc3)cc2N1CCCS(=O)(=O)O)=C\c1sc2ccc(-c3ccccc3)cc2[n+]1CCCS(=O)(=O)[O-],O,CCC1=C\c2sc3ccc(-c4ccccc4)cc3[n+]2CCCS(=O)(=O)[O-]~O~S(=O)(=O)(O)CCCN2/C(=C/1)Sc1ccc(-c3ccccc3)cc12,-4.424108982086182,ok,
O=[N+]([O-])c1ccccc1C=Cc1nc2c(C(F)(F)F)cccc2c2c1CCS2,O,[O-][N+]1=O~O~C(F)(F)(F)c2cccc3c4c(c(nc23)C=Cc2ccccc21)CCS4,-6.052382946014404,ok,
Cc1ccc(N=CC=CC=C2Sc3ccc4ccccc4c3[NH+]2C)cc1,O,Cc1ccc(N=CC=CC=C23~O~[NH+]2(C)c2c(ccc4ccccc24)S3)cc1,-5.268526077270508,ok,
Cc1cc([N+](=O)[O-])ccc1-c1ccc(C=C2Sc3ccccc3C2=O)o1,O,Cc1cc2([N+](=O)[O-])~O~o3c(C=C4Sc5ccccc5C4=O)ccc3-c1cc2,-6.58554744720459,ok,
CN(C)c1ccc(Nc2cc(N3CCN(CCOc4ccc(Cl)cc4)CC3)c3noc4c3c2C(=O)c2ccccc2-4)cc1,O,CN(C)c1ccc(Nc2cc3c4noc5c4c2C(=O)(~O~O(c2ccc(Cl)cc2)CCN2CCN3CC2)c2ccccc2-5)cc1,-4.345416069030762,ok,
O=C1OC(c2cccc(Br)c2)=NC1=CC=Cc1ccc([N+](=O)[O-])cc1,O,O=[N+]([O-])c1ccc(C=CC=C2N=C(c3cccc(Br)c3)O3~O~C23=O)cc1,-4.307462692260742,ok,
CCOc1ccc(-n2c(C)cc(/C=C(\C#N)c3ccc([N+](=O)[O-])cc3)c2C)cc1,O,CCO1~O~c2([N+](=O)[O-])ccc(cc2)/C(C#N)=C/c2cc(C)n(c2C)-c2ccc1cc2,-6.059384346008301,ok,
O=C1/C(=C/C=C/c2ccco2)SC(=S)N1CCc1ccccc1,O,O=C12~O~o3cccc3/C=C/C=C/1SC(=S)N2CCc1ccccc1,-6.3938398361206055,ok,
N/C(C=C1Sc2ccccc2N1CCCS(=O)(=O)O)=C\c1sc2ccccc2[n+]1CCCS(=O)(=O)[O-],O,N/C1=C\c2sc3ccccc3[n+]2CCCS(=O)(=O)[O-]~O~S(=O)(=O)(O)CCCN2C(=C1)Sc1ccccc12,-4.052346229553223,ok,
Cc1cc([N+](=O)[O-])ccc1-c1ccc(C(=O)Nc2ccc(N3CCOCC3)cc2)o1,O,Cc1cc([N+](=O)[O-])ccc1-c1ccc2o1~O~C2(=O)Nc1ccc(N2CCOCC2)cc1,-5.658292770385742,ok,
Cc1ccc(/C=C2\Oc3c(ccc([O-])c3C[NH+]3CCCCC3)C2=O)o1,O,Cc1ccc(/C=C2\Oc3c4ccc(c3C[NH+]3CCCCC3)[O-]~O~C24=O)o1,-3.586651086807251,ok,
[C]Oc1ccc2c3c(cccc13)OC(=[N+]([C])[C])C=C2,O,[C][N+]1=C2C=Cc3ccc(c4cccc(c34)O2)O([C])~O~[C]1,-5.216102123260498,ok,
COc1ccc(Nc2cc(N3CCC4(CC3)OCCO4)c3noc4c3c2C(=O)c2ccccc2-4)cc1,O,CO1~O~C2(=O)c3ccccc3-c3onc4c(N5CCC6(CC5)OCCO6)cc(c2c34)Nc2ccc1cc2,-5.808382034301758,ok,
O=[N+]([O-])c1ccc2nc(NC3CCCCC3)c(NC3CCCCC3)nc2c1,O,O=[N+]([O-])c12~O~N(C3CCCCC3)c3nc(cc1)c(c2)nc3NC1CCCCC1,-5.645382881164551,ok,
CC1=C(C#N)c2nc(N)c(C#N)c(C)c2/C1=C\c1cc([N+](=O)[O-])ccc1Cl,O,CC1=C(C#N)c2nc3c(C#N)c(C)c2/C1=C\c1cc([N+](=O)[O-])(~O~N3)ccc1Cl,-5.737105369567871,ok,
O=[N+]([O-])c1ccc(/C=N/c2ccccc2-c2ccccc2/N=C/c2ccc([N+](=O)[O-])s2)s1,O,O=[N+]([O-])c1ccc(/C=N/c2ccccc2-c2ccccc2/N=C/c2ccc3(~O~O=[N+]3[O-])s2)s1,,failed,Featurization failed: RDKit could not parse Smiles_Merged
O=C1/C(=C/c2ccc(-c3ccc([N+](=O)[O-])cc3)o2)C=C(c2ccccc2)N1c1cccc([N+](=O)[O-])c1,O,O=C1/C2=C/c3ccc(-c4ccc([N+](=O)[O-])cc4)o3~O~c3([N+](=O)[O-])cccc(c3)N1C(c1ccccc1)=C2,-6.027788162231445,ok,
CC(C)N(c1ccccc1)c1ccc(NC(=O)Nc2ccc([N+](=O)[O-])cc2)cc1,O,CC(C)N1(c2ccccc2)~O~C(=O)(Nc2ccc([N+](=O)[O-])cc2)Nc2ccc1cc2,-5.453177452087402,ok,
CCN(CC)c1ccc(/N=C/c2cc([N+](=O)[O-])ccc2O)cc1,O,CCN(CC)c1ccc(/N=C/c2cc3([N+](=O)[O-])~O~Oc2cc3)cc1,-4.150571823120117,ok,
N#CC(=Cc1ccc(-c2ccc([N+](=O)[O-])cc2)o1)C(=O)N1CCCCC1,O,N#CC(=Cc1ccc2o1~O~c1([N+](=O)[O-])ccc-2cc1)C(=O)N1CCCCC1,-6.382494926452637,ok,
CC1=C(C#N)c2nc(N)c(C#N)c(C)c2/C1=C\c1ccc(-c2ccc(C(=O)O)cc2)o1,O,CC1=C(C#N)c2nc(N)c(C#N)c(C)c2/C1=C\c1ccc(-c2ccc(C3(=O)~O~O3)cc2)o1,-4.342380046844482,ok,
[C]c1cc(N2[C][C][C][C]2)ccc1[C]=C1C(=O)N([C])C(=S)N([C])C1=O,O,[C]c1cc2ccc1[C]=C1C(=O)N([C])C(=S)N([C])C1(=O)~O~N21[C][C][C][C]1,-4.192047119140625,ok,
CN(C)c1ccc(N2C(=O)C(=Cc3ccc(C(=O)O)cc3)SC2=S)cc1,O,CN(C)c1ccc(N2C(=O)C(=Cc3ccc(C4(=O)~O~O4)cc3)SC2=S)cc1,-4.235129356384277,ok,
O=[N+]([O-])c1ccc(-c2nnc(-c3ccc([N+](=O)[O-])cc3)c3c2no[n+]3[O-])cc1,O,O=[N+]([O-])c1ccc(-c2nnc(-c3ccc([N+](=O)[O-])cc3)c34~O~[O-][n+](on3)c24)cc1,-3.3784518241882324,ok,
CC[n+]1c(C=CC=C2C=C(c3ccccc3)c3ccccc3O2)sc2ccccc21,O,CC[n+]1c2ccccc2sc12~O~O1C(=CC=C2)C=C(c2ccccc2)c2ccccc21,,failed,Featurization failed: RDKit could not parse Smiles_Merged
CC[n+]1c(C=Cc2ccc(N(C)C)cc2)ccc2ccccc21,O,CC[n+]1c2ccc3ccccc31~O~N(C)(C)c1ccc(cc1)C=C2,-6.303586483001709,ok,
CCCCC(CC)CN1C(=O)C(=Cc2ccc(-c3cccc(F)c3)o2)SC1=S,O,CCCCC(CC)CN1C(=S)SC2=Cc3ccc(-c4cccc(F)c4)o3~O~C21=O,-7.935992240905762,ok,
O=[N+]([O-])c1ccc(/N=N/c2ccc(N3CCOCC3)cc2Cl)cc1,O,O=[N+]([O-])c12~O~O3CCN(CC3)c3ccc(c(Cl)c3)/N=N/c(cc1)cc2,-3.871905565261841,ok,
CN(C)CCCNc1cc(NCCO)c(N)c2c1C(=O)c1ccccc1C2=O,O,CN(C)CCCNc1cc(NCCO)c2c3c1C(=O)c1ccccc1C3(=O)~O~N2,-5.393621444702148,ok,
O=C1/C(=C\c2cc3c4c(c2O)CCCN4CCC3)SC(=S)N1Cc1ccccc1,O,O=C12~O~Oc3c(cc4c5c3CCCN5CCC4)/C=C\1SC(=S)N2Cc1ccccc1,-4.340545177459717,ok,
CC(C)(C)c1ccc(O)c(/N=C/C=C/c2ccc([N+](=O)[O-])cc2)c1,O,CC(C)(C)c1ccc2c(c1)/N=C/C=C/c1ccc([N+](=O)[O-])(~O~O2)cc1,-4.469723224639893,ok,
CN(C)c1ccc2ccc3cc([N+](=O)[O-])cc4ccc1c2c34,O,CN1(C)~O~c2([N+](=O)[O-])cc3ccc4ccc1c1ccc(c2)c3c41,-5.923173904418945,ok,
CCCCCCCCc1ccc(-c2ccc(C(=O)Nc3ccc(NCc4ccccc4)c4c3C(=O)c3ccccc3C4=O)cc2)cc1,O,CCCCCCCCc1ccc(-c2ccc(C3(=O)~O~N(Cc4ccccc4)c4ccc(c5c4C(=O)c4ccccc4C5=O)N3)cc2)cc1,-6.6907219886779785,ok,
CN(C)C(C=CNc1ccc(OC(F)(F)F)cc1)=C(C#N)C#N,O,CN(C)C(C=CNc1ccc(O2~O~C2(F)(F)F)cc1)=C(C#N)C#N,-5.141772747039795,ok,
COc1ccccc1N1C(=O)/C(=C/C=C/c2ccco2)SC1=S,O,CO1~O~C2(=O)/C(=C/C=C/c3ccco3)SC(=S)N2c2ccccc21,-5.803876876831055,ok,
CN1/C(=C/C=C/C=N/c2cc(C(C)(C)C)cc(C(C)(C)C)c2)C(C)(C)c2c1ccc1ccccc21,O,CC(C)(C)c1cc(C(C)(C)C)cc2(~O~N3(C)/C(=C/C=C/C=N/2)C(C)(C)c2c3ccc3ccccc23)c1,,failed,Featurization failed: RDKit could not parse Smiles_Merged
CCCCN1C(C=C2)=C(CCC1)C=C2/N=N/C(C=C3)=CC=C3[N+]([O-])=O,O,CCCCN12~O~c3([N+](=O)[O-])ccc(cc3)/N=N/c3ccc1c(c3)CCC2,-5.517154693603516,ok,
CCCCN1CCCc2cc(/N=N/c3ccc([N+](=O)[O-])cc3)ccc21,O,CCCCN12~O~c3([N+](=O)[O-])ccc(cc3)/N=N/c3ccc1c(c3)CCC2,-5.517154693603516,ok,
O=C1c2ccccc2-c2onc3ccc(NC4CCCCC4)c1c23,O,O=C12~O~N(C3CCCCC3)c3ccc4noc(c4c31)-c1ccccc12,-5.29742431640625,ok,
CN(C)c1ccc(C=CC2=Nc3c(cc([N+](=O)[O-])cc3[N+](=O)[O-])NC(C)(C)C2)cc1,O,CC1(C)CC2=Nc3c(cc([N+](=O)[O-])cc3([N+](=O)[O-])~O~N(C)(C)c3ccc(cc3)C=C2)N1,-5.61124849319458,ok,
Cc1ccc(Nc2cc(N3CCCCC3C)c3noc4c3c2C(=O)c2ccccc2-4)cc1,O,Cc1ccc(Nc2cc3c4noc5c4c2C(=O)(~O~N32CCCCC2C)c2ccccc2-5)cc1,-5.5822296142578125,ok,
O=C1/C(=C\c2ccsc2)CC/C1=C\c1cccc([N+](=O)[O-])c1,O,O=[N+]([O-])c12~O~O=C3/C(=C\c4ccsc4)CC/C3=C\c(ccc1)c2,-4.722583770751953,ok,
C=CCN1C=CC(=CC=C(C#N)C#N)C=C1,O,C=CCN12~O~C(C#N)(C#N)=CC=C(C=C1)C=C2,-4.032939434051514,ok,
N#C/C(=C/c1ccco1)c1nc(-c2ccc(N3CCCC3=O)cc2)cs1,O,N#C/C1=C/c2ccco2~O~C2(=O)CCCN2c2ccc(cc2)-c2csc1n2,-6.152033805847168,ok,
CC[NH+](CC)Cc1c([O-])ccc2c1O/C(=C\c1sccc1C)C2=O,O,CC[NH+](CC)Cc1c2ccc3c1O/C(=C\c1sccc1C)C3(=O)~O~[O-]2,-4.095561981201172,ok,
[O-][n+]1c2c([n+]([O-])c3cc(Br)ccc31)CCC2,O,[O-][n+]1c2c([n+]3c4ccc(Br)cc41~O~[O-]3)CCC2,-4.228849411010742,ok,
Cc1cccc2oc3cc(NC4CCCCC4)c4c(=O)c5ccccc5c(=O)c4c3[nH]c12,O,Cc1cccc2c1[nH]c1c3cc(NC4CCCCC4)c4c(=O)c5ccccc5c(=O)(~O~o23)c41,-7.158641815185547,ok,
CC(C)CN1C(=O)/C(=C/c2ccc(-c3cccc(C(=O)O)c3)o2)NC1=S,O,CC(C)CN1C(=O)/C(=C/c2ccc(-c3cccc(C4(=O)~O~O4)c3)o2)NC1=S,-4.776392936706543,ok,
CCCCc1ccc(C(=O)Nc2ccc(Nc3cccc(C)c3)c3c2C(=O)c2ccccc2C3=O)cc1,O,CCCCc1ccc(C2(=O)~O~N(c3cccc(C)c3)c3ccc(c4c3C(=O)c3ccccc3C4=O)N2)cc1,-6.770584583282471,ok,
COCCCNC(=O)c1c(N)n(/N=C/c2ccc(N(C)C)cc2)c2nc3ccccc3nc12,O,CN(C)c1ccc(/C=N/n2c(N)c(C3(=O)~O~O(C)CCCN3)c3nc4ccccc4nc32)cc1,-2.2804439067840576,ok,
COC(=O)c1cccc(N2C(=O)C(=Cc3ccc(-c4ccc(Br)cc4)o3)C=C2c2ccccc2)c1,O,CO1~O~C1(=O)c1cccc(N2C(=O)C(=Cc3ccc(-c4ccc(Br)cc4)o3)C=C2c2ccccc2)c1,-5.623641014099121,ok,
O=C(O)c1ccc(Nc2cc(N3CCC4(CC3)OCCO4)c3noc4c3c2C(=O)c2ccccc2-4)cc1,O,O=C1c2ccccc2-c2onc3c(N4CCC5(CC4)OCCO5)cc(Nc4ccc(C5(=O)~O~O5)cc4)c1c23,-4.310665130615234,ok,
O=C1OC(c2ccc(Br)cc2)=C/C1=C\c1ccc(-c2ccc([N+](=O)[O-])cc2Cl)o1,O,O=[N+]([O-])c1ccc(-c2ccc3o2~O~C2(=O)OC(c4ccc(Br)cc4)=C/C2=C\3)c(Cl)c1,-6.0063886642456055,ok,
COc1ccc([N+](=O)[O-])cc1-c1ccc(/C=C(\C#N)C(=O)N2CCN(c3ccccc3)CC2)o1,O,CO1~O~c2([N+](=O)[O-])ccc1c(-c1ccc(/C=C(\C#N)C(=O)N3CCN(c4ccccc4)CC3)o1)c2,-4.570006370544434,ok,
C=CCN1C(=O)C(=Cc2ccc(-c3ccc([N+](=O)[O-])cc3)o2)SC1=S,O,C=CCN1C(=O)C(=Cc2ccc3o2~O~c2([N+](=O)[O-])ccc-3cc2)SC1=S,-6.593869686126709,ok,
O=C1N=C(N2CCN(c3cccc(Cl)c3)CC2)SC1=Cc1ccc(-c2ccc(Cl)cc2Cl)o1,O,O=C12~O~o3c(ccc3-c3ccc(Cl)cc3Cl)C=C1SC(N1CCN(c3cccc(Cl)c3)CC1)=N2,-5.583026885986328,ok,
CCN1C(=C2CCC(=Cc3ccc(N(C)C)cc3)C2=O)Sc2ccccc21,O,CCN1C(=C2CCC3=Cc4ccc(cc4)N(C)(C)~O~C32=O)Sc2ccccc21,-5.556980133056641,ok,
CCOc1ccc(Nc2cc(N3CCCCC3)c3noc4c3c2C(=O)c2ccccc2-4)cc1,O,CCO1~O~C2(=O)c3ccccc3-c3onc4c(N5CCCCC5)cc(c2c34)Nc2ccc1cc2,-5.946518421173096,ok,
CCN=C1C=CC(=C(c2ccc(NCC)c(C)c2)c2cc([O-])c(S(=O)(=O)O)cc2S(=O)(=O)O)C=C1C,O,CCN=C1C=CC(=C(c2ccc(NCC)c(C)c2)c2cc3c(S(=O)(=O)O)cc2S(=O)(=O)(O)~O~[O-]3)C=C1C,-4.887136936187744,ok,
CN(C)CCCNc1cc(NCc2ccccc2)c(N)c2c1C(=O)c1ccccc1C2=O,O,CN(C)CCCNc1cc(NCc2ccccc2)c2c3c1C(=O)c1ccccc1C3(=O)~O~N2,-5.531290054321289,ok,
[C]N1C(=O)C(=C2[C][C][C][C]2)c2cc(S(=O)(=O)N3[C][C]c4ccccc43)ccc21,O,[C]N12~O~S(=O)(=O)(N3[C][C]c4ccccc43)c3ccc1c(c3)C(=C1[C][C][C][C]1)C2=O,-4.441109657287598,ok,
COCCNc1cc(N2CCN(C)CC2)c(N)c2c1C(=O)c1ccccc1C2=O,O,COCCNc1cc(N2CCN(C)CC2)c2c3c1C(=O)c1ccccc1C3(=O)~O~N2,-4.91026496887207,ok,
N#CC(C#N)=Cc1ccc([N+](=O)[O-])c(O)c1,O,N#CC(C#N)=Cc1ccc2([N+](=O)[O-])~O~Oc2c1,-4.272397041320801,ok,
CC1(C)CCC(C)(C)c2cc3c(cc21)Sc1ccccc1N=C3c1ccc(C(=O)O)cc1,O,CC1(C)CCC(C)(C)c2cc3c(cc21)Sc1ccccc1N=C3c1ccc(C2(=O)~O~O2)cc1,-3.9564149379730225,ok,
CN(C)c1ccc(C2=Nc3ncnn3C2=NCc2ccccc2)cc1,O,CN1(C)~O~c23ncnn2C(=NCc2ccccc2)C(=N3)c2ccc1cc2,-3.4289395809173584,ok,
COc1cc(-c2nc3ccccn3c2/N=C/c2ccc(-c3ccc([N+](=O)[O-])cc3)o2)ccc1O,O,COc1cc2ccc1O~O~c1([N+](=O)[O-])ccc(cc1)-c1ccc(o1)/C=N/c1c-2nc2ccccn12,-3.5261919498443604,ok,
[C]c1ccc(N2C(=O)[C]3[C]([C]4[C]=[C][C]3C4=C3[C]4[C][C]5[C][C]([C]4)[C][C]3[C]5)C2=O)cc1Cl,O,[C]c1ccc(N2C(=O)[C]3[C]4[C]=[C][C]([C]3C23~O~O=3)C4=C2[C]3[C][C]4[C][C]([C]3)[C][C]2[C]4)cc1Cl,-3.6758100986480713,ok,
COc1cc(C=Cc2sc3ccccc3[n+]2CCCS(=O)(=O)[O-])ccc1O,O,COc1cc(C=Cc23~O~[O-]S(=O)(=O)CCC[n+]2c2ccccc2s3)ccc1O,-3.9050424098968506,ok,
COc1ccc(CC[NH+]2[CH-]Nc3c(c4nc5ccccc5nc4n3/N=C/c3cccs3)C2=O)cc1,O,CO1~O~C2(=O)c3c(n(/N=C/c4cccs4)c4nc5ccccc5nc34)N[CH-][NH+]2CCc2ccc1cc2,-3.450683355331421,ok,
CCN1C(=O)C(=CC=CN2CCCc3ccccc32)SC1=S,O,CCN1C(=S)SC2=CC=CN3(~O~C21=O)CCCc1ccccc13,-5.3880109786987305,ok,
O=C(O)c1ccc(-c2c3nc(c(-c4ccc(C(=O)O)cc4)c4ccc([nH]4)c(-c4ccc(C(=O)O)cc4)c4nc(c(-c5ccc(C(=O)O)cc5)c5ccc2[nH]5)C=C4)C=C3)cc1,O,O=C(O)c1ccc(-c2c3nc(c(-c4ccc(C(=O)O)cc4)c4ccc([nH]4)c(-c4ccc(C5(=O)~O~O5)cc4)c4nc(c(-c5ccc(C(=O)O)cc5)c5ccc2[nH]5)C=C4)C=C3)cc1,-8.734111785888672,ok,
Cc1cccc(C)c1Nc1ccc(Nc2c(C)cccc2C)c2c1C(=O)c1ccccc1C2=O,O,Cc1cccc(C)c1Nc1ccc2c3c1C(=O)c1ccccc1C3(=O)~O~N2c1c(C)cccc1C,-6.293218612670898,ok,
O=C1/C(=C\c2ccc([N+](=O)[O-])cc2)CC(O)(C(F)(F)F)C/C1=C\c1ccc([N+](=O)[O-])cc1,O,O=C1/C(=C\c2ccc([N+](=O)[O-])cc2)CC2(C/C1=C\c1ccc([N+](=O)[O-])cc1)O~O~C2(F)(F)F,-4.196935653686523,ok,
CCCCC(CC)CN1C(=O)/C(=C\c2ccc(-c3cccc(Cl)c3)o2)SC1=S,O,CCCCC(CC)CN1C(=S)S/C2=C/c3ccc(-c4cccc(Cl)c4)o3~O~C21=O,-8.050929069519043,ok,
Cc1c(-c2ccccc2)[o+]c2ccccc2c1/C=C/c1ccc(NCc2ccccc2)cc1,O,Cc1c2c3ccccc3[o+]c1(-c1ccccc1)~O~N(Cc1ccccc1)c1ccc(cc1)/C=C/2,-9.787325859069824,ok,
CC[NH+](CC)Cc1c([O-])ccc2c1O/C(=C\c1c[nH]c3ccccc13)C2=O,O,CC[NH+](CC)Cc1c2ccc3c1O/C(=C\c1c[nH]c4ccccc14)C3(=O)~O~[O-]2,-3.7798960208892822,ok,
Cc1ccc2c(c1)/C(=N/C1CCCCC1)c1cc3ccccc3nc1-2,O,Cc1ccc2c(c1)C1=N(C3CCCCC3)~O~c-23nc2ccccc2cc31,-6.016009330749512,ok,
CN(C)c1ccc(/C=N/n2c(N)c(C(=O)NCCC3=CCCCC3)c3nc4ccccc4nc32)cc1,O,CN(C)c1ccc(/C=N/n2c3c(c4nc5ccccc5nc42)C(=O)(NCCC2=CCCCC2)~O~N3)cc1,-2.4145476818084717,ok,
[C]N([C])[N]C1=[C]C(=[N+]2[C][C][C][C]2)[C]C([C])([C])[C]1,O,[C]N([C])[N]1~O~[C]2[C][C][C][N+]2=C2[C]C([C])([C])[C]C1=[C]2,-2.85094952583313,ok,
CN1C(=O)/C(=C\c2ccc([N+](=O)[O-])cc2)S/C1=N\c1ccc(N2CCOCC2)cc1,O,CN1C(=O)/C2=C\c3ccc([N+](=O)[O-])(~O~O4CCN(CC4)c4ccc(cc4)/N=C/1S2)cc3,-4.236889839172363,ok,
O=C1[N]c2ccc(S(=O)(=O)N3[C][C]c4ccccc43)cc2C1=C1[C][C][C][C]1,O,O=S(=O)(c1ccc2c(c1)C(=C1[C][C][C][C]1)C1(~O~O=1)[N]2)N1[C][C]c2ccccc21,-2.9582793712615967,ok,
O=C(/C=C/c1ccc(-c2cc(Cl)ccc2Cl)o1)N1c2ccccc2Sc2ccc(Cl)cc21,O,O=C1(N2c3ccccc3Sc3ccc(Cl)cc32)~O~o2c(ccc2-c2cc(Cl)ccc2Cl)/C=C/1,-7.151909351348877,ok,
COc1ccc2c(/C=C/C=C3\N(C)c4ccccc4C3(C)C)c3ccc(OC)cc3[o+]c2c1,O,COc1ccc2c(/C=C/C=C3\N(C)c4ccccc4C3(C)C)c3ccc4cc3[o+]c2(~O~O4C)c1,-9.408615112304688,ok,
CCN(CC)c1ccc(/C=C2/C(=O)N(C3CCS(=O)(=O)C3)C(=O)C(C#N)=C2C)cc1,O,CCN1(CC)~O~C2(=O)C(C#N)=C(C)/C(=C\c3ccc1cc3)C(=O)N2C1CCS(=O)(=O)C1,-5.024197578430176,ok,
CCOC(=O)c1ccc(-c2ccc(C=C3C=C(c4ccccc4)N(c4cccc5ccccc45)C3=O)o2)cc1,O,CCO1~O~C1(=O)c1ccc(-c2ccc(C=C3C=C(c4ccccc4)N(c4cccc5ccccc45)C3=O)o2)cc1,-5.617103576660156,ok,
CSc1[s+]sc2c1-c1ccccc1NC2(C)C,O,CSc1c2c3s[s+]1~O~N(c1ccccc1-2)C3(C)C,-7.032397270202637,ok,
CC[NH+](CC)Cc1c([O-])ccc2c1O/C(=C\c1ccc(C)o1)C2=O,O,CC[NH+](CC)Cc1c2ccc3c1O/C(=C\c1ccc(C)o1)C3(=O)~O~[O-]2,-4.246077060699463,ok,
CCCCCC1CCC(c2ccc(C(=O)Nc3ccc(Nc4ccc(C#N)cc4)c4c3C(=O)c3ccccc3C4=O)cc2)CC1,O,CCCCCC1CCC(c2ccc(C3(=O)~O~N(c4ccc(C#N)cc4)c4ccc(c5c4C(=O)c4ccccc4C5=O)N3)cc2)CC1,-7.112285614013672,ok,
C[n+]1c(C=Cc2cccc([N+](=O)[O-])c2)sc2ccccc21,O,C[n+]1c(C=Cc2cccc3(~O~O=[N+]3[O-])c2)sc2ccccc21,,failed,Featurization failed: RDKit could not parse Smiles_Merged
O=C1c2ccccc2-c2onc3c(N4CCCC4)cc(NC4CCCCC4)c1c23,O,O=C12~O~N(C3CCCCC3)c3cc(N4CCCC4)c4noc(c4c31)-c1ccccc12,-5.020812034606934,ok,
CCOc1ccc(N2C(=O)S/C(=C/C=C/c3ccco3)C2=O)cc1,O,CCO1~O~C2(=O)S/C(=C/C=C/c3ccco3)C(=O)N2c2ccc1cc2,-6.118571758270264,ok,
CCN1/C(=C/c2ccc3cc(C)ccc3[n+]2CCCS(=O)(=O)[O-])C=Cc2cc(C)ccc21,O,CCN1/C(=C/c2ccc3cc(C)ccc34~O~[O-]S(=O)(=O)CCC[n+]24)C=Cc2cc(C)ccc21,-4.17085075378418,ok,
CCN(CC)c1ccc(N=C2C=CC(=O)c3ccccc32)c(C)c1,O,CCN1(CC)~O~C2(=O)C=CC(=Nc3ccc1cc3C)c1ccccc12,-4.248720169067383,ok,
O=C1C2=C(C=CC=C2)C(C=C1)=NC3=CC=C(N(CC)CC)C=C3C,O,CCN1(CC)~O~C2(=O)C=CC(=Nc3ccc1cc3C)c1ccccc12,-4.248720169067383,ok,
O=C1C=C(Cl)c2cc(Nc3ccc(OCc4ccccc4)cc3)c3c4c(cc(Cl)c1c24)C(Cl)=CC3=O,O,O=C1C=C(Cl)c2cc3c4c5c(cc(Cl)c1c25)C(Cl)=CC4(=O)~O~O(Cc1ccccc1)c1ccc(cc1)N3,-7.406326770782471,ok,
C=CC1=C(C)c2cc3[n-]c(cc4nc(cc5[n-]c(cc1n2)c(C)c5C=C)C(C)=C4CCC(=O)O)c(CCC(=O)O)c3C.[Cl-].[Fe+3],O,C=CC1=C(C)c2cc3[n-]c(cc4nc(cc5[n-]c(cc1n2)c(C)c5C=C)C(C)=C4CCC(=O)O)c(CCC(=O)O)c3C.[Cl-]~O~[Fe+3],-0.725516676902771,ok,
[C][C]N1[C][C]N(C2=[C]C(=[N+]3[C][C][C][C]3)[C]C([C])([C])[C]2)[C][C]1,O,[C][C]N1[C][C]N2(~O~[C]3[C][C][C][N+]3=C3[C]C([C])([C])[C]C2=[C]3)[C][C]1,-3.005600690841675,ok,
CCCC=CC=CC(=O)C1=C(O)N(C)C(CC(O)(C(=O)O)C(C)C)C1=O,O,CCCC=CC=CC(=O)C1=C2O~O~C(=O)(O)C(O)(C(C)C)CC(C1=O)N2C,-3.5817673206329346,ok,
O=C(OCC(=O)N1CCOCC1)c1c2c(nc3ccccc13)C(=Cc1ccc([N+](=O)[O-])cc1)CCC2,O,O=C(CO1~O~C1(=O)c1c2c(nc3ccccc13)C(=Cc1ccc([N+](=O)[O-])cc1)CCC2)N1CCOCC1,-4.812618255615234,ok,
CCCCOC(=O)c1ccc(-c2ccc(C=C3SC(=S)N(c4ccc(OC)cc4)C3=O)o2)cc1,O,CCCCOC1(=O)~O~O(C)c2ccc(cc2)N2C(=O)C(=Cc3ccc(o3)-c3ccc1cc3)SC2=S,-6.574977874755859,ok,
Cc1ccc(NC(=O)CN2C(=O)S/C(=C/C=C/c3ccc(N(C)C)cc3)C2=O)cc1C,O,Cc1ccc(NC(=O)CN2C(=O)/C3=C\C=C\c4ccc(cc4)N(C)(C)~O~C2(=O)S3)cc1C,-5.403192520141602,ok,
Cc1ccc(N2CCN(C3=NC(=O)C(=Cc4ccc(-c5ccc(Cl)cc5Cl)o4)S3)CC2)cc1Cl,O,Cc1ccc(N2CCN(C3=NC4(=O)~O~o5c(ccc5-c5ccc(Cl)cc5Cl)C=C4S3)CC2)cc1Cl,-5.60825252532959,ok,
COC(=O)c1ccc2c(c1)C(C)(C)C(/C=C/c1ccc(OC)c(OC)c1)=[N+]2C,O,COc1cc2ccc1O(C)~O~C(=O)(OC)c1ccc3c(c1)C(C)(C)C(=[N+]3C)/C=C/2,-5.236114501953125,ok,
COc1cccc(N2C(=O)C(=Cc3ccc(-c4cc(Cl)ccc4Cl)o3)C=C2c2ccccc2)c1,O,CO1~O~C2(=O)C(=Cc3ccc(-c4cc(Cl)ccc4Cl)o3)C=C(c3ccccc3)N2c2cccc1c2,-6.201342582702637,ok,
CN(C)c1ccc(/C=N/c2nnc(/C(=C/c3ccc(N(C)C)cc3)c3ccc([N+](=O)[O-])cc3)s2)cc1,O,CN(C)c1ccc(/C=N/c2nnc(/C3=C/c4ccc(cc4)N(C)(C)~O~c4([N+](=O)[O-])ccc3cc4)s2)cc1,-5.4252190589904785,ok,
[2H]C([2H])([2H])N(CCCN1c2ccccc2Sc2ccc(C(=O)CC)cc21)C([2H])([2H])[2H],O,[2H]C([2H])([2H])N(CCCN12~O~C(=O)(CC)c3ccc(c1c3)Sc1ccccc12)C([2H])([2H])[2H],-6.589773178100586,ok,
N#CC(C#N)=C(C=CC=C(Cl)c1ccccc1)c1ccc([N+](=O)[O-])cc1,O,N#CC(C#N)=C(C=CC=C(Cl)c1ccccc1)c1ccc2(~O~O=[N+]2[O-])cc1,,failed,Featurization failed: RDKit could not parse Smiles_Merged
CN(c1ccccc1)c1ccc(/C=C2\C(=O)ON=C2c2cccc([N+](=O)[O-])c2)cc1,O,CN1(c2ccccc2)~O~C2(=O)ON=C(c3cccc([N+](=O)[O-])c3)/C2=C/c2ccc1cc2,-4.4603753089904785,ok,
COc1ccc(Nc2cc(N3CCCC3)c3noc4c3c2C(=O)c2ccccc2-4)cc1,O,CO1~O~C2(=O)c3ccccc3-c3onc4c(N5CCCC5)cc(c2c34)Nc2ccc1cc2,-5.82199764251709,ok,
CCN(CC)c1ccc(C=C2CCC(C=NN=Cc3c(C)[nH]c4ccccc34)=C2N2CCOCC2)cc1,O,CCN(CC)c1ccc(C=C2CCC(C=NN=Cc3c(C)[nH]c4ccccc34)=C2N2CCO3~O~C3C2)cc1,-4.914399147033691,ok,
COC(=O)c1ccc2c(c1)C(C)(C)C(/C=C/c1cccc(OC)c1OC)=[N+]2C,O,COc1c2cccc1O(C)~O~C(=O)(OC)c1ccc3c(c1)C(C)(C)C(=[N+]3C)/C=C/2,-5.204346179962158,ok,
CCNC(=O)C=C(C)C=CC=C(C)C=Cc1c(C)cc(OC)c(C)c1C,O,CCNC1(=O)~O~O(C)c2cc(C)c(c(C)c2C)C=CC(C)=CC=CC(C)=C1,-5.245482921600342,ok,
N#Cc1cc2c(-c3ccccc3)c(N)n(O)c2cc1C#N,O,N#Cc1cc2c(-c3ccccc3)c3(N)~O~On3c2cc1C#N,-4.884953498840332,ok,
CCN(CC)c1ccc2cc(-c3ccc([N+](=O)[O-])cc3)oc2c1,O,CCN(CC)c1ccc2cc3o(~O~c4([N+](=O)[O-])ccc-3cc4)c2c1,-6.577812194824219,ok,
O=c1nc(C(F)(F)F)cc(/C=C/c2ccc(-c3ccc([N+](=O)[O-])cc3Cl)o2)[nH]1,O,O=c1nc2cc([nH]1)/C=C/c1ccc(-c3ccc([N+](=O)[O-])cc3Cl)o1~O~C2(F)(F)F,-7.366905212402344,ok,
Cc1ccc(-c2ccc(C=C3SC(N4CCN(c5ccc([N+](=O)[O-])cc5)CC4)=NC3=O)o2)cc1,O,Cc1ccc(-c2ccc3o2~O~C2(=O)N=C(N4CCN(c5ccc([N+](=O)[O-])cc5)CC4)SC2=C3)cc1,-4.515631675720215,ok,
CC(C)Nc1cc(NCc2ccccc2)c2noc3c2c1C(=O)c1ccccc1-3,O,CC(C)N1~O~C2(=O)c3ccccc3-c3onc4c(NCc5ccccc5)cc1c2c34,-4.832845687866211,ok,
[C][C]N1c2ccccc2C(=C2SC(C(=O)O[C])=C(C(=O)O[C])S2)C(=S)C1([C])[C],O,[C][C]N1c2ccccc2C(=C2SC(C(=O)O[C])=C(C3(=O)~O~O3[C])S2)C(=S)C1([C])[C],-5.617658615112305,ok,
CCN(Cc1cccc(S(=O)(=O)[O-])c1)c1ccc(C(=C2C=CC(=[N+](CC)Cc3cccc(S(=O)(=O)[O-])c3)C=C2)c2ccc(O)cc2S(=O)(=O)[O-])cc1,O,CCN1Cc2cccc(c2)S(=O)(=O)[O-]~O~C2(=[N+](CC)Cc3cccc(S(=O)(=O)[O-])c3)C=CC(=C(c3ccc(O)cc3S(=O)(=O)[O-])c3ccc1cc3)C=C2,-4.374533653259277,ok,
CN(C)c1ccc(C=Nn2c(N)c(C(=O)Nc3ccc(Cl)cc3)c3nc4ccccc4nc32)cc1,O,CN(C)c1ccc(C=Nn2c3c(c4nc5ccccc5nc42)C(=O)(Nc2ccc(Cl)cc2)~O~N3)cc1,-2.944139242172241,ok,
O=C1c2ccccc2-c2onc3c(N4CCN(c5ccccc5)CC4)ccc1c23,O,O=C12~O~N3(c4ccccc4)CCN(CC3)c3ccc1c1c(onc31)-c1ccccc12,-3.637721300125122,ok,
O=C1OC(C=Cc2ccc([N+](=O)[O-])cc2)=NC1=CC=Cc1ccccc1,O,O=[N+]([O-])c1ccc(C=CC2=NC(=CC=Cc3ccccc3)C3(=O)~O~O23)cc1,-4.238367557525635,ok,
CC1=C(C#N)C(=O)N(CCO)C(=O)C1=Cc1ccc(-c2ccc([N+](=O)[O-])cc2)o1,O,CC1=C(C#N)C2(=O)~O~o3c(ccc3-c3ccc([N+](=O)[O-])cc3)C=C1C(=O)N2CCO,-5.574793815612793,ok,
Cc1ccccc1/N=C1\C=C(N2CCCC2)c2noc3c2c1c(O)c1ccccc13,O,Cc1ccccc1/N=C1\C=C(N2CCCC2)c2noc34~O~Oc(c1c23)c1ccccc14,-5.043237209320068,ok,
COc1ccc(Nc2cc(N3CCOCC3)c(N)c3c2C(=O)c2ccccc2C3=O)cc1,O,CO1~O~C2(=O)c3ccccc3C(=O)c3c(cc(N4CCOCC4)c(N)c32)Nc2ccc1cc2,-5.139437198638916,ok,
CN1CCN(c2cc(NCc3ccccc3)c3c(c2N)C(=O)c2ccccc2C3=O)CC1,O,CN1CCN(c2cc(NCc3ccccc3)c3c4c2N~O~C4(=O)c2ccccc2C3=O)CC1,-4.910428047180176,ok,
C(=C1C=C(c2ccccc2)OC(c2ccccc2)=C1)c1cc(-c2ccccc2)cc(-c2ccccc2)[s+]1,O,C1=C2C=C(c3ccccc3)O(~O~c3(-c4ccccc4)cc(-c4ccccc4)cc1[s+]3)C(c1ccccc1)=C2,-8.577272415161133,ok,
CCOC(=O)C1CCCN(c2cc(NC(C)C)c3c4c(onc24)-c2ccccc2C3=O)C1,O,CCO1~O~C1(=O)C1CCCN(c2cc(NC(C)C)c3c4c(onc24)-c2ccccc2C3=O)C1,-5.019265174865723,ok,
COc1ccc(Nc2cc(N3CCN(C)CC3)c3noc4c3c2C(=O)c2ccccc2-4)cc1,O,CN1CCN(c2cc3c4c5c(onc25)-c2ccccc2C4(=O)~O~O(C)c2ccc(cc2)N3)CC1,-4.650481224060059,ok,
[C][C]N1C(=O)C(=[C][C]=[C]C2=C3N([C][C][C]2)c2ccccc2C3([C])[C])C(=O)N([C][C])C1=S,O,[C][C]N1C(=O)C2=[C][C]=[C]C3=C4C([C])([C])c5ccccc5N4(~O~C2(=O)N([C][C])C1=S)[C][C][C]3,-4.279623985290527,ok,
COc1ccc(CCNC(=O)c2c(N)n(/N=C/c3ccc(N(C)C)cc3)c3nc4ccccc4nc23)cc1,O,CN(C)c1ccc(/C=N/n2c(N)c(C3(=O)~O~O(C)c4ccc(cc4)CCN3)c3nc4ccccc4nc32)cc1,-2.5145578384399414,ok,
O=C1OC(c2cccc([N+](=O)[O-])c2)=NC1=Cc1ccc(N2CCOCC2)s1,O,O=[N+]([O-])c1cccc(C2=NC(=Cc3ccc(N4CCOCC4)s3)C3(=O)~O~O23)c1,-4.133813858032227,ok,
COC(=O)c1ccc2c(c1)C(C)(C)C(C=Cc1ccc(OC)c(OC)c1)=[N+]2C,O,COc1cc2ccc1O(C)~O~C(=O)(OC)c1ccc3c(c1)C(C)(C)C(=[N+]3C)C=C2,-5.108224868774414,ok,
"CC(C)(C)C1=NN(C(=O)C1=CC=CC1=CC=C(C=C1)[N+]([O-])=O)C1=CC=CC=C1 |w:10.11,12.13,c:16,18,26,28,t:4,14,24|",O,CC(C)(C)C1=NN(c2ccccc2)C2(~O~O=2)C1=CC=Cc1ccc([N+](=O)[O-])cc1,-4.184334754943848,ok,
CCCCOC(=O)c1ccc(-c2ccc(C=C3SC(=S)N(C)C3=O)o2)cc1,O,CCCCO1~O~C1(=O)c1ccc(-c2ccc(C=C3SC(=S)N(C)C3=O)o2)cc1,-6.1833906173706055,ok,
COCC[NH+]1C(=O)c2c(n(/N=C/c3cccs3)c3nc4ccccc4nc23)N[C-]1C,O,COCC[NH+]1[C-](C)N2~O~C1(=O)c1c2n(/N=C/c2cccs2)c2nc3ccccc3nc12,-3.509106397628784,ok,
[C][C]N([C][C])c1ccc([C]=C2C(=O)N([C])C(=S)N([C])C2=O)cc1,O,[C][C]N1([C][C])~O~C2(=O)C(=[C]c3ccc1cc3)C(=O)N([C])C(=S)N2[C],-5.198761463165283,ok,
CCCN(CCC)c1ccc(/C=C2\N=C(c3cccc(Br)c3)OC2=O)cc1,O,CCCN(CCC)c1ccc(/C=C2\N=C(c3cccc(Br)c3)O3~O~C23=O)cc1,-4.809247970581055,ok,
Cc1ccc(N2CN=c3s/c(=C\C=C\c4ccccc4)c(=O)n3C2)cc1C,O,Cc1ccc(N23~O~c4(=O)/c(=C/C=C/c5ccccc5)sc(n4C2)=NC3)cc1C,-4.211164951324463,ok,
CNc1c(S)ccc2c1C(=O)c1ccccc1C2=O,O,CN1~O~C2(=O)c3ccccc3C(=O)c3ccc(S)c1c32,-5.88010311126709,ok,
CC(C)CCCC(C)NC(=O)c1c(N)n(-c2ccc(N(C)C)cc2)c2nc3ccccc3nc12,O,CC(C)CCCC(C)NC1(=O)~O~Nc2c1c1nc3ccccc3nc1n2-c1ccc(N(C)C)cc1,-3.0195531845092773,ok,
N#CC1(c2ccccc2)C/C(=C/c2ccc([N+](=O)[O-])cc2)C(=O)/C(=C\c2ccc([N+](=O)[O-])cc2)C1,O,N#CC1(c2ccccc2)C/C(=C/c2ccc([N+](=O)[O-])cc2)C2=O~O~c3([N+](=O)[O-])ccc(cc3)/C=C\2C1,-6.597414016723633,ok,
Cc1[nH]c2ccccc2c1/C=C1\C(=[NH2+])N2N=C(c3ccc([O-])cc3)SC2=NC1=O,O,Cc1[nH]c2ccccc2c1/C=C1/C(=O)N=C2SC3=NN2C1(=[NH2+])~O~[O-]c1ccc3cc1,-1.5154273509979248,ok,
CC[NH+](CC)Cc1c([O-])ccc2c1O/C(=C\c1ccco1)C2=O,O,CC[NH+](CC)Cc1c2ccc3c1O/C(=C\c1ccco1)C3(=O)~O~[O-]2,-4.137393474578857,ok,
O=C(O)CCCC(=O)N1CCN(c2ccc3c(c2)C(=O)c2ccccc2C3=O)CC1,O,O=C1c2ccccc2C(=O)c2cc(N3CCN(C(=O)CCCC4(=O)~O~O4)CC3)ccc21,-4.677067756652832,ok,
CCCCNc1cc(Nc2ccc(C)cc2)c2c3c(onc13)-c1ccccc1C2=O,O,CCCCN1~O~C2(=O)c3ccccc3-c3onc4c1cc(Nc1ccc(C)cc1)c2c34,-5.745809555053711,ok,
Cc1ccc(N2C(=O)C(=Cc3ccc(-c4ccc([N+](=O)[O-])cc4)o3)SC2=S)c(C)c1,O,Cc1ccc(N2C(=S)SC3=Cc4ccc(-c5ccc([N+](=O)[O-])cc5)o4~O~C32=O)c(C)c1,-6.902997016906738,ok,
COC(=O)c1cc(-c2ccc(N(C)c3ccc(N)cc3)cc2)c(C)o1,O,Cc1oc(C2(=O)~O~O2C)cc1-c1ccc(N(C)c2ccc(N)cc2)cc1,-4.2991485595703125,ok,
CC(C)Oc1ccc2c(c1)S/C(=C1/Sc3cc(OC(C)C)ccc3C1=O)C2=O,O,CC(C)Oc1ccc2c(c1)S/C1=C3/Sc4cc(ccc4C3=O)O(C(C)C)~O~C12=O,-6.686689376831055,ok,
COc1ccc(-c2nc(/N=C\c3ccccc3O)sc2-c2ccc([N+](=O)[O-])cc2)cc1,O,COc1ccc(-c2nc3sc2-c2ccc([N+](=O)[O-])(~O~Oc4ccccc4/C=N\3)cc2)cc1,-4.095874309539795,ok,
O=C1N=C(N2CCN(c3ccc([N+](=O)[O-])cc3)CC2)S/C1=C\c1ccc(-c2ccc(Cl)cc2Cl)o1,O,O=[N+]([O-])c1ccc(N2CCN(C3=NC4(=O)~O~o5c(ccc5-c5ccc(Cl)cc5Cl)/C=C/4S3)CC2)cc1,-5.193645477294922,ok,
[C][C]N1C(=O)C(=[C]c2ccc(-c3ccc(C#N)cc3)o2)C(=O)N([C][C])C1=S,O,[C][C]N1C(=O)C2=[C]c3ccc(-c4ccc(C#N)cc4)o3~O~C2(=O)N([C][C])C1=S,-5.723604202270508,ok,
CC(C)CNc1cc(NC2CCCCC2)c2c3c(onc13)-c1ccccc1C2=O,O,CC(C)CN1~O~C2(=O)c3ccccc3-c3onc4c1cc(NC1CCCCC1)c2c34,-5.751770973205566,ok,
Cc1ccc(N2C(=O)/C(=C/c3ccc(-c4ccc(Br)cc4)o3)C=C2c2ccccc2)cc1C,O,Cc1ccc(N2C(c3ccccc3)=C/C3=C\c4ccc(-c5ccc(Br)cc5)o4~O~C32=O)cc1C,-6.259133338928223,ok,
O=C1OC(=O)c2ccc(N3CCCC3)c3cccc1c23,O,O=C1c2cccc3c(N4CCCC4)ccc(c23)C2(=O)~O~O12,-5.119219779968262,ok,
Cc1ccc(C2=NC(=CC=Cc3ccc([N+](=O)[O-])cc3)C(=O)O2)cc1,O,Cc1ccc(C2=NC(=CC=Cc3ccc([N+](=O)[O-])cc3)C3(=O)~O~O23)cc1,-4.161880970001221,ok,
O=C1c2ccccc2C(=O)N1/N=C/c1ccc(N2CCCCC2)cc1,O,O=C1c2ccccc2C2(=O)~O~N3(CCCCC3)c3ccc(cc3)/C=N/N12,-5.120273590087891,ok,
CN(C)C(=CC=CC1=[N+](C)c2ccccc2C1(C)C)C=C1N(C)c2ccccc2C1(C)C,O,CN1C(=CC2=CC=CC3=[N+](C)c4(~O~N2(C)C)ccccc4C3(C)C)C(C)(C)c2ccccc21,-6.162428379058838,ok,
CC1=C(C#N)c2nc(N)c(C#N)c(C)c2C1=Cc1ccc(N2CCCCC2)cc1C,O,CC1=C(C#N)c2nc3(~O~N3)c(C#N)c(C)c2C1=Cc1ccc(N2CCCCC2)cc1C,,failed,Featurization failed: RDKit could not parse Smiles_Merged
[C][C]Oc1ccccc1[C]N=S([O-])[O+]c1ccc2c(c1)C(=C1[C][C][C][C]1)C(=O)[N]2,O,[C][C]Oc1ccccc1[C]N=S1[O+]c2(~O~[O-]1)ccc1c(c2)C(=C2[C][C][C][C]2)C(=O)[N]1,,failed,Featurization failed: RDKit could not parse Smiles_Merged
COCCCN1C(=O)N=C(O)/C(=C(O)\C=C\c2c[nH]c3ccccc23)C1=O,O,COCCCN1C(=O)C2=C(/C=C/c3c[nH]c4ccccc34)O~O~C1(=O)N=C2O,-4.5282392501831055,ok,
O=C(O)CCN1C(=O)/C(=C\C=C\c2ccco2)SC1=S,O,O=C1/C(=C\C=C\c2ccco2)SC(=S)N1CCC1(=O)~O~O1,-4.747813701629639,ok,
[C][C]([C])[C][C][N]S(=O)(=O)c1ccc2c(c1)C(=C1[C][C][C][C]1)C(=O)N2[C],O,[C][C]([C])[C][C][N]S(=O)(=O)c1ccc2c(c1)C(=C1[C][C][C][C]1)C1(=O)~O~N21[C],-4.107515335083008,ok,
N#CC(=Cc1ccc(-c2ccc([N+](=O)[O-])cc2)o1)C(=O)N1CCCCCC1,O,N#CC(=Cc1ccc2o1~O~c1([N+](=O)[O-])ccc-2cc1)C(=O)N1CCCCCC1,-6.582851886749268,ok,
CC[n+]1c(/C=C/C=C/N(C(C)=O)c2ccccc2)sc2cc(OC)ccc21,O,CC[n+]1c2ccc3cc2sc1(/C=C/C=C/N(C(C)=O)c1ccccc1)~O~O3C,-6.24757194519043,ok,
O=C1N=C(N2CCN(c3ccc([N+](=O)[O-])cc3)CC2)S/C1=C\c1ccc(-c2cc(Cl)ccc2Cl)o1,O,O=[N+]([O-])c1ccc(N2CCN(C3=NC4(=O)~O~o5c(ccc5-c5cc(Cl)ccc5Cl)/C=C/4S3)CC2)cc1,-5.195108413696289,ok,
[C]N([C]=[N+]([C])[C])c1cccc2c1C(=O)c1ccccc1C2=O,O,[C]N1c2cccc3c2C(=O)c2ccccc2C3=O~O~[C]1=[N+]([C])[C],-4.742961883544922,ok,
C=CCN1C(=O)C(=C2Sc3ccc(OC)cc3N2CC)SC1=Nc1ccc2c(c1)C(=O)c1ccccc1C2=O,O,C=CCN1C(=Nc2ccc3c(c2)C(=O)c2ccccc2C3=O)SC2=C3Sc4ccc(cc4N3CC)O(C)~O~C21=O,-6.282448768615723,ok,
CCc1ccc(/N=C2\S/C(=C3\C(=O)Nc4ccc([N+](=O)[O-])cc43)C(=O)N2c2ccc(CC)cc2)cc1,O,CCc1ccc(/N=C2\SC3=C4C(=O)N(~O~C3(=O)N2c2ccc(CC)cc2)c2ccc([N+](=O)[O-])cc24)cc1,-6.166247367858887,ok,
O=[N+]([O-])c1ccc(O)c(/C=N/N=C/c2cc([N+](=O)[O-])ccc2O)c1,O,O=[N+]([O-])c1ccc(O)c(/C=N/N=C/c2cc3([N+](=O)[O-])~O~Oc2cc3)c1,-3.119628667831421,ok,
CC(C)(C)c1ccc(N(C=Cc2ccccc2)c2ccc3c(c2O)C(=O)c2ccccc2C3=O)cc1,O,CC(C)(C)c1ccc(N(C=Cc2ccccc2)c2ccc3c4c2O~O~C4(=O)c2ccccc2C3=O)cc1,-5.4107232093811035,ok,
[C][C]C([C][C])=N[N][C]=C1C(=O)N([C][C])c2cc(C3=N[N]C(=O)[C][C]3)ccc21,O,[C][C]C([C][C])=N[N][C]=C1C(=O)N2([C][C])~O~C3(=O)[C][C]C(=N[N]3)c3ccc1c2c3,-2.4449055194854736,ok,
CC1=C(C#N)c2nc(N)c(C#N)c(C)c2/C1=C\c1ccc(Sc2ccc(C)cc2)o1,O,CC1=C(C#N)c2nc(N)c(C#N)c(C)c2/C1=C\c1ccc2(Sc3ccc(C)cc3)~O~o12,-5.755028247833252,ok,
CCOc1ccc(N2C(=O)/C(=C/c3ccc(-c4ccc(Cl)c(Cl)c4)o3)C=C2c2ccccc2)cc1,O,CCO1~O~C2(=O)/C(=C/c3ccc(-c4ccc(Cl)c(Cl)c4)o3)C=C(c3ccccc3)N2c2ccc1cc2,-6.546530723571777,ok,
CCN1CCN(c2cc(NC3CCCCC3)c3c4c(onc24)-c2ccccc2C3=O)CC1,O,CCN1CCN(c2cc3c4c5c(onc25)-c2ccccc2C4(=O)~O~N3C2CCCCC2)CC1,-4.34501838684082,ok,
C=Cc1c(C)c2cc3nc(c(C)c4[nH]c(cc5nc(cc1[nH]2)C(C)=C5CC)c(C)c4C(=O)O)[C@@H](CCC(=O)O)[C@@H]3C,O,C=Cc1c(C)c2cc3nc4c(C)c5[nH]c(cc6nc(cc1[nH]2)C(C)=C6CC)c(C)c5C(=O)(O)~O~OC(=O)CC[C@H]4[C@@H]3C,-4.297301292419434,ok,
C=CCN1C(=O)/C(=C\c2ccc(N(C)c3ccccc3)cc2)SC1=S,O,C=CCN1C(=S)S/C2=C/c3ccc(cc3)N(C)(c3ccccc3)~O~C21=O,-5.740021705627441,ok,
O=c1nc(C(F)(F)F)cc(/C=C/c2ccc(-c3cccc([N+](=O)[O-])c3)o2)[nH]1,O,O=c1nc2cc([nH]1)/C=C/c1ccc(-c3cccc([N+](=O)[O-])c3)o1~O~C2(F)(F)F,-6.901411056518555,ok,
O=[N+]([O-])c1ccc(-c2nc3ncccn3c2NC2CCCCC2)o1,O,O=[N+]([O-])c12~O~o1c(-c1nc3ncccn3c1NC1CCCCC1)cc2,-4.106498718261719,ok,
CC1CCCN(c2cc(NC3CCCCC3)c3c4c(onc24)-c2ccccc2C3=O)C1,O,CC1CCCN(c2cc3c4c5c(onc25)-c2ccccc2C4(=O)~O~N3C2CCCCC2)C1,-5.068346977233887,ok,
CN(C)c1ccc(/C=N/n2c(N)c(C(=O)NCCCc3ccccc3)c3nc4ccccc4nc32)cc1,O,CN(C)c1ccc(/C=N/n2c3c(c4nc5ccccc5nc42)C(=O)(NCCCc2ccccc2)~O~N3)cc1,-2.5712146759033203,ok,
O=C1/C(=C/c2ccc(-c3ccc(Cl)c(Cl)c3)o2)C=C(c2ccccc2)N1c1ccc([N+](=O)[O-])cc1O,O,O=C1/C(=C/c2ccc(-c3ccc(Cl)c(Cl)c3)o2)C=C(c2ccccc2)N1c1ccc2([N+](=O)[O-])~O~Oc1c2,-4.85325813293457,ok,
O=[N+]([O-])c1ccc(Nc2ccc3nc(N4CCOCC4)sc3c2)c(F)c1,O,O=[N+]([O-])c12~O~O3CCN(CC3)c3nc4ccc(cc4s3)Nc(cc1)c(F)c2,-5.117420196533203,ok,
[O-][n+]1onc2cc(Cl)c3nsnc3c21,O,Clc1cc2no[n+]3c2(~O~[O-]3)c2nsnc12,-4.134366989135742,ok,
CCN1C(=O)/C(=C\c2ccc3c(c2)C(C)=CC(C)(C)N3Cc2ccccc2)SC1=S,O,CCN1C(=S)S/C2=C/c3ccc4c(c3)C(C)=CC(C)(C)N4(Cc3ccccc3)~O~C21=O,-6.524293899536133,ok,
N#CC(=Cc1ccc(-c2ccc([N+](=O)[O-])cc2Br)o1)C(N)=S,O,N#CC(=Cc1ccc2o1~O~c1([N+](=O)[O-])ccc-2c(Br)c1)C(N)=S,-6.152136325836182,ok,
CCN1C(=O)C(=Cc2ccc(-c3ccc(Br)cc3)o2)N(CC)C1=S,O,CCN1C(=S)N(CC)C2(=O)~O~o3c(ccc3-c3ccc(Br)cc3)C=C12,-6.591731071472168,ok,
Cc1ccc(N2C(=O)C(=Cc3ccc(N4CCCCC4)o3)C(=O)N(C)C2=S)cc1,O,Cc1ccc(N2C(=S)N(C)C(=O)C3=Cc4ccc(N5CCCCC5)o4~O~C32=O)cc1,-5.698450088500977,ok,
O=C1NC(=S)N/C1=C\c1ccc(-c2c(Br)cc([N+](=O)[O-])cc2Br)o1,O,O=[N+]([O-])c1cc(Br)c(-c2ccc3o2~O~C2(=O)NC(=S)N/C2=C\3)c(Br)c1,-7.192827224731445,ok,
[K+].Fc1ccc(cc1C(F)(F)F)[B-](F)(F)F,O,Fc1ccc([B-](F)(F)F~O~[K+])cc1C(F)(F)F,-3.823718786239624,ok,
CCCCn1c(=C2SC(=S)N(CC)C2=O)sc(=CC=C2Sc3ccc(Cl)cc3N2CC)c1=O,O,CCCCn1c2sc(c1=O)=CC=C1Sc3ccc(Cl)cc3N1(CC)~O~C1(=O)C=2SC(=S)N1CC,-6.831084251403809,ok,
CCN(CC)c1ccc2c(-c3ccc(N=C=S)cc3C(=O)O)c3ccc(=[N+](CC)CC)cc-3oc2c1,O,CCN(CC)c1ccc2c(-c3ccc(N=C=S)cc3C3(=O)~O~O3)c3ccc(=[N+](CC)CC)cc-3oc2c1,-4.682749271392822,ok,
CCCCCCc1ccc(Sc2c(N)ccc3c2C(=O)c2ccccc2C3=O)cc1,O,CCCCCCc1ccc(Sc2c3ccc4c2C(=O)(~O~N3)c2ccccc2C4=O)cc1,-5.861910343170166,ok,
COC(=O)/C(C(C)=O)=C(/C=C/C=C/N(C)C)N(C)C,O,CC(=O)/C(=C(\C=C\C=C\N(C)C)N(C)C)C1(=O)~O~O1C,-2.909106492996216,ok,
CN1c2ccccc2C(C)(C)C12C=Nc1c(ccc3cc([N+](=O)[O-])ccc13)O2,O,CN1c2ccccc2C(C)(C)C12C=Nc1c3ccc4cc([N+](=O)[O-])(~O~O32)ccc14,-4.237196922302246,ok,
COc1ccc(CCN2C(=O)/C(=C\C=C\c3ccco3)SC2=S)cc1,O,CO1~O~C2(=O)/C(=C\C=C\c3ccco3)SC(=S)N2CCc2ccc1cc2,-6.376791954040527,ok,
"CN(C)C(\C=C\NC1=C(C=CC=C1)C(C)=O)=C(C#N)C#N |c:9,11,t:7|",O,CC1(=O)~O~N(C)(C)C(=C(C#N)C#N)C=CNc2ccccc21,-4.913729667663574,ok,
COc1ccc(-c2ccc(C=C(C#N)C#N)o2)cc1Cl,O,CO1~O~c12ccc(-c1ccc(C=C(C#N)C#N)o1)cc2Cl,,failed,Featurization failed: RDKit could not parse Smiles_Merged
O=C1c2ccccc2-c2[o+]c3ccc([N+](=O)[O-])cc3cc21,O,O=[N+]([O-])c1ccc2[o+]c34~O~O=C(c5ccccc5-3)c4cc2c1,-7.686439514160156,ok,
CCN1/C(=C\C=C\c2cc(-c3ccccc3)nc3sc(C(=O)C(F)(F)F)c([O-])[n+]23)Sc2ccccc21,O,CCN1/C(=C\C=C\c2cc(-c3ccccc3)nc3sc4c([n+]23)[O-]~O~C(F)(F)(F)C4=O)Sc2ccccc21,-4.210409164428711,ok,
O=C1C(=Cc2ccc3cnccc3c2)CCc2ccc([N+](=O)[O-])cc21,O,O=[N+]([O-])c12~O~O=C3C(=Cc4ccc5cnccc5c4)CCc(cc1)c3c2,-4.113945960998535,ok,
[O-][n+]1c2ccccc2[n+]([O-])c2cc(O)ccc21,O,[O-][n+]1c2ccccc2[n+]2c3ccc(O)cc31~O~[O-]2,-3.7419612407684326,ok,
CCCCC(CC)CN1C(=O)C(=Cc2ccc(-c3ccc(S(N)(=O)=O)cc3)o2)SC1=S,O,CCCCC(CC)CN1C(=S)SC2=Cc3ccc(-c4ccc(S(N)(=O)=O)cc4)o3~O~C21=O,-6.6816020011901855,ok,
COc1ccc(CCNc2ccc(C(F)(F)F)cc2/N=C/c2ccc([N+](=O)[O-])s2)cc1OC,O,COc1cc2ccc1O(C)~O~C(F)(F)(F)c1ccc(c(/N=C/c3ccc([N+](=O)[O-])s3)c1)NCC2,-7.149989128112793,ok,
FC(F)(F)C1=CC(/N=C/C2=CC=C([N+]([O-])=O)S2)=C(NCCC3=CC=C(OC)C(OC)=C3)C=C1,O,COc1cc2ccc1O(C)~O~C(F)(F)(F)c1ccc(c(/N=C/c3ccc([N+](=O)[O-])s3)c1)NCC2,-7.149989128112793,ok,
CCCCCCCCCCCCCCCCCC(=O)Nc1ccc2c(c1)C(=O)c1cc([N+](=O)[O-])ccc1-2,O,CCCCCCCCCCCCCCCCCC(=O)N1~O~c2([N+](=O)[O-])ccc3c(c2)C(=O)c2cc1ccc2-3,-6.317466735839844,ok,
CC1=C(C#N)c2nc(N)c(C#N)c(C)c2C1=Cc1ccc(-c2ccc(C(=O)O)cc2)o1,O,CC1=C(C#N)c2nc(N)c(C#N)c(C)c2C1=Cc1ccc(-c2ccc(C3(=O)~O~O3)cc2)o1,-4.379472255706787,ok,
CCOC(=O)C1=C(Nc2ccc(C)cc2)SC(=Cc2ccc(-c3ccc(C(=O)O)cc3)o2)C1=O,O,CCOC1(=O)~O~OC(=O)c2ccc(cc2)-c2ccc(o2)C=C2SC(Nc3ccc(C)cc3)=C1C2=O,-5.071461200714111,ok,
O=C1C=CC2=NC34CCCCC3CC3=C(CCCC3)N4C2=C1,O,O=C12~O~N34C(=C1)C(=NC31CCCCC1CC1=C4CCCC1)C=C2,-4.0750603675842285,ok,
Cc1ccc(Nc2cc3c(n[n+]([O-])n3C(C)C)c3c2C(=O)c2ccccc2C3=O)cc1,O,Cc1ccc(Nc2cc3c4n[n+](n3C(C)C)[O-]~O~C3(=O)c5ccccc5C(=O)c2c43)cc1,-3.704449415206909,ok,
Cc1ccc2c(c1)-c1c(s[s+]c1SC(=O)c1ccccc1)C(C)(C)N2C,O,Cc1ccc2c(c1)-c1c3s[s+](~O~N2(C)C3(C)C)c1SC(=O)c1ccccc1,-8.299406051635742,ok,
CCN1C(=O)/C(=C/C(=C/C=C2\Sc3ccccc3N2C)C(=O)c2ccccc2O)SC1=S,O,CCN1C(=S)S/C2=C\C(=C\C=C3/Sc4ccccc4N3C)C(=O)c3ccccc3O~O~C21=O,-4.351377010345459,ok,
CCN1/C(=C/C=C/c2ccc3ccccc3[n+]2CC)C=Cc2ccccc21,O,CC[n+]1c2ccc3ccccc31~O~N1(CC)/C(=C/C=C/2)C=Cc2ccccc21,-6.366754531860352,ok,
O=C1C(=Cc2ccc(-c3ccc(Br)cc3)o2)C=C(c2ccccc2)N1c1ccccc1,O,O=C12~O~o3c(ccc3-c3ccc(Br)cc3)C=C1C=C(c1ccccc1)N2c1ccccc1,-6.210614204406738,ok,
O=[N+]([O-])c1cccc(C=C2CCC(C=NNc3ccc(S(=O)(=O)O)cc3)=C2N2CCOCC2)c1,O,O=[N+]([O-])c1cccc(C=C2CCC3=C2N2CCO(~O~S(=O)(=O)(O)c4ccc(cc4)NN=C3)CC2)c1,-5.170818328857422,ok,
COc1ccc(CN2C(=O)C(=CC=Cc3ccccc3)SC2=S)cc1,O,CO1~O~C2(=O)C(=CC=Cc3ccccc3)SC(=S)N2Cc2ccc1cc2,-6.189273357391357,ok,
Cc1ccc(Nc2cc3c(nc(CCl)n3CC(C)C)c3c2C(=O)c2ccccc2C3=O)cc1,O,Cc1ccc(N2~O~C3(=O)c4ccccc4C(=O)c4c2cc2c(nc(CCl)n2CC(C)C)c43)cc1,-5.2622456550598145,ok,
O=C1C(=Cc2ccc(-c3ccc(Cl)c(Cl)c3)o2)C=C(c2ccccc2)N1c1ccccc1O,O,O=C12~O~Oc3ccccc3N1C(c1ccccc1)=CC2=Cc1ccc(-c2ccc(Cl)c(Cl)c2)o1,-4.585625648498535,ok,
CSc1[s+]sc2c1-c1cc(C)ccc1NC2(C)C,O,CSc1c2c3s[s+]1~O~N(c1ccc(C)cc1-2)C3(C)C,-7.470690727233887,ok,
CCN(CC)c1ccc(N)c2nonc12,O,CCN(CC)c1ccc2c3nonc13~O~N2,-3.10778546333313,ok,
C1=CC2=NC34CCCCC3CC3=C(CCCC3)N4C2=CC1=NC1CCCCC1,O,C1=CC2=NC345~O~N3(C2=CC1=NC1CCCCC1)C1=C(CCCC1)CC4CCCC5,-5.1576128005981445,ok,
COC(C=C(C=C1OC)C2=C(C=C3)N=C3C(C(C=C4OC)=CC(OC)=C4OC)=C(C=C5)NC5=C(C(C=C6OC)=CC(OC)=C6OC)C7=NC(C=C7)=C(C8=CC(OC)=C(OC)C(OC)=C8)C9=CC=C2N9)=C1OC,O,COc1cc(-c2c3nc(c(-c4cc(OC)c(OC)c(OC)c4)c4ccc([nH]4)c4c5nc(c(c6ccc2[nH]6)-c2cc(OC)c(OC)c(c2)O(C)~O~c2(OC)c(OC)cc-4cc2OC)C=C5)C=C3)cc(OC)c1OC,-5.727264881134033,ok,
Nc1c(N2CCCC2)cc(NCc2ccccc2)c2c1C(=O)c1ccccc1C2=O,O,O=C1c2ccccc2C2(=O)~O~Nc3c(N4CCCC4)cc(NCc4ccccc4)c1c32,-5.149868488311768,ok,
CCN(CC)c1ccc(NC(=O)c2ccc(-c3cccc([N+](=O)[O-])c3)o2)cc1,O,CCN(CC)c1ccc(NC2(=O)~O~o3c(-c4cccc([N+](=O)[O-])c4)ccc32)cc1,-6.487240314483643,ok,
O=C(O)c1ccc(C(=O)[O-])c(-c2c3cc4c5c(c3[o+]c3c6c7c(cc23)CCCN7CCC6)CCCN5CCC4)c1,O,O=C(O)c1ccc2c(c1)-c1c3cc4c5c(c3[o+]c3(~O~O=C2[O-])c2c6c(cc13)CCCN6CCC2)CCCN5CCC4,-10.236122131347656,ok,
[Cl-].CCN(CC)c1ccc2c(-c3ccccc3C(O)=O)c3ccc(cc3oc2c1)=[N+](CC)CC,O,CCN(CC)c1ccc2c(-c3ccccc3C(=O)(O)~O~[Cl-])c3ccc(=[N+](CC)CC)cc-3oc2c1,-4.885324001312256,ok,
O=C1N=C(N2CCN(c3cccc(C(F)(F)F)c3)CC2)SC1=Cc1ccc(-c2ccccc2)o1,O,O=C1N=C2SC1=Cc1ccc(-c3ccccc3)o1~O~C(F)(F)(F)c1cccc(c1)N1CCN2CC1,-5.356213569641113,ok,
Cc1ccc([N+](=O)[O-])cc1-c1ccc(C=Nc2ccc(N3CCOCC3)cc2)o1,O,Cc1ccc2([N+](=O)[O-])~O~o3c(C=Nc4ccc(N5CCOCC5)cc4)ccc3-c1c2,-5.33387565612793,ok,
COc1cccc(Nc2cc(NC(C)C)c(N)c3c2C(=O)c2ccccc2C3=O)c1,O,CC(C)Nc1cc2c3c(c1N)C(=O)(~O~O(C)c1cccc(c1)N2)c1ccccc1C3=O,-6.008061408996582,ok,
COC(=O)c1ccc(-c2ccc(C=C3C(C)=C(C#N)c4nc(N)c(C#N)c(C)c43)o2)cc1,O,CC1=C(C#N)c2nc(N)c(C#N)c(C)c2C1=Cc1ccc(-c2ccc(C3(=O)~O~O3C)cc2)o1,-4.666509628295898,ok,
CCCCNC(=O)c1c(N)n(/N=C/c2ccc(N(C)C)cc2)c2nc3ccccc3nc12,O,CCCCNC1(=O)~O~Nc2c1c1nc3ccccc3nc1n2/N=C/c1ccc(N(C)C)cc1,-2.4398698806762695,ok,
CSc1ccc(/C=C2/C(=O)/C(=C/c3ccc(SC)cc3)C3CCC2N3C)cc1,O,CSc1ccc(/C=C2\C3CCC4/C(=C\c5ccc(SC)cc5)C2(=O)~O~N34C)cc1,-6.321860313415527,ok,
CCN1CC[NH+](Cc2c([O-])ccc3c2O/C(=C\C2=Cc4ccccc4OC2C)C3=O)CC1,O,CCN1CC[NH+](Cc2c3ccc4c2O/C(=C\C2=Cc5ccccc5OC2C)C4(=O)~O~[O-]3)CC1,-4.208770751953125,ok,
O=C1C(Cl)=C(C=CN(Cc2ccccc2)Cc2ccccc2)C(=O)c2ccccc21,O,O=C1C2=C(Cl)C(=O)(~O~N(Cc3ccccc3)(Cc3ccccc3)C=C2)c2ccccc21,-5.7628607749938965,ok,
Cc1ccc(/N=C2\S/C(=C/c3ccc([N+](=O)[O-])cc3)C(=O)N2c2ccc(C)cc2)cc1,O,Cc1ccc(/N=C2\S/C(=C/c3ccc([N+](=O)[O-])cc3)C3(~O~O=3)N2c2ccc(C)cc2)cc1,-4.177768707275391,ok,
O=C1C(=Cc2ccc(-c3ccc([N+](=O)[O-])cc3)o2)C(C(F)(F)F)=NN1c1ccc(Cl)cc1,O,O=C1C2=Cc3ccc(-c4ccc([N+](=O)[O-])cc4)o3~O~C(F)(F)(F)C2=NN1c1ccc(Cl)cc1,-6.288712978363037,ok,
CCOC(=O)C1=C(Nc2ccc(OCC)cc2)SC(=Cc2ccc([N+](=O)[O-])cc2)C1=O,O,CCOC1(=O)~O~O(CC)c2ccc(cc2)NC2=C1C(=O)C(=Cc1ccc([N+](=O)[O-])cc1)S2,-6.6038360595703125,ok,
CCOc1ccc(Nc2cc(N3CCCCCC3)c3noc4c3c2C(=O)c2ccccc2-4)cc1,O,CCO1~O~C2(=O)c3ccccc3-c3onc4c(N5CCCCCC5)cc(c2c34)Nc2ccc1cc2,-6.012801170349121,ok,
CN(C)c1ccc(C=Nn2c(N)c(C(=O)NCc3cccs3)c3nc4ccccc4nc32)cc1,O,CN(C)c1ccc(C=Nn2c3c(c4nc5ccccc5nc42)C(=O)(NCc2cccs2)~O~N3)cc1,-2.732550859451294,ok,
CCOC(=O)c1ccc(-c2ccc(C=C3C=C(c4ccccc4)N(c4ccccc4OC)C3=O)o2)cc1,O,CCOC1(=O)~O~O(C)c2ccccc2N2C(=O)C(=Cc3ccc(o3)-c3ccc1cc3)C=C2c1ccccc1,-5.75955057144165,ok,
C=CCSC1=N/C(=C\C=C\c2ccco2)C(=O)S1,O,C=CCSC1=N/C2=C\C=C\c3ccco3~O~C2(=O)S1,-4.242931842803955,ok,
O=C1Nc2c(Cl)cc(Cl)cc2/C1=N/N=C/c1ccc(O)cc1,O,O=C12~O~Oc3ccc(cc3)/C=N/N=C\1c1cc(Cl)cc(Cl)c1N2,-3.662315607070923,ok,
O=C1C(Cl)=Cc2cccc3c(N4CCSCC4)ccc1c23,O,O=C12~O~N3(CCSCC3)c3ccc1c1c(cccc31)C=C2Cl,-5.569691181182861,ok,
CCC(/C=C1\Sc2ccc(C)cc2N1CCCS(=O)(=O)[O-])=C\c1sc2ccc(-c3ccccc3)cc2[n+]1CCCS(=O)(=O)[O-],O,CCC1=C\c2(~O~[O-]S(=O)(=O)CCCN3/C(=C/1)Sc1ccc(C)cc13)sc1ccc(-c3ccccc3)cc1[n+]2CCCS(=O)(=O)[O-],,failed,Featurization failed: RDKit could not parse Smiles_Merged
COc1nnc(-c2ccc(N3CCCCC3)c(NC(=O)c3ccc([N+](=O)[O-])cc3)c2)c2ccccc12,O,CO1~O~c2([N+](=O)[O-])ccc(cc2)C(=O)Nc2cc(ccc2N2CCCCC2)-c2nnc1c1ccccc21,-5.456722259521484,ok,
COc1ccc(Nc2cc(N3CCCC(C)C3)c3noc4c3c2C(=O)c2ccccc2-4)cc1,O,CC1CCCN(c2cc3c4c5c(onc25)-c2ccccc2C4(=O)~O~O(C)c2ccc(cc2)N3)C1,-5.789485931396484,ok,
CCN(CC)c1ccc(N2C(=O)/C(=C\c3ccc(-c4ccc(Cl)c(C(=O)O)c4)o3)SC2=S)cc1,O,CCN(CC)c1ccc(N2C(=O)/C(=C\c3ccc(-c4ccc(Cl)c(C5(=O)~O~O5)c4)o3)SC2=S)cc1,-4.846144676208496,ok,
COc1cccc(Nc2cc(N3CCCCC3C)c3noc4c3c2C(=O)c2ccccc2-4)c1,O,CC1CCCCN1c1cc2c3c4c(onc14)-c1ccccc1C3(=O)~O~O(C)c1cccc(c1)N2,-5.850644111633301,ok,
Nc1cc(Cl)c2n[se]nc2c1[N+](=O)[O-],O,,,failed,"Pre-condition Violation
	bond already exists
	Violation occurred on line 334 in file Code/GraphMol/RWMol.cpp
	Failed Expression: !(boost::edge(atomIdx1, atomIdx2, d_graph).second)
	RDKIT: 2022.09.5
	BOOST: 1_78
"
O=S(=O)(c1ccc(Nc2ccc3nc(N4CCOCC4)sc3c2)nc1)N1CCCC1,O,O=S1(=O)(N2CCCC2)~O~O2CCN(CC2)c2nc3ccc(cc3s2)Nc2ccc1cn2,-4.866342544555664,ok,
COCCN1C(=O)/C(=C/c2ccc(-c3cccc(C(=O)O)c3)o2)NC1=S,O,COCCN1C(=O)/C(=C/c2ccc(-c3cccc(C4(=O)~O~O4)c3)o2)NC1=S,-4.577661991119385,ok,
N#CC(=[C]c1ccc(N2[C][C][C](C(F)(F)F)[C][C]2)cc1)C#N,O,N#CC(=[C]c1ccc(N23~O~C(F)(F)(F)[C]([C][C]2)[C][C]3)cc1)C#N,-5.880331039428711,ok,
CCCCCCNc1ccc(NC(=O)c2ccc(C3CCC(CCCCC)CC3)cc2)c2c1C(=O)c1ccccc1C2=O,O,CCCCCCN1~O~C(=O)(c2ccc(C3CCC(CCCCC)CC3)cc2)Nc2ccc1c1c2C(=O)c2ccccc2C1=O,-6.47407341003418,ok,
O=C1c2ccccc2-c2onc3c(N4CCCCC4)ccc1c23,O,O=C12~O~N3(CCCCC3)c3ccc1c1c(onc31)-c1ccccc12,-5.388992786407471,ok,
Cc1cccc(N2CCN(C3=NC(=O)C(=Cc4ccc(-c5ccc(Cl)cc5Cl)o4)S3)CC2)c1,O,Cc1cccc(N2CCN(C3=NC4(=O)~O~o5c(ccc5-c5ccc(Cl)cc5Cl)C=C4S3)CC2)c1,-5.203927993774414,ok,
N#CC(C#N)=Cc1ccc(C=C(C#N)C#N)cc1,O,N#CC(C#N)=Cc1ccc(C=C2(C#N)~O~N#C2)cc1,-4.392284393310547,ok,
N#Cc1cc(Sc2ccccc2)c(N2CCCCC2)cc1C#N,O,N#Cc1cc(Sc2ccccc2)c2cc1C(#N)~O~N21CCCCC1,-6.155495643615723,ok,
CNc1ccc2nc3ccc(=[N+](C)C)cc-3sc2c1,O,C[N+](C)=c12~O~N(C)c3ccc4nc(cc1)-c(c2)sc4c3,-5.439206123352051,ok,
[O-][n+]1c2c([n+]([O-])c3ccccc31)CCC2,O,[O-][n+]1c2c([n+]3c4ccccc41~O~[O-]3)CCC2,-3.48598313331604,ok,
COc1cc2c(c(OC)c1OC)-c1cc/c(=[NH+]/CCCN3CCCc4ccccc43)c([O-])cc1[C@@H](NC(C)=O)CC2,O,COc1cc2c(c(OC)c1OC)-c1cc/c(=[NH+]/CCCN3CCCc4ccccc43)c3cc1[C@H](CC2)NC(C)(=O)~O~[O-]3,-3.73455548286438,ok,
O=C1[N]c2ccc(S(=O)(=O)[N][C][C]C3=[C][C][C][C][C]3)cc2C1=C1[C][C][C][C]1,O,O=S(=O)([N][C][C]C1=[C][C][C][C][C]1)c1ccc2c(c1)C(=C1[C][C][C][C]1)C1(~O~O=1)[N]2,-2.4695284366607666,ok,
O=C1C(=Cc2ccc(Cl)cc2)C=C(c2ccccc2)N1c1ccc(Sc2ccc([N+](=O)[O-])cc2)cc1,O,O=C1C(=Cc2ccc(Cl)cc2)C=C(c2ccccc2)N12~O~c1([N+](=O)[O-])ccc(cc1)Sc1ccc2cc1,-5.7806477546691895,ok,
Cc1ccc(Nc2cc(NC(C)C)c3noc4c3c2C(=O)c2ccccc2-4)cc1,O,Cc1ccc(Nc2cc3c4noc5c4c2C(=O)(~O~N3C(C)C)c2ccccc2-5)cc1,-5.103792190551758,ok,
CC(=O)c1cccc(N2C(=O)/C(=C/c3ccc(-c4ccc([N+](=O)[O-])cc4)o3)C=C2c2ccccc2)c1,O,CC(=O)c1cccc(N2C(=O)/C(=C/c3ccc4o3~O~c3([N+](=O)[O-])ccc-4cc3)C=C2c2ccccc2)c1,-6.127000331878662,ok,
[O-][n+]1onc2c3c4c([nH]c3ccc21)CCCC4,O,c1cc2[n+]3onc2(~O~[O-]3)c2c3c([nH]c12)CCCC3,-3.2946412563323975,ok,
CN1C(=S)N(CCCN2CCOCC2)C(=O)/C1=C\c1ccc(/C=C2\C(=O)N(CCCN3CCOCC3)C(=S)N2C)s1,O,CN1C(=S)N(CCCN2CCOCC2)C(=O)/C1=C\c1ccc(/C=C2/N(C)C(=S)N3CCCN4CCO(~O~C23=O)CC4)s1,-6.422189235687256,ok,
CC1=C(C#N)c2nc(N)c(C#N)c(C)c2/C1=C\c1c[nH]c2ccccc12,O,CC1=C(C#N)c2nc3(~O~N3)c(C#N)c(C)c2/C1=C\c1c[nH]c2ccccc12,,failed,Featurization failed: RDKit could not parse Smiles_Merged
Cc1ccc(S(=O)(=O)c2c(N)n(/N=C/c3ccc(N(C)C)cc3)c3nc4ccccc4nc23)cc1,O,Cc1ccc(S2(=O)(=O)~O~Nc3c2c2nc4ccccc4nc2n3/N=C/c2ccc(N(C)C)cc2)cc1,-3.4437062740325928,ok,
CCOC(=O)c1ccc(-c2ccc(/C=C3\C=C(c4ccccc4)N(c4ccc(-c5ccccc5)cc4)C3=O)o2)cc1,O,CCO1~O~C1(=O)c1ccc(-c2ccc(/C=C3\C=C(c4ccccc4)N(c4ccc(-c5ccccc5)cc4)C3=O)o2)cc1,-5.660103797912598,ok,
CCCC[N+]1=C(C)C(C)(C)c2c1ccc1ccccc21,O,CCCC[N+]12~O~c13ccc1ccccc1c3C(C)(C)C=2C,-6.467947959899902,ok,
Cc1ccc(S(=O)(=O)Nc2ccc3c(c2Oc2ccc(C(C)(C)C)cc2)C(=O)c2ccccc2C3=O)cc1,O,Cc1ccc(S2(=O)(=O)~O~O(c3ccc(C(C)(C)C)cc3)c3c(ccc4c3C(=O)c3ccccc3C4=O)N2)cc1,-6.3671088218688965,ok,
O=C(/C=C/c1ccc(-c2ccc([N+](=O)[O-])cc2)o1)N1CCCCC1,O,O=C(/C=C/c1ccc2o1~O~c1([N+](=O)[O-])ccc-2cc1)N1CCCCC1,-6.300933361053467,ok,
CN(C)C(C=CNc1ccc(Br)cc1)=C(C#N)C#N,O,CN1(C)~O~C(C#N)(C#N)=C1C=CNc1ccc(Br)cc1,-5.5377373695373535,ok,
CN1CCN(C(=O)C(C#N)=Cc2ccc(-c3ccc([N+](=O)[O-])cc3)o2)CC1,O,CN1CCN(C(=O)C(C#N)=Cc2ccc3o2~O~c2([N+](=O)[O-])ccc-3cc2)CC1,-5.244942665100098,ok,
[C]N1C(=O)C(=[C]c2ccc3c(c2)[C][C]N3[C][C][C]Cl)C(=O)N([C])C1=S,O,[C]N1C(=O)C2=[C]c3ccc4c(c3)[C][C]N4([C][C][C]Cl)~O~C2(=O)N([C])C1=S,-5.170105934143066,ok,
O=[N+]([O-])c1ccc(C=C2CCCC=C2N2CCOCC2)s1,O,O=[N+]([O-])c12~O~O3CCN(CC3)C3=CCCCC3=Cc(cc1)s2,-4.851286888122559,ok,
[C][C]1[C]c2ccccc2N1S(=O)(=O)c1ccc2c(c1)C(=C1[C][C][C][C]1)C(=O)[N]2,O,[C][C]1[C]c2ccccc2N1S(=O)(=O)c1ccc2c(c1)C(=C1[C][C][C][C]1)C1(~O~O=1)[N]2,-3.012190341949463,ok,
CCCOC(=O)c1ccc(N2N=C(C(F)(F)F)C(=Cc3ccc(-c4ccc([N+](=O)[O-])cc4)o3)C2=O)cc1,O,CCCO1~O~C(F)(F)(F)C2=NN(C(=O)C2=Cc2ccc(-c3ccc([N+](=O)[O-])cc3)o2)c2ccc(cc2)C1=O,-5.565841197967529,ok,
Cc1ccc(/C=C2\Oc3c(ccc([O-])c3C[NH+]3CCCCC3C)C2=O)o1,O,Cc1ccc(/C=C2\Oc3c4ccc(c3C[NH+]3CCCCC3C)[O-]~O~C24=O)o1,-3.631417989730835,ok,
O=C(C=CC1=Cc2cc(Cl)cc(Cl)c2OC1)c1ccc(N2CCC(O)CC2)cc1,O,O=C1(c2ccc(N3CCC(O)CC3)cc2)~O~O2CC(=Cc3cc(Cl)cc(Cl)c32)C=C1,-5.833312034606934,ok,
CCN(CCO)c1cc(NC(C)C)c2c3c(onc13)-c1ccccc1C2=O,O,CCN1CCO~O~C2(=O)c3ccccc3-c3onc4c1cc(NC(C)C)c2c34,-3.8948943614959717,ok,
CN1C(=O)C(=Cc2ccc(-c3ccc([N+](=O)[O-])cc3)o2)c2ccccc21,O,CN1C(=O)C(=Cc2ccc3o2~O~c2([N+](=O)[O-])ccc-3cc2)c2ccccc21,-5.962141513824463,ok,
CCN(CC)c1ccc(/C=C2\C=C(c3cccs3)OC2=O)cc1,O,CCN(CC)c1ccc(/C=C2\C=C(c3cccs3)O3~O~C23=O)cc1,-5.901500701904297,ok,
CCOc1ccc(Nc2cc(N3CC(C)CC(C)C3)c3noc4c3c2C(=O)c2ccccc2-4)cc1,O,CCO1~O~C2(=O)c3ccccc3-c3onc4c(N5CC(C)CC(C)C5)cc(c2c34)Nc2ccc1cc2,-5.855228900909424,ok,
CCCCN1C(=O)/C(=c2/s/c(=C\C=C3\SC(c4ccccc4)=C(c4ccccc4)N3CC)c(=O)n2CCCC)SC1=S,O,CCCCN1C(=S)S/C2=c3\s/c(c(=O)n3CCCC)=C\C=C3\SC(c4ccccc4)=C(c4ccccc4)N3(CC)~O~C21=O,-7.158151626586914,ok,
CCOc1ccc(Nc2cc(N3CCCC(C)C3)c3noc4c3c2C(=O)c2ccccc2-4)cc1,O,CCO1~O~C2(=O)c3ccccc3-c3onc4c(N5CCCC(C)C5)cc(c2c34)Nc2ccc1cc2,-5.877217769622803,ok,
CC(=O)N(C)c1ccc(NS(=O)(=O)c2ccc(C)cc2)c2c1C(=O)c1ccccc1C2=O,O,CC(=O)N1(C)~O~S(=O)(=O)(c2ccc(C)cc2)Nc2ccc1c1c2C(=O)c2ccccc2C1=O,-5.713079452514648,ok,
CN(C)c1ccc(/C=C(\C#N)c2nc(-c3ccc(F)cc3)c(NC(=O)c3ccc(Cl)cc3)s2)cc1,O,CN1(C)~O~C(=O)(c2ccc(Cl)cc2)Nc2sc(nc2-c2ccc(F)cc2)/C(C#N)=C/c2ccc1cc2,-6.940390110015869,ok,
CCC(C)COC(=O)c1c(N)n(-c2ccc(N(CC)CC)cc2)c2nc3ccccc3nc12,O,CCC(C)CO1~O~C1(=O)c1c(N)n(-c2ccc(N(CC)CC)cc2)c2nc3ccccc3nc12,-2.7564408779144287,ok,
Cc1ccc(N2CCN(C3=NC(=O)C(=Cc4ccc(-c5ccc(Cl)cc5[N+](=O)[O-])o4)S3)CC2)cc1,O,Cc1ccc(N2CCN(C3=NC4(=O)~O~o5c(ccc5-c5ccc(Cl)cc5[N+](=O)[O-])C=C4S3)CC2)cc1,-4.849765300750732,ok,
N#Cc1cc2nc(-c3ccco3)c(-c3ccco3)nc2cc1C#N,O,N#Cc1cc2nc(-c3ccco3)c(-c34~O~o3ccc4)nc2cc1C#N,-5.331098556518555,ok,
COc1ccccc1N1C(=O)/C(=C/c2ccc([N+](=O)[O-])cc2)C=C1c1ccccc1,O,CO1~O~c2([N+](=O)[O-])ccc(cc2)/C=C2\C=C(c3ccccc3)N(C2=O)c2ccccc21,-5.436586856842041,ok,
Nc1c(NCCO)cc(Nc2ccc(F)cc2)c2c1C(=O)c1ccccc1C2=O,O,O=C1c2ccccc2C2(=O)~O~Nc3c(NCCO)cc(Nc4ccc(F)cc4)c1c32,-5.874323844909668,ok,
Cc1ccc(/C=C2\Oc3c(ccc([O-])c3C[NH+]3CCCC(C)C3)C2=O)o1,O,Cc1ccc(/C=C2\Oc3c4ccc(c3C[NH+]3CCCC(C)C3)[O-]~O~C24=O)o1,-3.9860947132110596,ok,
CN(C)c1ccc(/C=C/c2cccc[n+]2CCCS(=O)(=O)[O-])cc1,O,CN(C)c1ccc(/C=C/c23~O~[O-]S(=O)(=O)CCC[n+]2cccc3)cc1,-3.58380126953125,ok,
CSCCC(C(=O)O)N1C(=O)C(=CC=Cc2ccco2)SC1=S,O,CSCCC(N1C(=O)C(=CC=Cc2ccco2)SC1=S)C1(=O)~O~O1,-4.758486747741699,ok,
O=C1OC(c2ccc(Br)cc2)=NC1=CC=Cc1ccc([N+](=O)[O-])cc1,O,O=[N+]([O-])c1ccc(C=CC=C2N=C(c3ccc(Br)cc3)O3~O~C23=O)cc1,-4.302454948425293,ok,
O=C1[N]c2ccc(OS(=O)N3[C][C]N(c4ccccc4)[C][C]3)cc2C1=C1[C][C][C][C]1,O,O=C1[N]c2ccc(O3~O~S3(=O)N3[C][C]N(c4ccccc4)[C][C]3)cc2C1=C1[C][C][C][C]1,-2.675649881362915,ok,
CN(c1ccccc1)c1ccc(/C=C2/SC(=S)N(c3cccc(C(F)(F)F)c3)C2=O)cc1,O,CN1(c2ccccc2)~O~C(F)(F)(F)c2cccc(c2)N2C(=O)/C(=C\c3ccc1cc3)SC2=S,-7.146819591522217,ok,
O=C1C(=Cc2ccc(-c3ccc(Br)cc3)o2)C=C(c2ccccc2)N1c1ccc(O)cc1,O,O=C12~O~Oc3ccc(cc3)N1C(c1ccccc1)=CC2=Cc1ccc(-c2ccc(Br)cc2)o1,-5.550961494445801,ok,
C=CCN1/C(=C\C=C\C2=[N+](C)c3ccccc3C2(C)C)C=Cc2ccccc21,O,C=CCN12~O~c34ccccc3C(C)(C)C(=[N+]4C)/C=C/C=C\1C=Cc1ccccc12,-5.570112228393555,ok,
O=C1C(=CC=Cc2ccco2)SC(=S)N1c1ccc(Br)cc1,O,O=C12~O~o3cccc3C=CC=C1SC(=S)N2c1ccc(Br)cc1,-6.222141742706299,ok,
Nc1c(C(=O)c2ccc([N+](=O)[O-])cc2)sc2nc(-c3cccs3)cc(C(F)(F)F)c12,O,O=C(c1ccc([N+](=O)[O-])cc1)c1sc2nc(-c3cccs3)cc3c2c1N~O~C3(F)(F)F,-6.9856767654418945,ok,
NC(C(C(C(F)(F)F)=CC(C1=CC=CS1)=N2)=C2S3)=C3C(C4=CC=C([N+]([O-])=O)C=C4)=O,O,O=C(c1ccc([N+](=O)[O-])cc1)c1sc2nc(-c3cccs3)cc3c2c1N~O~C3(F)(F)F,-6.9856767654418945,ok,
CCN1/C(=C/c2ccc3ccc(C)cc3[n+]2CCCS(=O)(=O)[O-])C=Cc2ccccc21,O,CCN1/C(=C/c2ccc3ccc(C)cc34~O~[O-]S(=O)(=O)CCC[n+]24)C=Cc2ccccc21,-4.239686489105225,ok,
COCCNc1cc(N2CCCC2)c(N)c2c1C(=O)c1ccccc1C2=O,O,COCCNc1cc(N2CCCC2)c2c3c1C(=O)c1ccccc1C3(=O)~O~N2,-5.291111946105957,ok,
CN(c1ccccc1)c1ccc(C=C2C(=O)CC(C)(C)CC2=O)cc1,O,CC1(C)CC(=O)C2=Cc3ccc(cc3)N(C)(c3ccccc3)~O~C2(=O)C1,-5.299281120300293,ok,
CN(c1ccccc1)c1ccc(/C=C2/SC(=S)N(Cc3ccccc3)C2=O)cc1,O,CN1(c2ccccc2)~O~C2(=O)/C(=C\c3ccc1cc3)SC(=S)N2Cc1ccccc1,-5.789933681488037,ok,
CCCCNc1cc(NCCO)c2c3c(onc13)-c1ccccc1C2=O,O,CCCCNc1cc2c3c4c(onc14)-c1ccccc1C3(=O)~O~OCCN2,-4.47154426574707,ok,
COc1ccc(C2NC(=S)NC=C2c2oc3cc(C#N)c(C#N)cc3c2C(=O)c2ccc(C)cc2)cc1,O,Cc1ccc(C2(=O)~O~O(C)c3ccc(cc3)C3NC(=S)NC=C3c3oc4cc(C#N)c(C#N)cc4c32)cc1,-6.716262340545654,ok,
CCN(CC)c1ccc(/C=C2/SC(=S)N(Cc3ccccc3)C2=O)c(OCc2ccc(Cl)cc2Cl)c1,O,CCN(CC)c1ccc2c(c1)O(Cc1ccc(Cl)cc1Cl)~O~C1(=O)/C(=C\2)SC(=S)N1Cc1ccccc1,-7.599251747131348,ok,
CN(C)c1cc[n+](C2=C(N=S(=O)([O-])c3ccccc3)C(=O)c3ccccc3C2=O)cc1,O,CN(C)c1cc[n+](C23~O~[O-]S(=O)(c4ccccc4)=NC=2C(=O)c2ccccc2C3=O)cc1,-3.411956548690796,ok,
[C]N1/C(=[C]/[C]=[C]/[C]=C2C(=O)c3ccccc3C2=O)C([C])([C])c2ccccc21,O,[C]C1([C])/C2=[C]\[C]=[C]\[C]=C3C(=O)c4ccccc4C3(=O)~O~N2([C])c2ccccc21,-5.398103713989258,ok,
CCCCCCCOc1ccc(C2=NOC(=O)C2=CC=Cc2ccccc2)cc1,O,CCCCCCCO1~O~C2(=O)ON=C(C2=CC=Cc2ccccc2)c2ccc1cc2,-6.1757402420043945,ok,
CN(C)c1ccc(/C=C2\C=C(c3ccc(Cl)cc3)OC2=O)cc1Br,O,CN(C)c1ccc(/C=C2\C=C(c3ccc(Cl)cc3)O3~O~C23=O)cc1Br,-5.423559665679932,ok,
CCOc1ccc(N2C(=O)/C(=C/c3ccc(-c4ccc(Cl)c(C(F)(F)F)c4)o3)N(C)C2=S)cc1,O,CCO1~O~C(F)(F)(F)c2cc(ccc2Cl)-c2ccc(o2)/C=C2/C(=O)N(C(=S)N2C)c2ccc1cc2,-7.3943772315979,ok,
CCc1nnc(S)n1N=Cc1ccc(N(C)c2ccccc2)cc1,O,CCc1nnc2(S)~O~N(C)(c3ccccc3)c3ccc(cc3)C=Nn12,-4.714766502380371,ok,
CN(C)c1ccc(/C=C/C=C2/SC(=O)N(c3ccc(Cl)cc3)C2=O)cc1,O,CN1(C)~O~C2(=O)S/C(=C/C=C/c3ccc1cc3)C(=O)N2c1ccc(Cl)cc1,-5.5387115478515625,ok,
CN(C)c1ccc(N)c2nonc12,O,CN(C)c1ccc2c3nonc13~O~N2,-2.351377248764038,ok,
CN(C)c1ccc(/C=C(\C#N)c2nc(-c3cccc([N+](=O)[O-])c3)cs2)cc1,O,CN1(C)~O~c2([N+](=O)[O-])cccc(c2)-c2csc(n2)/C(C#N)=C/c2ccc1cc2,-6.087839126586914,ok,
O=C1N=C(N2CCN(c3ccc([N+](=O)[O-])cc3)CC2)S/C1=C\c1ccc(-c2ccc([N+](=O)[O-])cc2)o1,O,O=[N+]([O-])c1ccc(-c2ccc3o2~O~C2(=O)N=C(N4CCN(c5ccc([N+](=O)[O-])cc5)CC4)S/C2=C\3)cc1,-4.533564567565918,ok,
O=C1[C]2[C]([C]3[C]=[C][C]2C3=C2[C][C][C][C][C]2)C(=O)N1c1ccc([N+](=O)[O-])c(Cl)c1,O,O=C1[C]2[C]([C]3[C]=[C][C]2C3=C2[C][C][C][C][C]2)C2=O~O~c3([N+](=O)[O-])ccc(cc3Cl)N12,-4.294486999511719,ok,
O=[N+]([O-])c1ccc(C#Cc2ccc3cc4ccccc4cc3c2)cc1,O,[O-][N+]1=O~O~c12ccc(C#Cc1ccc3cc4ccccc4cc3c1)cc2,,failed,Featurization failed: RDKit could not parse Smiles_Merged
O=C(CCc1ccccc1)O/N=C1/c2ccccc2-c2nc3ccccc3nc21,O,O=C1(CCc2ccccc2)~O~O1/N=C1/c2ccccc2-c2nc3ccccc3nc21,-4.252575874328613,ok,
O=C1/C(=C\C=C\c2ccco2)SC(=S)N1Cc1ccccc1,O,O=C12~O~o3cccc3/C=C/C=C\1SC(=S)N2Cc1ccccc1,-6.4075164794921875,ok,
CCCCCCCCCC(=O)[O-].[Na+],O,CCCCCCCCCC([O-])=O~O~[Na+],-1.868298888206482,ok,
Cc1ccccc1C1=NC(=CC=Cc2ccc([N+](=O)[O-])cc2)C(=O)O1,O,Cc1ccccc1C1=NC(=CC=Cc2ccc([N+](=O)[O-])cc2)C2(=O)~O~O12,-4.199360370635986,ok,
Cc1ccc(N2CCOCC2)c(/N=C/c2cc([N+](=O)[O-])ccc2O)c1,O,Cc1ccc(N2CCOCC2)c(/N=C/c2cc3([N+](=O)[O-])~O~Oc2cc3)c1,-3.4899775981903076,ok,
COC(=O)CCNc1cccc2c1C(=O)c1cccc(NCCC(=O)OC)c1C2=O,O,COC(=O)CCNc1cccc2c1C(=O)c1cccc(NCCC3(=O)~O~O3C)c1C2=O,-5.76738166809082,ok,
O=C1OC(c2ccc(F)cc2)=NC1=CC=Cc1ccc([N+](=O)[O-])cc1,O,O=[N+]([O-])c1ccc(C=CC=C2N=C(c3ccc(F)cc3)O3~O~C23=O)cc1,-4.21189022064209,ok,
CCCn1c(=O)/c(=C2/C=Cc3ccccc3N2CC)s/c1=C1\SC(=S)N(CC)C1=O,O,CCCn1/c(=C2/SC(=S)N(CC)C2=O)s/c2c1(=O)~O~N1(CC)/C=2C=Cc2ccccc21,-6.779989242553711,ok,
[C]1[C][C][C]([N]C([N][C]2[C][C][C][C][C]2)=Nc2nonc2N=C([N][C]2[C][C][C][C][C]2)[N][C]2[C][C][C][C][C]2)[C][C]1,O,[C]1[C][C][C]([N]C([N][C]2[C][C][C][C][C]2)=Nc2no3~O~c2(N=C([N][C]2[C][C][C][C][C]2)[N][C]2[C][C][C][C][C]2)n3)[C][C]1,-0.9970135688781738,ok,
O=C(O)c1ccc(N2C(=O)/C(=C/c3ccc(-c4ccc([N+](=O)[O-])cc4)o3)C=C2c2ccccc2)cc1O,O,O=C1/C(=C/c2ccc(-c3ccc([N+](=O)[O-])cc3)o2)C=C(c2ccccc2)N1c1ccc2c(c1)O~O~C2(=O)O,-4.992611408233643,ok,
[C][C][C][C]N1[C][C]c2cc([C]=C3C(=O)N([C])C(=S)N([C])C3=O)ccc21,O,[C][C][C][C]N12~O~C3(=O)C(=[C]c4ccc1c(c4)[C][C]2)C(=O)N([C])C(=S)N3[C],-4.859131813049316,ok,
CN1/C(=C\C=C\C2=[N+](C)c3ccccc3C2(C)C)C(C)(C)c2ccccc21,O,C[N+]1=C2/C=C/C=C3/C(C)(C)c4ccccc4N3(C)~O~c13ccccc3C2(C)C,-5.934953212738037,ok,
O=C1[N]c2ccc([O+]S([O-])=N[C][C][C]c3ccccc3)cc2C1=C1[C][C][C][C]1,O,O=C1[N]c2ccc3(~O~[O-]S(=N[C][C][C]c4ccccc4)[O+]3)cc2C1=C1[C][C][C][C]1,,failed,Featurization failed: RDKit could not parse Smiles_Merged
O=C(O)CN1C(=O)/C(=C/C(Cl)=C\c2ccc([N+](=O)[O-])cc2)SC1=S,O,O=C1/C(=C/C(Cl)=C\c2ccc([N+](=O)[O-])cc2)SC(=S)N1CC1(=O)~O~O1,-4.536808967590332,ok,
CN(C)c1ccc(/N=N/c2ccc(/N=N/c3ccccc3)cc2)cc1,O,CN1(C)~O~c2(ccc(/N=N/c3ccccc3)cc2)/N=N/c2ccc1cc2,,failed,Featurization failed: RDKit could not parse Smiles_Merged
[C][C]N1C(=[C]C2=[C]C(=C(C#N)C#N)c3ccccc32)N([C][C])c2ccccc21,O,[C][C]N1C2=[C]C3=[C]C(=C(C#N)(C#N)~O~N2([C][C])c2ccccc21)c1ccccc13,-5.693817138671875,ok,
[Na+].[Na+].[O-]S(=O)(=O)c1ccc2ccc(cc2c1)S([O-])(=O)=O,O,O=S(=O)([O-])c1ccc2ccc(S(=O)(=O)[O-]~O~[Na+])cc2c1.[Na+],-2.312817335128784,ok,
Cc1ccc(N2CCN(C3=NC(=O)/C(=C/c4ccc(-c5ccc(Cl)cc5[N+](=O)[O-])o4)S3)CC2)cc1,O,Cc1ccc(N2CCN(C3=NC4(=O)~O~o5c(ccc5-c5ccc(Cl)cc5[N+](=O)[O-])/C=C/4S3)CC2)cc1,-4.849765300750732,ok,
CCN(CC)c1ccc(C(=C2C=Nc3ccccc32)c2c[nH]c3ccccc23)cc1,O,CCN1(CC)~O~c23ccccc2C(=C(c2c[nH]c4ccccc24)c2ccc1cc2)C=N3,-3.4746339321136475,ok,
CCCCNc1cc(NCC)c2c3c(onc13)-c1ccccc1C2=O,O,CCCCNc1cc2c3c4c(onc14)-c1ccccc1C3(=O)~O~N2CC,-5.686118125915527,ok,
O=C1c2ccccc2-c2onc3c(N4CCOCC4)ccc1c23,O,O=C12~O~O3CCN(CC3)c3ccc1c1c(onc31)-c1ccccc12,-4.836836814880371,ok,
O=C(Nc1ccc2nc(N3CCCC3)sc2c1)c1ccc2c(c1)S(=O)(=O)c1ccccc1C2=O,O,O=C1c2ccccc2S(=O)(=O)c2cc(C3(=O)~O~N4(CCCC4)c4nc5ccc(cc5s4)N3)ccc21,-5.978511810302734,ok,
Cc1ccc(N2C(=O)/C(=C\c3ccc(-c4ccc([N+](=O)[O-])cc4)o3)SC2=S)cc1C,O,Cc1ccc(N2C(=S)S/C3=C/c4ccc(-c5ccc([N+](=O)[O-])cc5)o4~O~C32=O)cc1C,-6.868138313293457,ok,
Cc1ccccc1N1CCN(C(=O)C(C#N)=Cc2ccc(-c3ccc(Br)cc3)o2)CC1,O,Cc1ccccc1N1CCN(C2(=O)~O~o3c(ccc3-c3ccc(Br)cc3)C=C2C#N)CC1,-4.766363620758057,ok,
O=C1/C(=C/c2ccc([N+](=O)[O-])cc2)C=C(c2ccccc2)N1c1cccc2ccccc12,O,O=C1/C2=C/c3ccc([N+](=O)[O-])(~O~N1(c1cccc4ccccc14)C(c1ccccc1)=C2)cc3,-4.935754776000977,ok,
O=C1CSC(=S)N1c1ccc(/N=N/c2ccc([N+](=O)[O-])cc2)cc1,O,O=[N+]([O-])c12~O~O=C3CSC(=S)N3c3ccc(cc3)/N=N/c(cc1)cc2,-3.4444057941436768,ok,
O=C(CS1)N(C1=S)C(C=C2)=CC=C2/N=N/C(C=C3)=CC=C3[N+]([O-])=O,O,O=[N+]([O-])c12~O~O=C3CSC(=S)N3c3ccc(cc3)/N=N/c(cc1)cc2,-3.4444057941436768,ok,
CC(C)Nc1cc(N2CCC3(CC2)OCCO3)c2noc3c2c1C(=O)c1ccccc1-3,O,CC(C)N1~O~C2(=O)c3ccccc3-c3onc4c(N5CCC6(CC5)OCCO6)cc1c2c34,-4.563117027282715,ok,
CCN1/C(=C\C=C\C2=[N+](CC)c3ccccc3C2(C)C)C(C)(C)c2ccccc21,O,CC[N+]1=C2/C=C/C=C3/C(C)(C)c4ccccc4N3(CC)~O~c13ccccc3C2(C)C,-6.37818717956543,ok,
CC1CCN(c2cc(NC(C)C)c3c4c(onc24)-c2ccccc2C3=O)CC1,O,CC1CCN(c2cc3c4c5c(onc25)-c2ccccc2C4(=O)~O~N3C(C)C)CC1,-4.587733745574951,ok,
O=C1/C(=C/c2cccc([N+](=O)[O-])c2)CC/C1=C\c1csc(-c2ccccn2)n1,O,O=[N+]([O-])c12~O~O=C3/C(=C/c(ccc1)c2)CC/C3=C\c1csc(-c2ccccn2)n1,-4.29591178894043,ok,
COc1cc([N+](=O)[O-])ccc1-c1ccc(/C=C(\C#N)c2ccc([N+](=O)[O-])cc2)o1,O,CO1~O~c2([N+](=O)[O-])ccc(-c3ccc(/C=C(\C#N)c4ccc([N+](=O)[O-])cc4)o3)c1c2,-5.749248504638672,ok,
[C][C]1[C][C]N(S(=O)(=O)c2ccc3c(c2)C(=C2[C][C][C][C]2)C(=O)[N]3)[C][C]1,O,[C][C]1[C][C]N(S(=O)(=O)c2ccc3c(c2)C(=C2[C][C][C][C]2)C2(~O~O=2)[N]3)[C][C]1,-2.9352424144744873,ok,
CCN(CC)c1ccc2nc3ccc(N)cc3[n+](-c3ccccc3)c2c1,O,CCN(CC)c1ccc2nc3ccc4cc3[n+](-c3ccccc3)c2(~O~N4)c1,-5.478125095367432,ok,
CCN(CC)c1ccc(C=C2C(=O)c3ccccc3C2=O)c(O)c1,O,CCN(CC)c1ccc2c(c1)O~O~C1(=O)C(=C2)C(=O)c2ccccc21,-5.889063358306885,ok,
CCN1C(=O)C(=Cc2ccc(-c3cccc(Cl)c3)o2)C(=O)N(CC)C1=S,O,CCN1C(=O)C2=Cc3ccc(-c4cccc(Cl)c4)o3~O~C2(=O)N(CC)C1=S,-6.616551399230957,ok,
CCOC(=O)C1CCN(c2cc(Nc3ccc(OC)cc3)c3c4c(onc24)-c2ccccc2C3=O)CC1,O,CCOC1(=O)~O~O(C)c2ccc(cc2)Nc2cc(c3noc4c3c2C(=O)c2ccccc2-4)N2CCC1CC2,-5.7971696853637695,ok,
O=C(O)c1cc(-c2ccc(C=C3Sc4ccccc4C3=O)o2)ccc1O,O,O=C1C(=Cc2ccc(-c3ccc4c(c3)C(=O)(O)~O~O4)o2)Sc2ccccc21,-5.986035346984863,ok,
Cc1ccc(S(=O)(=O)Nc2nc3ccccc3nc2Nc2ccc(-c3ccc([N+](=O)[O-])cc3)cc2)cc1,O,Cc1ccc(S(=O)(=O)Nc2nc3ccccc3nc2N2~O~c3([N+](=O)[O-])ccc(cc3)-c3ccc2cc3)cc1,-5.145978927612305,ok,
Cc1ccc(C)c(N2C(=O)/C(=C/c3ccc([N+](=O)[O-])cc3)C=C2c2ccccc2)c1,O,Cc1ccc(C)c(N23~O~c4([N+](=O)[O-])ccc(cc4)/C=C(\C=C2c2ccccc2)C3=O)c1,-4.7672319412231445,ok,
O=C(O)CN1C(=O)S/C(=C/C(Cl)=C/c2ccc([N+](=O)[O-])cc2)C1=O,O,O=C1S/C(=C/C(Cl)=C/c2ccc([N+](=O)[O-])cc2)C(=O)N1CC1(=O)~O~O1,-4.473149299621582,ok,
CN(C)c1cccc2c1C(=O)C(=O)C=C2c1ccc(N(C)C)c2c(N(C)C)cccc12,O,CN(C)c1cccc2c1C1(=O)~O~N(C)(C)c3cccc4c(ccc(N(C)C)c34)C2=CC1=O,-5.228099822998047,ok,
O=C(O)CCCCCN1C(=O)/C(=C\C=C\c2ccco2)SC1=S,O,O=C1/C(=C\C=C\c2ccco2)SC(=S)N1CCCCCC1(=O)~O~O1,-5.244603633880615,ok,
O=C1NC(=S)SC1=Cc1ccc(-c2ccc3c(c2)C(=O)c2ccccc2C3=O)o1,O,O=C1c2ccccc2C(=O)c2cc(-c3ccc4o3~O~C3(=O)NC(=S)SC3=C4)ccc21,-7.328788757324219,ok,
O=C(Nc1ccc2nc(N3CCOCC3)sc2c1)c1cccc([N+](=O)[O-])c1,O,O=C1Nc2ccc3nc(sc3c2)N2CCO(~O~c3([N+](=O)[O-])cccc1c3)CC2,-5.212170600891113,ok,
C=CCn1c(=O)/c(=C\C=C2\C=CN(CC)c3ccccc32)s/c1=C\c1sc(-c2ccccc2)c(-c2ccccc2)[n+]1CC,O,C=CCn1/c(=C/c2sc(-c3ccccc3)c(-c3ccccc3)[n+]2CC)s/c2c1(=O)~O~N1(CC)C=C/C(=C/C=2)c2ccccc21,-5.223559379577637,ok,
CN(C)c1ccc(/C=C/C(=O)/C=C/c2ccc([N+](=O)[O-])cc2)cc1,O,CN1(C)~O~c2([N+](=O)[O-])ccc(cc2)/C=C/C(=O)/C=C/c2ccc1cc2,-5.527322292327881,ok,
[C]OC(=O)C1=C(C(=O)O[C])SC(=C2C(=S)C([C])([C])N([C])c3ccccc32)S1,O,[C]OC(=O)C1=C(C2(=O)~O~O2[C])SC(=C2C(=S)C([C])([C])N([C])c3ccccc32)S1,-5.653698921203613,ok,
O=C(c1sc2cc([N+](=O)[O-])ccc2c1Cl)N1c2ccccc2Sc2ccc(C(F)(F)F)cc21,O,O=C(c1sc2cc([N+](=O)[O-])ccc2c1Cl)N12~O~C(F)(F)(F)c3ccc(c1c3)Sc1ccccc12,-7.584135055541992,ok,
CC(C)CNC(=O)c1c(N)n(/N=C/c2ccc(N(C)C)cc2)c2nc3ccccc3nc12,O,CC(C)CNC1(=O)~O~Nc2c1c1nc3ccccc3nc1n2/N=C/c1ccc(N(C)C)cc1,-2.6107447147369385,ok,
CCN(CC)c1ccc(-n2c(N)c(C(=O)NCc3ccc(Cl)cc3)c3nc4ccccc4nc32)cc1,O,CCN(CC)c1ccc(-n2c3c(c4nc5ccccc5nc42)C(=O)(NCc2ccc(Cl)cc2)~O~N3)cc1,-3.3310625553131104,ok,
O=C1OC(c2cccs2)=N/C1=C\C=C\c1ccc([N+](=O)[O-])cc1,O,O=[N+]([O-])c1ccc(/C=C/C=C2\N=C(c3cccs3)O3~O~C23=O)cc1,-4.627390384674072,ok,
Cc1cccc(N2CCN(C3=NC(=O)C(=Cc4ccc(-c5cccc(C(F)(F)F)c5)o4)S3)CC2)c1,O,Cc1cccc(N2CCN(C3=NC(=O)C(=Cc4ccc5o4~O~C(F)(F)(F)c4cccc-5c4)S3)CC2)c1,-5.788898944854736,ok,
CCOc1ccc(N2C(=O)/C(=C/c3ccc(-c4ccc(Cl)cc4)o3)N(C)C2=S)cc1,O,CCO1~O~C2(=O)/C(=C/c3ccc(-c4ccc(Cl)cc4)o3)N(C)C(=S)N2c2ccc1cc2,-6.495365619659424,ok,
O=C(OCc1cccc(Cl)c1)c1c2c(nc3ccccc13)C(=Cc1ccc([N+](=O)[O-])cc1)CCC2,O,O=[N+]([O-])c1ccc(C=C2CCCc3c2nc2ccccc2c3C2(=O)~O~O2Cc2cccc(Cl)c2)cc1,-5.610933780670166,ok,
CC[NH+](CC)Cc1c([O-])ccc2c1O/C(=C\c1cc(OC)ccc1OC)C2=O,O,CC[NH+](CC)Cc1c2ccc3c1O/C(=C\c1cc(OC)ccc1OC)C3(=O)~O~[O-]2,-4.272251129150391,ok,
N#C/C(=C\c1ccc(-c2ccc(C(=O)O)cc2)o1)C(=O)N1CCN(c2ccccc2)CC1,O,N#C/C(=C\c1ccc(-c2ccc(C3(=O)~O~O3)cc2)o1)C(=O)N1CCN(c2ccccc2)CC1,-3.5842719078063965,ok,
O=C1/C(=C/c2ccco2)Oc2c1ccc([O-])c2C[NH+]1CCCCC1,O,O=C12~O~[O-]c3ccc1c(c3C[NH+]1CCCCC1)O/C2=C\c1ccco1,-3.6929337978363037,ok,
Cn1cc(/C=C/C2=CC(=C(C#N)C#N)CC(C)(C)C2)c2ccccc21,O,CC1(C)CC2=CC(=C(C#N)(C#N)~O~n3(C)cc(c4ccccc43)/C=C/2)C1,-6.491823673248291,ok,
Nc1c(NCCO)cc(NCCc2ccccc2)c2c1C(=O)c1ccccc1C2=O,O,O=C1c2ccccc2C2(=O)~O~Nc3c(NCCO)cc(NCCc4ccccc4)c1c32,-5.55650520324707,ok,
O=C1Nc2c(Cl)cc(Cl)cc2/C1=N/N=C/c1cc(Br)ccc1O,O,O=C12~O~Oc3ccc(Br)cc3/C=N/N=C\1c1cc(Cl)cc(Cl)c1N2,-6.019444465637207,ok,
O=C1Nc2ccccc2C1=Cc1ccc(-c2ccc([N+](=O)[O-])cc2)o1,O,O=C1Nc2ccccc2C1=Cc1ccc2o1~O~c1([N+](=O)[O-])ccc-2cc1,-6.487754821777344,ok,
Oc1ccc(C=C2CCCc3c(-c4ccccc4)cc(-c4ccccc4)[o+]c32)cc1,O,C1=C2CCCc3c(-c4ccccc4)cc(-c4ccccc4)(~O~Oc4ccc1cc4)[o+]c32,-9.120513916015625,ok,
Cc1c(C=O)cc(C=CC2=[N+](C)c3ccccc3C2(C)C)c([O-])c1C,O,Cc1c(C=O)cc2c(c1C)[O-]~O~c13ccccc1C(C)(C)C(=[N+]3C)C=C2,-3.857558250427246,ok,
CCCCC1=C(C)/C(=C/c2ccc[nH]2)[NH+]=C1Cc1[nH]c(/C=C2/C=CC=[NH+]2)c(C)c1CCCC,O,CCCCC1=C(C)C2(~O~[nH]3cccc3C=2)[NH+]=C1Cc1[nH]c(/C=C2/C=CC=[NH+]2)c(C)c1CCCC,-7.622176647186279,ok,
CCCCc1ccc(-c2csc(/C(C#N)=C/c3ccc(N(C)C)cc3)n2)cc1,O,CCCCc1ccc(-c2csc3(~O~N(C)(C)c4ccc(cc4)/C=C/3C#N)n2)cc1,,failed,Featurization failed: RDKit could not parse Smiles_Merged
Cc1ccccc1Nc1ccc(NC(=O)c2ccccc2)c2c1C(=O)c1ccccc1C2=O,O,Cc1ccccc1N1~O~C(=O)(c2ccccc2)Nc2ccc1c1c2C(=O)c2ccccc2C1=O,-6.5033063888549805,ok,
CCc1ccc(N2C(=O)/C(=C/c3ccc(-c4ccc(C(=O)O)cc4)o3)C(=O)N(C)C2=S)cc1,O,CCc1ccc(N2C(=O)/C(=C/c3ccc(-c4ccc(C5(=O)~O~O5)cc4)o3)C(=O)N(C)C2=S)cc1,-4.97481107711792,ok,
C=CC1=C(C)/C(=C/c2[nH]c(Cc3[nH]c(/C=C4\NC(=O)C(C)=C4C=C)c(C)c3CCC(=O)O)c(CCC(=O)O)c2C)NC1=O,O,C=CC1=C(C)/C(=C/c2[nH]c(Cc3[nH]c(/C=C4\NC(=O)C(C)=C4C=C)c(C)c3CCC3(=O)~O~O3)c(CCC(=O)O)c2C)NC1=O,-6.2086992263793945,ok,
CN(C)c1ccc(C=C2CCc3c2nc2ccccc2c3C(=O)O)cc1,O,CN(C)c1ccc(C=C2CCc3c2nc2ccccc2c3C2(=O)~O~O2)cc1,-3.712094306945801,ok,
C=CCN1/C(=C\C=C\C2=[N+](C)c3ccccc3C2(C)C)Sc2ccccc21,O,C=CCN12~O~c34ccccc3C(C)(C)C(=[N+]4C)/C=C/C=C\1Sc1ccccc12,-5.752666473388672,ok,
O=C1[N]c2ccc([O+]S([O-])=N[C][C]c3ccccc3)cc2C1=C1[C][C][C][C]1,O,O=C1[N]c2ccc3(~O~[O-]S(=N[C][C]c4ccccc4)[O+]3)cc2C1=C1[C][C][C][C]1,,failed,Featurization failed: RDKit could not parse Smiles_Merged
O=C1/C(=C\c2ccc(-c3cccc([N+](=O)[O-])c3)o2)NC(=S)N1CC1CCCO1,O,O=[N+]([O-])c1cccc(-c2ccc3o2~O~C2(=O)/C(=C\3)NC(=S)N2CC2CCCO2)c1,-7.0775227546691895,ok,
O=C(c1sc2cc([N+](=O)[O-])ccc2c1Cl)N1c2ccccc2Sc2ccccc21,O,O=[N+]([O-])c1ccc2c(Cl)c(C3(=O)~O~N34c3ccccc3Sc3ccccc34)sc2c1,-6.070428848266602,ok,
CCN1/C(=C/c2ccc3ccccc3[n+]2CC)C=Cc2c1sc1ccccc21,O,CC[n+]1c2ccc3ccccc31~O~N1(CC)/C(=C/2)C=Cc2c1sc1ccccc21,-6.867145538330078,ok,
CCN1/C(=C/c2ccc3ccccc3[n+]2CCCS(=O)(=O)[O-])C=Cc2ccccc21,O,CCN1/C(=C/c2ccc3ccccc34~O~[O-]S(=O)(=O)CCC[n+]24)C=Cc2ccccc21,-4.163475036621094,ok,
C(=Cc1cc(-c2ccccc2)cc(-c2ccccc2)[o+]1)c1ccc(N2N=C(c3ccccc3)CC2c2ccccc2)cc1,O,C1=Cc2cc(-c3ccccc3)cc(-c3ccccc3)(~O~N3(N=C(c4ccccc4)CC3c3ccccc3)c3ccc1cc3)[o+]2,-9.061056137084961,ok,
O=C1OC(c2ccccc2)=NC1=CC=Cc1ccc([N+](=O)[O-])cc1,O,O=[N+]([O-])c1ccc(C=CC=C2N=C(c3ccccc3)O3~O~C23=O)cc1,-4.138991355895996,ok,
COc1ccc(-c2csc(C=Cc3cccc([N+](=O)[O-])c3)n2)cc1OC,O,COc1cc2ccc1O(C)~O~c1([N+](=O)[O-])cccc(c1)C=Cc1nc-2cs1,-5.509189605712891,ok,
Cc1cc(C)cc(NC(=O)c2c(N)n(/N=C/c3ccc(N(C)C)cc3)c3nc4ccccc4nc23)c1,O,Cc1cc(C)cc(NC2(=O)~O~Nc3c2c2nc4ccccc4nc2n3/N=C/c2ccc(N(C)C)cc2)c1,-2.394124746322632,ok,
CCC1(C)NC(=O)N(/N=C/c2ccc(N(C)c3ccccc3)cc2)C1=O,O,CCC1(C)NC2(=O)~O~N(C)(c3ccccc3)c3ccc(cc3)/C=N/N2C1=O,-4.264753341674805,ok,
Cc1cccc2nc3c(nc12)-c1ccccc1/C3=N/c1ccccc1,O,Cc1cccc2nc34~O~N(/c5ccccc5)=C/3c3ccccc3-c4nc12,-4.656312942504883,ok,
FC(F)Sc1ccc(-c2ccc(C=NN=CC3=C(N4CCOCC4)C(=Cc4ccc(Cl)cc4)CC3)o2)cc1,O,FC1(F)~O~o2c(C=NN=CC3=C(N4CCOCC4)C(=Cc4ccc(Cl)cc4)CC3)ccc2-c2ccc(cc2)S1,-7.911482810974121,ok,
CCc1ccc(-c2csc(/C(C#N)=C/c3ccc(N(C)C)cc3)n2)cc1,O,CCc1ccc(-c2csc3(~O~N(C)(C)c4ccc(cc4)/C=C/3C#N)n2)cc1,,failed,Featurization failed: RDKit could not parse Smiles_Merged
COc1ccc(N2CCN(c3cc(NC4CCCCC4)c4c5c(onc35)-c3ccccc3C4=O)CC2)cc1,O,CO1~O~C2(=O)c3ccccc3-c3onc4c(cc(NC5CCCCC5)c2c34)N2CCN(CC2)c2ccc1cc2,-4.184008598327637,ok,
CCOC(=O)c1ccc(-c2ccc(/C=C3/C=C(c4ccccc4)N(c4ccc(C)cc4)C3=O)o2)cc1,O,CCO1~O~C1(=O)c1ccc(-c2ccc(/C=C3/C=C(c4ccccc4)N(c4ccc(C)cc4)C3=O)o2)cc1,-5.207337856292725,ok,
CCCCCC(=O)N1c2ccc([N+](=O)[O-])cc2-c2c(ssc2=S)C1(C)C,O,CCCCCC(=O)N12~O~c3([N+](=O)[O-])ccc1c(c3)-c1c(ssc1=S)C2(C)C,-7.436055660247803,ok,
O=S(=O)([O-])c1ccc(Nc2cc3c(nc4ccccc4[n+]3-c3ccccc3)c3ccccc23)c(S(=O)(=O)[O-])c1,O,O=S(=O)([O-])c1cc2ccc1Nc1cc3(~O~[O-]S2(=O)=O)c(nc2ccccc2[n+]3-c2ccccc2)c2ccccc12,-5.484362602233887,ok,
[C]OC(=O)C1=C(C(=O)O[C])SC(=C2C(=S)C([C])([C])N([C])c3ccc([C])cc32)S1,O,[C]OC(=O)C1=C(C2(=O)~O~O2[C])SC(=C2C(=S)C([C])([C])N([C])c3ccc([C])cc32)S1,-5.785307884216309,ok,
c1ccc(N/N=C2/c3ccccc3-c3nc4ccccc4nc32)cc1,O,c1ccc(N2~O~C3(=N2)c2ccccc2-c2nc4ccccc4nc23)cc1,-4.604538440704346,ok,
O=C1C(=CC=Cc2cccc(Br)c2)SC(=S)N1Cc1ccccc1,O,O=C12~O~N1(Cc1ccccc1)C(=S)SC2=CC=Cc1cccc(Br)c1,-5.751669883728027,ok,
CCOc1ccc(N2C(=O)/C(=C/C=C/c3ccco3)N(CC(=O)OC)C2=S)cc1,O,CCO1~O~C(=O)(OC)CN2C(=S)N(C(=O)/C2=C/C=C/c2ccco2)c2ccc1cc2,-5.919275760650635,ok,
CN(c1ccccc1)c1ccc(/C=C2\SC(=S)N(c3cccc(C(F)(F)F)c3)C2=O)cc1,O,CN1(c2ccccc2)~O~C(F)(F)(F)c2cccc(c2)N2C(=O)/C(=C/c3ccc1cc3)SC2=S,-7.043990612030029,ok,
CN(C)c1ccc(Nc2cc(N3CCC4(CC3)OCCO4)c3noc4c3c2C(=O)c2ccccc2-4)cc1,O,CN1(C)~O~C2(=O)c3ccccc3-c3onc4c(N5CCC6(CC5)OCCO6)cc(c2c34)Nc2ccc1cc2,-5.5817389488220215,ok,
CC1=C(C#N)c2nc(N)c(C#N)c(C)c2/C1=C\c1cn(Cc2cccc(C)c2)c2ccccc12,O,CC1=C(C#N)c2nc3(~O~N3)c(C#N)c(C)c2/C1=C\c1cn(Cc2cccc(C)c2)c2ccccc12,,failed,Featurization failed: RDKit could not parse Smiles_Merged
CCN1C(=O)/C(=C\C=C2\N(C)c3ccccc3C2(C)C)SC1=S,O,CCN1C(=S)SC2=CC=C3C(C)(C)c4ccccc4N3(C)~O~C21=O,-5.906208038330078,ok,
C=C(c1cccs1)c1ccc2ccccc2[n+]1C,O,C=C(c1cccs1)c12~O~[n+]1(C)c1ccccc1cc2,-6.65940523147583,ok,
C[n+]1c(/C=C2\C=Cc3ccccc3N2CCCS(=O)(=O)[O-])sc2ccccc21,O,C[n+]1c2ccccc2sc12~O~[O-]S(=O)(=O)CCCN1/C(=C/2)C=Cc2ccccc21,,failed,Featurization failed: RDKit could not parse Smiles_Merged
CN(C)c1ccc(C(=O)NN=C2C=C(C(C)(C)C)C(=O)C(C(C)(C)C)=C2)cc1,O,CC(C)(C)C1=CC(=NNC2(=O)~O~N(C)(C)c3ccc2cc3)C=C(C(C)(C)C)C1=O,-5.388129711151123,ok,
O=C1C(=C/C=C/c2ccco2)C(=O)c2ccccc21,O,O=C1C2=C/C=C/c3ccco3~O~C2(=O)c2ccccc21,-5.3726420402526855,ok,
CN(C)c1ccc(C=C2N=C(C=Cc3ccc([N+](=O)[O-])cc3)OC2=O)cc1,O,CN(C)c1ccc(C=C2N=C(C=Cc3ccc([N+](=O)[O-])cc3)O3~O~C23=O)cc1,-3.9816524982452393,ok,
[C][C]N([C][C])c1ccc([C]=C2C(=O)OC([C])([C])OC2=O)c(O[C])c1,O,[C][C]N([C][C])c1ccc2c(c1)O([C])~O~C1(=O)OC([C])([C])OC(=O)C1=[C]2,-4.60856819152832,ok,
N#CC(C#N)=c1ccc2c(c1)N1C3=C(CCCC3)C(c3ccccc3)C3CCCCC31N=2,O,N#CC(C#N)=c1ccc2c(c1)N13~O~C14(CCCCC4C(c1ccccc1)C1=C3CCCC1)N=2,-5.7726521492004395,ok,
O=C1c2ccc(Oc3ccc4c(c3)C(=O)N(c3ccc(/N=N/c5ccccc5)cc3)C4=O)cc2C(=O)N1c1ccc(/N=N/c2ccccc2)cc1,O,O=C1c2ccc(O3~O~C4(=O)c5cc3ccc5C(=O)N4c3ccc(/N=N/c4ccccc4)cc3)cc2C(=O)N1c1ccc(/N=N/c2ccccc2)cc1,-5.067195415496826,ok,
CCN1C(=O)/C(=c2\s/c(=C\C=C3\Sc4ccc([N+](=O)[O-])cc4N3C)c(=O)n2-c2ccccc2)SC1=S,O,CCN1C(=O)/C(=c2\s/c3c(=O)(~O~N4(C)/C(=C\C=3)Sc3ccc([N+](=O)[O-])cc34)n2-c2ccccc2)SC1=S,-6.488517761230469,ok,
CN(C)c1ccc(/C=C/c2cc(C(C)(C)C)cc(C(C)(C)C)[s+]2)cc1,O,CC(C)(C)c1cc(C(C)(C)C)[s+]c2(~O~N(C)(C)c3ccc(cc3)/C=C/2)c1,,failed,Featurization failed: RDKit could not parse Smiles_Merged
O=C1N=C(N2CCN(c3cccc(Cl)c3)CC2)SC1=Cc1ccc(-c2cc(Cl)ccc2Cl)o1,O,O=C12~O~o3c(ccc3-c3cc(Cl)ccc3Cl)C=C1SC(N1CCN(c3cccc(Cl)c3)CC1)=N2,-5.584122657775879,ok,
Cc1cccc(N2C(=O)C(=Cc3ccc(-c4ccc(Br)cc4)o3)C=C2c2ccccc2)c1,O,Cc1cccc(N2C(c3ccccc3)=CC3=Cc4ccc(-c5ccc(Br)cc5)o4~O~C32=O)c1,-6.224701404571533,ok,
CN1/C(=C\C=C2C(=O)CC(C)(C)CC2=O)C(C)(C)c2ccccc21,O,CC1(C)CC(=O)C2=CC=C3C(C)(C)c4ccccc4N3(C)~O~C2(=O)C1,-4.192840576171875,ok,
CN(C)c1ccc(/C=C2\CCC/C(=C\c3ccc(N(C)C)cc3)C2=O)cc1,O,CN(C)c1ccc(/C=C2\CCC/C3=C\c4ccc(cc4)N(C)(C)~O~C23=O)cc1,-5.2014055252075195,ok,
O=C1/C(CCC/C1=C\C(C=C2)=CC=C2N(C)C)=C/C3=CC=C(N(C)C)C=C3,O,CN(C)c1ccc(/C=C2\CCC/C3=C\c4ccc(cc4)N(C)(C)~O~C23=O)cc1,-5.201405048370361,ok,
CCN(CC)c1ccc2nc3c(C(N)=O)cc(O)c(O)c3[o+]c2c1,O,CCN(CC)c1ccc2nc3c(C(N)=O)cc4c(O)c3(~O~O4)[o+]c2c1,-6.702029228210449,ok,
CC1=C(C#N)c2nc(N)c(C#N)c(C)c2/C1=C\c1ccccc1[N+](=O)[O-],O,CC1=C(C#N)c2nc3c(C#N)c(C)c2/C1=C\c1ccccc1([N+](=O)[O-])~O~N3,-5.278883934020996,ok,
O=C1C(=Cc2ccc([N+](=O)[O-])cc2)C=C(c2ccccc2)N1Cc1ccccc1,O,O=C1C2=Cc3ccc([N+](=O)[O-])(~O~N1(Cc1ccccc1)C(c1ccccc1)=C2)cc3,-4.922373294830322,ok,
O=C1C(=CC2=Cc3ccccc3OC2)SC(=S)N1c1cccc(O)c1,O,O=C12~O~Oc3cccc(c3)N1C(=S)SC2=CC1=Cc2ccccc2OC1,-3.687230348587036,ok,
Cc1cccc(S(=O)(=O)c2c(N)n(/N=C/c3ccc(N(C)C)cc3)c3nc4ccccc4nc23)c1,O,Cc1cccc(S2(=O)(=O)~O~Nc3c2c2nc4ccccc4nc2n3/N=C/c2ccc(N(C)C)cc2)c1,-3.3912787437438965,ok,
CCN1C(=O)/C(=C/c2ccc(N(C)c3ccccc3)cc2)SC1=S,O,CCN1C(=S)S/C2=C\c3ccc(cc3)N(C)(c3ccccc3)~O~C21=O,-6.072361946105957,ok,
CN(c1ccccc1)c1ccc(/C=C2\C(=O)ON=C2c2ccc(Cl)cc2)cc1,O,CN1(c2ccccc2)~O~C2(=O)ON=C(c3ccc(Cl)cc3)/C2=C/c2ccc1cc2,-4.889669418334961,ok,
CC1CCC[NH+](Cc2c([O-])ccc3c2O/C(=C\c2ccco2)C3=O)C1,O,CC1CCC[NH+](Cc2c3ccc4c2O/C(=C\c2ccco2)C4(=O)~O~[O-]3)C1,-3.9800069332122803,ok,
O=[N+]([O-])c1ccc(O)c(/C=N/c2ccc(Nc3ccccc3)cc2)c1,O,O=[N+]([O-])c12~O~Oc(cc1)c(/C=N/c1ccc(Nc3ccccc3)cc1)c2,-3.89805006980896,ok,
CCCN(Cc1ccccc1)C(=S)Nc1ccc2nc3c4ccccc4c4ccccc4c3nc2c1,O,CCCN1(Cc2ccccc2)~O~C1(=S)Nc1ccc2nc3c4ccccc4c4ccccc4c3nc2c1,-6.12965202331543,ok,
Nc1c(N2CCOCC2)cc(NCc2ccco2)c2c1C(=O)c1ccccc1C2=O,O,Nc1c(N2CCOCC2)cc2c3c1C(=O)(~O~o1cccc1CN2)c1ccccc1C3=O,-4.925935745239258,ok,
CN(CCO)c1ccc2cc(/C=C(\C#N)c3ccc(C#N)cc3)sc2c1,O,CN1CCO~O~C(#N)/C(c2ccc(C#N)cc2)=C\c2cc3ccc1cc3s2,-4.921269416809082,ok,
Nc1c(N2CCN(CCO)CC2)cc(NCCO)c2c1C(=O)c1ccccc1C2=O,O,O=C1c2ccccc2C2(=O)~O~Nc3c(N4CCN(CCO)CC4)cc(NCCO)c1c32,-4.806685447692871,ok,
CCCCN1C(=S)SC(C)(C)C1/[N+]([O-])=C/C=C/c1ccc([N+](=O)[O-])o1,O,CCCCN1C(=S)SC(C)(C)C1/[N+]1=C/C=C/c2ccc([N+](=O)[O-])(~O~[O-]1)o2,-5.265010833740234,ok,
COC(=O)c1ccc(C=CC2=[N+](C)c3ccc(OC)cc3C2(C)C)cc1,O,COC1(=O)~O~O(C)c2ccc3c(c2)C(C)(C)C(=[N+]3C)C=Cc2ccc1cc2,-5.5251970291137695,ok,
[C][C]N1C(=O)C(=[C][N]c2sc3c(c2C(=O)c2ccc([C])cc2)[C][C][C][C]3)C(=O)N([C][C])C1=S,O,[C][C]N1C(=O)C2=[C][N]c3sc4c(c3C(c3ccc([C])cc3)=O~O~C2(=O)N([C][C])C1=S)[C][C][C][C]4,-3.881781816482544,ok,
O=C1/C(=C/C=C/c2ccco2)SC(=S)N1C1CCCCC1,O,O=C12~O~o3cccc3/C=C/C=C/1SC(=S)N2C1CCCCC1,-6.4131622314453125,ok,
O=C(/C=C/c1ccc(-c2cccc(Cl)c2Cl)o1)N1c2ccccc2Sc2ccc(Cl)cc21,O,O=C1(N2c3ccccc3Sc3ccc(Cl)cc32)~O~o2c(ccc2-c2cccc(Cl)c2Cl)/C=C/1,-7.186067581176758,ok,
Cc1ccc2c(c1)C(=NC1CCCCC1)c1nc3ccccc3nc1-2,O,Cc1ccc2c(c1)C1=N(C3CCCCC3)~O~c13nc1ccccc1nc3-2,-5.081421852111816,ok,
O=C(Nc1ccc(N2CCCC2)cn1)c1ccc2c(c1)C(=O)NC2=O,O,O=C1Nc2ccc(cn2)N2(~O~C3(=O)NC(=O)c4ccc1cc43)CCCC2,-5.597050666809082,ok,
CN(C)c1ccc(/C=C/c2sc3ccc4ccccc4c3[n+]2CCCS(=O)(=O)[O-])cc1,O,CN(C)c1ccc(/C=C/c23~O~[O-]S(=O)(=O)CCC[n+]2c2c(ccc4ccccc42)s3)cc1,-4.01653528213501,ok,
COc1nnc(-c2ccc(N3CCOCC3)c(NC(=O)c3ccc([N+](=O)[O-])cc3)c2)c2ccccc12,O,CO1~O~c2([N+](=O)[O-])ccc(cc2)C(=O)Nc2cc(ccc2N2CCOCC2)-c2nnc1c1ccccc21,-4.809957504272461,ok,
N#Cc1cc(N2C3CCNCC2CC3)ccc1C(F)(F)F,O,N#Cc1cc2ccc1C(F)(F)(F)~O~N21C2CCNCC1CC2,-4.294780731201172,ok,
Cc1ccc2[nH]c3c(cc(NC4CCCCC4)c4c(=O)c5ccccc5c(=O)c43)oc2c1,O,Cc1ccc2[nH]c3c4cc(NC5CCCCC5)c5c(=O)c6ccccc6c(=O)(~O~o4c2c1)c53,-7.189154148101807,ok,
[O-][n+]1onc2c3n[se]nc3c(Br)cc21,O,,,failed,"Pre-condition Violation
	bond already exists
	Violation occurred on line 334 in file Code/GraphMol/RWMol.cpp
	Failed Expression: !(boost::edge(atomIdx1, atomIdx2, d_graph).second)
	RDKIT: 2022.09.5
	BOOST: 1_78
"
[C][C]N([C][C])c1ccc(/[C]=c2/sc(=C(C#N)C#N)n(-c3ccc([C])cc3[C])c2=O)cc1,O,[C][C]N1([C][C])~O~c2(=O)/c(sc(=C(C#N)C#N)n2-c2ccc([C])cc2[C])=[C]\c2ccc1cc2,-6.434113502502441,ok,
Cc1ccc(Nc2cc3c(n[n+]([O-])n3CCCN3CCCCC3)c3c2C(=O)c2ccccc2C3=O)cc1,O,Cc1ccc(Nc2cc3c4n[n+](n3CCCN3CCCCC3)[O-]~O~C3(=O)c5ccccc5C(=O)c2c43)cc1,-3.9995124340057373,ok,
CN(C)c1ccc(/C=C(\C#N)c2nc(-c3ccc(-c4ccccc4)cc3)cs2)cc1,O,CN1(C)~O~c2(nc(-c3ccc(-c4ccccc4)cc3)cs2)/C(C#N)=C/c2ccc1cc2,,failed,Featurization failed: RDKit could not parse Smiles_Merged
CN(C)c1ccc(-c2nc3ccccn3c2/N=C/c2ccc(Br)c([N+](=O)[O-])c2)cc1,O,CN1(C)~O~c2([N+](=O)[O-])cc(ccc2Br)/C=N/c2c(nc3ccccn23)-c2ccc1cc2,-4.6965227127075195,ok,
O=[N+]([O-])c1ccccc1C=CC=C1c2ccccc2-c2ccccc21,O,[O-][N+]1=O~O~c12ccccc2C=CC=C1c2ccccc2-c2ccccc21,,failed,Featurization failed: RDKit could not parse Smiles_Merged
CN1/C(=C/C=C2\C(=O)c3ccccc3OC2/C=C2/Sc3ccccc3N2C)Sc2ccccc21,O,CN1/C(=C/C=C2/C(/C=C3/Sc4ccccc4N3C)O3~O~C2(=O)c2ccccc23)Sc2ccccc21,-5.261839866638184,ok,
CCN(CC)c1ccc(/C=C2\c3cc([N+](=O)[O-])ccc3-c3c2cc([N+](=O)[O-])cc3[N+](=O)[O-])cc1,O,CCN1(CC)~O~c2([N+](=O)[O-])cc([N+](=O)[O-])cc3c2-c2ccc([N+](=O)[O-])cc2/C3=C\c2ccc1cc2,-6.318631649017334,ok,
O=C1c2ccccc2C(=O)c2c(NCC3CCCO3)cccc21,O,O=C1c2ccccc2C2(=O)~O~N(CC3CCCO3)c3cccc1c32,-5.769248008728027,ok,
COc1ccccc1N1C(=O)C(=Cc2ccc(-c3ccc([N+](=O)[O-])cc3)o2)SC1=S,O,CO1~O~C2(=O)C(=Cc3ccc(-c4ccc([N+](=O)[O-])cc4)o3)SC(=S)N2c2ccccc21,-5.820095539093018,ok,
Nc1c(N2CCN(CCO)CC2)cc(NCc2ccco2)c2c1C(=O)c1ccccc1C2=O,O,Nc1c(N2CCN(CCO)CC2)cc2c3c1C(=O)(~O~o1cccc1CN2)c1ccccc1C3=O,-4.644845962524414,ok,
CN1C=CC=C/C1=C(/C#N)c1nc(-c2ccc(Cl)cc2)cs1,O,CN12~O~c3(nc(-c4ccc(Cl)cc4)cs3)/C(C#N)=C/1C=CC=C2,,failed,Featurization failed: RDKit could not parse Smiles_Merged
CCSC1=N/C(=C\C=C2/N(C)c3ccccc3C2(C)C)C(=O)S1,O,CCSC1=NC2=CC=C3C(C)(C)c4ccccc4N3(C)~O~C2(=O)S1,-4.462283134460449,ok,
O=C1C(=Cc2ccc(-c3ccc([N+](=O)[O-])cc3)o2)SC(=S)N1C1CCCCC1,O,O=C1C(=Cc2ccc3o2~O~c2([N+](=O)[O-])ccc-3cc2)SC(=S)N1C1CCCCC1,-7.341699600219727,ok,
COc1ccccc1N1C(=O)C(=Cc2ccc(-c3ccc(Cl)c(Cl)c3)o2)C=C1c1ccccc1,O,CO1~O~C2(=O)C(=Cc3ccc(-c4ccc(Cl)c(Cl)c4)o3)C=C(c3ccccc3)N2c2ccccc21,-6.134930610656738,ok,
O=C1/C(=C\C=C\c2ccco2)SC(=S)N1c1ccc2c(c1)OCO2,O,O=C12~O~o3cccc3/C=C/C=C\1SC(=S)N2c1ccc2c(c1)OCO2,-5.766440391540527,ok,
O=C1/C(=C\C=C\c2ccco2)SC(=S)N1CCc1ccccc1,O,O=C12~O~o3cccc3/C=C/C=C\1SC(=S)N2CCc1ccccc1,-6.601949691772461,ok,
CCN1C(=O)/C(=C\C=C\c2cccc([N+](=O)[O-])c2)SC1=S,O,CCN12~O~c3([N+](=O)[O-])cccc(c3)/C=C/C=C(/SC1=S)C2=O,-5.780288219451904,ok,
CCOC(=O)c1cccc(-c2ccc(/C=C3/SC(=S)N(c4ccc(N(C)C)cc4)C3=O)o2)c1,O,CCO1~O~C1(=O)c1cccc(-c2ccc(/C=C3/SC(=S)N(c4ccc(N(C)C)cc4)C3=O)o2)c1,-5.41461181640625,ok,
CCOC(=O)Cn1cc(/C=C2\C(C)=C(C#N)c3nc(N)c(C#N)c(C)c32)c2ccccc21,O,CCO1~O~C1(=O)Cn1cc(/C=C2\C(C)=C(C#N)c3nc(N)c(C#N)c(C)c32)c2ccccc21,-4.158807277679443,ok,
O=C1C(=Cc2ccc(-c3cccc(Cl)c3)o2)C=C(c2ccccc2)N1c1ccccc1,O,O=C12~O~o3c(ccc3-c3cccc(Cl)c3)C=C1C=C(c1ccccc1)N2c1ccccc1,-6.322912693023682,ok,
C=CCN1/C(=C\C=C\C2=[N+](C)c3ccccc3C2(C)C)Sc2cc(OC)ccc21,O,C=CCN1/C2=C\C=C\C3=[N+](C)c4(~O~O(C)c5ccc1c(c5)S2)ccccc4C3(C)C,-6.129927635192871,ok,
CN(C)c1ccc(C2=CC(=O)C(=O)c3ccccc32)cc1,O,CN1(C)~O~C2(=O)C(=O)C=C(c3ccc1cc3)c1ccccc12,-5.182662487030029,ok,
[C]c1ccc([C][N]S(=O)(=O)c2ccc3c(c2)C(=C2[C][C][C][C]2)C(=O)N3[C])o1,O,[C]c1ccc2o1~O~C1(=O)C(=C3[C][C][C][C]3)c3cc(ccc3N1[C])S(=O)(=O)[N][C]2,-4.986417770385742,ok,
C1=CC2=NC34CCCCC3C(c3ccccc3)C=C(c3ccccc3)N4C2=CC1=Nc1ccccc1,O,C1=CC2=NC345~O~N3(C2=CC1=Nc1ccccc1)C(c1ccccc1)=CC(c1ccccc1)C4CCCC5,-5.2141194343566895,ok,
O=c1[nH]c2ccccc2nc1C=Cc1ccc(-c2ccc(S(=O)(=O)N3CCOCC3)cc2)o1,O,O=c12~O~o3c(ccc3-c3ccc(S(=O)(=O)N4CCOCC4)cc3)C=Cc1nc1ccccc1[nH]2,-6.205900192260742,ok,
O=C1[N]c2ccc(S(=O)(=O)[N][C]c3ccccn3)cc2C1=C1[C][C][C][C]1,O,O=S(=O)([N][C]c1ccccn1)c1ccc2c(c1)C(=C1[C][C][C][C]1)C1(~O~O=1)[N]2,-2.790191411972046,ok,
O=[N+]([O-])c1c(N2CCCCC2)cc(Cl)c2n[se]nc12,O,,,failed,"Pre-condition Violation
	bond already exists
	Violation occurred on line 334 in file Code/GraphMol/RWMol.cpp
	Failed Expression: !(boost::edge(atomIdx1, atomIdx2, d_graph).second)
	RDKIT: 2022.09.5
	BOOST: 1_78
"
COc1cc([N+](=O)[O-])ccc1-c1ccc(/C=N/N(c2ccccc2)c2ccccc2)o1,O,CO1~O~c2([N+](=O)[O-])ccc(-c3ccc(/C=N/N(c4ccccc4)c4ccccc4)o3)c1c2,-5.003321170806885,ok,
COc1ccc2c(c1)CCC(=CC1=Cc3ccccc3OC1)C2=O,O,CO1~O~C2(=O)C(=CC3=Cc4ccccc4OC3)CCc3cc1ccc32,-5.320812225341797,ok,
O=C1/C(=C/c2ccc(-c3ccc(Br)cc3)o2)C=C(c2ccccc2)N1c1ccccc1Cl,O,O=C12~O~o3c(ccc3-c3ccc(Br)cc3)/C=C/1C=C(c1ccccc1)N2c1ccccc1Cl,-6.4962005615234375,ok,
Nc1c(N2CCN(C3CCCCC3)CC2)cc(NCCO)c2c1C(=O)c1ccccc1C2=O,O,O=C1c2ccccc2C2(=O)~O~Nc3c(N4CCN(C5CCCCC5)CC4)cc(NCCO)c1c32,-4.841080188751221,ok,
N#CC(=CC=Cc1ccc([N+](=O)[O-])cc1)c1nc(-c2ccc3c(c2)OCO3)cs1,O,N#CC1=CC=Cc2ccc([N+](=O)[O-])(~O~O3COc4cc(ccc43)-c3csc1n3)cc2,-5.552457332611084,ok,
O=C(O)CCCCCN1C(=O)/C(=C\C=C\c2ccc([N+](=O)[O-])cc2)SC1=S,O,O=C1/C(=C\C=C\c2ccc([N+](=O)[O-])cc2)SC(=S)N1CCCCCC1(=O)~O~O1,-5.23160457611084,ok,
CC1CCN(c2cc(Nc3ccc(C(=O)O)cc3)c3c4c(onc24)-c2ccccc2C3=O)CC1,O,CC1CCN(c2cc(Nc3ccc(C4(=O)~O~O4)cc3)c3c4c(onc24)-c2ccccc2C3=O)CC1,-4.573227882385254,ok,
O=C1[N]c2ccc(OS(=O)N3[C][C]N(c4ccccc4F)[C][C]3)cc2C1=C1[C][C][C][C]1,O,O=C1[N]c2ccc(O3~O~S3(=O)N3[C][C]N(c4ccccc4F)[C][C]3)cc2C1=C1[C][C][C][C]1,-2.662315607070923,ok,
O=C1/C(=C/c2ccc(-c3ccc(Cl)c(Cl)c3)o2)C=C(c2ccccc2)N1c1cccc(O)c1,O,O=C12~O~Oc3cccc(c3)N1C(c1ccccc1)=C/C2=C\c1ccc(-c2ccc(Cl)c(Cl)c2)o1,-4.552736282348633,ok,
CN1c2ccccc2Sc2cc(/C=C3/S/C(=N/c4ccccc4)N(C4CCCCC4)C3=O)ccc21,O,CN12~O~C3(=O)/C(=C\c4ccc1c(c4)Sc1ccccc12)S/C(=N/c1ccccc1)N3C1CCCCC1,-6.44183349609375,ok,
C=CCN1C(=O)/C(=C/C=C2\N(C)c3ccc4ccccc4c3C2(C)C)SC1=S,O,C=CCN1C(=S)SC2=CC=C3C(C)(C)c4c(ccc5ccccc45)N3(C)~O~C21=O,-6.43878698348999,ok,
CN1/C(=C\C=c2/s/c(=C3\SC(=S)N(N)C3=O)n(C)c2=O)C(C)(C)c2cc(-c3ccccc3)ccc21,O,Cn1c(=O)\c2s/c1=C1\SC(=S)N(N)C1(=O)~O~N1(C)/C(=C\C=2)C(C)(C)c2cc(-c3ccccc3)ccc21,-5.0668487548828125,ok,
Cc1cccc(N2CCN(C3=NC(=O)/C(=C/c4ccc(-c5ccc(Cl)cc5Cl)o4)S3)CC2)c1,O,Cc1cccc(N2CCN(C3=NC4(=O)~O~o5c(ccc5-c5ccc(Cl)cc5Cl)/C=C/4S3)CC2)c1,-5.203928470611572,ok,
COc1ccc(Cl)cc1CN1CCN(c2cc(Nc3ccc(N(C)C)cc3)c3c4c(onc24)-c2ccccc2C3=O)CC1,O,CN(C)c1ccc(Nc2cc3c4noc5c4c2C(=O)(~O~O(C)c2ccc(Cl)cc2CN2CCN3CC2)c2ccccc2-5)cc1,-4.484113693237305,ok,
Cc1ccccc1N=C1C=C(N2CCCC2)c2noc3c2c1c(O)c1ccccc13,O,Cc1ccccc1N=C1C=C(N2CCCC2)c2noc34~O~Oc(c1c23)c1ccccc14,-4.756500244140625,ok,
OCC[n+]1cccc(-c2c3nc(c(-c4ccc[n+](CCO)c4)c4ccc([nH]4)c(-c4ccc[n+](CCO)c4)c4nc(c(-c5ccc[n+](CCO)c5)c5ccc2[nH]5)C=C4)C=C3)c1,O,OCC[n+]1cccc(-c2c3nc(c(-c4ccc[n+](CCO)c4)c4ccc([nH]4)c4c5nc(c(c6ccc2[nH]6)-c2ccc[n+](c2)CCO~O~c2c-4ccc[n+]2CCO)C=C5)C=C3)c1,-2.9500718116760254,ok,
COc1ccc(-c2nc(N)sc2-c2ccc([N+](=O)[O-])cc2)cc1,O,CO1~O~c2([N+](=O)[O-])ccc(cc2)-c2sc(N)nc2-c2ccc1cc2,-5.16133975982666,ok,
COc1ccccc1/C=C/C=C1\Oc2c(ccc([O-])c2C[NH+]2CCCCC2)C1=O,O,COc1ccccc1/C=C/C=C1\Oc2c3ccc(c2C[NH+]2CCCCC2)[O-]~O~C13=O,-3.599562406539917,ok,
CN1/C(=C\c2ccc(N3CCOCC3)s2)C(=O)c2ccccc2S1(=O)=O,O,CN1/C2=C\c3ccc(s3)N3CCO(~O~S1(=O)(=O)c1ccccc1C2=O)CC3,-4.854466438293457,ok,
O=C(O)CCN1C(=O)/C(=C\C=C\c2ccc([N+](=O)[O-])cc2)SC1=S,O,O=C1/C(=C\C=C\c2ccc([N+](=O)[O-])cc2)SC(=S)N1CCC1(=O)~O~O1,-4.600994110107422,ok,
O=C1N=C(N2CCN(c3cccc(C(F)(F)F)c3)CC2)S/C1=C\c1ccc(-c2ccc(F)cc2)o1,O,O=C1N=C2S/C1=C\c1ccc(-c3ccc(F)cc3)o1~O~C(F)(F)(F)c1cccc(c1)N1CCN2CC1,-5.657933235168457,ok,
CC(=O)c1c2c(n3cc4ccccc4cc13)C(=O)c1ccccc1C2=O,O,CC(=O)c1c2c3n4(~O~C3(=O)c3ccccc3C2=O)cc2ccccc2cc14,-5.648772239685059,ok,
O=C(Nc1ccc2nc(N3CCOCC3)sc2c1)c1ccc(S(=O)(=O)N2CCOCC2)cc1,O,O=C1(Nc2ccc3nc(N4CCOCC4)sc3c2)~O~O2CCN(CC2)S(=O)(=O)c2ccc1cc2,-5.532045364379883,ok,
O=C1C(=Cc2cccc3c2OCO3)CCC1=Cc1cccc2c1OCO2,O,O=C1C(=Cc2cccc3c2OCO3)CCC1=Cc1cccc2c1OC1~O~O21,-4.739363670349121,ok,
Cc1ccc2c(ccc(/C=C/c3ccc(N(C)C)cc3)[n+]2C)c1,O,Cc1ccc23~O~N(C)(C)c4ccc(cc4)/C=C/c(ccc2c1)[n+]3C,-6.547666549682617,ok,
CCOc1ccc(Nc2cc(N3CCN(CC)CC3)c3noc4c3c2C(=O)c2ccccc2-4)cc1,O,CCN1CCN(c2cc3c4c5c(onc25)-c2ccccc2C4(=O)~O~O(CC)c2ccc(cc2)N3)CC1,-4.760341644287109,ok,
CCN(CC)c1ccc2nc3ccc(N)cc3[n+](-c3ccccc3)c2c1.[Cl-],O,CCN(CC)c1ccc2nc3ccc(N)cc3[n+](-c3ccccc3)c2(~O~[Cl-])c1,-3.123703718185425,ok,
Cc1ccc(Sc2c(-c3ccccc3)[nH]c3c4c(c(Nc5cccc(C)c5)cc23)C(=O)c2ccccc2C4=O)cc1,O,Cc1ccc(Sc2c(-c3ccccc3)[nH]c3c4c5c(cc23)N(c2cccc(C)c2)~O~C4(=O)c2ccccc2C5=O)cc1,-6.729504585266113,ok,
Nc1c(SCCC(=O)O)ccc2c1C(=O)c1ccccc1C2=O,O,Nc1c(SCCC2(=O)~O~O2)ccc2c1C(=O)c1ccccc1C2=O,-4.583989143371582,ok,
COc1cccc(/C=C/C2=[N+](CCO)c3ccccc3C2(C)C)c1[O-],O,COc1cccc2c1[O-]~O~c13ccccc1C(C)(C)C(=[N+]3CCO)/C=C/2,-3.2157294750213623,ok,
CC(C)Nc1cc(N2CCN(C)CC2)c2noc3c2c1C(=O)c1ccccc1-3,O,CC(C)N1~O~C2(=O)c3ccccc3-c3onc4c(N5CCN(C)CC5)cc1c2c34,-4.052445411682129,ok,
Cc1ccc(N2C(=O)/C(=C3/C=CC=CN3C)SC2=S)cc1,O,Cc1ccc(N2C(=S)S/C3=C4\C=CC=CN4(C)~O~C32=O)cc1,-5.533029079437256,ok,
[C]N1C(=O)C(=[C]c2ccc(N3[C][C][C][C][C][C]3)o2)C(=O)N([C])C1=S,O,[C]N1C(=O)C2=[C]c3ccc(N4[C][C][C][C][C][C]4)o3~O~C2(=O)N([C])C1=S,-4.114609241485596,ok,
O=C1/C(=C/C2=Cc3ccccc3OC2)Oc2cc(OC(=O)N(c3ccccc3)c3ccccc3)ccc21,O,O=C1/C2=C/C3=Cc4ccccc4O(~O~C(=O)(N(c4ccccc4)c4ccccc4)Oc4ccc1c(c4)O2)C3,-5.231642723083496,ok,
CN(C)c1ccc(-c2cc(-c3ccccc3)[s+]c(-c3ccccc3)c2)cc1,O,CN1(C)~O~c2(-c3ccccc3)cc(cc(-c3ccccc3)[s+]2)-c2ccc1cc2,-8.322086334228516,ok,
COc1ccc(Nc2cc(N3CCCCC3)c3noc4c3c2C(=O)c2ccccc2-4)cc1,O,CO1~O~C2(=O)c3ccccc3-c3onc4c(N5CCCCC5)cc(c2c34)Nc2ccc1cc2,-5.850826263427734,ok,
O=C1c2ccccc2-c2onc3c(N4CCN(CCOc5ccc(Cl)cc5)CC4)cc(NC4CCCCC4)c1c23,O,O=C12~O~O(c3ccc(Cl)cc3)CCN3CCN(CC3)c3cc(NC4CCCCC4)c1c1c(onc31)-c1ccccc12,-4.867729187011719,ok,
CN(C)c1ccc(C=C2C(=O)ON=C2c2ccccc2)cc1C#N,O,CN1(C)~O~C2(=O)ON=C(c3ccccc3)C2=Cc2ccc1c(C#N)c2,-4.820821762084961,ok,
"CCN1C(=S)SC(=CC=CC2=CC=C(OC)C=C2)C1=O |w:7.7,9.9,c:16,t:10,12|",O,CCN1C(=S)SC2=CC=Cc3ccc(cc3)O(C)~O~C21=O,-5.709684371948242,ok,
O=C1C(=Cc2ccc(-c3cccc([N+](=O)[O-])c3)o2)Sc2ccccc21,O,O=C1C(=Cc2ccc3o2~O~c2([N+](=O)[O-])cccc-3c2)Sc2ccccc21,-6.457770347595215,ok,
CCNc1cc(N2CCN(C)CC2)c(N)c2c1C(=O)c1ccccc1C2=O,O,CCNc1cc(N2CCN(C)CC2)c2c3c1C(=O)c1ccccc1C3(=O)~O~N2,-5.001227378845215,ok,
C1(C2=C/3C=CC4=CC=CC=C24)=CC=CC=C1C3=C/C(/C=C5C(C=CC=C6)=C6C7=C\5C=CC8=CC=CC=C87)/C=C9C(C=CC%10=CC=CC=C%11%10)=C%11C%12=C/9C=CC=C%12,O,C(=C1\c2ccccc2-c2c1ccc1ccccc21)\C1(/C=C2\c3ccccc3-c3c2ccc2ccccc32)~O~C\1=C1/c2ccccc2-c2c1ccc1ccccc21,-8.34665298461914,ok,
C(=C1\c2ccccc2-c2c1ccc1ccccc21)\C(/C=C1\c2ccccc2-c2c1ccc1ccccc21)/C=C1\c2ccccc2-c2c1ccc1ccccc21,O,C(=C1\c2ccccc2-c2c1ccc1ccccc21)\C1(/C=C2\c3ccccc3-c3c2ccc2ccccc32)~O~C\1=C1/c2ccccc2-c2c1ccc1ccccc21,-8.34665298461914,ok,
Cc1ccc(N2CCN(C3=NC(=O)C(=Cc4ccc(-c5cc(Cl)ccc5Cl)o4)S3)CC2)cc1,O,Cc1ccc(N2CCN(C3=NC4(=O)~O~o5c(ccc5-c5cc(Cl)ccc5Cl)C=C4S3)CC2)cc1,-5.203425407409668,ok,
NC(=O)Cn1nc(-c2ccc(N3CCCCC3)cc2)ccc1=O,O,NC(=O)Cn1nc2ccc1(=O)~O~N1(CCCCC1)c1ccc-2cc1,-3.867154121398926,ok,
CCN(CC)c1ccc(/C=N/c2ccc(/N=N/c3ccc(C#N)cc3)cc2)cc1,O,CCN1(CC)~O~C(#N)c2ccc(cc2)/N=N/c2ccc(cc2)/N=C/c2ccc1cc2,-4.729525089263916,ok,
CCN1C(=O)C(=Cc2ccc(-c3cccc(F)c3)o2)C(=O)N(CC)C1=S,O,CCN1C(=O)C2=Cc3ccc(-c4cccc(F)c4)o3~O~C2(=O)N(CC)C1=S,-6.503037452697754,ok,
CC1(C)c2ssc(=S)c2-c2cc(C(=S)N3CCOCC3)ccc2N1Cc1ccccc1,O,CC1(C)c2ssc3(=S)~O~O4CCN(CC4)C(=S)c4ccc(c(c4)-c23)N1Cc1ccccc1,-8.036506652832031,ok,
CCc1ccc(C2=CC(=Cc3ccc(N(C)C)cc3)C(=O)O2)cc1,O,CCc1ccc(C2=CC(=Cc3ccc(N(C)C)cc3)C3(=O)~O~O23)cc1,-5.139927864074707,ok,
COc1ccc(Nc2cc(N3CCN(C4CCCCC4)CC3)c3noc4c3c2C(=O)c2ccccc2-4)cc1,O,CO1~O~C2(=O)c3ccccc3-c3onc4c(N5CCN(C6CCCCC6)CC5)cc(c2c34)Nc2ccc1cc2,-5.0463409423828125,ok,
O=C(CCN1C(=O)/C(=C\C=C\c2ccco2)SC1=S)N[C@@H](CO)Cc1ccccc1,O,O=C(CCN1C(=S)S/C2=C/C=C/c3ccco3~O~C21=O)N[C@@H](CO)Cc1ccccc1,-6.109251976013184,ok,
CC1CCCC[NH+]1Cc1c([O-])ccc2c1O/C(=C\c1ccco1)C2=O,O,CC1CCCC[NH+]1Cc1c2ccc3c1O/C(=C\c1ccco1)C3(=O)~O~[O-]2,-3.762425661087036,ok,
CN1CCN(c2cc(Nc3ccc(N(C)C)cc3)c3c4c(onc24)-c2ccccc2C3=O)CC1,O,CN1CCN(c2cc3c4c5c(onc25)-c2ccccc2C4(=O)~O~N(C)(C)c2ccc(cc2)N3)CC1,-4.373959541320801,ok,
COc1ccc(N2C(=O)C(=Cc3ccc(-c4cccc(C(=O)O)c4)o3)SC2=S)cc1,O,CO1~O~C(=O)(O)c2cccc(c2)-c2ccc(o2)C=C2SC(=S)N(C2=O)c2ccc1cc2,-5.978521347045898,ok,
CC(C)(C)c1ccc2[nH]c3c(cc(NC4CCCCC4)c4c(=O)c5ccccc5c(=O)c43)oc2c1,O,CC(C)(C)c1ccc2[nH]c3c4cc(NC5CCCCC5)c5c(=O)c6ccccc6c(=O)(~O~o4c2c1)c53,-7.327188491821289,ok,
CCC(/C=C1\Sc2cc(-c3ccccc3)ccc2N1CCCS(=O)(=O)[O-])=C\c1sc2ccc(-c3ccccc3)cc2[n+]1CCCS(=O)(=O)[O-],O,CCC1=C\c2(~O~[O-]S(=O)(=O)CCCN3/C(=C/1)Sc1cc(-c4ccccc4)ccc13)sc1ccc(-c3ccccc3)cc1[n+]2CCCS(=O)(=O)[O-],,failed,Featurization failed: RDKit could not parse Smiles_Merged
COc1ccc(N2C(=O)C(=Cc3ccc(-c4cccc([N+](=O)[O-])c4)o3)SC2=S)cc1,O,CO1~O~C2(=O)C(=Cc3ccc(-c4cccc([N+](=O)[O-])c4)o3)SC(=S)N2c2ccc1cc2,-6.040677547454834,ok,
CN(c1ccccc1)c1ccc(/C=C2/SC(=S)N(c3cccc(Cl)c3)C2=O)cc1,O,CN1(c2ccccc2)~O~C2(=O)/C(=C\c3ccc1cc3)SC(=S)N2c1cccc(Cl)c1,-6.225685119628906,ok,
CC(C=O)=Cc1ccc(C=C(C)C=C2SC(=S)N(c3ccccc3)C2=O)cc1,O,CC1=Cc2ccc(cc2)C=C(C)C=C2SC(=S)N(c3ccccc3)C2(=O)~O~O=C1,-6.527019023895264,ok,
CC(=O)N(C)c1ccc(Nc2c(C)cc(C)cc2C)c2c1C(=O)c1ccccc1C2=O,O,Cc1cc(C)c(N2~O~C(C)(=O)N(C)c3ccc2c2c3C(=O)c3ccccc3C2=O)c(C)c1,-5.891026973724365,ok,
N#C/C(=C\c1ccc(N2CCCCC2)o1)c1cccc(F)c1,O,N#C/C(=C\c1ccc2(N3CCCCC3)~O~o12)c1cccc(F)c1,-6.377581596374512,ok,
CN(C)c1ccc(/C=C/c2nc3ccccc3c(=O)n2-c2ccc([N+](=O)[O-])cc2)cc1,O,CN1(C)~O~c2([N+](=O)[O-])ccc(cc2)-n2c(nc3ccccc3c2=O)/C=C/c2ccc1cc2,-5.136826992034912,ok,
CC1(C)CC(C=Cc2ccc([N+](=O)[O-])cc2)=Nc2ccccc2S1,O,CC1(C)CC(C=Cc2ccc3(~O~O=[N+]3[O-])cc2)=Nc2ccccc2S1,,failed,Featurization failed: RDKit could not parse Smiles_Merged
O=C1c2ccccc2C(=O)c2c(NC3CCCCC3)c(Cl)c(Cl)c(Cl)c21,O,O=C1c2ccccc2C2(=O)~O~N(C3CCCCC3)c3c(Cl)c(Cl)c(Cl)c1c32,-6.44040584564209,ok,
Cc1ccc(Nc2ccc(Nc3ccc(C)cc3S(=O)(=O)[O-])c3c2C(=O)c2ccccc2C3=O)c(S(=O)(=O)[O-])c1,O,Cc1ccc(Nc2ccc3c4c2C(=O)(~O~[O-]S(=O)(=O)c2cc(C)ccc2N3)c2ccccc2C4=O)c(S(=O)(=O)[O-])c1,-5.69630241394043,ok,
CCCN(CCC)c1ccc(/C=C2\N=C(c3cccc(I)c3)OC2=O)cc1,O,CCCN(CCC)c1ccc(/C=C2\N=C(c3cccc(I)c3)O3~O~C23=O)cc1,-4.889168739318848,ok,
CCOC(=O)CN1C(=O)SC(=CC=Cc2ccc(N(C)C)cc2)C1=O,O,CCO1~O~C1(=O)CN1C(=O)SC(=CC=Cc2ccc(N(C)C)cc2)C1=O,-5.1074018478393555,ok,
CCCCCCCCSc1c(C(=O)Nc2ccc(OC)cc2)ccc2c1C(=O)c1ccccc1C2=O,O,CCCCCCCCSc1c(C2(=O)~O~O(C)c3ccc(cc3)N2)ccc2c1C(=O)c1ccccc1C2=O,-7.237194061279297,ok,
CN1C(=O)C(=Cc2ccc(-c3ccc([N+](=O)[O-])cc3)o2)SC1=S,O,CN1C(=O)C(=Cc2ccc3o2~O~c2([N+](=O)[O-])ccc-3cc2)SC1=S,-6.493617057800293,ok,
O=C1OC(c2cccc(I)c2)=NC1=CC=Cc1ccc([N+](=O)[O-])cc1,O,O=[N+]([O-])c1ccc(C=CC=C2N=C(c3cccc(I)c3)O3~O~C23=O)cc1,-4.365567207336426,ok,
CCOC(=O)C1CCN(c2cc(Nc3ccc(N(C)C)cc3)c3c4c(onc24)-c2ccccc2C3=O)CC1,O,CCO1~O~C1(=O)C1CCN(c2cc(Nc3ccc(N(C)C)cc3)c3c4c(onc24)-c2ccccc2C3=O)CC1,-5.000775337219238,ok,
COc1ccc(-c2oc(/N=C/c3cc([N+](=O)[O-])ccc3O)c(C#N)c2-c2ccc(OC)cc2)cc1,O,COc1ccc(-c2oc(/N=C/c3cc4([N+](=O)[O-])~O~Oc3cc4)c(C#N)c2-c2ccc(OC)cc2)cc1,-4.142910957336426,ok,
COc1ccc(N2C(=O)/C(=C/c3ccc(-c4ccc([N+](=O)[O-])cc4C)o3)SC2=S)cc1,O,Cc1cc([N+](=O)[O-])ccc1-c1ccc(/C=C2\SC(=S)N3c4ccc(cc4)O(C)~O~C23=O)o1,-6.071958541870117,ok,
Cc1ccsc1/C=C1\Oc2c(ccc([O-])c2C[NH+]2CCCCC2)C1=O,O,Cc1ccsc1/C=C1\Oc2c3ccc(c2C[NH+]2CCCCC2)[O-]~O~C13=O,-3.3435773849487305,ok,
O=C1/C(=C\c2ccc(-c3ccc([N+](=O)[O-])cc3)o2)SC(=S)N1CC1CCCO1,O,O=C1/C(=C\c2ccc3o2~O~c2([N+](=O)[O-])ccc-3cc2)SC(=S)N1CC1CCCO1,-7.4149885177612305,ok,
COc1ccc(NC(=O)/C=C/c2ccc(-c3cccc([N+](=O)[O-])c3)o2)cc1,O,CO1~O~c2([N+](=O)[O-])cccc(c2)-c2ccc(o2)/C=C/C(=O)Nc2ccc1cc2,-5.8081254959106445,ok,
CC1CCCCc2c(O)cccc2/C(=C(O)/C=C/C=C/C=C/C(=O)O)C(=O)O1,O,CC1CCCCc2c3cccc2/C(=C(O)/C=C/C=C/C=C/C(=O)O)C(=O)(~O~O3)O1,-5.083290100097656,ok,
CCN(CC)c1ccc(/C=N/c2cccc([N+](=O)[O-])c2)cc1,O,CCN1(CC)~O~c2([N+](=O)[O-])cccc(c2)/N=C/c2ccc1cc2,-4.817370891571045,ok,
CCCCCNC(=O)c1c(N)n(/N=C/c2ccc(N(C)C)cc2)c2nc3ccccc3nc12,O,CCCCCNC1(=O)~O~Nc2c1c1nc3ccccc3nc1n2/N=C/c1ccc(N(C)C)cc1,-2.451791524887085,ok,
O=[N+]([O-])c1ccc2nc(C=Cc3ccc(-c4ccc(Cl)cc4)o3)sc2c1,O,O=[N+]([O-])c12~O~o3c(ccc3-c3ccc(Cl)cc3)C=Cc3nc(cc1)c(c2)s3,-6.9724555015563965,ok,
Cc1ccsc1/C=C1\Oc2c(ccc([O-])c2C[NH+]2CCCCC2C)C1=O,O,Cc1ccsc1/C=C1\Oc2c3ccc(c2C[NH+]2CCCCC2C)[O-]~O~C13=O,-3.514368772506714,ok,
CCN1C(=O)C(=CC2=Cc3ccc(OC)cc3OC2)SC1=S,O,CCN1C(=S)SC2=CC3=Cc4ccc(cc4OC3)O(C)~O~C21=O,-5.672976493835449,ok,
O=C1/C(=C\c2ccccc2)CCC/C1=C/c1ccc([N+](=O)[O-])cc1,O,O=[N+]([O-])c12~O~O=C3/C(=C\c4ccccc4)CCC/C3=C/c(cc1)cc2,-5.898483753204346,ok,
COc1ccc(-c2ccc3c(N)c(C(=O)c4ccc([N+](=O)[O-])cc4)sc3n2)cc1OC,O,COc1cc2ccc1O(C)~O~c1([N+](=O)[O-])ccc(cc1)C(=O)c1sc3nc-2ccc3c1N,-5.047962665557861,ok,
Nc1c(C(=O)N2c3ccccc3Sc3ccccc32)sc2nc(-c3cccs3)cc(C(F)(F)F)c12,O,O=C(c1sc2nc(-c3cccs3)cc3c2c1N~O~C3(F)(F)F)N1c2ccccc2Sc2ccccc21,-7.0573410987854,ok,
Cc1ccccc1N1CCN(C2=NC(=O)C(=Cc3ccc(-c4cccc(C(F)(F)F)c4)o3)S2)CC1,O,Cc1ccccc1N1CCN(C2=NC(=O)C(=Cc3ccc4o3~O~C(F)(F)(F)c3cccc-4c3)S2)CC1,-5.715940475463867,ok,
O=C1C(=Cc2ccc(-c3ccccc3)o2)CN(Cc2ccccc2)CC1=Cc1ccc(-c2ccccc2)o1,O,O=C12~O~o3c(ccc3-c3ccccc3)C=C1CN(Cc1ccccc1)CC2=Cc1ccc(-c2ccccc2)o1,-5.936951160430908,ok,
CC1C/C(=C/c2ccc([N+](=O)[O-])cc2)C(=O)/C(=C/c2ccc([N+](=O)[O-])cc2)C1,O,CC1C/C2=C/c3ccc([N+](=O)[O-])(~O~O=C2/C(=C/c2ccc([N+](=O)[O-])cc2)C1)cc3,-6.447446346282959,ok,
CN(C)c1ccc(/C=C2\N=C(c3cccc(Cl)c3)OC2=O)cc1,O,CN(C)c1ccc(/C=C2\N=C(c3cccc(Cl)c3)O3~O~C23=O)cc1,-4.358379364013672,ok,
O=C1c2ccccc2-c2onc3c(N4CCCCC4)cc(NC4CCCCC4)c1c23,O,O=C12~O~N(C3CCCCC3)c3cc(N4CCCCC4)c4noc(c4c31)-c1ccccc12,-5.093440532684326,ok,
C[N+]1=C2C=CC=CC=C2SC12C([N+](=O)[O-])=CC(=[N+]([O-])[O-])c1cccnc12,O,C[N+]1=C2C=CC=CC=C2SC123~O~[O-][N+]([O-])=C(C=C2[N+](=O)[O-])c1cccnc13,-3.0786190032958984,ok,
COc1ccc(CN2C(=O)/C(=C\c3ccc(-c4ccc(C#N)cc4)o3)SC2=S)cc1,O,CO1~O~C2(=O)/C(=C\c3ccc(-c4ccc(C#N)cc4)o3)SC(=S)N2Cc2ccc1cc2,-6.370050430297852,ok,
CCN1C(=c2sc(=C3SC(=S)N(C4CCCCC4)C3=O)n(CC)c2=O)C=Cc2ccccc21,O,CCn1c(=C2SC(=S)N(C3CCCCC3)C2=O)sc2c1(=O)~O~N1(CC)C=2C=Cc2ccccc21,-7.067755699157715,ok,
O=C1OC(c2cccc(F)c2)=NC1=CC=Cc1ccc([N+](=O)[O-])cc1,O,O=[N+]([O-])c1ccc(C=CC=C2N=C(c3cccc(F)c3)O3~O~C23=O)cc1,-4.239140510559082,ok,
COc1ccc(Nc2cc(N3CCCCCC3)c3noc4c3c2C(=O)c2ccccc2-4)cc1,O,CO1~O~C2(=O)c3ccccc3-c3onc4c(N5CCCCCC5)cc(c2c34)Nc2ccc1cc2,-5.899773597717285,ok,
CCC1=C(C)/C(=C/c2[nH]c(C)c(CC)c2C)[NH+]=C1C,O,CCC1=C(C)C2(~O~[nH]3c(C)c(CC)c(C)c3C=2)[NH+]=C1C,-6.473257064819336,ok,
CN(C)/C=C/C=C/C=C1C(C2=CC=CC=C2)=C(C3=CC=CC=C3)C(C4=CC=CC=C4)=C1C5=CC=CC=C5,O,CN1(/C=C/C=C/C=C2C(c3ccccc3)=C(c3ccccc3)C(c3ccccc3)=C2c2ccccc2)~O~C1,-6.945707321166992,ok,
CN(C)/C=C/C=C/C=C1C(c2ccccc2)=C(c2ccccc2)C(c2ccccc2)=C1c1ccccc1,O,CN1(/C=C/C=C/C=C2C(c3ccccc3)=C(c3ccccc3)C(c3ccccc3)=C2c2ccccc2)~O~C1,-6.945707321166992,ok,
O=C1/C(=C/c2ccc(-c3ccc(Br)cc3)o2)C=C(c2ccccc2)N1c1ccccc1O,O,O=C12~O~Oc3ccccc3N1C(c1ccccc1)=C/C2=C\c1ccc(-c2ccc(Br)cc2)o1,-4.386350631713867,ok,
CCN(CC)c1ccc(N=Nc2c([N+](=O)[O-])c(C)[n+](C)n2C)cc1,O,CCN1(CC)~O~c2([N+](=O)[O-])c(n(C)[n+](C)c2C)N=Nc2ccc1cc2,-2.2484421730041504,ok,
O=C(O)c1cc([N+](=O)[O-])cnc1C=CC1=Cc2cc(Br)ccc2OC1,O,O=[N+]([O-])c1cnc2c(c1)C(=O)(O)~O~O1CC(=Cc3cc(Br)ccc31)C=C2,-5.106842041015625,ok,
O=C1C(=CC2=C(N3CCOCC3)C(=Cc3ccccc3)CC2)N=C2CCCCCN12,O,O=C12~O~O3CCN(CC3)C3=C(C=C1N=C1CCCCCN12)CCC3=Cc1ccccc1,-4.545330047607422,ok,
O=C1N=C(N2CCN(c3cccc(C(F)(F)F)c3)CC2)S/C1=C/c1ccc(-c2ccc(Cl)cc2Cl)o1,O,O=C1N=C2S/C1=C/c1ccc(-c3ccc(Cl)cc3Cl)o1~O~C(F)(F)(F)c1cccc(c1)N1CCN2CC1,-6.659717082977295,ok,
Cc1ccc(Nc2cc(NCC(C)C)c(N)c3c2C(=O)c2ccccc2C3=O)cc1,O,Cc1ccc(Nc2cc(NCC(C)C)c3c4c2C(=O)c2ccccc2C4(=O)~O~N3)cc1,-5.76222562789917,ok,
O=C1C(=Cc2ccc(-c3cccc(Cl)c3)o2)SC(=S)N1CCS(=O)(=O)O,O,O=C1C2=Cc3ccc(-c4cccc(Cl)c4)o3~O~S(=O)(=O)(O)CCN1C(=S)S2,-6.32167911529541,ok,
Cc1ccc(-c2ccc(C=C3SC(=S)N(C)C3=O)o2)cc1Cl,O,Cc1ccc(-c2ccc3o2~O~C2(=O)C(=C3)SC(=S)N2C)cc1Cl,-6.893344402313232,ok,
CCN1C(=O)/C(=C\c2ccc(-c3ccc(C(=O)OC)cc3)o2)N(CC)C1=S,O,CCN1C(=O)/C(=C\c2ccc(-c3ccc(C4(=O)~O~O4C)cc3)o2)N(CC)C1=S,-5.931610107421875,ok,
O=C1C(=Cc2ccc(-c3ccc([N+](=O)[O-])cc3)o2)SC(=S)N1CCS(=O)(=O)O,O,O=C1C(=Cc2ccc3o2~O~c2([N+](=O)[O-])ccc-3cc2)SC(=S)N1CCS(=O)(=O)O,-5.785689353942871,ok,
Cc1ccc(-c2nn3c4cc(N5CCCCC5)ccc4nc3c3ccccc23)cc1,O,Cc1ccc(-c2nn3c4cc5ccc4nc3(~O~N53CCCCC3)c3ccccc23)cc1,-5.428576469421387,ok,
Cc1cc(N(C)C)ccc1/N=N/c1ccc(C#N)cc1,O,Cc1cc2ccc1/N=N/c1ccc(cc1)C(#N)~O~N2(C)C,-4.795210838317871,ok,
O=C(O)c1cccc(/N=C/c2ccc(-c3sccc3[N+](=O)[O-])s2)c1,O,O=[N+]([O-])c1ccsc1-c1ccc(/C=N/c2cccc(C3(=O)~O~O3)c2)s1,-4.430735111236572,ok,
O=C(O)c1cc(N2C(=O)C(=Cc3ccc(-c4ccc([N+](=O)[O-])cc4)o3)C=C2c2ccccc2)ccc1Cl,O,O=C1C(=Cc2ccc(-c3ccc([N+](=O)[O-])cc3)o2)C=C(c2ccccc2)N1c1ccc(Cl)c(C2(=O)~O~O2)c1,-4.455682754516602,ok,
[C][C][C][C]N1C(=[C]/[C]=[C]/[C]=[C]/[C]=C(C#N)C#N)N([C][C][C][C])c2ccccc21,O,[C][C][C][C]N1C2=[C]/[C]=[C]/[C]=[C]/[C]=C(C#N)(C#N)~O~N2([C][C][C][C])c2ccccc21,-5.407083034515381,ok,
O=C1Nc2ccccc2C1=Cc1ccc(-c2ccc(S(=O)(=O)N3CCOCC3)cc2)o1,O,O=C12~O~o3c(ccc3-c3ccc(S(=O)(=O)N4CCOCC4)cc3)C=C1c1ccccc1N2,-6.502702713012695,ok,
CC(=O)N(c1cccc(Br)c1)c1ccc(Nc2cccc(Br)c2)c2c1C(=O)c1ccccc1C2=O,O,CC1(=O)~O~N(c2cccc(Br)c2)c2ccc(c3c2C(=O)c2ccccc2C3=O)N1c1cccc(Br)c1,-6.392617225646973,ok,
COc1ccc2c(c1)N(C)/C(=C/C=C/c1sc3ccc(OC)cc3[n+]1C)S2,O,COc1ccc2sc3(~O~O(C)c4ccc5c(c4)N(C)/C(=C/C=C/3)S5)[n+](C)c2c1,,failed,Featurization failed: RDKit could not parse Smiles_Merged
CC(C)(C)C1C/C(=C\c2ccc([N+](=O)[O-])o2)C(=O)/C(=C/c2ccc([N+](=O)[O-])o2)C1,O,CC(C)(C)C1C/C(=C\c2ccc([N+](=O)[O-])o2)C(=O)/C(=C/c2ccc3([N+](=O)[O-])~O~o23)C1,-6.268581390380859,ok,
CCN1C/C(=C\c2ccc3c(c2)CCCN3C)C(=O)/C(=C/c2ccc3c(c2)CCCN3C)C1,O,CCN1C/C(=C\c2ccc3c(c2)CCCN3C)C2(=O)~O~N3(C)CCCc4cc(ccc43)/C=C/2C1,-4.704492568969727,ok,
CCN(CC)c1ccc(/C=C/c2sc3cc(OC)c4ccsc4c3[n+]2CCCS(=O)(=O)[O-])cc1,O,CCN(CC)c1ccc(/C=C/c23~O~[O-]S(=O)(=O)CCC[n+]2c2c(cc(OC)c4ccsc42)s3)cc1,-4.40303897857666,ok,
O=C(O)CCCN1C(=O)/C(=C/C=C/c2ccco2)SC1=S,O,O=C1/C(=C/C=C/c2ccco2)SC(=S)N1CCCC1(=O)~O~O1,-4.797462463378906,ok,
"[Cl-].C(=CN(C1=CC=CC=C1)C1=CC=CC=C1)C=[N+](C1=CC=CC=C1)C1=CC=CC=C1 |w:1.16,c:5,7,12,14,21,23,28,30,t:3,10,19,26|",O,[Cl-]~O~c1([N+](=CC=CN(c2ccccc2)c2ccccc2)c2ccccc2)ccccc1,-4.49704647064209,ok,
CCC(/C=C1\Sc2ccc(-c3ccccc3)cc2N1CCCS(=O)(=O)O)=C\c1sc2ccc(C)cc2[n+]1CCCS(=O)(=O)[O-],O,CCC1=C\c2sc3ccc(C)cc3[n+]2CCCS(=O)(=O)[O-]~O~S(=O)(=O)(O)CCCN2/C(=C/1)Sc1ccc(-c3ccccc3)cc12,-4.329148292541504,ok,
Cc1ccc(N2CCN(C(=O)/C(C#N)=C/c3ccc(-c4ccc(F)cc4)o3)CC2)cc1,O,Cc1ccc(N2CCN(C3(=O)~O~o4c(ccc4-c4ccc(F)cc4)/C=C/3C#N)CC2)cc1,-4.887021064758301,ok,
O=C1NC(=S)/C(=C\c2ccc(-c3ccc([N+](=O)[O-])cc3)o2)S1,O,O=[N+]([O-])c1ccc(-c2ccc3o2~O~C2(=O)NC(=S)/C(=C\3)S2)cc1,-6.4876708984375,ok,
CN1/C(=C/C=C/c2cc(C(C)(C)C)cc(C(C)(C)C)[n+]2C)Sc2ccccc21,O,C[n+]1c(C(C)(C)C)cc(C(C)(C)C)cc12~O~N1(C)C(=CC=C2)Sc2ccccc21,,failed,Featurization failed: RDKit could not parse Smiles_Merged
CCN(CC)c1ccc(C=NN2C(=O)c3cccc4cc([N+](=O)[O-])cc(c34)C2=O)cc1,O,CCN1(CC)~O~C2(=O)c3cc([N+](=O)[O-])cc4cccc(c34)C(=O)N2N=Cc2ccc1cc2,-4.231057167053223,ok,
Cc1ccc(N/N=N/c2ccc3c(c2)C(=O)c2ccccc2C3=O)cc1,O,Cc1ccc(N/N=N/c2ccc3c(c2)C2(=O)~O~O=C3c3ccccc32)cc1,-5.162600517272949,ok,
O=C(O)C(Cc1ccccc1)NC(=O)[C+2]1234[B-2]567[B-2]89%10[B-2]5%11%12[B-2]85%13[B-2]98%14[B-2]%1061[B-2]821[B-2]326[B-2]%1174[B-2]%1252[C+2]%13%1416C(=O)NC(Cc1ccccc1)C(=O)O,O,,,failed,"Pre-condition Violation
	bond already exists
	Violation occurred on line 334 in file Code/GraphMol/RWMol.cpp
	Failed Expression: !(boost::edge(atomIdx1, atomIdx2, d_graph).second)
	RDKIT: 2022.09.5
	BOOST: 1_78
"
O=C1c2ccc(F)cc2C(=O)N1c1ccc(/N=N/c2ccccc2)cc1,O,O=C12~O~O=C(c3ccc(F)cc31)N2c1ccc(/N=N/c2ccccc2)cc1,-5.063818454742432,ok,
CN(C)c1ccc(/C=N/N=C(\C(=O)c2ccccc2)c2ccccc2)cc1,O,CN1(C)~O~C(=O)(c2ccccc2)/C(c2ccccc2)=N\N=C\c2ccc1cc2,-4.164717674255371,ok,
O=C(C1=CC=CC=C1)/C(C2=CC=CC=C2)=N\N=C\C(C=C3)=CC=C3N(C)C,O,CN1(C)~O~C(=O)(c2ccccc2)/C(c2ccccc2)=N\N=C\c2ccc1cc2,-4.164717674255371,ok,
CNc1ccc([N+](=O)[O-])cc1-c1nc2cc3ccccc3cc2[nH]c1=O,O,CN1~O~c2(=O)[nH]c3cc4ccccc4cc3nc2-c2cc([N+](=O)[O-])ccc21,-5.590501308441162,ok,
CCN1CCN(c2cc(Nc3ccc(OC)cc3)c3c4c(onc24)-c2ccccc2C3=O)CC1,O,CCN1CCN(c2cc3c4c5c(onc25)-c2ccccc2C4(=O)~O~O(C)c2ccc(cc2)N3)CC1,-4.7779107093811035,ok,
Cc1cc(-c2ccc(C=C3C(=O)c4ccccc4C3=O)o2)ccc1Cl,O,Cc1cc(-c2ccc3o2~O~C2(=O)C(=C3)C(=O)c3ccccc32)ccc1Cl,-6.486706733703613,ok,
O=C1c2ccccc2C(=O)c2cc(-c3nc4ccccc4[nH]3)ccc21,O,O=C1c2ccccc2C2(=O)~O~[nH]3c(nc4ccccc43)-c3ccc1c2c3,-6.895544052124023,ok,
CCOC(=O)C1CCCN(c2cc(Nc3ccc(C(=O)O)cc3)c3c4c(onc24)-c2ccccc2C3=O)C1,O,CCOC(=O)C1CCCN(c2cc(Nc3ccc(C4(=O)~O~O4)cc3)c3c4c(onc24)-c2ccccc2C3=O)C1,-4.965177536010742,ok,
CCN1C(=O)/C(=C\c2ccc3c(c2)C(C)(c2ccc(Cl)cc2)CC(C)(C)N3C)SC1=S,O,CCN1C(=S)S/C2=C/c3ccc4c(c3)C(C)(c3ccc(Cl)cc3)CC(C)(C)N4(C)~O~C21=O,-7.339077472686768,ok,
O=[N+]([O-])c1ccc(/C=C(Cl)/C=C2\SC(=S)N=C2O)cc1,O,O=[N+]([O-])c12~O~OC3=NC(=S)S/C3=C\C(Cl)=C\c(cc1)cc2,-4.566992282867432,ok,
CCNc1cc(N2CCN(C3CCCCC3)CC2)c(N)c2c1C(=O)c1ccccc1C2=O,O,CCNc1cc(N2CCN(C3CCCCC3)CC2)c2c3c1C(=O)c1ccccc1C3(=O)~O~N2,-5.013797760009766,ok,
CCN(CC)c1ccc(C2=Nc3ncnn3C2=NCc2ccc(F)cc2)cc1,O,CCN1(CC)~O~c23ncnn2C(=NCc2ccc(F)cc2)C(=N3)c2ccc1cc2,-3.4564309120178223,ok,
O=C(/C=C/c1ccc(-c2ccc(Cl)cc2)o1)c1ccc(N2CCOCC2)cc1,O,O=C1(c2ccc(N3CCOCC3)cc2)~O~o2c(ccc2-c2ccc(Cl)cc2)/C=C/1,-5.883847236633301,ok,
Cc1ccc(CN=C2C(c3ccc(N(C)C)cc3)=Nc3ncnn32)cc1,O,Cc1ccc(CN=C2C3=Nc4(~O~N(C)(C)c5ccc3cc5)ncnn42)cc1,-3.5333564281463623,ok,
CC[N+](C)(CC)CCOc1ccc2c(c1)C(=O)c1cc(OCC[N+](C)(CC)CC)ccc1-2,O,CC[N+](C)(CC)CCOc1ccc2c(c1)C1(=O)~O~O(CC[N+](C)(CC)CC)c3ccc-2c1c3,-7.016365051269531,ok,
CCOC(=O)c1ccc(-c2ccc(/C=C3\C=C(c4ccccc4)N(c4ccc(C)c(C)c4)C3=O)o2)cc1,O,CCO1~O~C1(=O)c1ccc(-c2ccc(/C=C3\C=C(c4ccccc4)N(c4ccc(C)c(C)c4)C3=O)o2)cc1,-5.217639446258545,ok,
Cc1ccc2cc3c(nc2c1)-c1ccccc1/C3=N/C1CCCCC1,O,Cc1ccc2cc3c4(~O~N(/C5CCCCC5)=C/3c3ccccc3-4)nc2c1,-6.00612735748291,ok,
CC1Oc2ccccc2C=C1C=C1Oc2c(ccc([O-])c2C[NH+](C)C)C1=O,O,CC1Oc2ccccc2C=C1C=C1Oc2c3ccc(c2C[NH+](C)C)[O-]~O~C13=O,-3.6425540447235107,ok,
CCCCC(CC)CN1C(=O)/C(=C/c2ccc(-c3ccc(Cl)cc3)o2)SC1=S,O,CCCCC(CC)CN1C(=S)S/C2=C\c3ccc(-c4ccc(Cl)cc4)o3~O~C21=O,-8.05045223236084,ok,
CC[NH+](CC)Cc1c([O-])ccc2c1O/C(=C\c1cccs1)C2=O,O,CC[NH+](CC)Cc1c2ccc3c1O/C(=C\c1cccs1)C3(=O)~O~[O-]2,-4.1562910079956055,ok,
[C][C]OC(=O)C1=C(C(=O)O[C][C])SC(=C2C(=S)C([C])([C])N([C])c3ccccc32)S1,O,[C][C]OC(=O)C1=C(C2(=O)~O~O2[C][C])SC(=C2C(=S)C([C])([C])N([C])c3ccccc32)S1,-5.6688032150268555,ok,
O=C1/C(C(C=CC=C2)=C2C=C1)=N\NC3=CC=C(N(CC)CC)C=C3,O,CCN1(CC)~O~C2(=O)C=Cc3ccccc3/C2=N/Nc2ccc1cc2,-4.88299036026001,ok,
CCN(CC)c1ccc(N/N=C2\C(=O)C=Cc3ccccc32)cc1,O,CCN1(CC)~O~C2(=O)C=Cc3ccccc3/C2=N/Nc2ccc1cc2,-4.88299036026001,ok,
CCCCCC[NH+]1[CH-]Nc2c(c3nc4ccccc4nc3n2/N=C/c2ccccc2)C1=O,O,CCCCCC[NH+]1[CH-]N2~O~C1(=O)c1c2n(/N=C/c2ccccc2)c2nc3ccccc3nc12,-3.8176960945129395,ok,
Nc1ccc(/N=N/c2ccccc2)c2cccnc12,O,c1ccc(/N=N/c2ccc3c4(~O~N3)ncccc24)cc1,-3.440063238143921,ok,
CN(C)c1ccc(C=Cc2ccc3ccccc3[n+]2C)cc1,O,C[n+]1c2ccc3ccccc31~O~N(C)(C)c1ccc(cc1)C=C2,-5.945489883422852,ok,
O=C1c2ccccc2-c2cc(N3CCN(C4CCCCC4)CC3)nc3cccc1c23,O,O=C12~O~N3(CCN(C4CCCCC4)CC3)c3cc(c4c1cccc4n3)-c1ccccc12,-5.089261054992676,ok,
C1=C(c2ccccc2)Oc2ccccc2C1=CC=C1C=C(c2ccccc2)Oc2ccccc21,O,C1=C(c2ccccc2)Oc2ccccc2C1=CC=C1C=C2(c3ccccc3)~O~O2c2ccccc21,-6.097246170043945,ok,
CN(C)c1ccc(/C=C(\C#N)c2nc(-c3cccs3)c(NC(=O)c3ccc(Cl)cc3)s2)cc1,O,CN1(C)~O~C(=O)(c2ccc(Cl)cc2)Nc2sc(nc2-c2cccs2)/C(C#N)=C/c2ccc1cc2,-7.125509738922119,ok,
CC(C)(C)c1ccc(N2C(=O)/C(=C/c3ccc(-c4cc(Cl)ccc4Cl)o3)C=C2c2ccccc2)cc1,O,CC(C)(C)c1ccc(N2C(c3ccccc3)=C/C3=C\c4ccc(-c5cc(Cl)ccc5Cl)o4~O~C32=O)cc1,-7.329811096191406,ok,
CN(C)c1ccc(/C=N/N=C2/NC(=O)/C(=C/c3ccc([N+](=O)[O-])cc3)S2)cc1,O,CN1(C)~O~c2([N+](=O)[O-])ccc(cc2)/C=C2\S/C(=N\N=C\c3ccc1cc3)NC2=O,-4.826376438140869,ok,
O=[N+]([O-])c1cccc(C=C2CCC(C(=S)Nc3ccccc3)=C2N2CCCCC2)c1,O,O=[N+]([O-])c12~O~N3(CCCCC3)C3=C(C(=S)Nc4ccccc4)CCC3=Cc(ccc1)c2,-6.672255516052246,ok,
Cc1ccc(N2C(=O)/C(=C/c3ccc([N+](=O)[O-])cc3)C=C2c2ccccc2)c(C)c1,O,Cc1ccc(N23~O~c4([N+](=O)[O-])ccc(cc4)/C=C(\C=C2c2ccccc2)C3=O)c(C)c1,-4.77036190032959,ok,
CCOc1ccc(Nc2cc(N3CCN(C)CC3)c3noc4c3c2C(=O)c2ccccc2-4)cc1,O,CCO1~O~C2(=O)c3ccccc3-c3onc4c(N5CCN(C)CC5)cc(c2c34)Nc2ccc1cc2,-4.593084335327148,ok,
O=C(O)c1ccc(-c2c3cc4c5c(c3[o+]c3c6c7c(cc23)CCCN7CCC6)CCCN5CCC4)c(C(=O)[O-])c1,O,O=C(O)c1ccc2c(c1)C([O-])=O~O~c13[o+]c4c5c6c(cc4c-2c1cc1c2c3CCCN2CCC1)CCCN6CCC5,-10.236588478088379,ok,
O=C1c2ccccc2-c2onc3c(N4CCCCCC4)cc(NC4CCCCC4)c1c23,O,O=C12~O~N(C3CCCCC3)c3cc(N4CCCCCC4)c4noc(c4c31)-c1ccccc12,-5.159526348114014,ok,
CC(=O)Nc1ccc(S(=O)([O-])=NC2=C([n+]3ccc(-c4ccc(N(C)C)cc4)cc3)C(=O)c3ccccc3C2=O)cc1,O,CC(=O)Nc1ccc(S2(=O)=NC3=C([n+]4ccc(-c5ccc(N(C)C)cc5)cc4)(~O~[O-]2)C(=O)c2ccccc2C3=O)cc1,-4.700221061706543,ok,
O=[N+]([O-])c1ccccc1-c1ccc(/C=N/c2ccc(N3CCOCC3)cc2)o1,O,O=[N+]([O-])c12~O~o3c(/C=N/c4ccc(N5CCOCC5)cc4)ccc3-c1cccc2,-5.164687156677246,ok,
O=C1C(=CC=Cc2ccco2)SC(=S)N1CCC1CCCCC1,O,O=C12~O~o3cccc3C=CC=C1SC(=S)N2CCC1CCCCC1,-6.778597831726074,ok,
Cc1ccc(Nc2cc(N(C)C(C)C(O)c3ccccc3)c3noc4c3c2C(=O)c2ccccc2-4)cc1,O,Cc1ccc(Nc2cc3c4noc5c4c2C(=O)(~O~OC(c2ccccc2)C(C)N3C)c2ccccc2-5)cc1,-4.012249946594238,ok,
CCOc1ccc2c(c1)-c1c(s[s+]c1SC)C(C)(C)N2C(=O)C(C)C,O,CCO1~O~[s+]2sc3c(c2SC)-c2cc1ccc2N(C(=O)C(C)C)C3(C)C,-7.933457374572754,ok,
O=C1OC(c2ccccc2F)=NC1=CC=Cc1ccc([N+](=O)[O-])cc1,O,O=[N+]([O-])c1ccc(C=CC=C2N=C(c3ccccc3F)O3~O~C23=O)cc1,-4.227579116821289,ok,
Cc1ccc(Sc2ccc(Nc3cc(S(=O)(=O)O)c(N)c4c3C(=O)c3ccccc3C4=O)cc2)c(C)c1,O,Cc1ccc(Sc2ccc(Nc3cc4c(c5c3C(=O)c3ccccc3C5=O)N~O~S4(=O)(=O)O)cc2)c(C)c1,-6.508604526519775,ok,
O=[N+]([O-])c1ccc(-c2c3nc(c(-c4ccc([N+](=O)[O-])cc4)c4ccc([nH]4)c(-c4ccc([N+](=O)[O-])cc4)c4nc(c(-c5ccc([N+](=O)[O-])cc5)c5ccc2[nH]5)C=C4)C=C3)cc1,O,O=[N+]([O-])c1ccc(-c2c3nc(c(-c4ccc([N+](=O)[O-])cc4)c4ccc5c(-c6ccc([N+](=O)[O-])cc6)c6nc(c(c7ccc2[nH]7)-c2ccc([N+](=O)[O-])(~O~[nH]45)cc2)C=C6)C=C3)cc1,-7.502607345581055,ok,
Cc1ccc(S(=O)(=O)Nc2cccc3ccc(C=Cc4cccc([N+](=O)[O-])c4)nc23)cc1,O,Cc1ccc(S(=O)(=O)N2~O~c3([N+](=O)[O-])cccc(c3)C=Cc3ccc4cccc2c4n3)cc1,-4.527095794677734,ok,
CCOC(=O)C1=C(Nc2ccc(CC)cc2)SC(=Cc2ccc(Sc3ccccc3)o2)C1=O,O,CCc1ccc(NC2=C(C3(=O)~O~O3CC)C(=O)C(=Cc3ccc(Sc4ccccc4)o3)S2)cc1,-6.016623497009277,ok,
O=C1[N]c2ccc(S(=O)(=O)N3[C][C][C][C]3)cc2C1=C1[C][C][C][C]1,O,O=S(=O)(c1ccc2c(c1)C(=C1[C][C][C][C]1)C1(~O~O=1)[N]2)N1[C][C][C][C]1,-3.3457324504852295,ok,
CCN1C(=Cc2sc3ccccc3[n+]2CCCS(=O)(=O)[O-])C=Cc2cc(C)ccc21,O,CCN1C(=Cc23~O~[O-]S(=O)(=O)CCC[n+]2c2ccccc2s3)C=Cc2cc(C)ccc21,-3.823669672012329,ok,
O=[N+]([O-])c1ccc(/C=N/c2cccc3c(/N=C/c4ccc([N+](=O)[O-])s4)cccc23)s1,O,O=[N+]([O-])c1ccc(/C=N/c2cccc3c(/N=C/c4ccc5(~O~O=[N+]5[O-])s4)cccc23)s1,,failed,Featurization failed: RDKit could not parse Smiles_Merged
Cc1cc(/C=C2\C(=O)N(C)c3ccc(S(=O)(=O)N4CCOCC4)cc32)c(C)n1-c1ccc([N+](=O)[O-])cc1,O,Cc1cc2c(C)n1-c1ccc([N+](=O)[O-])(~O~O3CCN(CC3)S(=O)(=O)c3ccc4c(c3)/C(=C/2)C(=O)N4C)cc1,-5.214726448059082,ok,
Nc1c(N2CCOCC2)cc(NCCO)c2c1C(=O)c1ccccc1C2=O,O,O=C1c2ccccc2C2(=O)~O~Nc3c(N4CCOCC4)cc(NCCO)c1c32,-5.160601615905762,ok,
N#C/C(=C\c1ccc(N2CCCCCC2)o1)c1cccc(F)c1,O,N#C/C(=C\c1ccc2(N3CCCCCC3)~O~o12)c1cccc(F)c1,-6.592728614807129,ok,
CCCCc1ccc(C(=O)Nc2ccc(N3CCOCC3)c3c2C(=O)c2ccccc2C3=O)cc1,O,CCCCc1ccc(C2(=O)~O~O3CCN(CC3)c3ccc(c4c3C(=O)c3ccccc3C4=O)N2)cc1,-6.127291679382324,ok,
CCCCCCCCNc1ccc(NC(=O)c2ccc(-c3ccc(CCCCC)cc3)cc2)c2c1C(=O)c1ccccc1C2=O,O,CCCCCCCCN1~O~C(=O)(c2ccc(-c3ccc(CCCCC)cc3)cc2)Nc2ccc1c1c2C(=O)c2ccccc2C1=O,-6.616111755371094,ok,
Cc1ccc(C)c(N2C(=O)C(=Cc3ccc(-c4ccc(Br)cc4)o3)C=C2c2ccccc2)c1,O,Cc1ccc(C)c(N2C(c3ccccc3)=CC3=Cc4ccc(-c5ccc(Br)cc5)o4~O~C32=O)c1,-6.258453369140625,ok,
O/N=C1/c2ccccc2-c2nc3ccccc3nc21,O,c1ccc2c(c1)-c1nc3ccccc3nc1C21~O~ON=1,-3.3592748641967773,ok,
CCN(CC)c1ccc(NC(=O)c2ccc3c(c2)C(=O)N(C)C3=O)cc1,O,CCN1(CC)~O~C2(=O)c3cc(ccc3C(=O)N2C)C(=O)Nc2ccc1cc2,-5.705600738525391,ok,
CCN1C(=CC=Cc2sc3ccccc3[n+]2CC)Sc2ccccc21,O,CC[n+]1c2ccccc2sc12~O~N1(CC)C(=CC=C2)Sc2ccccc21,,failed,Featurization failed: RDKit could not parse Smiles_Merged
O=C(C=Cc1ccc(-c2ccc(Cl)cc2)o1)c1ccc(-c2ccc([N+](=O)[O-])cc2)o1,O,O=C1C=Cc2ccc(-c3ccc(Cl)cc3)o2~O~c2([N+](=O)[O-])ccc(cc2)-c2ccc1o2,-6.069221496582031,ok,
O=C1c2ccccc2C(=O)c2c3c(cc([O-])c21)Sc1ccccc1[NH2+]3,O,O=C1c2ccccc2C2(=O)~O~[O-]c3cc4c(c2c31)[NH2+]c1ccccc1S4,-3.9878547191619873,ok,
COc1ccc2cc(C(=O)c3ccc(N(C)C)cc3)ccc2c1,O,CN(C)c1ccc(C2(=O)~O~O(C)c3ccc4cc2ccc4c3)cc1,-5.55931282043457,ok,
CN(C)c1ccc(-n2cccc2C=C2C(=O)c3ccccc3C2=O)cc1,O,CN1(C)~O~C2(=O)C(=Cc3cccn3-c3ccc1cc3)C(=O)c1ccccc12,-5.179557800292969,ok,
"COC1=CC=C(C=CC=C2C(=O)C3=CC=CC=C3C2=O)C=C1 |w:6.5,c:14,16,22,t:2,4,12|",O,CO1~O~C2(=O)C(=CC=Cc3ccc1cc3)C(=O)c1ccccc12,-5.738461017608643,ok,
IC1=CC=C(I)C2=C(I)C=CC=C1C2,O,IC1=CC=C2(I)~O~C3=CC(I)=C2CC1=C3,-5.836926460266113,ok,
"[O-][N+](=O)C1=CC=C(\C=C\C2=NC3=C(C=CC=C3C3=C2CCS3)C(F)(F)F)C=C1 |c:13,15,18,29,t:3,5,9,11|",O,O=[N+]1[O-]~O~C(F)(F)(F)c2cccc3c4c(c(nc23)C=Cc2ccc1cc2)CCS4,-4.172660827636719,ok,
O=[N+]([O-])c1ccc(/C=C/c2nc3c(C(F)(F)F)cccc3c3c2CCS3)cc1,O,[O-][N+]1=O~O~C(F)(F)(F)c2cccc3c4c(c(nc23)/C=C/c2ccc1cc2)CCS4,-6.1162004470825195,ok,
CCOc1ccc(/N=C/c2ccc([N+](=O)[O-])s2)cc1,O,CCO1~O~c2([N+](=O)[O-])ccc(s2)/C=N/c2ccc1cc2,-5.3380303382873535,ok,
N#CC(=Cc1ccc(N2CCCCC2)o1)c1cccc([N+](=O)[O-])c1,O,N#CC1=Cc2ccc(N3CCCCC3)o2~O~c2([N+](=O)[O-])cccc1c2,-5.937551498413086,ok,
COc1cc([N+](=O)[O-])ccc1-c1ccc(/C=C/c2cc(C(F)(F)F)nc(=O)[nH]2)o1,O,CO1~O~C(F)(F)(F)c2cc([nH]c(=O)n2)/C=C/c2ccc(o2)-c2ccc([N+](=O)[O-])cc21,-6.753938674926758,ok,
CCN1C(=O)/C(=C/C=C2/Sc3ccc(-c4ccccc4)cc3N2CCCS(=O)(=O)O)SC1=S,O,CCN1C(=S)S/C2=C\C=C3\Sc4ccc(-c5ccccc5)cc4N3(CCCS(=O)(=O)O)~O~C21=O,-5.416364669799805,ok,
O=C1C(=Cc2ccc([N+](=O)[O-])cc2)C=C(c2ccccc2)N1c1cccc2ccccc12,O,O=C1C2=Cc3ccc([N+](=O)[O-])(~O~N1(c1cccc4ccccc14)C(c1ccccc1)=C2)cc3,-4.935754776000977,ok,
Cc1cc2c(c(O)c1-c1c(C)cc3c(c1O)/C(=C/Nc1ccc(/N=N/c4ccccc4)cc1)C(=O)C(O)=C3C(C)C)/C(=C/Nc1ccc(/N=N/c3ccccc3)cc1)C(=O)C(O)=C2C(C)C,O,Cc1cc2c3c(O)c1-c1c(C)cc4c(c1O~O~C(=O)(C(O)=C2C(C)C)/C3=C\Nc1ccc(/N=N/c2ccccc2)cc1)/C(=C/Nc1ccc(/N=N/c2ccccc2)cc1)C(=O)C(O)=C4C(C)C,-5.082469940185547,ok,
[C][C]1[C]N(OS(=O)c2ccc3c(c2)C(=C2[C][C][C][C]2)C(=O)[N]3)[C][C]N1c1cccc([C])c1,O,[C][C]1[C]N2[C][C]N1(c1cccc([C])c1)~O~C1(=O)[N]c3ccc(cc3C1=C1[C][C][C][C]1)S(=O)O2,-3.1285769939422607,ok,
CCN(CC)c1ccc2c(-c3ccccc3C(=O)O)c3ccc(=[N+](CC)CC)cc-3oc2c1,O,CCN(CC)c1ccc2c(-c3ccccc3C3(=O)~O~O3)c3ccc(=[N+](CC)CC)cc-3oc2c1,-4.223301887512207,ok,
Cc1ccc(N(C(=O)c2cccc([N+](=O)[O-])c2)c2ccc3ccccc3c2)cc1,O,Cc1ccc(N2(c3ccc4ccccc4c3)~O~c3([N+](=O)[O-])cccc(c3)C2=O)cc1,-5.240842819213867,ok,
Cc1ccc(-c2csc(/C=C/c3ccc(-c4ccc(S(=O)(=O)N5CCOCC5)cc4)o3)n2)cc1,O,Cc1ccc(-c2csc(/C=C/c3ccc4o3~O~S(=O)(=O)(N3CCOCC3)c3ccc-4cc3)n2)cc1,-6.469714641571045,ok,
O=C1/C(=C/c2ccc(-c3cc(Cl)ccc3Cl)o2)C=C(c2ccccc2)N1c1cccc(O)c1,O,O=C12~O~Oc3cccc(c3)N1C(c1ccccc1)=C/C2=C\c1ccc(-c2cc(Cl)ccc2Cl)o1,-4.568089008331299,ok,
O=C1OC(c2cccc(Cl)c2)=NC1=CC=Cc1cccc([N+](=O)[O-])c1,O,O=[N+]([O-])c1cccc(C=CC=C2N=C(c3cccc(Cl)c3)O3~O~C23=O)c1,-4.617810249328613,ok,
CCN(CC)c1ccc(/C=N/n2c(-c3ccc([N+](=O)[O-])cc3)cs/c2=N\c2c(C)n(C)n(-c3ccccc3)c2=O)cc1,O,CCN1(CC)~O~c2(=O)c(c(C)n(C)n2-c2ccccc2)/N=c2\scc(-c3ccc([N+](=O)[O-])cc3)n2/N=C/c2ccc1cc2,-3.977376699447632,ok,
Cn1ncc2c1CCC(=Cc1ccc(-c3ccccc3[N+](=O)[O-])o1)C2=O,O,Cn1ncc2c1CCC(=Cc1ccc3o1~O~c1([N+](=O)[O-])ccccc1-3)C2=O,-5.365330696105957,ok,
COc1ccc(Nc2cc(N3CCN(CCO)CC3)c(N)c3c2C(=O)c2ccccc2C3=O)cc1,O,CO1~O~C2(=O)c3ccccc3C(=O)c3c(cc(N4CCN(CCO)CC4)c(N)c32)Nc2ccc1cc2,-4.815282821655273,ok,
COC(=O)c1ccc2c(c1)[N+](C)=C(/C=C/c1ccc(OC)cc1OC)C2(C)C,O,COc1cc2ccc1/C=C/C1=[N+](C)c3cc(ccc3C1(C)C)C(=O)(OC)~O~O2C,-5.253364562988281,ok,
CCOc1ccccc1N1C(=O)/C(=C\C=C\c2ccco2)SC1=S,O,CCO1~O~C2(=O)/C(=C\C=C\c3ccco3)SC(=S)N2c2ccccc21,-6.162415981292725,ok,
CCN1C(=O)C(=Cc2ccc(-c3cccc(F)c3)o2)SC1=S,O,CCN1C(=S)SC2=Cc3ccc(-c4cccc(F)c4)o3~O~C21=O,-7.004117488861084,ok,
CCn1cc(/C=C2/Oc3c(ccc([O-])c3C[NH+]3CCCCC3)C2=O)c2cc(OC)ccc21,O,CCn1cc(/C=C2/Oc3c4ccc(c3C[NH+]3CCCCC3)[O-]~O~C24=O)c2cc(OC)ccc21,-3.198345899581909,ok,
CC1=C(C#N)c2nc(N)c(C#N)c(C)c2/C1=C\c1ccc(Sc2ccc(Cl)cc2)o1,O,CC1=C(C#N)c2nc(N)c(C#N)c(C)c2/C1=C\c1ccc2(Sc3ccc(Cl)cc3)~O~o12,-6.181427001953125,ok,
O=C(c1ccc2c(c1)C(=O)N(c1ccc(/N=N/c3ccccc3)cc1)C2=O)c1ccc2c(c1)C(=O)N(c1ccc(/N=N/c3ccccc3)cc1)C2=O,O,O=C1c2ccc(C3=O~O~C4(=O)c5cc3ccc5C(=O)N4c3ccc(/N=N/c4ccccc4)cc3)cc2C(=O)N1c1ccc(/N=N/c2ccccc2)cc1,-5.209126949310303,ok,
Cc1ccc(Nc2cc(N(C)C)c3noc4c3c2C(=O)c2ccccc2-4)cc1,O,Cc1ccc(Nc2cc3c4noc5c4c2C(=O)(~O~N3(C)C)c2ccccc2-5)cc1,-5.455798625946045,ok,
CN1c2c(ccc3ccccc23)C(C)(C)C12C=Cc1cc([N+](=O)[O-])ccc1O2,O,CN1c2c(ccc3ccccc23)C(C)(C)C12C=Cc1cc3([N+](=O)[O-])~O~O2c1cc3,-5.805087089538574,ok,
[C][C]OC(=O)c1c([N]C([C])=C2C(=O)N([C][C])C(=S)N([C][C])C2=O)sc2c1[C][C][C][C]2,O,[C][C]N1C(=O)C(=C([C])[N]c2sc3c(c2C2(=O)~O~O2[C][C])[C][C][C][C]3)C(=O)N([C][C])C1=S,-5.447813034057617,ok,
CN1CCCc2cc(/C=C3\C(=O)c4ccccc4S(=O)(=O)N3C)ccc21,O,CN1/C2=C/c3ccc4c(c3)CCCN4(C)~O~S1(=O)(=O)c1ccccc1C2=O,-5.047031402587891,ok,
CN(C)c1ccc(Nc2cc(N3CCN(C4CCCCC4)CC3)c3noc4c3c2C(=O)c2ccccc2-4)cc1,O,CN1(C)~O~C2(=O)c3ccccc3-c3onc4c(N5CCN(C6CCCCC6)CC5)cc(c2c34)Nc2ccc1cc2,-4.920266628265381,ok,
O=C(Nc1ccc(N2CCCC2)cc1)c1ccc([N+](=O)[O-])o1,O,O=C(Nc1ccc(N2CCCC2)cc1)c1ccc2([N+](=O)[O-])~O~o12,-5.155820846557617,ok,
O=C(C=Cc1ccc(-c2ccc(Cl)cc2)o1)c1ccc(N2CCOCC2)cc1,O,O=C1(c2ccc(N3CCOCC3)cc2)~O~o2c(ccc2-c2ccc(Cl)cc2)C=C1,-5.883847713470459,ok,
CCn1c(=O)/c(=C\C=C2\N(C)c3ccc(-c4ccccc4)cc3C2(C)C)s/c1=C1\C(=O)N(c2ccccc2)N=C1C,O,CCn1c(=O)\c2s/c1=C1/C(C)=NN(c3ccccc3)C1(=O)~O~N1(C)/C(=C/C=2)C(C)(C)c2cc(-c3ccccc3)ccc21,-4.6131391525268555,ok,
CN1CCSc2ccc([OH+]S([O-])=Nc3cccc(Cl)c3)cc21,O,CN1CCSc2ccc3(~O~[O-]S(=Nc4cccc(Cl)c4)[OH+]3)cc21,,failed,Featurization failed: RDKit could not parse Smiles_Merged
CCN(CC)c1ccc(C=C2CCC(C=C(C#N)C(=O)Nc3cccc(C(F)(F)F)c3)=C2N2CCOCC2)cc1,O,CCN(CC)c1ccc(C=C2CCC3=C2N2CCO(~O~C(F)(F)(F)c4cccc(c4)NC(=O)C(C#N)=C3)CC2)cc1,-7.625590801239014,ok,
CC(C)CNc1cc(N(C)CCO)c(N)c2c1C(=O)c1ccccc1C2=O,O,CC(C)CNc1cc(N(C)CCO)c2c3c1C(=O)c1ccccc1C3(=O)~O~N2,-5.37329626083374,ok,
NC(=C\c1sc2ccccc2[n+]1CCCS(=O)(=O)[O-])/C=C1\Sc2ccccc2N1CCCS(=O)(=O)O,O,NC1=C\c2sc3ccccc3[n+]2CCCS(=O)(=O)[O-]~O~S(=O)(=O)(O)CCCN2/C(=C/1)Sc1ccccc12,-4.089203357696533,ok,
COc1ccccc1N1C(=O)/C(=C/c2ccc(-c3ccc(Br)cc3)o2)C=C1c1ccccc1,O,CO1~O~C2(=O)/C(=C/c3ccc(-c4ccc(Br)cc4)o3)C=C(c3ccccc3)N2c2ccccc21,-5.734625816345215,ok,
CCCN(CCC)c1ccc(/C=C2\N=C(c3ccc(F)cc3)OC2=O)cc1,O,CCCN(CCC)c1ccc(/C=C2\N=C(c3ccc(F)cc3)O3~O~C23=O)cc1,-4.800416946411133,ok,
O=C1N=C(N2CCN(c3ccc([N+](=O)[O-])cc3)CC2)S/C1=C\c1ccc(-c2ccc(Cl)c(Cl)c2)o1,O,O=[N+]([O-])c1ccc(N2CCN(C3=NC4(=O)~O~o5c(ccc5-c5ccc(Cl)c(Cl)c5)/C=C/4S3)CC2)cc1,-5.184886932373047,ok,
CCN(CC)c1ccc(C=Cc2onc(C)c2[N+](=O)[O-])c(OCc2ccccc2)c1,O,CCN(CC)c1ccc2c(c1)O(Cc1ccccc1)~O~c1([N+](=O)[O-])c(C)noc1C=C2,-5.551816463470459,ok,
CCCN1C(=O)/C(=C/C=C2/Sc3c(ccc4ccccc34)N2CC)SC1=S,O,CCCN1C(=S)S/C2=C\C=C3\Sc4c(ccc5ccccc45)N3(CC)~O~C21=O,-6.310985088348389,ok,
O=[N+]([O-])c1ccc(-c2ccc(C=NN3CCN(c4ccccn4)CC3)o2)cc1,O,O=[N+]([O-])c12~O~o3c(C=NN4CCN(c5ccccn5)CC4)ccc3-c(cc1)cc2,-3.158344268798828,ok,
CCN(CC)c1ccc(NC2=C(Cl)C(=O)c3ccccc3C2=O)cc1,O,CCN1(CC)~O~C2(=O)C(=C(Cl)C(=O)c3ccccc32)Nc2ccc1cc2,-6.312313556671143,ok,
O=C1/C(=C\c2cccc([N+](=O)[O-])c2)CCC/C1=C\c1cccc([N+](=O)[O-])c1,O,O=[N+]([O-])c1cccc(/C=C2\CCC/C3=C/c4cccc([N+](=O)[O-])(~O~O=C32)c4)c1,-4.74867582321167,ok,
CC(C)Cc1ccc(-c2csc(/C(C#N)=C/c3ccc(N(C)C)cc3)n2)cc1,O,CC(C)Cc1ccc(-c2csc3(~O~N(C)(C)c4ccc(cc4)/C=C/3C#N)n2)cc1,,failed,Featurization failed: RDKit could not parse Smiles_Merged
O=C1c2ccccc2C(=O)N1c1ccc(/N=N/c2ccccc2)cc1,O,O=C1c2ccccc2C2(~O~O=2)N1c1ccc(/N=N/c2ccccc2)cc1,-3.0631988048553467,ok,
COC1CC(=O)/C2=C/CCCC(C)OC(=O)C3=C(/C=C/C=C/C=C/C(=O)O)OC1C32,O,COC1CC(=O)/C2=C/CCCC(C)OC3(=O)~O~O4C(/C=C/C=C/C=C/C(=O)O)=C3C2C14,-6.649080276489258,ok,
N#C/C(=C/c1ccc(Sc2ccccc2)o1)c1cccc([N+](=O)[O-])c1,O,N#C/C1=C/c2ccc(Sc3ccccc3)o2~O~c2([N+](=O)[O-])cccc1c2,-6.4307146072387695,ok,
C=CCN1C(=O)C(=Cc2ccc(-c3ccc([N+](=O)[O-])cc3Cl)o2)SC1=S,O,C=CCN1C(=O)C(=Cc2ccc3o2~O~c2([N+](=O)[O-])ccc-3c(Cl)c2)SC1=S,-6.9941864013671875,ok,
CN(C)c1ccc(/C=C2\C=C(c3ccc(F)cc3)OC2=O)cc1Br,O,CN(C)c1ccc(/C=C2\C=C(c3ccc(F)cc3)O3~O~C23=O)cc1Br,-5.110262870788574,ok,
CC(C)Nc1cc(Br)c2noc3c2c1C(=O)c1ccccc1-3,O,CC(C)N1~O~C2(=O)c3ccccc3-c3onc4c(Br)cc1c2c34,-4.995266437530518,ok,
N#CC(C#N)=CC1=C(N2CCCC2)CCCC1,O,N#CC1(C#N)~O~N2(CCCC2)C2=C(C=1)CCCC2,-4.860960960388184,ok,
O=C1/C(=C/C=C/c2ccccc2)CCC/C1=C\C=C\c1ccccc1,O,C(=C/c1ccccc1)\C=C1/CCC/C(=C\C=C\c2ccccc2)C12~O~O=2,-4.462608337402344,ok,
O=C1/C(CCC/C1=C\C=C\C2=CC=CC=C2)=C/C=C/C3=CC=CC=C3,O,C(=C/c1ccccc1)\C=C1/CCC/C(=C\C=C\c2ccccc2)C12~O~O=2,-4.462608337402344,ok,
[C]C1([C])[C]C(N2[C][C][C]([C]c3ccccc3)[C][C]2)=[C]C(=[N+]2[C][C][C][C][C]2)[C]1,O,[C]C1([C])[C]C2=[C]C(=[N+]3[C][C][C][C][C]3~O~N23[C][C][C]([C]c2ccccc2)[C][C]3)[C]1,-5.307354927062988,ok,
C=CCN1C(=O)/C(=c2/s/c(=C(\C=C3\Sc4cc(OC)ccc4N3CC)c3ccccc3)c(=O)n2CC)SC1=S,O,C=CCN1C(=O)/C(=c2/s\c3c(=O)(~O~O(C)c4ccc5c(c4)S/C(=C/C=3c3ccccc3)N5CC)n2CC)SC1=S,-7.2586517333984375,ok,
CN(C)c1ccc(/C=C/C=C2/S/C(=N/c3ccccc3)N(Cc3ccc(C(=O)O)cc3)C2=O)cc1,O,CN(C)c1ccc(/C=C/C=C2/S/C(=N/c3ccccc3)N(Cc3ccc(C4(=O)~O~O4)cc3)C2=O)cc1,-4.510969161987305,ok,
CCN1C(=O)C(=Cc2ccc(-c3ccc([N+](=O)[O-])cc3)o2)SC1=S,O,CCN1C(=O)C(=Cc2ccc3o2~O~c2([N+](=O)[O-])ccc-3cc2)SC1=S,-6.754611968994141,ok,
O=C(ON1C(=O)CCC1=O)c1ccc(-c2c3cc4c5c(c3[o+]c3c6c7c(cc23)CCCN7CCC6)CCCN5CCC4)c(C(=O)[O-])c1,O,O=C(ON1C(=O)CCC1=O)c1ccc2c(c1)C([O-])=O~O~c13[o+]c4c5c6c(cc4c-2c1cc1c2c3CCCN2CCC1)CCCN6CCC5,-9.699152946472168,ok,
[C]c1cc([C]=C2C(=O)N([C])C(=S)N([C])C2=O)c([C])n1-c1ccc(N2[C][C]O[C][C]2)cc1,O,[C]c1cc2c([C])n1-c1ccc(cc1)N1[C][C]O(~O~C3(=O)C(=[C]2)C(=O)N([C])C(=S)N3[C])[C][C]1,-4.865576267242432,ok,
COc1ccccc1N1C(=O)/C(=C\c2ccc(-c3ccc([N+](=O)[O-])cc3)o2)NC1=S,O,CO1~O~C2(=O)/C(=C\c3ccc(-c4ccc([N+](=O)[O-])cc4)o3)NC(=S)N2c2ccccc21,-5.823037147521973,ok,
CN1C=CC(=CC=C(C#N)c2nc3ccccc3s2)c2ccccc21,O,CN12~O~c3(nc4ccccc4s3)C(C#N)=CC=C(C=C1)c1ccccc12,,failed,Featurization failed: RDKit could not parse Smiles_Merged
[C][C]1[C][C][C]([N]S(=O)(=O)c2ccc3c(c2)C(=C2[C][C][C][C]2)C(=O)[N]3)[C][C]1,O,[C][C]1[C][C][C]([N]S(=O)(=O)c2ccc3c(c2)C(=C2[C][C][C][C]2)C2(~O~O=2)[N]3)[C][C]1,-2.5198874473571777,ok,
CCN(CC)c1ccc(/C=C2/SC(=S)N(C3CCCCC3)C2=O)c(OCc2ccc(Cl)cc2Cl)c1,O,CCN(CC)c1ccc2c(c1)O(Cc1ccc(Cl)cc1Cl)~O~C1(=O)/C(=C\2)SC(=S)N1C1CCCCC1,-8.063186645507812,ok,
CCOc1ccc(Nc2cc(N3CCN(c4cccc(C(F)(F)F)c4)CC3)c3noc4c3c2C(=O)c2ccccc2-4)cc1,O,CCO1~O~C(F)(F)(F)c2cccc(c2)N2CCN(CC2)c2cc(c3c4c(onc24)-c2ccccc2C3=O)Nc2ccc1cc2,-4.863241195678711,ok,
"CC(C)N(C1=CC=CC=C1)C1=CC=C(NC(=S)NC(=O)C2=CC=C(Cl)C=C2)C=C1 |c:6,8,26,29,t:4,11,13,21,23|",O,CC(C)N1(c2ccccc2)~O~C(=O)(c2ccc(Cl)cc2)NC(=S)Nc2ccc1cc2,-6.981603145599365,ok,
O=[N+]([O-])c1cc(Br)c2c(c1)=[N+]([O-])C1(CCCCC1)[N+]=2[O-],O,O=[N+]([O-])c1cc(Br)c2c(c1)=[N+]1[O-]~O~C13(CCCCC3)[N+]=2[O-],-3.637221574783325,ok,
CN(C)c1ccc(C=C2C=CC=C2)cc1,O,CN1(C)~O~c12ccc(C=C1C=CC=C1)cc2,,failed,Featurization failed: RDKit could not parse Smiles_Merged
COc1cc([N+](=O)[O-])ccc1/N=C/c1ccc(N(C)C)cc1,O,CN(C)c1ccc(/C=N/c2ccc3([N+](=O)[O-])~O~O(C)c2c3)cc1,-4.528120994567871,ok,
CCCCCCOc1ccc2c(c1)C(=O)c1cc(OCCCCCC)ccc1-2,O,CCCCCCOc1ccc2c(c1)C1(=O)~O~O(CCCCCC)c3ccc-2c1c3,-7.3980231285095215,ok,
O=C1C(=Cc2ccc(-c3cccc(Cl)c3)o2)C(=O)c2ccccc21,O,O=C1C2=Cc3ccc(-c4cccc(Cl)c4)o3~O~C2(=O)c2ccccc21,-6.444581508636475,ok,
O=C1c2ccc([N+](=O)[O-])cc2C(=O)N1c1ccc(-c2cc(-c3ccc(N4C(=O)c5ccc([N+](=O)[O-])cc5C4=O)cc3)nc(-c3ccccc3)n2)cc1,O,O=C1c2ccc([N+](=O)[O-])cc2C(=O)N1c1ccc(-c2cc(-c3ccc(N4C(=O)c5cc6([N+](=O)[O-])~O~O=C4c5cc6)cc3)nc(-c3ccccc3)n2)cc1,-5.279232025146484,ok,
CCCN1CCN(c2cc(NCCCOCC)c3c4c(onc24)-c2ccccc2C3=O)CC1,O,CCCN1CCN(c2cc3c4c5c(onc25)-c2ccccc2C4(=O)~O~N3CCCOCC)CC1,-4.430981636047363,ok,
[C]O[C][C][N]OS(=O)c1ccc2c(c1)C(=C1[C][C][C][C]1)C(=O)N2[C],O,[C]N1c2ccc3cc2C(=C2[C][C][C][C]2)C1(=O)~O~O([C])[C][C][N]OS3=O,-3.9965693950653076,ok,
CCN(CC)C(=O)C=Cc1ccc(-c2cccc([N+](=O)[O-])c2)o1,O,CCN(CC)C(=O)C=Cc1ccc2o1~O~c1([N+](=O)[O-])cccc-2c1,-5.999068260192871,ok,
CCN(CC)c1cc(NC(C)C)c2c3c(onc13)-c1ccccc1C2=O,O,CCN(CC)c1cc2c3c4c(onc14)-c1ccccc1C3(=O)~O~N2C(C)C,-4.795657634735107,ok,
CCc1ccc(N2C(=O)/C(=C/c3ccc(-c4cccc(C(=O)O)c4)o3)SC2=S)cc1,O,CCc1ccc(N2C(=O)/C(=C/c3ccc(-c4cccc(C5(=O)~O~O5)c4)o3)SC2=S)cc1,-4.700559616088867,ok,
CC[n+]1c(/C=C2/C=C(/C=C/N(C)c3ccccc3)CC(C)(C)C2)sc2ccccc21,O,CC[n+]1c2ccccc2sc12~O~N(C)(c1ccccc1)/C=C/C1=C/C(=C/2)CC(C)(C)C1,,failed,Featurization failed: RDKit could not parse Smiles_Merged
CCN1c2ccc(/C=C3\SC(=S)NC3=O)cc2C(C)=CC1(C)C,O,CCN12~O~C3(=O)NC(=S)S/C3=C\c3ccc1c(c3)C(C)=CC2(C)C,-6.618302345275879,ok,
CN1C(=O)N=C(O)/C(=C(O)\C=C\c2ccc(N(C)C)cc2)C1=O,O,CN(C)c1ccc(/C=C/C2=C3C(=O)N(C)C(=O)(~O~O2)N=C3O)cc1,-3.607130289077759,ok,
CN1c2ccccc2C(C)(C)C12C=Cc1c(ccc3cc([N+](=O)[O-])ccc13)O2,O,CN1c2ccccc2C(C)(C)C12C=Cc1c3ccc4cc([N+](=O)[O-])(~O~O32)ccc14,-5.893970489501953,ok,
CCN(CC)c1ccc(/C=C2\N=C(c3cc(Cl)ccc3OC)OC2=O)cc1,O,CCN(CC)c1ccc(/C=C2\N=C3OC2(=O)~O~O(C)c2ccc(Cl)cc23)cc1,-5.1345720291137695,ok,
CCN1C(c2ccccc2)=C(c2ccccc2)S/C1=C/C=C1\SC(=S)N(C)C1=O,O,CCN12~O~C3(=O)/C(=C/C=C\1SC(c1ccccc1)=C2c1ccccc1)SC(=S)N3C,-6.364077568054199,ok,
CN(/C=C/C1=[N+](C)c2ccc(Cl)cc2C1(C)C)c1ccccc1,O,C[N+]1=C2C=CN(C)(c3ccccc3)~O~c13ccc(Cl)cc3C2(C)C,-5.302546501159668,ok,
CC1CCN(c2cc(Nc3ccc(N(C)C)cc3)c3c4c(onc24)-c2ccccc2C3=O)CC1,O,CC1CCN(c2cc3c4c5c(onc25)-c2ccccc2C4(=O)~O~N(C)(C)c2ccc(cc2)N3)CC1,-5.602392196655273,ok,
CN1/C(=C/C=C2/SC(=S)N(Cc3ccccc3)C2=O)C(C)(C)c2ccccc21,O,CC1(C)/C2=C\C=C3\SC(=S)N(Cc4ccccc4)C3(=O)~O~N2(C)c2ccccc21,-6.366413593292236,ok,
CCOC(=O)C1CCN(c2cc(Nc3ccc(OCC)cc3)c3c4c(onc24)-c2ccccc2C3=O)CC1,O,CCOC1(=O)~O~O(CC)c2ccc(cc2)Nc2cc(c3noc4c3c2C(=O)c2ccccc2-4)N2CCC1CC2,-5.802168846130371,ok,
CC[n+]1c(C=C2C=C(C=CNc3ccccc3)CC(C)(C)C2)sc2ccccc21,O,CC[n+]1c2ccccc2sc12~O~N(c1ccccc1)C=CC1=CC(=C2)CC(C)(C)C1,,failed,Featurization failed: RDKit could not parse Smiles_Merged
Cc1ccc(COC2=C(/C=C3\C(=O)ON=C3c3ccccc3)CCC=C2)cc1,O,Cc1ccc(CO2~O~C3(=O)ON=C(c4ccccc4)C3=CC3=C2C=CCC3)cc1,-4.728711128234863,ok,
CCN(CC)c1ccc2c(-c3ccccc3C(=O)[O-])c3ccc(=[N+](CC)CC)cc-3oc2c1,O,CCN(CC)c1ccc2c3c4ccc(=[N+](CC)CC)(~O~O=C([O-])c5ccccc5-3)cc-4oc2c1,-6.079679012298584,ok,
COC(=O)c1ccccc1-c1ccc(C=CC(=O)c2ccc(N3CCOCC3)c(F)c2)o1,O,CO1~O~C1(=O)c1ccccc1-c1ccc(C=CC(=O)c2ccc(N3CCOCC3)c(F)c2)o1,-5.065722465515137,ok,
c1ccc2c(c1)c1ccccc1c1nc3nonc3nc21,O,c1ccc2c(c1)c1ccccc1c1nc34~O~o(nc3nc21)n4,-4.497281074523926,ok,
Cc1ccc(C)c(NC(=O)c2c(N)n(/N=C/c3ccc(N(C)C)cc3)c3nc4ccccc4nc23)c1,O,Cc1ccc(C)c(NC2(=O)~O~Nc3c2c2nc4ccccc4nc2n3/N=C/c2ccc(N(C)C)cc2)c1,-2.421494245529175,ok,
c1ccc2c(c1)/C(=N/Nc1cccc3ccccc13)c1nc3ccccc3nc1-2,O,c1ccc2c(c1)-c1nc3ccccc3nc1C21~O~N(c2cccc3ccccc23)N=1,-5.322883605957031,ok,
CC1=C(C#N)c2nc(N)c(C#N)c(C)c2C1=Cc1ccc(N2CCCC2)c(F)c1,O,CC1=C(C#N)c2nc3c(C#N)c(C)c2C1=Cc1ccc(N2CCCC2)c(F)(~O~N3)c1,-6.075368881225586,ok,
O=[N+]([O-])c1ccc(-c2ccc(/C=C/c3ccc4ccccc4n3)o2)cc1,O,O=[N+]([O-])c12~O~o3c(/C=C/c4ccc5ccccc5n4)ccc3-c(cc1)cc2,-6.000565528869629,ok,
CN(C)C(C=CNc1cc(Cl)cc(Cl)c1)=C(C#N)C#N,O,CN1(C)~O~C(C#N)(C#N)=C1C=CNc1cc(Cl)cc(Cl)c1,-6.067783355712891,ok,
CNc1cccc2c1C(=O)c1ccccc1C2=O,O,CN1~O~C2(=O)c3ccccc3C(=O)c3cccc1c32,-5.052295684814453,ok,
O=C(C1=C2C=CC=C1)C(C(NC)=CC=C3)=C3C2=O,O,CN1~O~C2(=O)c3ccccc3C(=O)c3cccc1c32,-5.052295684814453,ok,
CCCCC(C(=O)O)N1C(=O)/C(=C\C=C\c2ccco2)SC1=S,O,CCCCC(N1C(=O)/C(=C\C=C\c2ccco2)SC1=S)C1(=O)~O~O1,-5.208544731140137,ok,
CC1Oc2ccccc2C=C1C=C1SC(=S)N(c2cccc(O)c2)C1=O,O,CC1Oc2ccccc2C=C1C=C1SC(=S)N2c3cccc(c3)O~O~C12=O,-4.031115531921387,ok,
COc1ccc(-c2oc(N=Cc3cc([N+](=O)[O-])ccc3O)c(C#N)c2-c2ccc(OC)cc2)cc1,O,COc1ccc(-c2oc(N=Cc3cc4([N+](=O)[O-])~O~Oc3cc4)c(C#N)c2-c2ccc(OC)cc2)cc1,-4.0998687744140625,ok,
CCSC1=NC(=Cc2ccc(-c3ccc([N+](=O)[O-])cc3)o2)C(=O)S1,O,CCSC1=NC(=Cc2ccc3o2~O~c2([N+](=O)[O-])ccc-3cc2)C(=O)S1,-5.709515571594238,ok,
COc1ccc(-c2ccc(C=C3Sc4ccccc4C3=O)o2)c([N+](=O)[O-])c1,O,CO1~O~c2([N+](=O)[O-])cc1ccc2-c1ccc(C=C2Sc3ccccc3C2=O)o1,-6.003335952758789,ok,
[C][C]N1[C][C]N(S(=O)(=O)c2ccc3c(c2)C(=C2[C][C][C][C]2)C(=O)[N]3)[C][C]1,O,[C][C]N12~O~C3(=O)[N]c4ccc(cc4C3=C3[C][C][C][C]3)S(=O)(=O)N([C][C]1)[C][C]2,-3.7947607040405273,ok,
CN(C)c1ccc(/C=C(\C#N)c2nc(-c3ccc(Oc4ccccc4)cc3)cs2)cc1,O,CN(C)c1ccc(/C=C(\C#N)c23~O~O(c4ccccc4)c4ccc(cc4)-c(cs2)n3)cc1,-6.023280620574951,ok,
COc1cc([N+](=O)[O-])ccc1-c1ccc(C=Nc2sc3c(c2C#N)CCCC3)o1,O,CO1~O~c2([N+](=O)[O-])ccc(-c3ccc(C=Nc4sc5c(c4C#N)CCCC5)o3)c1c2,-6.453645706176758,ok,
CC1CCC[NH+](Cc2c([O-])ccc3c2O/C(=C\c2cc4ccccc4o2)C3=O)C1,O,CC1CCC[NH+](Cc2c3ccc4c2O/C(=C\c2cc5ccccc5o2)C4(=O)~O~[O-]3)C1,-3.493140935897827,ok,
CCN1C(=CC=Cc2sc3ccccc3[n+]2CC)Sc2ccccc21.[I-],O,CCN1C(=CC=Cc2(~O~[I-])sc3ccccc3[n+]2CC)Sc2ccccc21,-5.844384670257568,ok,
CC(C)Nc1cc(N2CCN(CCOc3ccc(Cl)cc3)CC2)c2noc3c2c1C(=O)c1ccccc1-3,O,CC(C)Nc1cc2c3noc4c3c1C(=O)(~O~O(c1ccc(Cl)cc1)CCN1CCN2CC1)c1ccccc1-4,-4.585431098937988,ok,
O=C1NC(=S)N/C1=C/c1ccc(-c2c(Br)cc([N+](=O)[O-])cc2Br)o1,O,O=[N+]([O-])c1cc(Br)c(-c2ccc3o2~O~C2(=O)NC(=S)N/C2=C/3)c(Br)c1,-7.192827224731445,ok,
CCOC(=O)C1CCCN(c2cc(Nc3ccc(C)cc3)c3c4c(onc24)-c2ccccc2C3=O)C1,O,CCO1~O~C1(=O)C1CCCN(c2cc(Nc3ccc(C)cc3)c3c4c(onc24)-c2ccccc2C3=O)C1,-5.089386463165283,ok,
CC1CC(C)CN(c2cc(Nc3ccc(N(C)C)cc3)c3c4c(onc24)-c2ccccc2C3=O)C1,O,CC1CC(C)CN(c2cc3c4c5c(onc25)-c2ccccc2C4(=O)~O~N(C)(C)c2ccc(cc2)N3)C1,-5.582244396209717,ok,
CC1CCCC[NH+]1Cc1c([O-])ccc2c1O/C(=C\c1cc3cc(Br)ccc3o1)C2=O,O,CC1CCCC[NH+]1Cc1c2ccc3c1O/C(=C\c1cc4cc(Br)ccc4o1)C3(=O)~O~[O-]2,-3.2881076335906982,ok,
CC(C)CN1C(=O)C(=Cc2ccc(-c3cccc(F)c3)o2)SC1=S,O,CC(C)CN1C(=S)SC2=Cc3ccc(-c4cccc(F)c4)o3~O~C21=O,-7.6628499031066895,ok,
Cc1ccc(C(=O)C=Cc2ccc(-c3ccc([N+](=O)[O-])cc3)o2)o1,O,Cc1ccc2o1~O~c1([N+](=O)[O-])ccc(cc1)-c1ccc(o1)C=CC2=O,-5.809032440185547,ok,
Oc1c2c3c(noc3c3ccccc13)C(N1CCCC1)=C/C2=N\c1ccccc1,O,C1=C(N2CCCC2)c2noc34~O~Oc(c(c23)/C1=N/c1ccccc1)c1ccccc14,-5.087302207946777,ok,
[O-][n+]1c2ccccc2nc2cc(N3CCOCC3)cc(Br)c21,O,Brc1cc(N2CCOCC2)cc2nc3ccccc3[n+]3c12~O~[O-]3,-3.0424163341522217,ok,
O=C1C(=CC=Cc2ccccc2)SC(=S)N1Cc1cccnc1,O,O=C12~O~N1(Cc1cccnc1)C(=S)SC2=CC=Cc1ccccc1,-5.112679958343506,ok,
CC1=C(C#N)C(=O)N(CC(C)C)C(=O)C1=Cc1ccc(-c2ccc(Cl)cc2)o1,O,CC1=C(C#N)C2(=O)~O~o3c(ccc3-c3ccc(Cl)cc3)C=C1C(=O)N2CC(C)C,-7.1696672439575195,ok,
O=C1/C(=C/C=C/c2ccco2)SC(=S)N1Cc1ccco1,O,O=C12~O~o3cccc3CN1C(=S)S/C2=C\C=C\c1ccco1,-5.981908798217773,ok,
Cc1ccc2c(c1)-c1c(s[s+]c1SC(=O)C(C)C)C(C)(C)N2,O,Cc1ccc2c(c1)-c1c3s[s+](~O~N2C3(C)C)c1SC(=O)C(C)C,-8.191956520080566,ok,
CCOC(=O)/C(C#N)=C1\C=C(/C=C2\Sc3c(ccc4c3CCCC4)N2CC)CC(C)(C)C1,O,CCN1/C(=C/C2=C/C(=C(/C#N)C3(=O)~O~O3CC)CC(C)(C)C2)Sc2c1ccc1c2CCCC1,-6.3779296875,ok,
CC1CCCC[NH+]1Cc1c([O-])ccc2c1O/C(=C\c1c[nH]c3ccccc13)C2=O,O,CC1CCCC[NH+]1Cc1c2ccc3c1O/C(=C\c1c[nH]c4ccccc14)C3(=O)~O~[O-]2,-3.8284575939178467,ok,
[C]N([C]c1ccccc1)C1=[C]C(=[N+]2[C][C][C][C]2)[C]C([C])([C])[C]1,O,[C]C1([C])[C]C2=[C]C(=[N+]3[C][C][C][C]3~O~N2([C])[C]c2ccccc2)[C]1,-4.624159336090088,ok,
Cc1ccc(/C=C2\Oc3c(ccc([O-])c3C[NH+]3CCCCCC3)C2=O)o1,O,Cc1ccc(/C=C2\Oc3c4ccc(c3C[NH+]3CCCCCC3)[O-]~O~C24=O)o1,-3.446845293045044,ok,
COc1ccc2[nH]c(O)c(C=c3ccc4c(c3)N=NC=4/C=C/c3ccc(N4CCN(C)CC4)nc3)c2c1.Cl.Cl,O,CN1CCN(c2ccc(/C=C/C3=c4ccc(=Cc5c6cc7ccc6[nH]c5(O)~O~O7C)cc4N=N3)cn2)CC1.Cl.Cl,-2.5760996341705322,ok,
O=C1/C(=C/c2cc3ccccc3o2)Oc2c1ccc([O-])c2C[NH+]1CCCCC1,O,O=C12~O~[O-]c3ccc1c(c3C[NH+]1CCCCC1)O/C2=C\c1cc2ccccc2o1,-3.3185689449310303,ok,
CC1CC(C)(C)N(C)c2ccc(/C=C3/SC(=S)NC3=O)cc21,O,CC1CC(C)(C)N2(C)~O~C3(=O)NC(=S)S/C3=C/c3ccc2c1c3,-6.83855676651001,ok,
O=[N+]([O-])c1c(NC2CCCCC2)cc(Cl)c2nonc12,O,O=[N+]([O-])c12~O~N(C3CCCCC3)c1cc(Cl)c1nonc12,-5.030852317810059,ok,
Cc1cc([N+](=O)[O-])ccc1-c1ccc(C=C2SC(=S)N(C)C2=O)o1,O,Cc1cc2([N+](=O)[O-])~O~o3c(C=C4SC(=S)N(C)C4=O)ccc3-c1cc2,-6.663508415222168,ok,
Cc1cccc(Nc2ccc(NC(=O)c3ccccc3)c3c2C(=O)c2ccccc2C3=O)c1,O,Cc1cccc(N2~O~C(=O)(c3ccccc3)Nc3ccc2c2c3C(=O)c3ccccc3C2=O)c1,-6.467282295227051,ok,
O=[N+]([O-])c1ccc(C=C2CCC(C=NNc3ccc4ccccc4n3)=C2N2CCOCC2)cc1,O,O=[N+]([O-])c12~O~O3CCN(CC3)C3=C(C=NNc4ccc5ccccc5n4)CCC3=Cc(cc1)cc2,-5.108111381530762,ok,
CCN1C(=O)/C(=C\C=C2/Sc3c(ccc4occc34)N2CC)SC1=S,O,CCN1/C2=C/C=C3/SC(=S)N(CC)C3(=O)~O~o3ccc4c(c1ccc43)S2,-7.000539302825928,ok,
O=[N+]([O-])c1ccc(-c2ccc(/C=N/N(c3ccccc3)c3ccccc3)o2)c(Cl)c1,O,O=[N+]([O-])c12~O~o3c(/C=N/N(c4ccccc4)c4ccccc4)ccc3-c(cc1)c(Cl)c2,-6.2100725173950195,ok,
CCN1C(=O)C(=Cc2ccc(-c3ccc(F)c(Cl)c3)o2)C(=O)N(CC)C1=S,O,CCN1C(=O)C2=Cc3ccc(-c4ccc(F)c(Cl)c4)o3~O~C2(=O)N(CC)C1=S,-6.825135231018066,ok,
COc1ccc(NC(=O)C(C#N)=Cc2ccc(-c3ccc([N+](=O)[O-])cc3Br)o2)cc1,O,CO1~O~c2([N+](=O)[O-])ccc(c(Br)c2)-c2ccc(o2)C=C(C#N)C(=O)Nc2ccc1cc2,-5.954967498779297,ok,
O=C1/C(=C/c2ccc(-c3cccc([N+](=O)[O-])c3)s2)CCc2[nH]c(=O)ccc21,O,O=C1/C2=C/c3ccc(s3)-c3cccc([N+](=O)[O-])(~O~[nH]4c(c1ccc4=O)CC2)c3,-6.6518449783325195,ok,
[C]N([C]c1ccccc1)C1=[C]C(=[N+]2[C][C][C][C][C]2)[C]C([C])([C])[C]1,O,[C]C1([C])[C]C2=[C]C(=[N+]3[C][C][C][C][C]3~O~N2([C])[C]c2ccccc2)[C]1,-4.73568058013916,ok,
CC(C)(C)C(=O)N1CCN(c2ccc(NC(=S)NC(=O)/C=C/c3ccc(-c4cccc([N+](=O)[O-])c4)o3)cc2)CC1,O,CC(C)(C)C(=O)N1CCN(c2ccc(NC(=S)NC(=O)/C=C/c3ccc4o3~O~c3([N+](=O)[O-])cccc-4c3)cc2)CC1,-6.2165632247924805,ok,
CCCCC1=C(C)c2nc1cc1[nH]c(c(C)c1CCCC)c(-c1ccccc1OC)c1nc(cc3[nH]c(c(C)c3CCCC)c2-c2ccccc2OC)C(CCCC)=C1C,O,CCCCC1=C(C)c2nc1cc1[nH]c(c(C)c1CCCC)c(-c1ccccc13~O~O3C)c1nc(cc3[nH]c(c(C)c3CCCC)c2-c2ccccc2OC)C(CCCC)=C1C,,failed,Featurization failed: RDKit could not parse Smiles_Merged
Cc1ccc(-c2ccc(/C=C/C(=O)N3CCN(c4ccc([N+](=O)[O-])cc4Cl)CC3)o2)cc1Cl,O,Cc1ccc(-c2ccc3o2~O~c2([N+](=O)[O-])ccc(c(Cl)c2)N2CCN(CC2)C(=O)/C=C/3)cc1Cl,-6.016965389251709,ok,
CN(C)CCCNc1cc(N(C)CCO)c(N)c2c1C(=O)c1ccccc1C2=O,O,CN(C)CCCNc1cc(N(C)CCO)c2c3c1C(=O)c1ccccc1C3(=O)~O~N2,-5.2494282722473145,ok,
CN1C/C(=C\c2ccc([N+](=O)[O-])cc2)C(=O)/C(=C/c2ccc([N+](=O)[O-])cc2)C1,O,CN12~O~c3([N+](=O)[O-])ccc(cc3)/C=C(\C1)C(=O)/C(=C/c1ccc([N+](=O)[O-])cc1)C2,-5.359431266784668,ok,
CCN1C(=O)C(=Cc2cccc3c2-c2ccccc2C3=O)SC1=S,O,CCN12~O~C1(=O)C(=Cc1cccc3c1-c1ccccc1C3=O)SC2=S,-5.777581214904785,ok,
CCOc1ccc(N2C(=O)C(=Cc3ccc(-c4cccc(C(F)(F)F)c4)o3)SC2=S)cc1,O,CCO1~O~C(F)(F)(F)c2cccc(c2)-c2ccc(o2)C=C2SC(=S)N(C2=O)c2ccc1cc2,-7.2834014892578125,ok,
CCN1C(=O)/C(=C\C=C2/Sc3c(ccc4ccccc34)N2CCO)SC1=S,O,CCN1C(=S)S/C2=C/C=C3\Sc4c(ccc5ccccc45)N3CCO~O~C21=O,-4.685356140136719,ok,
[C][C]Oc1ccc([C]=[C]C2=[C]C(=C(C#N)C#N)[C]C([C])([C])[C]2)cc1,O,[C][C]1~O~O1c1ccc([C]=[C]C2=[C]C(=C(C#N)C#N)[C]C([C])([C])[C]2)cc1,-6.3917236328125,ok,
CCNc1cc(NCCO)c2noc3c2c1C(=O)c1ccccc1-3,O,CCNc1cc2c3noc4c3c1C(=O)(~O~OCCN2)c1ccccc1-4,-4.309451103210449,ok,
CCOC(=C\c1sc2ccccc2[n+]1CCCS(=O)(=O)[O-])/C=C1\Sc2ccccc2N1CCCS(=O)(=O)O,O,CCOC(=C\c12~O~[O-]S(=O)(=O)CCC[n+]1c1ccccc1s2)/C=C1\Sc2ccccc2N1CCCS(=O)(=O)O,-4.524801731109619,ok,
O=C1C(=Cc2ccc(-c3ccc(Cl)c(Cl)c3)o2)C(=O)c2ccccc21,O,O=C1C2=Cc3ccc(-c4ccc(Cl)c(Cl)c4)o3~O~C2(=O)c2ccccc21,-6.686057090759277,ok,
CCN1CCN(c2cc(NC(C)C)c3c4c(onc24)-c2ccccc2C3=O)CC1,O,CCN1CCN(c2cc3c4c5c(onc25)-c2ccccc2C4(=O)~O~N3C(C)C)CC1,-4.021704196929932,ok,
ClC1=C/C(=N/c2ccccc2)C=C/C1=N\c1ccccc1,O,ClC1=CC2=N(c3ccccc3)~O~C1(=Nc1ccccc1)C=C2,-5.254724502563477,ok,
CC1=C(C#N)c2nc(N)c(C#N)c(C)c2/C1=C\c1ccc(Sc2nc3ccccc3[nH]2)o1,O,CC1=C(C#N)c2nc(N)c(C#N)c(C)c2/C1=C\c1ccc2o1~O~c1(nc3ccccc3[nH]1)S2,,failed,Featurization failed: RDKit could not parse Smiles_Merged
Cc1ccc(-c2ccc(/C=C3\SC(N4CCN(c5ccc([N+](=O)[O-])cc5)CC4)=NC3=O)o2)cc1,O,Cc1ccc(-c2ccc3o2~O~C2(=O)N=C(N4CCN(c5ccc([N+](=O)[O-])cc5)CC4)S/C2=C\3)cc1,-4.515631675720215,ok,
CCCCC(=O)N1c2ccc([N+](=O)[O-])cc2-c2c(ssc2=S)C1(C)C,O,CCCCC(=O)N12~O~c3([N+](=O)[O-])ccc1c(c3)-c1c(ssc1=S)C2(C)C,-7.25167179107666,ok,
CN(C)c1ccc(/C=C/C(=O)/C=C(/C=C/c2ccc(N(C)C)cc2)OB(F)F)cc1,O,CN(C)c1ccc(/C=C/C(=O)/C=C(/C=C/c2ccc(N(C)C)cc2)O2~O~B2(F)F)cc1,-4.628247261047363,ok,
[C]n1cc(/[C]=C2/C(=O)OC(=O)C2=C2[C]3[C][C]4[C][C]([C]3)[C][C]2[C]4)c2ccccc21,O,[C]n1cc(/[C]=C2\C(=C3[C]4[C][C]5[C][C]([C]4)[C][C]3[C]5)C(=O)O3~O~C23=O)c2ccccc21,-5.193361282348633,ok,
CC1(C)c2ccccc2N(c2ccccc2)C12C=Cc1cc([N+](=O)[O-])cc(Cl)c1O2,O,CC1(C)c2ccccc2N(c2ccccc2)C12C=Cc1cc3([N+](=O)[O-])~O~O2c1c(Cl)c3,-6.601125717163086,ok,
[C]SC1=C(c2ccccc2)C(=[N+]([C])[C])c2ccccc21,O,[C]SC1=C(c2ccccc2)C(=[N+]2([C])~O~[C]2)c2ccccc21,-6.130084991455078,ok,
COCCNc1cc(N2CCOCC2)c(N)c2c1C(=O)c1ccccc1C2=O,O,COCCNc1cc(N2CCOCC2)c2c3c1C(=O)c1ccccc1C3(=O)~O~N2,-5.161143779754639,ok,
CCN(CC)c1ccc(C=NN2C(=O)c3ccc4c5c(ccc(c35)C2=O)CC4)cc1,O,CCN1(CC)~O~C2(=O)c3ccc4c5c(ccc(c35)C(=O)N2N=Cc2ccc1cc2)CC4,-4.255031585693359,ok,
"CN(C)\C=C\C1=CC2=C(C=C1)C(=O)C1=CC=CC=C1C2=O |c:7,9,16,18,t:5,14|",O,CN1(C)~O~C2(=O)c3ccccc3C(=O)c3ccc(cc32)C=C1,-5.088170051574707,ok,
Cc1ccccc1N1C(=O)C(=CC=Cc2ccco2)SC1=S,O,Cc1ccccc1N1C(=S)SC2=CC=Cc3ccco3~O~C21=O,-5.796669960021973,ok,
O=[N+]([O-])c1ccc(/N=N/c2ccc(O)c3ccccc23)cc1,O,O=[N+]([O-])c12~O~Oc3ccc(c4ccccc34)/N=N/c(cc1)cc2,-4.763151168823242,ok,
O=C1OC(c2ccccc2)=NC1=Cc1ccc(SC(=S)N2CCOCC2)o1,O,O=C12~O~o3c(ccc3SC(=S)N3CCOCC3)C=C1N=C(c1ccccc1)O2,-5.723124980926514,ok,
O=C1N=C(N2CCN(c3ccc([N+](=O)[O-])cc3)CC2)S/C1=C\c1ccc(-c2ccc(F)cc2)o1,O,O=[N+]([O-])c1ccc(N2CCN(C3=NC4(=O)~O~o5c(ccc5-c5ccc(F)cc5)/C=C/4S3)CC2)cc1,-4.566590785980225,ok,
CCCCCC1CCC(c2ccc(C(=O)Nc3ccc(Nc4ccccc4)c4c3C(=O)c3ccccc3C4=O)cc2)CC1,O,CCCCCC1CCC(c2ccc(C3(=O)~O~N(c4ccccc4)c4ccc(c5c4C(=O)c4ccccc4C5=O)N3)cc2)CC1,-6.897184371948242,ok,
O=C1/C(=C/c2cc([N+](=O)[O-])ccc2OC(F)F)CCC/C1=C\c1cc([N+](=O)[O-])ccc1OC(F)F,O,O=C1/C(=C/c2cc([N+](=O)[O-])ccc2OC(F)F)CCC/C1=C\c1cc([N+](=O)[O-])ccc1O1~O~C1(F)F,-6.91544246673584,ok,
O=C1/C(=C/c2cc3cc(Br)ccc3o2)Oc2c1ccc([O-])c2C[NH+]1CCCCC1,O,O=C12~O~[O-]c3ccc1c(c3C[NH+]1CCCCC1)O/C2=C\c1cc2cc(Br)ccc2o1,-3.091951608657837,ok,
Cc1cccc(N2C(=O)C(=CC=Cc3ccco3)SC2=S)c1C,O,Cc1cccc(N2C(=S)SC3=CC=Cc4ccco4~O~C32=O)c1C,-5.990941047668457,ok,
Nc1c(N2CCOCC2)cc(NCc2ccccc2)c2c1C(=O)c1ccccc1C2=O,O,O=C1c2ccccc2C2(=O)~O~Nc3c(N4CCOCC4)cc(NCc4ccccc4)c1c32,-5.095857620239258,ok,
CCN1C(=O)C(=CC=C2N(C)c3cc4nc(-c5ccccc5)c(-c5ccccc5)nc4cc3N2CC)SC1=S,O,CCN1C2=CC=C3SC(=S)N(CC)C3(=O)~O~N2(C)c2cc3nc(-c4ccccc4)c(-c4ccccc4)nc3cc21,-5.006213188171387,ok,
COc1ccc(-c2csc(/C=C/c3cccc([N+](=O)[O-])c3)n2)cc1OC,O,COc1cc2ccc1O(C)~O~c1([N+](=O)[O-])cccc(c1)/C=C/c1nc-2cs1,-5.60572624206543,ok,
Cc1ccc(N2CCN(C3=NC(=O)/C(=C\c4ccc(-c5ccc(Cl)cc5Cl)o4)S3)CC2)cc1,O,Cc1ccc(N2CCN(C3=NC4(=O)~O~o5c(ccc5-c5ccc(Cl)cc5Cl)/C=C\4S3)CC2)cc1,-5.201993942260742,ok,
CN1C(=O)/C(=C/C=C2\N(C)c3ccc(-c4ccccc4)cc3C2(C)C)SC1=S,O,CN1C(=S)SC2=CC=C3C(C)(C)c4cc(-c5ccccc5)ccc4N3(C)~O~C21=O,-6.393287658691406,ok,
CCN(CC)c1ccc(O)c(C=NN2C(=O)C(=Cc3ccco3)N=C2c2ccccc2)c1,O,CCN(CC)c1ccc2c(c1)C=NN1C(c3ccccc3)=NC(=Cc3ccco3)C1(=O)~O~O2,-3.5260426998138428,ok,
CNc1cc2c(cc1S(=O)(=O)[O-])C(=O)c1ccccc1C2=O,O,CNc1cc2c3cc1S(=O)(=O)[O-]~O~C2(=O)c1ccccc1C3=O,-3.8718101978302,ok,
CC(C)Nc1cc(N2CCN(C3CCCCC3)CC2)c2noc3c2c1C(=O)c1ccccc1-3,O,CC(C)N1~O~C2(=O)c3ccccc3-c3onc4c(N5CCN(C6CCCCC6)CC5)cc1c2c34,-4.200870990753174,ok,
N#Cc1c(/N=C/c2ccc([N+](=O)[O-])s2)sc2c1CCCC2,O,N#Cc1c(/N=C/c2ccc3(~O~O=[N+]3[O-])s2)sc2c1CCCC2,,failed,Featurization failed: RDKit could not parse Smiles_Merged
COC(=O)c1ccc(Nc2cc(N3CCCCC3C)c3noc4c3c2C(=O)c2ccccc2-4)cc1,O,CC1CCCCN1c1cc(Nc2ccc(C3(=O)~O~O3C)cc2)c2c3c(onc13)-c1ccccc1C2=O,-5.6426215171813965,ok,
CCOc1ccc(Nc2cc(N3CCOCC3)c3noc4c3c2C(=O)c2ccccc2-4)cc1,O,CCO1~O~C2(=O)c3ccccc3-c3onc4c(N5CCOCC5)cc(c2c34)Nc2ccc1cc2,-5.256498336791992,ok,
CN(c1ccccc1)c1ccc(/C=C2/SC(=S)NC2=O)cc1,O,CN1(c2ccccc2)~O~C2(=O)NC(=S)S/C2=C/c2ccc1cc2,-6.044557571411133,ok,
CN(CCO)c1cc2c3c(cccc3n1)C(=O)c1ccccc1-2,O,CN1CCO~O~C2(=O)c3ccccc3-c3cc1nc1cccc2c31,-3.504648447036743,ok,
N#CC(=[C]C1=C(c2ccccc2)C(=[C][C-](C#N)C#N)[C][C]1)C#N,O,N#C[C-]1[C]=C2[C][C]C(=C2c2ccccc2)[C]=C(C#N)(C#N)~O~N#C1,-5.096858978271484,ok,
COC1=CC(c2cc3ccccc3[nH]2)=NC1=Cc1[nH]c(C)cc1C.CS(=O)(=O)O,O,Cc1cc(C)c(C=C2N=C(c3cc4ccccc4[nH]3)C=C2O(C)~O~S(C)(=O)(=O)O)[nH]1,-5.49796199798584,ok,
O=[N+]([O-])c1ccc(/C=N/c2ccc(N3CCOCC3)cc2)cc1,O,O=[N+]([O-])c12~O~O3CCN(CC3)c3ccc(cc3)/N=C/c(cc1)cc2,-3.917729616165161,ok,
CC1(C)Cc2c(c(N3CCCC3)nc3sc(-c4ccc([N+](=O)[O-])cc4)c(N)c23)CO1,O,CC1(C)Cc2c(c(N3CCCC3)nc3sc4c(c23)N~O~c2([N+](=O)[O-])ccc-4cc2)CO1,-4.612215518951416,ok,
COc1ccc(S(=O)(=O)/N=C2\C=CC=C\C2=C/C=C2C=CN(O)C=C2)cc1,O,CO1~O~S(=O)(=O)(/N=C2\C=CC=C\C2=C/C=C2C=CN(O)C=C2)c2ccc1cc2,-5.083829879760742,ok,
Nc1c(N=Nc2ccc([N+](=O)[O-])cc2)c(S(=O)(=O)[O-])cc2cc(S(=O)(=O)[O-])c(N=Nc3ccccc3)c(O)c12.[Na+].[Na+],O,Nc1c(N=Nc2ccc([N+](=O)[O-])cc2)c(S(=O)(=O)[O-]~O~[Na+])cc2cc(S(=O)(=O)[O-])c(N=Nc3ccccc3)c(O)c12.[Na+],-2.0058743953704834,ok,
[C]c1cc([C]=C2C(=O)[N]C(=S)[N]C2=O)c([C])n1-c1ccc(N2[C][C]O[C][C]2)cc1,O,[C]c1cc2c([C])n1-c1ccc(cc1)N1[C][C]O(~O~C3(=O)[N]C(=S)[N]C(=O)C3=[C]2)[C][C]1,-3.7650339603424072,ok,
O=C1/C(=C/c2ccc([N+](=O)[O-])cc2)C=C(c2ccccc2)N1c1ccc(Cl)cc1,O,O=C1/C2=C/c3ccc([N+](=O)[O-])(~O~N1(c1ccc(Cl)cc1)C(c1ccccc1)=C2)cc3,-4.980767726898193,ok,
O=C1C(=CC=Cc2ccc3c(c2)OCO3)SC(=S)N1Cc1ccccc1,O,O=C12~O~O3COc4cc(ccc43)C=CC=C1SC(=S)N2Cc1ccccc1,-5.775905132293701,ok,
O=C1[N]c2ccc([O+]S([O-])=N[C][C]3[C][C][C]O3)cc2C1=C1[C][C][C][C]1,O,O=C1[N]c2ccc3(~O~[O-]S(=N[C][C]4[C][C][C]O4)[O+]3)cc2C1=C1[C][C][C][C]1,,failed,Featurization failed: RDKit could not parse Smiles_Merged
O=C1[N]c2ccc(S(=O)(=O)[N][C]c3ccco3)cc2C1=C1[C][C][C][C]1,O,O=C12~O~o3cccc3[C][N]S(=O)(=O)c3ccc(c(c3)C1=C1[C][C][C][C]1)[N]2,-4.672283172607422,ok,
COc1ccc(OC)c(/C=C2\Oc3c(ccc([O-])c3C[NH+]3CCCCC3C)C2=O)c1,O,COc1ccc(OC)c(/C=C2\Oc3c4ccc(c3C[NH+]3CCCCC3C)[O-]~O~C24=O)c1,-3.714573621749878,ok,
CCN1C(=O)C(=CC=C2SC=C(c3ccccc3)N2CC)SC1=S,O,CCN1C(=S)SC2=CC=C3SC=C(c4ccccc4)N3(CC)~O~C21=O,-6.297476768493652,ok,
CS(=O)(=O)Cc1ccc(C(=O)Nc2ccc3nc(N4CCOCC4)sc3c2)cc1,O,CS(=O)(=O)Cc1ccc(C2(=O)~O~O3CCN(CC3)c3nc4ccc(cc4s3)N2)cc1,-5.745007514953613,ok,
COc1ccc2sc(C=Cc3cccc([N+](=O)[O-])c3)[n+](C)c2c1,O,C[n+]1c2sc3ccc(cc31)O(C)~O~c1([N+](=O)[O-])cccc(c1)C=C2,-5.770881652832031,ok,
CN(C)c1ccc(cc1)\N=N\c1cccc(c1)C(O)=O,O,CN(C)c1ccc(/N=N/c2cccc(C3(=O)~O~O3)c2)cc1,-2.743145704269409,ok,
COCCN1C(=O)C(=Cc2ccc(-c3cccc(C(F)(F)F)c3)o2)SC1=S,O,COCCN1C(=O)C(=Cc2ccc3o2~O~C(F)(F)(F)c2cccc-3c2)SC1=S,-7.9052276611328125,ok,
O=C([C]=C([C]1[C][C]1)[C]1[C][C]1)[N]c1nc2ccccc2nc1N1[C][C][C][C]1,O,O=C1([C]=C([C]2[C][C]2)[C]2[C][C]2)~O~N2([C][C][C][C]2)c2nc3ccccc3nc2[N]1,-2.1466760635375977,ok,
COc1ccc(CN2C(=O)C(=Cc3ccc(-c4ccc(S(N)(=O)=O)cc4)o3)SC2=S)cc1,O,CO1~O~C2(=O)C(=Cc3ccc(-c4ccc(S(N)(=O)=O)cc4)o3)SC(=S)N2Cc2ccc1cc2,-5.488245964050293,ok,
COc1ccc(CN2C(=O)C(=CC3=Cc4ccccc4OC3C)SC2=S)cc1,O,CC1Oc2ccccc2C=C1C=C1SC(=S)N2Cc3ccc(cc3)O(C)~O~C12=O,-6.2347917556762695,ok,
O=C1/C(=C/C=C/c2ccc3c(c2)OCO3)SC(=S)N1c1ccc([N+](=O)[O-])cc1,O,O=[N+]([O-])c1ccc(N2C(=S)S/C3=C\C=C\c4ccc5c(c4)OCO5~O~C32=O)cc1,-5.483327388763428,ok,
Cc1ccc(Nc2cc(N(C)Cc3ccccc3)c3noc4c3c2C(=O)c2ccccc2-4)cc1,O,Cc1ccc(Nc2cc3c4noc5c4c2C(=O)(~O~N3(C)Cc2ccccc2)c2ccccc2-5)cc1,-5.49007511138916,ok,
CCN1C(=O)C(=Cc2ccc(-c3cc(Cl)cc(Cl)c3)o2)SC1=S,O,CCN1C(=S)SC2=Cc3ccc(-c4cc(Cl)cc(Cl)c4)o3~O~C21=O,-7.52315092086792,ok,
Cc1ccc2c(c1)-c1nc3c(C)cccc3cc1/C2=N\c1ccccc1,O,Cc1ccc2c(c1)-c13~O~N(/c4ccccc4)=C\2c1cc1cccc(C)c1n3,-5.484200954437256,ok,
COc1ccc2c(c1)-c1c(s[s+]c1SC)C(C)(C)N2,O,CSc1c2c3s[s+]1~O~O(C)c1ccc(c-2c1)NC3(C)C,-7.217263698577881,ok,
Cc1ccc(CN2C(=O)C3CCCN3c3ccc(C(F)(F)F)cc32)cc1,O,Cc1ccc(CN2C(=O)C3CCCN34~O~C(F)(F)(F)c3ccc4c2c3)cc1,-5.737609386444092,ok,
"CC1=CC=C(CN2C(=O)C3CCCN3C3=C2C=C(C=C3)C(F)(F)F)C=C1 |c:15,18,20,27,t:1,3|",O,Cc1ccc(CN2C(=O)C3CCCN34~O~C(F)(F)(F)c3ccc4c2c3)cc1,-5.737609386444092,ok,
CCN(C(=O)c1ccc2c(c1NCCO)C(=O)c1ccccc1C2=O)c1ccc(OC)cc1,O,CCN1c2ccc(cc2)O(C)~O~C1(=O)c1ccc2c(c1NCCO)C(=O)c1ccccc1C2=O,-6.294891357421875,ok,
Cc1ccc(N2CCN(CN3C(=O)S/C(=C/c4ccc(-c5ccccc5Cl)o4)C3=O)CC2)cc1,O,Cc1ccc(N2CCN(CN3C(=O)/C4=C\c5ccc(-c6ccccc6Cl)o5~O~C3(=O)S4)CC2)cc1,-5.364150524139404,ok,
COC1=CC(c2cc3ccccc3[nH]2)=NC1=Cc1[nH]c(C)cc1C,O,Cc1cc(C)c(C=C2N=C(c3cc4ccccc4[nH]3)C=C23~O~O3C)[nH]1,-4.388896942138672,ok,
CCOC(=O)N1CCN(c2cc(NC(C)C)c3c(c2N)C(=O)c2ccccc2C3=O)CC1,O,CCO1~O~C1(=O)N1CCN(c2cc(NC(C)C)c3c(c2N)C(=O)c2ccccc2C3=O)CC1,-4.915825843811035,ok,
O=C1C(=Cc2ccc(-c3ccc(Cl)c(Cl)c3)o2)C=C(c2ccccc2)N1c1ccccc1Cl,O,O=C12~O~o3c(ccc3-c3ccc(Cl)c(Cl)c3)C=C1C=C(c1ccccc1)N2c1ccccc1Cl,-7.030467987060547,ok,
O=C1C(=Cc2ccc(-c3ccc(Cl)c(Cl)c3)o2)C=C(c2ccccc2)N1c1ccc(O)cc1,O,O=C12~O~Oc3ccc(cc3)N1C(c1ccccc1)=CC2=Cc1ccc(-c2ccc(Cl)c(Cl)c2)o1,-5.72895622253418,ok,
Cc1ccsc1/C=C1\Oc2c(ccc([O-])c2C[NH+]2CCCC(C)C2)C1=O,O,Cc1ccsc1/C=C1\Oc2c3ccc(c2C[NH+]2CCCC(C)C2)[O-]~O~C13=O,-3.5171937942504883,ok,
CN1C(=O)C(=Cc2ccc(-c3ccc(Cl)c(Cl)c3)o2)SC1=S,O,CN1C(=S)SC2=Cc3ccc(-c4ccc(Cl)c(Cl)c4)o3~O~C21=O,-7.123723983764648,ok,
O=C1/C(=C/C=C/c2ccccc2)Oc2c1ccc([O-])c2C[NH+]1CCCCC1,O,O=C12~O~[O-]c3ccc1c(c3C[NH+]1CCCCC1)O/C2=C\C=C\c1ccccc1,-3.539019823074341,ok,
NN=C1c2cc(NCCO)ccc2-c2ccc(S(=O)(=O)NCCO)cc21,O,NN=C1c2cc(NCCO)ccc2-c2ccc(S3(=O)(=O)~O~OCCN3)cc21,-3.9947187900543213,ok,
CC1CC(C)C[NH+](Cc2c([O-])ccc3c2O/C(=C\c2ccco2)C3=O)C1,O,CC1CC(C)C[NH+](Cc2c3ccc4c2O/C(=C\c2ccco2)C4(=O)~O~[O-]3)C1,-4.430930137634277,ok,
O=C1c2ccccc2C(=O)c2c(N3CCOCC3)ccc(N=Nc3ccc(O)cc3)c21,O,O=C1c2ccccc2C2(=O)~O~Oc3ccc(cc3)N=Nc3ccc(N4CCOCC4)c1c32,-4.7183966636657715,ok,
CC1CC(C)CN(c2cc(NC(C)C)c3c4c(onc24)-c2ccccc2C3=O)C1,O,CC1CC(C)CN(c2cc3c4c5c(onc25)-c2ccccc2C4(=O)~O~N3C(C)C)C1,-4.614811897277832,ok,
Cc1nc(-c2ccc(C(F)(F)F)cc2)sc1C(=O)C=CC=Cc1ccc(N(C)C)cc1,O,Cc1nc2sc1C(=O)C=CC=Cc1ccc(cc1)N(C)(C)~O~C(F)(F)(F)c1ccc-2cc1,-7.048018932342529,ok,
CCCCCCCNC(=O)c1c(N)n(/N=C/c2ccc(N(C)C)cc2)c2nc3ccccc3nc12,O,CCCCCCCNC1(=O)~O~Nc2c1c1nc3ccccc3nc1n2/N=C/c1ccc(N(C)C)cc1,-2.610426187515259,ok,
CCOC(=O)C1=C(Nc2ccc(OC)c(OC)c2)S/C(=C/c2ccc([N+](=O)[O-])cc2)C1=O,O,CCOC1(=O)~O~O(C)c2ccc(cc2OC)NC2=C1C(=O)/C(=C\c1ccc([N+](=O)[O-])cc1)S2,-6.171730995178223,ok,
O=C1C(=CC=Cc2ccccc2)SC(=S)N1c1cccc(O)c1,O,O=C12~O~Oc3cccc(c3)N1C(=S)SC2=CC=Cc1ccccc1,-4.043867111206055,ok,
O=C1OC(c2cccs2)=NC1=CC1=C(N2CCOCC2)C(=Cc2ccccc2)CC1,O,O=C12~O~O1C(c1cccs1)=NC2=CC1=C(N2CCOCC2)C(=Cc2ccccc2)CC1,-4.496515274047852,ok,
C=CCN1/C(=C\C=C\C2=[N+](C)c3ccccc3C2(C)C)Sc2ccc(OC)cc21,O,C=CCN1/C2=C\C=C\C3=[N+](C)c4(~O~O(C)c5ccc(c1c5)S2)ccccc4C3(C)C,-6.124664783477783,ok,
CCOc1cc(C=C2CCCC(=Cc3cc(OCC)c(OC)cc3Br)C2=O)c(Br)cc1OC,O,CCOc1cc(C=C2CCCC3=Cc4cc(OCC)c(cc4Br)O(C)~O~C23=O)c(Br)cc1OC,-6.016169548034668,ok,
CC1(C)N=c2c(N)cccc2=[N+]1[O-],O,CC12(C)~O~[O-][N+]1=c1cccc(N)c1=N2,-1.81492280960083,ok,
N#C/C(=C/c1ccc(Sc2ccccc2)o1)c1ccc([N+](=O)[O-])cc1,O,N#C/C1=C/c2ccc(Sc3ccccc3)o2~O~c2([N+](=O)[O-])ccc1cc2,-6.415937423706055,ok,
Cc1ccc(N2C(=O)/C(=C\C=C\c3ccco3)SC2=S)cc1C,O,Cc1ccc(N2C(=S)S/C3=C/C=C/c4ccco4~O~C32=O)cc1C,-6.482341766357422,ok,
COc1cc([N+](=O)[O-])ccc1-c1ccc(C=C2C(=O)N(c3ccc(C)cc3)N=C2C)o1,O,CC1=NN(c2ccc(C)cc2)C2(=O)~O~O(C)c3cc([N+](=O)[O-])ccc3-c3ccc(o3)C=C12,-4.174564838409424,ok,
C=CCN1C(=O)C(=Cc2ccc(-c3ccc([N+](=O)[O-])cc3OC)o2)SC1=S,O,C=CCN1C(=O)C(=Cc2ccc(-c3ccc4([N+](=O)[O-])~O~O(C)c3c4)o2)SC1=S,-6.193932056427002,ok,
COc1ccc(Nc2cc(N3CCN(c4cccc(C(F)(F)F)c4)CC3)c3noc4c3c2C(=O)c2ccccc2-4)cc1,O,CO1~O~C(F)(F)(F)c2cccc(c2)N2CCN(CC2)c2cc(c3c4c(onc24)-c2ccccc2C3=O)Nc2ccc1cc2,-4.752968788146973,ok,
O=C(c1ccccc1)c1cc2c(ccc3ccccc32)[o+]c1/C=C\c1c(O)ccc2ccccc12,O,O=C(c1ccccc1)c1cc2c(ccc3ccccc32)[o+]c12~O~Oc1ccc3ccccc3c1C=C2,,failed,Featurization failed: RDKit could not parse Smiles_Merged
CC1=C(C#N)c2nc(N)c(C#N)c(C)c2C1=Cc1ccc(Br)s1,O,CC1=C(C#N)c2nc3(~O~N3)c(C#N)c(C)c2C1=Cc1ccc(Br)s1,,failed,Featurization failed: RDKit could not parse Smiles_Merged
O=C1c2ccccc2C(=O)c2c(Nc3ccccc3Br)ccc(Nc3ccccc3Br)c21,O,O=C1c2ccccc2C2(=O)~O~N(c3ccccc3Br)c3ccc(Nc4ccccc4Br)c2c31,-6.33797025680542,ok,
O=C1[N]c2ccc(S(=O)(=O)[N][C][C][C]c3ccccc3)cc2C1=C1[C][C][C][C]1,O,O=S(=O)([N][C][C][C]c1ccccc1)c1ccc2c(c1)C(=C1[C][C][C][C]1)C1(~O~O=1)[N]2,-2.3310134410858154,ok,
CN1C(=O)/C(=C\c2cc(/N=N/c3cccc(Cl)c3)ccc2O)SC1=S,O,CN1C(=S)S/C2=C/c3cc(/N=N/c4cccc(Cl)c4)ccc3O~O~C21=O,-3.9840381145477295,ok,
OCC[n+]1c2ccccc2nc2ccc(N3CCN(c4cccc(Cl)c4)CC3)cc21,O,Clc1cccc(N2CCN(c3ccc4nc5ccccc5[n+]5c4(~O~OCC5)c3)CC2)c1,-2.4078986644744873,ok,
Cc1ccsc1/C=C1\Oc2c(ccc([O-])c2C[NH+]2CCCCCC2)C1=O,O,Cc1ccsc1/C=C1\Oc2c3ccc(c2C[NH+]2CCCCCC2)[O-]~O~C13=O,-3.308980941772461,ok,
O=C(O)c1c2c(nc3ccccc13)C(=Cc1ccc([N+](=O)[O-])cc1)CCC2,O,O=[N+]([O-])c1ccc(C=C2CCCc3c2nc2ccccc2c3C2(=O)~O~O2)cc1,-4.031645774841309,ok,
CC1Oc2ccccc2C=C1/C=C1\Oc2c(ccc([O-])c2C[NH+]2CCOCC2)C1=O,O,CC1Oc2ccccc2C=C1/C=C1\Oc2c3ccc(c2C[NH+]2CCOCC2)[O-]~O~C13=O,-4.241100311279297,ok,
C=CCNC(=O)c1c(N)n(/N=C/c2ccc(N(C)C)cc2)c2nc3ccccc3nc12,O,C=CCNC1(=O)~O~Nc2c1c1nc3ccccc3nc1n2/N=C/c1ccc(N(C)C)cc1,-2.273669958114624,ok,
CCOc1ccc(Nc2cc(N3CCC(=O)CC3)c3noc4c3c2C(=O)c2ccccc2-4)cc1,O,CCO1~O~C2(=O)c3ccccc3-c3onc4c(N5CCC(=O)CC5)cc(c2c34)Nc2ccc1cc2,-5.760577201843262,ok,
CC(=O)OCCN(CCC#N)c1ccc(N=Nc2c(Br)cc([N+](=O)[O-])cc2C(F)(F)F)cc1,O,CC(=O)O1~O~C(F)(F)(F)c2cc([N+](=O)[O-])cc(Br)c2N=Nc2ccc(cc2)N(CCC#N)CC1,-4.51346492767334,ok,
Cc1ccc(/C=C2\Oc3c(ccc([O-])c3C[NH+]3CC(C)CC(C)C3)C2=O)o1,O,Cc1ccc(/C=C2\Oc3c4ccc(c3C[NH+]3CC(C)CC(C)C3)[O-]~O~C24=O)o1,-4.376996040344238,ok,
CCOC(=O)c1ccc(-c2ccc(C=C3C=C(c4ccccc4)N(c4ccc(Br)cc4)C3=O)o2)cc1,O,CCO1~O~C1(=O)c1ccc(-c2ccc(C=C3C=C(c4ccccc4)N(c4ccc(Br)cc4)C3=O)o2)cc1,-5.588282585144043,ok,
CC1CCCC[NH+]1Cc1c([O-])ccc2c1O/C(=C\c1cc3ccccc3o1)C2=O,O,CC1CCCC[NH+]1Cc1c2ccc3c1O/C(=C\c1cc4ccccc4o1)C3(=O)~O~[O-]2,-3.4495537281036377,ok,
[O-][n+]1c2c([n+]([O-])c3cc(Br)ccc31)CCCC2,O,[O-][n+]1c2c([n+]3c4ccc(Br)cc41~O~[O-]3)CCCC2,-4.452328205108643,ok,
O=C(Nc1ccc(N2CCCC2)cc1)c1ccc([N+](=O)[O-])cc1,O,O=C1Nc2ccc(cc2)N2(~O~c3([N+](=O)[O-])ccc1cc3)CCCC2,-5.469815731048584,ok,
CC(C)CNC(=O)c1c(N)n(-c2ccc(N(C)C)cc2)c2nc3ccccc3nc12,O,CC(C)CNC1(=O)~O~Nc2c1c1nc3ccccc3nc1n2-c1ccc(N(C)C)cc1,-3.045408010482788,ok,
O=C(C(=Cc1ccc(-c2ccc(S(=O)(=O)N3CCOCC3)cc2)o1)c1nc2ccccc2s1)c1ccccc1,O,O=C(C(=Cc1ccc2o1~O~S(=O)(=O)(N1CCOCC1)c1ccc-2cc1)c1nc2ccccc2s1)c1ccccc1,-6.690913200378418,ok,
Cc1noc(C=Cc2ccc(N(C)C)cc2)c1N=Nc1ccccc1,O,Cc1noc2(~O~N(C)(C)c3ccc(cc3)C=C2)c1N=Nc1ccccc1,,failed,Featurization failed: RDKit could not parse Smiles_Merged
O=C1/C(=C\c2ccc(-c3ccc(Cl)c(Cl)c3)o2)C=C(c2ccccc2)N1c1cccc2ccccc12,O,O=C12~O~o3c(ccc3-c3ccc(Cl)c(Cl)c3)/C=C\1C=C(c1ccccc1)N2c1cccc2ccccc12,-6.83170223236084,ok,
CN(C)c1ccc(/C=C2\N=C(c3ccco3)OC2=O)cc1,O,CN(C)c1ccc(/C=C2\N=C3OC2(=O)~O~o2cccc23)cc1,-4.197355270385742,ok,
CC[n+]1c2ccccc2nc2ccc(N(C)C)cc21,O,CC[n+]1c2ccccc2nc2ccc3cc21~O~N3(C)C,-4.45477294921875,ok,
O=C1N=C(N2CCN(c3ccc(Cl)cc3)CC2)SC1=Cc1ccc(-c2cc(Cl)ccc2Cl)o1,O,O=C12~O~o3c(ccc3-c3cc(Cl)ccc3Cl)C=C1SC(N1CCN(c3ccc(Cl)cc3)CC1)=N2,-5.578763008117676,ok,
COc1ccc(-c2nc(/N=C/c3ccccc3O)sc2-c2ccc([N+](=O)[O-])cc2)cc1,O,COc1ccc(-c2nc3sc2-c2ccc([N+](=O)[O-])(~O~Oc4ccccc4/C=N/3)cc2)cc1,-4.240073204040527,ok,
[C][C]N([C][C])c1ccc([C]=c2sc(=C(C#N)C#N)n(-c3ccc([C])cc3[C])c2=O)cc1,O,[C][C]N1([C][C])~O~c2(=O)c(sc(=C(C#N)C#N)n2-c2ccc([C])cc2[C])=[C]c2ccc1cc2,-6.434113502502441,ok,
COC(=O)c1cccc(N2C(=O)C(=Cc3ccc(-c4ccc(Cl)c(Cl)c4)o3)C=C2c2ccccc2)c1,O,CO1~O~C1(=O)c1cccc(N2C(=O)C(=Cc3ccc(-c4ccc(Cl)c(Cl)c4)o3)C=C2c2ccccc2)c1,-5.646759510040283,ok,
[C]C([C])=C1[C]2[C][C][C]1[C]1[C]2C(=O)N(c2sc3c(c2C(=O)[N][C]2[C][C][C][C][C]2)[C][C][C][C][C]3)C1=O,O,[C]C([C])=C1[C]2[C][C][C]1[C]1[C]2C(=O)N2C1=O~O~C(=O)([N][C]1[C][C][C][C][C]1)c1c2sc2c1[C][C][C][C][C]2,-3.2822189331054688,ok,
O=C1C(=Cc2ccc(-c3cc(Cl)ccc3Cl)o2)C=C(c2ccccc2)N1Cc1ccccc1,O,O=C12~O~o3c(ccc3-c3cc(Cl)ccc3Cl)C=C1C=C(c1ccccc1)N2Cc1ccccc1,-6.6465864181518555,ok,
O=C1/C(=C/c2ccc(-c3ccc(Br)cc3)o2)C=C(c2ccccc2)N1c1ccc(-c2ccccc2)cc1,O,O=C12~O~o3c(ccc3-c3ccc(Br)cc3)/C=C/1C=C(c1ccccc1)N2c1ccc(-c2ccccc2)cc1,-6.539445877075195,ok,
CCOC(=O)c1ccc(-c2ccc(/C=C3\C=C(c4ccccc4)N(c4ccc(C)cc4)C3=O)o2)cc1,O,CCO1~O~C1(=O)c1ccc(-c2ccc(/C=C3\C=C(c4ccccc4)N(c4ccc(C)cc4)C3=O)o2)cc1,-5.263923645019531,ok,
COc1cc([N+](=O)[O-])ccc1-c1ccc(C=C(C#N)C(=O)NC2CCCCC2)o1,O,CO1~O~c2([N+](=O)[O-])ccc(-c3ccc(C=C(C#N)C(=O)NC4CCCCC4)o3)c1c2,-6.249157905578613,ok,
O=C1N=C(N2CCN(c3cccc(Cl)c3)CC2)SC1=Cc1ccc(-c2ccc(Cl)c(Cl)c2)o1,O,O=C12~O~o3c(ccc3-c3ccc(Cl)c(Cl)c3)C=C1SC(N1CCN(c3cccc(Cl)c3)CC1)=N2,-5.572484016418457,ok,
C=C(C=CC(=CC)N1N=C(C)C(=Cc2ccc(-c3ccc4c(c3)C(=O)NC4=O)o2)C1=O)CC,O,C=C(C=CC(=CC)N1N=C(C)C2=Cc3ccc(-c4ccc5c(c4)C(=O)NC5=O)o3~O~C21=O)CC,-6.463037490844727,ok,
CCN1C=C(C)c2ccccc2/C1=C\C1=C/C(=C/c2sc3ccccc3[n+]2CC)CC(C)(C)C1,O,CC[n+]1c2ccccc2sc12~O~N1(CC)C=C(C)c3ccccc3/C1=C\C1=C/C(=C/2)CC(C)(C)C1,,failed,Featurization failed: RDKit could not parse Smiles_Merged
O=Nc1c(O)ccc2c1N=S=N2,O,O=Nc12~O~Oc1ccc1c2N=S=N1,-3.1143903732299805,ok,
COCCNc1cc(N2CCN(CCO)CC2)c(N)c2c1C(=O)c1ccccc1C2=O,O,COCCNc1cc(N2CCN(CCO)CC2)c2c3c1C(=O)c1ccccc1C3(=O)~O~N2,-4.823075294494629,ok,
O=C1Nc2c(Cl)cc(Cl)cc2/C1=N/N=C/c1cccc(O)c1O,O,O=C12~O~Oc3cccc(c3O)/C=N/N=C\1c1cc(Cl)cc(Cl)c1N2,-3.7076356410980225,ok,
CN1C(=O)C(=Cc2ccc(-c3ccc(C#N)cc3)o2)C(=O)N(C)C1=S,O,CN1C(=O)C2=Cc3ccc(-c4ccc(C#N)cc4)o3~O~C2(=O)N(C)C1=S,-5.637009620666504,ok,
[C]Oc1cc2c(cc1[C]=C1C(=O)N([C])C(=S)N([C])C1=O)[C][C][C][C]2,O,[C]N1C(=O)C2=[C]c3cc4c(cc3O([C])~O~C2(=O)N([C])C1=S)[C][C][C][C]4,-5.864706993103027,ok,
[C]N([C]1[C][C][C][C][C]1)S(=O)Oc1ccc2c(c1)C(=C1[C][C][C][C]1)C(=O)[N]2,O,[C]N([C]1[C][C][C][C][C]1)S1(=O)~O~O1c1ccc2c(c1)C(=C1[C][C][C][C]1)C(=O)[N]2,-3.4208624362945557,ok,
Oc1c(Cl)c2nc3cc4ccccc4cc3nc2c2ccccc12,O,Clc1c2nc3cc4ccccc4cc3nc2c2ccccc2c12~O~O2,,failed,Featurization failed: RDKit could not parse Smiles_Merged
Cc1ccc(N2CCN(C3=NC(=O)C(=Cc4ccc(-c5cc(Cl)ccc5Cl)o4)S3)CC2)cc1Cl,O,Cc1ccc(N2CCN(C3=NC4(=O)~O~o5c(ccc5-c5cc(Cl)ccc5Cl)C=C4S3)CC2)cc1Cl,-5.60915994644165,ok,
CN(C)c1ccc(/C=C2\CCCC(=C3SCCCS3)C2=O)cc1,O,CN1(C)~O~C2(=O)C(=C3SCCCS3)CCC/C2=C\c2ccc1cc2,-5.756649494171143,ok,
CC1CCC[NH+](Cc2c([O-])ccc3c2O/C(=C\c2cc4cc(Br)ccc4o2)C3=O)C1,O,CC1CCC[NH+](Cc2c3ccc4c2O/C(=C\c2cc5cc(Br)ccc5o2)C4(=O)~O~[O-]3)C1,-3.1902806758880615,ok,
CCN1C(=O)/C(=C/C=C2/Sc3ccc(OC)cc3N2CC)S/C1=N\c1ccc(/C=C/c2ccccc2)cc1,O,CCN1/C2=C\C=C3/S/C(=N\c4ccc(/C=C/c5ccccc5)cc4)N(CC)C3(=O)~O~O(C)c3ccc(c1c3)S2,-6.063706398010254,ok,
[C][C]OC(=O)c1cccc(N=S([O-])[O+]c2ccc3c(c2)C(=C2[C][C][C][C]2)C(=O)[N]3)c1,O,[C][C]OC(=O)c1cccc(N=S2[O+]c3(~O~[O-]2)ccc2c(c3)C(=C3[C][C][C][C]3)C(=O)[N]2)c1,,failed,Featurization failed: RDKit could not parse Smiles_Merged
CCN(CC)c1ccc(C=C2CCc3ccc([N+](=O)[O-])cc3C2=O)cc1,O,CCN1(CC)~O~c2([N+](=O)[O-])ccc3c(c2)C(=O)C(=Cc2ccc1cc2)CC3,-5.458234786987305,ok,
Cc1ccc(/N=N/Nc2ccc(NC3CCCCC3)c3c2C(=O)c2ccccc2C3=O)cc1,O,Cc1ccc(/N=N/Nc2ccc3c4c2C(=O)(~O~N3C2CCCCC2)c2ccccc2C4=O)cc1,-5.467312335968018,ok,
O=[N+]([O-])c1ccc(O)c(/C=N/c2cc(C(F)(F)F)ccc2N2CCCCC2)c1,O,O=[N+]([O-])c1ccc2c(c1)/C=N/c1cc(ccc1N1CCCCC1)C(F)(F)(F)~O~O2,-3.877131700515747,ok,
CSCCC(C(=O)O)N1C(=O)/C(=C/C=C/c2ccco2)SC1=S,O,CSCCC(N1C(=O)/C(=C/C=C/c2ccco2)SC1=S)C1(=O)~O~O1,-4.7902374267578125,ok,
COc1ccc([N+](=O)[O-])cc1-c1nc2cc3ccccc3cc2nc1-c1ccccc1,O,CO1~O~c2([N+](=O)[O-])ccc1c(-c1nc3cc4ccccc4cc3nc1-c1ccccc1)c2,-5.172575950622559,ok,
O=C1C(=Cc2ccc(-c3ccc(Br)cc3)o2)C=C(c2ccccc2)N1c1cccc(Cl)c1,O,O=C12~O~o3c(ccc3-c3ccc(Br)cc3)C=C1C=C(c1ccccc1)N2c1cccc(Cl)c1,-6.501317977905273,ok,
O=S(=O)(O)c1cccc(/N=N/c2ccc(/N=N/c3ccc(N(CCO)CCO)cc3)c3ccccc23)c1,O,O=S1(=O)(O)~O~OCCN(CCO)c2ccc(cc2)/N=N/c2ccc(c3ccccc23)/N=N/c2cccc1c2,-2.5835769176483154,ok,
CN1C(=O)/C(=C\C=C/C=C/Nc2ccccc2)OC1=S,O,CN1C(=S)O2~O~C1(=O)/C2=C\C=C/C=C/Nc1ccccc1,-4.303467750549316,ok,
CCN(CC)c1ccc(/N=C/c2cc([N+](=O)[O-])ccc2O)c(C)c1,O,CCN(CC)c1ccc(/N=C/c2cc3([N+](=O)[O-])~O~Oc2cc3)c(C)c1,-4.256748199462891,ok,
C=CC[NH+]1[CH-]Nc2c(c3nc4ccccc4nc3n2/N=C/c2cccc(Cl)c2)C1=O,O,C=CC[NH+]1[CH-]N2~O~C1(=O)c1c2n(/N=C/c2cccc(Cl)c2)c2nc3ccccc3nc12,-3.65334415435791,ok,
CCN1C(=O)C(=Cc2ccc(-c3ccccc3)o2)C(=O)N(CC)C1=S,O,CCN1C(=O)C2=Cc3ccc(-c4ccccc4)o3~O~C2(=O)N(CC)C1=S,-6.211766719818115,ok,
[C]N1C(=O)C(=[C]c2ccc(N3[C][C][C][C][C]3)o2)C(=O)N([C])C1=S,O,[C]N1C(=O)C2=[C]c3ccc(N4[C][C][C][C][C]4)o3~O~C2(=O)N([C])C1=S,-4.259518146514893,ok,
[C]N1C(=O)C(=C2[C][C][C][C]2)c2cc(OS(=O)N([C])[C]3[C][C][C][C][C]3)ccc21,O,[C]N1C(=O)C(=C2[C][C][C][C]2)c2cc(O3~O~S3(=O)N([C])[C]3[C][C][C][C][C]3)ccc21,-4.111760139465332,ok,
O=C1/C(=C\c2ccc(-c3cccc(Cl)c3)o2)C=C(c2ccccc2)N1c1ccccc1,O,O=C12~O~o3c(ccc3-c3cccc(Cl)c3)/C=C\1C=C(c1ccccc1)N2c1ccccc1,-6.322912693023682,ok,
Cc1ccc(N2CCN(C3=NC(=O)/C(=C\c4ccc(-c5ccccc5[N+](=O)[O-])o4)S3)CC2)cc1,O,Cc1ccc(N2CCN(C3=NC4(=O)~O~o5c(ccc5-c5ccccc5[N+](=O)[O-])/C=C\4S3)CC2)cc1,-4.489978790283203,ok,
O=C1C(=Cc2ccc(-c3ccc(Br)cc3)o2)C=C(c2ccccc2)N1c1ccc2ccccc2c1,O,O=C12~O~o3c(ccc3-c3ccc(Br)cc3)C=C1C=C(c1ccccc1)N2c1ccc2ccccc2c1,-6.537083625793457,ok,
Cc1ccc(N2CCN(C3=NC(=O)C(=Cc4ccc(-c5cccc(C(F)(F)F)c5)o4)S3)CC2)cc1,O,Cc1ccc(N2CCN(C3=NC(=O)C(=Cc4ccc5o4~O~C(F)(F)(F)c4cccc-5c4)S3)CC2)cc1,-5.792255878448486,ok,
[C][C][C]N1c2ccccc2C(=C2SC(C(=O)O[C])=C(C(=O)O[C])S2)C(=S)C1([C])[C],O,[C][C][C]N1c2ccccc2C(=C2SC(C(=O)O[C])=C(C3(=O)~O~O3[C])S2)C(=S)C1([C])[C],-5.449263572692871,ok,
CCN1C(=O)/C(=c2/s/c(=C3\C=Cc4cc(C)ccc4N3CC)c(=O)n2CC)OC1=S,O,CCN1/C(=c2/s/c(=C3\O4~O~C3(=O)N(CC)C4=S)n(CC)c2=O)C=Cc2cc(C)ccc21,-6.369831085205078,ok,
CN(c1ccccc1)c1ccc(C=NNS(=O)(=O)c2ccccc2)cc1,O,CN1(c2ccccc2)~O~S(=O)(=O)(c2ccccc2)NN=Cc2ccc1cc2,-4.895766258239746,ok,
Nc1cccc2c1C(=O)c1c(N)ccc(-c3ccc(N)c4c3C(=O)c3ccccc3C4=O)c1C2=O,O,Nc1ccc(-c2ccc(N)c3c2C(=O)c2cccc4c2C3(=O)~O~N4)c2c1C(=O)c1ccccc1C2=O,-6.000723361968994,ok,
CCCCC(CC)CN1C(=O)/C(=C\c2ccc(-c3cccc(F)c3)o2)SC1=S,O,CCCCC(CC)CN1C(=S)S/C2=C/c3ccc(-c4cccc(F)c4)o3~O~C21=O,-7.935992240905762,ok,
COc1ccc2c(c1)C(C)(C)C(/C=C/c1cccc(OC)c1[O-])=[N+]2C,O,COc1ccc23~O~[O-]c4c(cccc4OC)/C=C/C(=[N+]2C)C(C)(C)c3c1,-3.1558592319488525,ok,
CCCCN1/C(=C\C=C2\SC(=S)N(CC)C2=O)Sc2ccccc21,O,CCCCN12~O~C3(=O)/C(=C\C=C/1Sc1ccccc12)SC(=S)N3CC,-6.254436492919922,ok,
CN(C)c1cc(Nc2ccc(Cl)cc2)c2c3c(onc13)-c1ccccc1C2=O,O,CN1(C)~O~C2(=O)c3ccccc3-c3onc4c1cc(Nc1ccc(Cl)cc1)c2c34,-5.83162784576416,ok,
O=C1/C(=C\C=C\c2ccc([N+](=O)[O-])cc2)SC(=S)N1c1cccc(Cl)c1,O,O=[N+]([O-])c1ccc(/C=C/C=C2/SC(=S)N(c3cccc(Cl)c3)C23~O~O=3)cc1,-5.239262580871582,ok,
O=[N+]([O-])c1ccccc1[C]=[C][C]=C1c2ccccc2-c2ccccc21,O,[O-][N+]1=O~O~c12ccccc2[C]=[C][C]=C1c2ccccc2-c2ccccc21,,failed,Featurization failed: RDKit could not parse Smiles_Merged
COc1cccc(N2C(=O)/C(=C/C=C/c3ccccc3)SC2=S)c1,O,CO1~O~C2(=O)/C(=C/C=C/c3ccccc3)SC(=S)N2c2cccc1c2,-5.908225059509277,ok,
CC1=NN(c2ccc(C)cc2)C(=O)C1=CC=Cc1ccc([N+](=O)[O-])o1,O,CC1=NN(c2ccc(C)cc2)C(=O)C1=CC=Cc1ccc2([N+](=O)[O-])~O~o12,-4.2155890464782715,ok,
O=C1C(=Cc2ccc(-c3cc(Cl)ccc3Cl)o2)C=C(c2ccccc2)N1c1cccc(O)c1,O,O=C12~O~Oc3cccc(c3)N1C(c1ccccc1)=CC2=Cc1ccc(-c2cc(Cl)ccc2Cl)o1,-4.5943145751953125,ok,
COC(=O)c1ccccc1-c1c2ccc(N(C)C)cc2[o+]c2cc(N(C)C)ccc12.[O-][Cl+3]([O-])([O-])[O-],O,CN(C)c1ccc2c3c4ccc(N(C)C)cc4(~O~O(C)C(=O)c4ccccc4-3)[o+]c2c1.[O-][Cl+3]([O-])([O-])[O-],-7.830440521240234,ok,
CCOc1cccc(N2C(=O)/C(=C/c3ccc(-c4ccc([N+](=O)[O-])cc4OC)o3)C(=O)NC2=S)c1,O,CCOc1cccc(N2C(=O)/C(=C/c3ccc(-c4ccc5([N+](=O)[O-])~O~O(C)c4c5)o3)C(=O)NC2=S)c1,-6.019301891326904,ok,
CCc1ccc(/N=C2/NC(=O)/C(=C/c3ccc(N4CCCC4)o3)S2)cc1,O,CCc1ccc(/N=C2/NC3(=O)~O~o4c(ccc4N4CCCC4)/C=C/3S2)cc1,-6.260176181793213,ok,
CCN1C(=O)C(=Cc2ccc(-c3ccccc3)o2)SC1=S,O,CCN1C(=S)SC2=Cc3ccc(-c4ccccc4)o3~O~C21=O,-6.6637444496154785,ok,
COc1ccc([N+](=O)[O-])cc1/C=N/N=C/c1cc([N+](=O)[O-])ccc1OC,O,COc1ccc([N+](=O)[O-])cc1/C=N/N=C/c1cc2([N+](=O)[O-])~O~O(C)c1cc2,-4.399981498718262,ok,
CN(C)C(C=CNc1ccc(Cl)cc1Cl)=C(C#N)C#N,O,CN1(C)~O~C(C#N)(C#N)=C1C=CNc1ccc(Cl)cc1Cl,-6.082367897033691,ok,
[C][C]N([C][C])c1ccc([C]=C2C(=O)[N]C(=S)[N]C2=O)c(O[C])c1,O,[C][C]N([C][C])c1ccc2c(c1)O([C])~O~C1(=O)[N]C(=S)[N]C(=O)C1=[C]2,-4.570105075836182,ok,
Cc1ccc(N2C(=O)/C(=C\C=C\c3ccco3)SC2=S)cc1,O,Cc1ccc(N2C(=S)S/C3=C/C=C/c4ccco4~O~C32=O)cc1,-6.337396621704102,ok,
Cc1ccc(/N=c2\scc(-c3ccc([N+](=O)[O-])cc3)n2-c2ccc(C)cc2)cc1,O,Cc1ccc(/N=c2\scc3n2(-c2ccc(C)cc2)~O~c2([N+](=O)[O-])ccc-3cc2)cc1,-5.425912857055664,ok,
O=C1N=C(N2CCN(c3ccccc3)CC2)SC1=Cc1ccc(-c2cccc(C(F)(F)F)c2)o1,O,O=C1N=C(N2CCN(c3ccccc3)CC2)SC1=Cc1ccc2o1~O~C(F)(F)(F)c1cccc-2c1,-5.636370658874512,ok,
Nc1ccc2nc3ccc(N)cc3[n+](-c3ccccc3)c2c1,O,Nc1ccc2nc3ccc4cc3[n+](-c3ccccc3)c2(~O~N4)c1,-3.7781193256378174,ok,
O=C1[N]c2ccc(S(=O)(=O)[N][C]c3ccccc3)cc2C1=C1[C][C][C][C]1,O,O=S(=O)([N][C]c1ccccc1)c1ccc2c(c1)C(=C1[C][C][C][C]1)C1(~O~O=1)[N]2,-2.5589513778686523,ok,
CC(C)CCN1C=CC(=Cc2cc[n+](CCC(C)C)c3ccccc23)c2ccccc21,O,CC(C)CC[n+]1ccc2c3ccccc31~O~N1(CCC(C)C)C=CC(=C2)c2ccccc21,-7.163242816925049,ok,
COc1ccc(N(C(C)=O)c2nc(C=Cc3nc4ccc([N+](=O)[O-])cc4s3)cs2)cc1,O,CC(=O)N1c2ccc(cc2)O(C)~O~c2([N+](=O)[O-])ccc3nc(sc3c2)C=Cc2csc1n2,-5.9736785888671875,ok,
CC1=C(C#N)c2nc(N)c(C#N)c(C)c2C1=Cc1ccc(-c2ccccc2[N+](=O)[O-])o1,O,CC1=C(C#N)c2nc(N)c(C#N)c(C)c2C1=Cc1ccc2o1~O~c1([N+](=O)[O-])ccccc1-2,-5.290083408355713,ok,
CCOC(=O)c1ccc(-c2ccc(/C=C3/C=C(c4ccccc4)N(c4cccc5ccccc45)C3=O)o2)cc1,O,CCO1~O~C1(=O)c1ccc(-c2ccc(/C=C3/C=C(c4ccccc4)N(c4cccc5ccccc45)C3=O)o2)cc1,-5.538366317749023,ok,
Cc1nn(-c2ccccc2)c(Cl)c1C=NN=CC1=C(N2CCOCC2)C(=Cc2cccc([N+](=O)[O-])c2)CC1,O,Cc1nn(-c2ccccc2)c(Cl)c1C=NN=CC1=C2C(=Cc3cccc([N+](=O)[O-])(~O~O4CCN2CC4)c3)CC1,-4.537522315979004,ok,
CCN(CC)S(=O)(=O)c1ccc(-c2ccc(C=CC(=O)c3ccc4c(c3)CCC4)o2)cc1,O,CCN(CC)S1(=O)(=O)~O~o2c(C=CC(=O)c3ccc4c(c3)CCC4)ccc2-c2ccc1cc2,-6.989482402801514,ok,
CCN1C(=O)C(=Cc2ccc(-c3ccc(Br)c(Cl)c3)o2)C(=O)N(CC)C1=S,O,CCN1C(=O)C2=Cc3ccc(-c4ccc(Br)c(Cl)c4)o3~O~C2(=O)N(CC)C1=S,-6.887428283691406,ok,
O=C(/C=C/c1ccc(-c2ccccc2Cl)o1)c1ccc(N2CCOCC2)cc1,O,O=C1(c2ccc(N3CCOCC3)cc2)~O~o2c(ccc2-c2ccccc2Cl)/C=C/1,-5.871413707733154,ok,
CC1=C(C#N)C(=O)N(CCO)C(=O)/C1=C/c1ccc(N(C)C)cc1,O,CC1=C(C#N)C2(=O)~O~OCCN2C(=O)/C1=C/c1ccc(N(C)C)cc1,-3.8578901290893555,ok,
CCN1C(=O)/C(=C/c2cc(C)n(-c3ccc(Sc4ccc([N+](=O)[O-])cc4)cc3)c2C)c2cc(S(=O)(=O)N3CCOCC3)ccc21,O,CCN1C(=O)/C2=C/c3cc(C)n(c3C)-c3ccc(cc3)Sc3ccc([N+](=O)[O-])(~O~O4CCN(CC4)S(=O)(=O)c4ccc1c2c4)cc3,-5.303671836853027,ok,
CCCN1C(=O)/C(=c2\[nH]c(=O)/c(=C3/C=Cc4ccccc4N3CC)s2)SC1=S,O,CCCN1C(=S)S/C2=c3/[nH]c(=O)/c(s3)=C3/C=Cc4ccccc4N3(CC)~O~C21=O,-7.080783843994141,ok,
CS(=O)(=O)N(CCC#N)Cc1ccc(/C=C2/C(=O)N(c3ccccc3)c3ccccc32)o1,O,CS(=O)(=O)N(CCC#N)Cc1ccc2o1~O~C1(=O)C(=C2)c2ccccc2N1c1ccccc1,-5.522258758544922,ok,
CCOc1ccc(N2C(=O)C(=Cc3ccc(-c4ccc([N+](=O)[O-])cc4)o3)C(=O)NC2=S)cc1,O,CCO1~O~C2(=O)C(=Cc3ccc(-c4ccc([N+](=O)[O-])cc4)o3)C(=O)NC(=S)N2c2ccc1cc2,-6.290208339691162,ok,
CCCN(CCC)c1ccc(/C=C2\N=C(c3ccc(C)cc3)OC2=O)cc1,O,CCCN(CCC)c1ccc(/C=C2\N=C(c3ccc(C)cc3)O3~O~C23=O)cc1,-4.702646255493164,ok,
COC(=O)c1ccc(/C=C2\CCCCC/C(=C\c3ccc(C(=O)OC)cc3)C2=O)cc1,O,COC(=O)c1ccc(/C=C2\CCCCC/C(=C\c3ccc(C4(=O)~O~O4C)cc3)C2=O)cc1,-5.3659210205078125,ok,
CCN(CC)C(=O)Oc1ccc2c(c1)O/C(=C\C1=Cc3ccccc3OC1C)C2=O,O,CCN(CC)C1(=O)~O~O2c3ccccc3C=C(/C=C3\Oc4cc(ccc4C3=O)O1)C2C,-5.484377384185791,ok,
COc1ccc(C2=C(O)c3nc4ccccc4cc3C2=O)cc1,O,COc1ccc(C2=C3O~O~C2(=O)c2cc4ccccc4nc23)cc1,-5.202486991882324,ok,
CCCCCCCCCCCCOC(=O)c1ccc2c(c1)C(=O)c1ccccc1C2=O,O,CCCCCCCCCCCCO1~O~C1(=O)c1ccc2c(c1)C(=O)c1ccccc1C2=O,-6.441478729248047,ok,
O=C1c2ccc3c4c(ccc(c24)C(=O)N1c1ccc(N2CCCCC2)cc1)C(=O)N(c1ccc(N2CCCCC2)cc1)C3=O,O,O=C1c2ccc3c4c(ccc(c24)C(=O)N1c1ccc(N2CCCCC2)cc1)C1(=O)~O~N2(CCCCC2)c2ccc(cc2)N1C3=O,-6.3625807762146,ok,
CCOC(=O)c1ccc(-c2ccc(/C=C3/C=C(c4ccccc4)N(c4ccccc4OC)C3=O)o2)cc1,O,CCOC1(=O)~O~O(C)c2ccccc2N2C(=O)/C(=C\c3ccc(o3)-c3ccc1cc3)C=C2c1ccccc1,-5.759550094604492,ok,
[C]C1([C])[C]C([N][N][C][C]C#N)=[C]C(=[N+]2[C][C][C][C]2)[C]1,O,[C]C1([C])[C]C2=[C]C(=[N+]3[C][C][C][C]3~O~N#C[C][C][N][N]2)[C]1,-1.7525867223739624,ok,
CC(C)(C)c1ccc(Oc2c(NS(C)(=O)=O)c3c(c(O)c2N2CCCCC2)C(=O)c2ccccc2C3=O)cc1,O,CC(C)(C)c1ccc(Oc2c3c4c(c(c2N2CCCCC2)O~O~S(C)(=O)(=O)N3)C(=O)c2ccccc2C4=O)cc1,-4.698025703430176,ok,
N#C/C(=C/c1ccc(N2CCCCC2)o1)c1cccc(F)c1,O,N#C/C(=C/c1ccc2(N3CCCCC3)~O~o12)c1cccc(F)c1,-6.426048278808594,ok,
Cc1ccccc1N1C(=O)/C(=C/c2ccc([N+](=O)[O-])cc2)C=C1c1ccccc1,O,Cc1ccccc1N12~O~c3([N+](=O)[O-])ccc(cc3)/C=C(\C=C1c1ccccc1)C2=O,-4.700060844421387,ok,
[C]c1cccc(N2[C][C]N(OS(=O)c3ccc4c(c3)C(=C3[C][C][C][C]3)C(=O)[N]4)[C][C]2)c1[C],O,[C]c1cccc(N23~O~C4(=O)[N]c5ccc(cc5C4=C4[C][C][C][C]4)S(=O)ON([C][C]2)[C][C]3)c1[C],-3.0872857570648193,ok,
CCN1C(=O)C(=Cc2ccc(-c3ccc([N+](=O)[O-])cc3C)o2)SC1=S,O,CCN1C(=O)C(=Cc2ccc3o2~O~c2([N+](=O)[O-])ccc-3c(C)c2)SC1=S,-6.940097808837891,ok,
C=CCN1C(=O)C(=Cc2ccc(-c3ccc(S(=O)(=O)Nc4ncccn4)cc3)o2)SC1=S,O,C=CCN1C(=S)SC2=Cc3ccc(-c4ccc(S(=O)(=O)Nc5ncccn5)cc4)o3~O~C21=O,-6.437291622161865,ok,
O=C1C(=Cc2ccc(-c3ccc([N+](=O)[O-])cc3)o2)SC(=S)N1CCCc1ccccc1,O,O=C1C(=Cc2ccc3o2~O~c2([N+](=O)[O-])ccc-3cc2)SC(=S)N1CCCc1ccccc1,-7.174839019775391,ok,
CN(C)c1ccc(CN2CCN(Cc3ccc(N(C)C)cc3)c3cc(C#N)c(C#N)cc32)cc1,O,CN(C)c1ccc(CN2CCN3Cc4ccc(cc4)N(C)(C)~O~C(#N)c4cc2c3cc4C#N)cc1,-4.6603217124938965,ok,
Cc1cccc(N2C(=O)C(=CC=Cc3ccco3)SC2=S)c1,O,Cc1cccc(N2C(=S)SC3=CC=Cc4ccco4~O~C32=O)c1,-5.854619979858398,ok,
Cc1cccc(C2=N/C(=C/C=C/c3ccc([N+](=O)[O-])cc3)C(=O)O2)c1,O,Cc1cccc(C2=N/C(=C/C=C/c3ccc([N+](=O)[O-])cc3)C3(=O)~O~O23)c1,-4.303677558898926,ok,
CCOc1ccc(Nc2cc(N3CCN(C4CCCCC4)CC3)c3noc4c3c2C(=O)c2ccccc2-4)cc1,O,CCO1~O~C2(=O)c3ccccc3-c3onc4c(N5CCN(C6CCCCC6)CC5)cc(c2c34)Nc2ccc1cc2,-5.1186065673828125,ok,
[C]N1C(=O)C(=[C]c2ccc(-c3ccc(C#N)cc3)o2)C(=O)N([C])C1=S,O,[C]N1C(=O)C2=[C]c3ccc(-c4ccc(C#N)cc4)o3~O~C2(=O)N([C])C1=S,-5.957983016967773,ok,
Cc1cccc(N2CCN(C3=NC(=O)/C(=C\c4ccc(-c5cccc([N+](=O)[O-])c5)o4)S3)CC2)c1,O,Cc1cccc(N2CCN(C3=NC4(=O)~O~o5c(ccc5-c5cccc([N+](=O)[O-])c5)/C=C\4S3)CC2)c1,-4.49700403213501,ok,
CCCCSc1ccc(-c2ccc(C=C3C=CC=C3)cc2)cc1,O,CCCCS1~O~c12ccc(-c1ccc(C=C3C=CC=C3)cc1)cc2,,failed,Featurization failed: RDKit could not parse Smiles_Merged
CC1=NN(c2ccc(C)c(C)c2)C(=O)C1=Cc1ccc(-c2ccc([N+](=O)[O-])cc2)o1,O,CC1=NN(c2ccc(C)c(C)c2)C2(=O)~O~o3c(ccc3-c3ccc([N+](=O)[O-])cc3)C=C12,-5.454774856567383,ok,
CCN1C(=O)/C(=C\c2cc(C)n(C3CC3)c2C)c2cc(S(=O)(=O)N3CCOCC3)ccc21,O,CCN1c2ccc3cc2/C(=C/c2cc(C)n(C4CC4)c2C)C1(=O)~O~O1CCN(CC1)S3(=O)=O,-5.302720069885254,ok,
[O-][n+]1c2c([n+]([O-])c3cc(F)c(F)cc31)CCCC2,O,[O-][n+]1c2c([n+]3c4cc(F)c(F)cc41~O~[O-]3)CCCC2,-4.617656230926514,ok,
O=C(/C=C/c1ccc(-c2ccccc2F)o1)c1ccc(N2CCOCC2)cc1,O,O=C1(c2ccc(N3CCOCC3)cc2)~O~o2c(ccc2-c2ccccc2F)/C=C/1,-5.610082626342773,ok,
COc1ccc(Nc2cc(N3CCCC(C)(C)C3)c3noc4c3c2C(=O)c2ccccc2-4)cc1,O,CO1~O~C2(=O)c3ccccc3-c3onc4c(N5CCCC(C)(C)C5)cc(c2c34)Nc2ccc1cc2,-5.827579498291016,ok,
CCN1C(c2ccccc2)=C(c2ccccc2)S/C1=C\C=C\c1sc2c3ccccc3ccc2[n+]1CC,O,CC[n+]1c2ccc3ccccc3c2sc12~O~N1(CC)C(c3ccccc3)=C(c3ccccc3)S/C1=C\C=C\2,,failed,Featurization failed: RDKit could not parse Smiles_Merged
CCN1C(=O)/C(=C/C=C2\N(CC)c3ccc(-c4ccccc4)cc3C2(C)C)S/C1=N\c1ccc(C)cc1,O,CCN1/C(=N/c2ccc(C)cc2)SC2=CC=C3C(C)(C)c4cc(-c5ccccc5)ccc4N3(CC)~O~C21=O,-5.6757121086120605,ok,
CC1CCCCN1c1cc(Nc2ccc(F)cc2)c2c3c(onc13)-c1ccccc1C2=O,O,CC1CCCCN12~O~C1(=O)c3ccccc3-c3onc4c2cc(Nc2ccc(F)cc2)c1c34,-5.68451452255249,ok,
Cc1ccc(-c2nn3c4cc(N5CCCC5)ccc4nc3c3ccccc23)cc1,O,Cc1ccc(-c2nn3c4cc5ccc4nc3(~O~N53CCCC3)c3ccccc23)cc1,-5.262054443359375,ok,
COc1ccc(Nc2cc(N3CCOCC3)c3noc4c3c2C(=O)c2ccccc2-4)cc1,O,CO1~O~C2(=O)c3ccccc3-c3onc4c(N5CCOCC5)cc(c2c34)Nc2ccc1cc2,-5.251965522766113,ok,
O=C1c2ccccc2-c2ncnc3c(Br)cc(NC4CCCCC4)c1c23,O,O=C12~O~N(C3CCCCC3)c3cc(Br)c4ncnc(c4c31)-c1ccccc12,-4.237028121948242,ok,
C=CCN1C(=O)/C(=C\c2ccc(-c3ccc([N+](=O)[O-])cc3Br)o2)SC1=S,O,C=CCN1C(=O)/C(=C\c2ccc3o2~O~c2([N+](=O)[O-])ccc-3c(Br)c2)SC1=S,-7.0114593505859375,ok,
CN(C)c1ccc(/C=N/c2ccc(C(=O)O)cc2Cl)cc1,O,CN(C)c1ccc(/C=N/c2ccc(C3(=O)~O~O3)cc2Cl)cc1,-3.632174491882324,ok,
COc1ccc(-c2oc(N=Cc3cccc([N+](=O)[O-])c3)c(C#N)c2-c2ccc(OC)cc2)cc1,O,COc1ccc(-c2oc3c(C#N)c2-c2ccc(cc2)O(C)~O~c2([N+](=O)[O-])cccc(c2)C=N3)cc1,-4.888639450073242,ok,
COc1cccc(Nc2cc(NCCO)c(N)c3c2C(=O)c2ccccc2C3=O)c1,O,CO1~O~C2(=O)c3ccccc3C(=O)c3c(cc(NCCO)c(N)c32)Nc2cccc1c2,-5.7257890701293945,ok,
CCCCC1=C(C)/C(=C\c2[nH]cc(C)c2C)[NH+]=C1Cc1[nH]c(/C=C2/[NH+]=CC(C)=C2C)c(C)c1CCCC,O,CCCCC1=C(C)C2(~O~[nH]3cc(C)c(C)c3C=2)[NH+]=C1Cc1[nH]c(/C=C2/[NH+]=CC(C)=C2C)c(C)c1CCCC,-7.989227294921875,ok,
Cc1cccc(C2=NC(=Cc3cc4cc5c6c(c4oc3=O)CCCN6CCC5)C(=O)O2)c1,O,Cc1cccc(C2=NC3=Cc4cc5cc6c7c(c5o(~O~C3(=O)O2)c4=O)CCCN7CCC6)c1,-4.5081939697265625,ok,
Cc1cccc(Nc2cc(NC3CCCCC3)c3noc4c3c2C(=O)c2ccccc2-4)c1,O,Cc1cccc(Nc2cc3c4noc5c4c2C(=O)(~O~N3C2CCCCC2)c2ccccc2-5)c1,-5.637504577636719,ok,
[C][C]N1C(=O)C(=[C]/[C]=[C]/[C]=C2N(c3ccccc3)c3ccccc3N2c2ccccc2)C(=O)N([C][C])C1=S,O,[C][C]N1C(=O)C2=[C]/[C]=[C]/[C]=C3N(c4ccccc4)c4ccccc4N3(c3ccccc3)~O~C2(=O)N([C][C])C1=S,-4.226314067840576,ok,
[C][C]N([C][C])c1ccc([C]=C2C(=O)c3ccccc3C2=O)c([O])c1,O,[C][C]N1([C][C])~O~C2(=O)C(=[C]c3ccc1cc3[O])C(=O)c1ccccc12,-5.379392147064209,ok,
CCCN(CCC)c1ccc(/C=C2/N=C(c3ccccc3)OC2=O)cc1,O,CCCN(CCC)c1ccc(/C=C2/N=C(c3ccccc3)O3~O~C23=O)cc1,-4.721721649169922,ok,
CCOC(=O)C1CCN(c2cc(Nc3ccc(C(=O)O)cc3)c3c4c(onc24)-c2ccccc2C3=O)CC1,O,CCOC(=O)C1CCN(c2cc(Nc3ccc(C4(=O)~O~O4)cc3)c3c4c(onc24)-c2ccccc2C3=O)CC1,-4.974831581115723,ok,
O=C1NC(=S)N/C1=C/c1ccc(-c2ccc([N+](=O)[O-])cc2Br)o1,O,O=[N+]([O-])c1ccc(-c2ccc3o2~O~C2(=O)NC(=S)N/C2=C/3)c(Br)c1,-6.850412368774414,ok,
N#C/C(=C\c1ccc(-c2ccc([N+](=O)[O-])cc2)o1)c1nc(-c2ccco2)cs1,O,N#C/C1=C\c2ccc(o2)-c2ccc([N+](=O)[O-])(~O~o3cccc3-c3csc1n3)cc2,-5.954675674438477,ok,
CN(C)c1ccc(/C=C(\C#N)c2nc(-c3ccc(Cl)cc3)cs2)cc1,O,CN1(C)~O~c2(nc(-c3ccc(Cl)cc3)cs2)/C(C#N)=C/c2ccc1cc2,,failed,Featurization failed: RDKit could not parse Smiles_Merged
CN1C(=O)C(=Cc2ccc(-c3cccc(Br)c3)o2)SC1=S,O,CN1C(=S)SC2=Cc3ccc(-c4cccc(Br)c4)o3~O~C21=O,-6.681604385375977,ok,
Clc1ccc(-c2nn3c4cc(N5CCCCC5)ccc4nc3c3ccccc23)cc1,O,Clc1ccc(-c2nn3c4cc5ccc4nc3(~O~N53CCCCC3)c3ccccc23)cc1,-5.89891242980957,ok,
CCn1c(=C2C(=O)c3ccccc3C2=O)sc(=CC=C2N(C)c3ccc(-c4ccccc4)cc3C2(C)C)c1=O,O,CCn1c(=C2C(=O)c3ccccc3C2=O)sc2c1(=O)~O~N1(C)C(=CC=2)C(C)(C)c2cc(-c3ccccc3)ccc21,-6.028338432312012,ok,
CCc1ccc2c(c1)-c1c(s[s+]c1SC(C)=O)C(C)(C)N2,O,CCc1ccc2c(c1)-c1c3s[s+](~O~N2C3(C)C)c1SC(C)=O,-7.746118545532227,ok,
O=C1OC(c2ccc(I)cc2)=NC1=CC=Cc1ccc([N+](=O)[O-])cc1,O,O=[N+]([O-])c1ccc(C=CC=C2N=C(c3ccc(I)cc3)O3~O~C23=O)cc1,-4.3491530418396,ok,
O=C(/C=C/c1ccc(-c2cccc([N+](=O)[O-])c2)o1)N1CCOCC1,O,O=C(/C=C/c1ccc2o1~O~c1([N+](=O)[O-])cccc-2c1)N1CCOCC1,-5.879264831542969,ok,
CCCN1C(=O)C(=c2[nH]c(=O)c(=C3C=Cc4ccccc4N3CC)s2)SC1=S,O,CCCN1C(=S)SC2=c3[nH]c(=O)c(s3)=C3C=Cc4ccccc4N3(CC)~O~C21=O,-7.080783843994141,ok,
COc1ccc(/C=C/C(=O)Nc2ccc(NC3CCCCC3)c3c2C(=O)c2ccccc2C3=O)cc1,O,CO1~O~C(=O)(Nc2ccc(NC3CCCCC3)c3c2C(=O)c2ccccc2C3=O)/C=C/c2ccc1cc2,-6.782733917236328,ok,
CCN1C(=O)C(=Cc2ccc(-c3ccc([N+](=O)[O-])cc3)o2)N(C)C1=S,O,CCN1C(=S)N(C)C2=Cc3ccc(-c4ccc([N+](=O)[O-])cc4)o3~O~C21=O,-5.872808456420898,ok,
O=C1N=C(N2CCN(c3ccccc3)CC2)SC1=Cc1ccc(-c2ccc(Cl)cc2Cl)o1,O,O=C12~O~o3c(ccc3-c3ccc(Cl)cc3Cl)C=C1SC(N1CCN(c3ccccc3)CC1)=N2,-5.164338111877441,ok,
FC(F)Sc1ccc(-c2ccc(C=NN=CC3=C(N4CCOCC4)C(=Cc4ccccc4)CC3)o2)cc1,O,FC1(F)~O~o2c(C=NN=CC3=C(N4CCOCC4)C(=Cc4ccccc4)CC3)ccc2-c2ccc(cc2)S1,-7.457144260406494,ok,
[C]N1[C][C]N(S(=O)(=O)c2ccc3c(c2)C(=C2[C][C][C][C]2)C(=O)[N]3)[C][C]1,O,[C]N12~O~C3(=O)[N]c4ccc(cc4C3=C3[C][C][C][C]3)S(=O)(=O)N([C][C]1)[C][C]2,-3.8796005249023438,ok,
O=C(Nc1ccc(-c2ccc(N3CCOCC3)nn2)cc1)c1ccc([N+](=O)[O-])cc1Cl,O,O=C1Nc2ccc(cc2)-c2ccc(nn2)N2CCO(~O~c3([N+](=O)[O-])ccc1c(Cl)c3)CC2,-4.983499526977539,ok,
CN(C)C(C=CNc1ccc(I)cc1)=C(C#N)C#N,O,CN1(C)~O~C(C#N)(C#N)=C1C=CNc1ccc(I)cc1,-5.55242919921875,ok,
CCCN1CCN(c2cc(NCc3ccco3)c3c4c(onc24)-c2ccccc2C3=O)CC1,O,CCCN1CCN(c2cc3c4c5c(onc25)-c2ccccc2C4(=O)~O~o2cccc2CN3)CC1,-4.666507720947266,ok,
CCn1cc(/C=C2/Oc3c(ccc([O-])c3C[NH+](CC)CC)C2=O)c2cc(OC)ccc21,O,CCn1cc(/C=C2/Oc3c4ccc(c3C[NH+](CC)CC)[O-]~O~C24=O)c2cc(OC)ccc21,-4.127738952636719,ok,
CCN1C(=O)/C(=C/c2ccc(-c3ccc([N+](=O)[O-])cc3)o2)NC1=S,O,CCN1C(=S)N/C2=C\c3ccc(-c4ccc([N+](=O)[O-])cc4)o3~O~C21=O,-6.637749195098877,ok,
O=C1/C(=C/c2ccc([N+](=O)[O-])o2)CCC/C1=C\c1ccc([N+](=O)[O-])o1,O,O=C1/C(=C/c2ccc([N+](=O)[O-])o2)CCC/C1=C\c1ccc2([N+](=O)[O-])~O~o12,-5.357511520385742,ok,
Cc1ccc(N2CN=c3s/c(=C\c4ccc([N+](=O)[O-])cc4)c(=O)n3C2)cc1,O,Cc1ccc(N23~O~c4(=O)/c(=C/c5ccc([N+](=O)[O-])cc5)sc(n4C2)=NC3)cc1,-4.086880683898926,ok,
Cc1cccc(-c2c3ccc4cc(O)ccc4c3oc3c2ccc2cc(=O)ccc23)c1,O,Cc1cccc(-c2c3ccc4cc5ccc4c3oc3c2ccc2cc(=O)(~O~O5)ccc23)c1,-5.987978935241699,ok,
CCOP(=O)(OCC)c1ccc2c(ccc(C=Cc3ccc(N(C)C)cc3)[n+]2CC)c1,O,CCOP1(=O)(OCC)~O~N(C)(C)c2ccc(cc2)C=Cc2ccc3cc1ccc3[n+]2CC,-6.202661991119385,ok,
O=C(C=Cc1ccc(-c2ccccc2Br)o1)c1ccc(N2CCOCC2)cc1,O,O=C1(c2ccc(N3CCOCC3)cc2)~O~o2c(ccc2-c2ccccc2Br)C=C1,-5.614521026611328,ok,
CCOC(=O)Cn1cc(/C=C2/C(C)=C(C#N)c3nc(N)c(C#N)c(C)c32)c2ccccc21,O,CCO1~O~C1(=O)Cn1cc(/C=C2/C(C)=C(C#N)c3nc(N)c(C#N)c(C)c32)c2ccccc21,-4.153992652893066,ok,
"[K+].F[B-](F)(F)C1=C(Cl)C=C(Cl)C=C1 |c:4,10,t:7|",O,F[B-](F)(F~O~[K+])c1ccc(Cl)cc1Cl,-3.053762435913086,ok,
CC1=CC(C)(C)N2C(=O)C(=O)c3c(C=CN4CCOCC4)ccc1c32,O,CC1=CC(C)(C)N2c3c1ccc1c3C(=O)C2(=O)~O~O2CCN(C=C1)CC2,-4.961701393127441,ok,
CN(C)c1ccc(/C=C/C=C2\C(=O)NC(=O)N(c3ccc(Cl)cc3)C2=O)cc1,O,CN1(C)~O~C2(=O)NC(=O)/C(=C\C=C\c3ccc1cc3)C(=O)N2c1ccc(Cl)cc1,-5.783865928649902,ok,
CCOc1ccc(N2C(=O)/C(=C/c3ccc(-c4ccccc4[N+](=O)[O-])o3)NC2=S)cc1,O,CCO1~O~C2(=O)/C(=C/c3ccc(-c4ccccc4[N+](=O)[O-])o3)NC(=S)N2c2ccc1cc2,-6.320385456085205,ok,
O=[N+]([O-])c1cccc(-c2c(O)c3ccccc3c3nc4ccccc4nc23)c1,O,O=[N+]([O-])c12~O~Oc3c(c4nc5ccccc5nc4c4ccccc34)-c(ccc1)c2,-4.047220706939697,ok,
N#CC(C#N)=Cc1cc(C=C(C#N)C#N)c([O-])o1,O,N#CC(C#N)=Cc1cc2o(~O~C(C#N)(C#N)=C2)c1[O-],-5.2372636795043945,ok,
C=CC[NH+]1[CH-]Nc2c(c3nc4ccccc4nc3n2/N=C/c2ccc(C(C)C)cc2)C1=O,O,C=CC[NH+]1[CH-]N2~O~C1(=O)c1c2n(/N=C/c2ccc(C(C)C)cc2)c2nc3ccccc3nc12,-3.139667510986328,ok,
N#CC(=C1C(=O)Nc2ccc([N+](=O)[O-])cc21)c1nc(-c2ccc(Oc3ccccc3)cc2)cs1,O,N#CC1=C2C(=O)Nc3ccc([N+](=O)[O-])(~O~O(c4ccccc4)c4ccc(cc4)-c4csc1n4)cc32,-6.208721160888672,ok,
CCN1C(=O)C(=Cc2ccc(-c3ccc(Cl)cc3)o2)SC1=S,O,CCN1C(=S)SC2=Cc3ccc(-c4ccc(Cl)cc4)o3~O~C21=O,-7.1356282234191895,ok,
COc1cc(N2CCCCC2)ccc1/C=C(/C#N)c1cccc([N+](=O)[O-])c1,O,CO1~O~c2([N+](=O)[O-])cccc(c2)/C(C#N)=C\c2ccc(N3CCCCC3)cc21,-5.963578224182129,ok,
COc1ccc(NC(=O)c2ccc3c(c2O)C(=O)c2ccccc2C3=O)cc1,O,COc1ccc(NC2(=O)~O~Oc3c2ccc2c3C(=O)c3ccccc3C2=O)cc1,-6.219761848449707,ok,
O=C1/C(=C/c2c[nH]c3ccccc23)Oc2c1ccc([O-])c2C[NH+]1CCCCC1,O,O=C12~O~[O-]c3ccc1c(c3C[NH+]1CCCCC1)O/C2=C\c1c[nH]c2ccccc12,-3.829500913619995,ok,
O=C1/C(=C\c2ccc([N+](=O)[O-])cc2)CN(Cc2ccccc2)C/C1=C\c1ccc([N+](=O)[O-])cc1,O,O=C1/C2=C\c3ccc([N+](=O)[O-])(~O~N(Cc4ccccc4)(C2)C/C1=C\c1ccc([N+](=O)[O-])cc1)cc3,-5.262927055358887,ok,
O=C1ON=C(c2ccccc2)/C1=C/C1=C(OCc2ccc(F)cc2)C=CCC1,O,O=C12~O~O(Cc3ccc(F)cc3)C3=C(/C=C\1C(c1ccccc1)=NO2)CCC=C3,-4.812551498413086,ok,
O=C(O)CN1C(=O)C(=Cc2ccc(-c3ccc([N+](=O)[O-])cc3)o2)SC1=S,O,O=C1C(=Cc2ccc(-c3ccc([N+](=O)[O-])cc3)o2)SC(=S)N1CC1(=O)~O~O1,-4.339663505554199,ok,
Cc1ccc(-c2csc(C=Cc3ccc(-c4cccc([N+](=O)[O-])c4)o3)n2)cc1,O,Cc1ccc(-c2csc(C=Cc3ccc4o3~O~c3([N+](=O)[O-])cccc-4c3)n2)cc1,-6.673802375793457,ok,
O=C1C(=CC2=Cc3cc(Cl)ccc3OC2)C(=O)c2ccccc21,O,O=C1C2=CC3=Cc4cc(Cl)ccc4O(~O~C2(=O)c2ccccc21)C3,-5.877147674560547,ok,
O=[N+]([O-])c1cccc(/C=N/c2ccc(/N=N/c3ccccc3)cc2)c1,O,[O-][N+]1=O~O~c12cccc(/C=N/c1ccc(/N=N/c3ccccc3)cc1)c2,,failed,Featurization failed: RDKit could not parse Smiles_Merged
O=C(Nc1ccc(N2CCOCC2)c2c1C(=O)c1ccccc1C2=O)c1ccccc1,O,O=C1c2ccccc2C(=O)c2c3ccc(c21)NC(=O)(c1ccccc1)~O~O1CCN3CC1,-5.693506240844727,ok,
CC1=C(C#N)c2nc(N)c(C#N)c(C)c2C1=Cc1ccc(-c2cc(C(=O)O)ccc2C)o1,O,CC1=C(C#N)c2nc(N)c(C#N)c(C)c2C1=Cc1ccc(-c2cc(C3(=O)~O~O3)ccc2C)o1,-4.305704116821289,ok,
Cc1cccc(N2CN=c3s/c(=C\C=C\c4ccccc4)c(=O)n3C2)c1,O,Cc1cccc(N23~O~c4(=O)/c(=C/C=C/c5ccccc5)sc(n4C2)=NC3)c1,-4.187662124633789,ok,
O=C1/C(=C\C=C\c2ccc([N+](=O)[O-])cc2)SC(=S)N1c1ccccc1Cl,O,O=[N+]([O-])c1ccc(/C=C/C=C2/SC(=S)N(c3ccccc3Cl)C23~O~O=3)cc1,-5.27535343170166,ok,
CCC(=C/c1sc2ccc3ccccc3c2[n+]1CCCS(=O)(=O)[O-])/C=C1/Sc2ccc3ccccc3c2N1CCCS(=O)(=O)[O-],O,CCC1=C/c2(~O~[O-]S(=O)(=O)CCCN3\C(=C/1)Sc1ccc4ccccc4c13)sc1ccc3ccccc3c1[n+]2CCCS(=O)(=O)[O-],,failed,Featurization failed: RDKit could not parse Smiles_Merged
CC1CCCCN1c1cc(Nc2ccc3c(c2)OCO3)c2c3c(onc13)-c1ccccc1C2=O,O,CC1CCCCN1c1cc(Nc2ccc3c(c2)OC2~O~O32)c2c3c(onc13)-c1ccccc1C2=O,-5.713838577270508,ok,
Cc1ccc(S(=O)([O-])=NC2=C([n+]3ccc(N(C)C)cc3)C(=O)c3ccccc3C2=O)cc1,O,Cc1ccc(S2(=O)=NC3=C([n+]4ccc(N(C)C)cc4)(~O~[O-]2)C(=O)c2ccccc2C3=O)cc1,-3.39979887008667,ok,
CN1C(=O)/C(=C\C=C\c2cccc([N+](=O)[O-])c2)SC1=S,O,CN12~O~c3([N+](=O)[O-])cccc(c3)/C=C/C=C(/SC1=S)C2=O,-5.555804252624512,ok,
COC(=O)c1cc([N+](=O)[O-])cnc1C=Cc1ccc(-c2ccc([N+](=O)[O-])cc2Br)o1,O,CO1~O~C1(=O)c1cc([N+](=O)[O-])cnc1C=Cc1ccc(-c2ccc([N+](=O)[O-])cc2Br)o1,-4.863787651062012,ok,
CCOC(=O)C1=C(Nc2ccc(OCC)cc2)S/C(=C\c2ccc(-c3ccc(F)cc3)o2)C1=O,O,CCOC1(=O)~O~O(CC)c2ccc(cc2)NC2=C1C(=O)/C(=C/c1ccc(-c3ccc(F)cc3)o1)S2,-6.631416320800781,ok,
[C][C]N([C]C(F)(F)[C](F)F)c1ccc(C(C#N)=C(C#N)C#N)cc1,O,[C][C]N1(c2ccc(C(C#N)=C(C#N)C#N)cc2)~O~[C](F)(F)C(F)(F)[C]1,-6.854506492614746,ok,
N#C/N=C(\N)c1sc2nc(-c3cccs3)cc(C(F)(F)F)c2c1N,O,N#C/N=C(\N)c1sc2nc(-c3cccs3)cc3c2c1N~O~C3(F)(F)F,-5.539608478546143,ok,
C=CC1=C(C)C(=Cc2[nH]c(Cc3[nH]c(C=C4NC(=O)C(C)=C4C=C)c(C)c3CCC(=O)O)c(CCC(=O)O)c2C)NC1=O,O,C=CC1=C(C)C(=Cc2[nH]c(Cc3[nH]c(C=C4NC(=O)C(C)=C4C=C)c(C)c3CCC3(=O)~O~O3)c(CCC(=O)O)c2C)NC1=O,-6.29994010925293,ok,
COc1ccc(Nc2cc(N3CCN(c4ccc(OC)cc4)CC3)c3noc4c3c2C(=O)c2ccccc2-4)cc1,O,COc1ccc(Nc2cc3c4noc5c4c2C(=O)(~O~O(C)c2ccc(cc2)N2CCN3CC2)c2ccccc2-5)cc1,-4.007898807525635,ok,
NC(=O)N/N=C1/c2ccccc2-c2nc3ccccc3nc21,O,O=C1(N/N=C2/c3ccccc3-c3nc4ccccc4nc32)~O~N1,-3.252737283706665,ok,
CCN(CC)c1ccc(/C=C2/SC(=S)N(C)C2=O)c(OCc2ccc(Cl)cc2Cl)c1,O,CCN(CC)c1ccc2c(c1)O(Cc1ccc(Cl)cc1Cl)~O~C1(=O)/C(=C\2)SC(=S)N1C,-7.5291748046875,ok,
O=C(O)c1ccc(Nc2cc(N3CCN(C4CCCCC4)CC3)c3noc4c3c2C(=O)c2ccccc2-4)cc1,O,O=C1c2ccccc2-c2onc3c(N4CCN(C5CCCCC5)CC4)cc(Nc4ccc(C5(=O)~O~O5)cc4)c1c23,-4.310538291931152,ok,
O=C1C(=Cc2ccc(-c3ccc(Cl)cc3)o2)C(=O)c2ccccc21,O,O=C1C2=Cc3ccc(-c4ccc(Cl)cc4)o3~O~C2(=O)c2ccccc21,-6.455751419067383,ok,
CN1/C(=C\C=N\c2ccc(/N=N/c3ccccc3)cc2)C(C)(C)c2ccccc21,O,CC1(C)/C2=C/C=N/c3ccc(/N=N/c4ccccc4)(~O~N2(C)c2ccccc21)cc3,-5.590859889984131,ok,
N#Cc1c(/C=C/c2cccc([N+](=O)[O-])c2)nc2c(c1-c1ccc3c(c1)OCO3)C(=O)c1ccccc1-2,O,N#Cc1c2nc3c(c1-c1ccc4c(c1)OCO4~O~c1([N+](=O)[O-])cccc(c1)/C=C/2)C(=O)c1ccccc1-3,-5.415564060211182,ok,
"[O-][N+](=O)C1=CC(\C=C\C2=NC3=C(C(=O)C4=CC=CC=C34)C(C3=CC4=C(OCO4)C=C3)=C2C#N)=CC=C1 |c:16,31,33,37,39,t:3,8,10,14,18,23,25|",O,N#Cc1c2nc3c(c1-c1ccc4c(c1)OCO4~O~c1([N+](=O)[O-])cccc(c1)C=C2)C(=O)c1ccccc1-3,-5.3298726081848145,ok,
O=C(O)c1ccc(N2C(=O)C(=Cc3ccc(-c4ccc(Br)cc4)o3)C=C2c2ccccc2)cc1,O,O=C1C(=Cc2ccc(-c3ccc(Br)cc3)o2)C=C(c2ccccc2)N1c1ccc(C2(=O)~O~O2)cc1,-4.863091945648193,ok,
[C][C]N1/C(=[C]/[C]=[C]/[C]=[C]/[C]=C2C(=O)[N]C(=O)[N]C2=O)Sc2ccccc21,O,[C][C]N12~O~C3(=O)[N]C(=O)C(=[C]/[C]=[C]/[C]=[C]/[C]=C/1Sc1ccccc12)C(=O)[N]3,-3.335832118988037,ok,
CN(C)N=Cc1ccc(-c2ccc([N+](=O)[O-])cc2Br)o1,O,CN(C)N=Cc1ccc2o1~O~c1([N+](=O)[O-])ccc-2c(Br)c1,-5.002013206481934,ok,
O=C1SC(SCc2ccccc2)=NC1=CC=Cc1ccc([N+](=O)[O-])o1,O,O=C1SC(SCc2ccccc2)=NC1=CC=Cc1ccc2([N+](=O)[O-])~O~o12,-5.000511169433594,ok,
O=[N+]([O-])c1ccc(N2CCCCC2)c(/C=C/c2nc3ccccc3s2)c1,O,O=[N+]([O-])c12~O~N3(CCCCC3)c(cc1)c(/C=C/c1nc3ccccc3s1)c2,-5.486202239990234,ok,
CCN1C/C(=C/c2ccc([N+](=O)[O-])cc2)C(=O)/C(=C/c2ccc([N+](=O)[O-])cc2)C1,O,CCN12~O~c3([N+](=O)[O-])ccc(cc3)/C=C(/C1)C(=O)/C(=C/c1ccc([N+](=O)[O-])cc1)C2,-5.344786643981934,ok,
COCCNc1cc(NCCO)c2noc3c2c1C(=O)c1ccccc1-3,O,COCCNc1cc2c3noc4c3c1C(=O)(~O~OCCN2)c1ccccc1-4,-4.114892959594727,ok,
O=C1C(=Cc2ccc(-c3ccc(Cl)c(Cl)c3)o2)C=C(c2ccccc2)N1c1ccc(-c2ccccc2)cc1,O,O=C12~O~o3c(ccc3-c3ccc(Cl)c(Cl)c3)C=C1C=C(c1ccccc1)N2c1ccc(-c2ccccc2)cc1,-6.837980270385742,ok,
COc1ccc(N2C3=[N+](CCCCC3)CC2(O)c2ccc(Br)cc2)cc1,O,CO1~O~C2(O)(c3ccc(Br)cc3)C[N+]3=C(CCCCC3)N2c2ccc1cc2,-5.40553092956543,ok,
CCN1CCO/C1=C\C=C\C1=[N+](CC)CCO1,O,CCN1CCO2~O~C3(=[N+](CC)CCO3)C=CC=C12,-1.9982346296310425,ok,
Cc1cc(Cl)ccc1N=S([O-])[OH+]c1ccc2c(c1)N(C)CCS2,O,Cc1cc(Cl)ccc1N=S1[O-]~O~c2(ccc3c(c2)N(C)CCS3)[OH+]1,,failed,Featurization failed: RDKit could not parse Smiles_Merged
CCOC(=O)c1ccc(-c2ccc(C=C3C(=O)c4ccccc4C3=O)o2)cc1,O,CCO1~O~C1(=O)c1ccc(-c2ccc(C=C3C(=O)c4ccccc4C3=O)o2)cc1,-5.573862075805664,ok,
O=C1c2ccccc2C(=O)c2cc(S(=O)(=O)Nc3nc4ccccc4s3)ccc21,O,O=C1c2ccccc2C2=O~O~S(=O)(=O)(Nc3nc4ccccc4s3)c3ccc2c1c3,-5.520411014556885,ok,
[O-][n+]1c(-c2ccc3c4ccccc4ccc3[n+]2[O-])ccc2ccccc21,O,[O-][n+]1c2ccc3ccccc3c2ccc12~O~[O-][n+]1c-2ccc2ccccc21,,failed,Featurization failed: RDKit could not parse Smiles_Merged
CN(C)c1ccc(/C=C/C=C2\C(=O)NC(=O)N(c3ccccc3)C2=O)cc1,O,CN1(C)~O~C2(=O)NC(=O)/C(=C\C=C\c3ccc1cc3)C(=O)N2c1ccccc1,-5.382659435272217,ok,
CCCN1C/C(=C\c2c3ccccc3cc3ccccc23)C(=O)/C(=C/c2c3ccccc3cc3ccccc23)C1,O,CCCN12~O~C(=O)(/C(=C/c3c4ccccc4cc4ccccc34)C1)/C(=C/c1c3ccccc3cc3ccccc13)C2,-6.244170188903809,ok,
CS(=O)(=O)Nc1c(Oc2ccccc2)c(N2CCCC2)c(O)c2c1C(=O)c1ccccc1C2=O,O,CS1(=O)(=O)~O~Oc2c3c(c(c(Oc4ccccc4)c2N2CCCC2)N1)C(=O)c1ccccc1C3=O,-4.718535423278809,ok,
O=C1c2ccccc2C(=O)c2cc(S(=O)(=O)Nc3ccc4oc(=O)sc4c3)ccc21,O,O=C1c2ccccc2C(=O)c2cc(S(=O)(=O)Nc3ccc4c(c3)sc3(=O)~O~o43)ccc21,-6.141145706176758,ok,
[C]Oc1ccc(O[C])c([C]2[C][C]N(S(=O)(=O)c3ccc4c(c3)C(=C3[C][C][C][C]3)C(=O)[N]4)[C]2)c1,O,[C]Oc1ccc2cc1[C]1[C][C]N([C]1)S(=O)(=O)c1ccc3c(c1)C(=C1[C][C][C][C]1)C(=O)(~O~O2[C])[N]3,-4.709420204162598,ok,
O=c1ccc2nc3ccc([O-])cc3oc-2c1.[Na+],O,O=c1ccc2nc3ccc([O-]~O~[Na+])cc3oc-2c1,-2.472404718399048,ok,
CCN(CC)c1ccc2c(-c3ccc(S(=O)(=O)Cl)cc3S(=O)(=O)[O-])c3ccc(N(CC)CC)cc3[o+]c2c1,O,CCN(CC)c1ccc2c3c4ccc(N(CC)CC)cc4(~O~[O-]S(=O)(=O)c4cc(S(=O)(=O)Cl)ccc4-3)[o+]c2c1,-9.824089050292969,ok,
CCN1C(=O)C(=C2Sc3ccccc3N2C)SC1=Nc1ccc2c(c1)C(=O)c1ccccc1C2=O,O,CCN1C(=Nc2ccc3c(c2)C(=O)c2ccccc2C3=O)SC2=C3Sc4ccccc4N3(C)~O~C21=O,-6.106791973114014,ok,
CCN1C(c2ccccc2)=C(c2ccccc2)S/C1=C\c1ccc2cc(C)ccc2[n+]1C,O,CCN12~O~c34ccc(C)cc3ccc([n+]4C)/C=C/1SC(c1ccccc1)=C2c1ccccc1,-7.175505638122559,ok,
CCN(CC)c1ccc2nc3ccccc3[n+](CC)c2c1,O,CC[n+]1c2ccccc2nc2ccc3cc21~O~N3(CC)CC,-4.859403133392334,ok,
CCOC(=O)c1sc2nc3c(c(-c4ccc(OC)cc4)c2c1N)-c1ccccc1C3=O,O,CCOC1(=O)~O~O(C)c2ccc(cc2)-c2c3c(nc4sc1c(N)c24)C(=O)c1ccccc1-3,-5.383978843688965,ok,
O=C(O/N=C1/c2ccccc2-c2nc3ccccc3nc21)c1ccccc1,O,O=C1(c2ccccc2)~O~O1/N=C1/c2ccccc2-c2nc3ccccc3nc21,-4.232115745544434,ok,
O=C1[N]c2ccc(S(=O)(=O)N3[C][C]O[C][C]3)cc2C1=C1[C][C][C][C]1,O,O=C12~O~O3[C][C]N([C][C]3)S(=O)(=O)c3ccc(c(c3)C1=C1[C][C][C][C]1)[N]2,-4.522663593292236,ok,
CCN1C(=O)C(=C2C=Cc3cc(OC)ccc3N2CC)SC1=NCc1ccccc1,O,CCN1C2=C3SC(=NCc4ccccc4)N(CC)C3(=O)~O~O(C)c3ccc1c(c3)C=C2,-5.33933687210083,ok,
C=CCN1/C(=C\C=C/c2sc3ccccc3[n+]2CC=C)Sc2ccccc21,O,C=CC[n+]1c2ccccc2sc12~O~N1(CC=C)C(=CC=C2)Sc2ccccc21,,failed,Featurization failed: RDKit could not parse Smiles_Merged
COc1ccc(N2C(=O)/C(=C\c3ccc(-c4ccc([N+](=O)[O-])cc4C)o3)SC2=S)cc1,O,Cc1cc([N+](=O)[O-])ccc1-c1ccc(/C=C2/SC(=S)N3c4ccc(cc4)O(C)~O~C23=O)o1,-6.139225959777832,ok,
O=C1C(=Cc2ccc(-c3ccc(F)c(Cl)c3)o2)SC(=S)N1c1ccc([N+](=O)[O-])cc1,O,O=[N+]([O-])c1ccc(N2C(=S)SC3=Cc4ccc(-c5ccc(F)c(Cl)c5)o4~O~C32=O)cc1,-7.197747707366943,ok,
Cc1cccc(N2C(=O)/C(=C\c3ccc(-c4ccc(Cl)c(Cl)c4)o3)C=C2c2ccccc2)c1,O,Cc1cccc(N2C(c3ccccc3)=C/C3=C/c4ccc(-c5ccc(Cl)c(Cl)c5)o4~O~C32=O)c1,-6.739660263061523,ok,
COc1ccc(Nc2cc(N3CCNCC3)c3noc4c3c2C(=O)c2ccccc2-4)cc1,O,CO1~O~C2(=O)c3ccccc3-c3onc4c(N5CCNCC5)cc(c2c34)Nc2ccc1cc2,-4.685770034790039,ok,
CCN1C(=O)C(=CC=C2Sc3cc(C)c(C)cc3N2CCO)SC1=S,O,CCN1C(=S)SC2=CC=C3Sc4cc(C)c(C)cc4N3CCO~O~C21=O,-4.602827072143555,ok,
O=C1C(=Cc2ccc(-c3ccc(Br)cc3)o2)C=C(c2ccccc2)N1c1cccnc1,O,O=C12~O~o3c(ccc3-c3ccc(Br)cc3)C=C1C=C(c1ccccc1)N2c1cccnc1,-5.741548538208008,ok,
CCOc1ccc2c(c1)/C(=C1/SC(C(C)=O)=C(c3ccccc3)S1)C(=S)C(C)(C)N2,O,CCO1~O~C(C)(=O)C2=C(c3ccccc3)S/C(=C3/C(=S)C(C)(C)Nc4ccc1cc43)S2,-7.272507667541504,ok,
N#C/C(=C/c1ccc(Sc2ccc(Cl)cc2)s1)c1ccc([N+](=O)[O-])cc1,O,N#C/C(=C/c1ccc(Sc2ccc(Cl)cc2)s1)c1ccc2(~O~O=[N+]2[O-])cc1,,failed,Featurization failed: RDKit could not parse Smiles_Merged
Cc1cc(C)c(Nc2ccc(Nc3c(C)cc(C)cc3C)c3c2C(=O)c2ccccc2C3=O)c(C)c1,O,Cc1cc(C)c(Nc2ccc3c4c2C(=O)c2ccccc2C4(=O)~O~N3c2c(C)cc(C)cc2C)c(C)c1,-6.320974349975586,ok,
CCOc1ccc(NC(=O)c2ccc3c(c2O)C(=O)c2ccccc2C3=O)cc1,O,CCOc1ccc(NC2(=O)~O~Oc3c2ccc2c3C(=O)c3ccccc3C2=O)cc1,-6.236515045166016,ok,
COCCN1C(=O)C(=Cc2ccc(-c3cccc(F)c3)o2)SC1=S,O,COCCN1C(=S)SC2=Cc3ccc(-c4cccc(F)c4)o3~O~C21=O,-7.242177963256836,ok,
CN(C)c1ccc(C2=Nc3ncnn3/C2=N/Cc2ccccc2)cc1,O,CN1(C)~O~c23ncnn2/C(=N/Cc2ccccc2)C(=N3)c2ccc1cc2,-3.700434923171997,ok,
CCOc1ccc(N2C(=O)/C(=C/c3ccc(-c4ccc([N+](=O)[O-])cc4OC)o3)C(=O)NC2=S)cc1,O,CCOc1ccc(N2C(=O)/C(=C/c3ccc(-c4ccc5([N+](=O)[O-])~O~O(C)c4c5)o3)C(=O)NC2=S)cc1,-6.015439987182617,ok,
CN1C(=O)C(=Cc2ccc(-c3ccc(C(=O)O)cc3)o2)SC1=S,O,CN1C(=O)C(=Cc2ccc(-c3ccc(C4(=O)~O~O4)cc3)o2)SC1=S,-4.6417717933654785,ok,
O=C(O)CN1C(=O)/C(=C\C=C\c2ccc([N+](=O)[O-])cc2)SC1=S,O,O=C1/C(=C\C=C\c2ccc([N+](=O)[O-])cc2)SC(=S)N1CC1(=O)~O~O1,-4.392961502075195,ok,
O=C(CCN1C(=O)/C(=C\C=C\c2ccccc2)SC1=S)N1CCN(c2ccccc2)CC1,O,O=C1CCN2C(=S)S/C(=C/C=C/c3ccccc3)C2(=O)~O~N2(c3ccccc3)CCN1CC2,-5.0801615715026855,ok,
CCOCCCN1C(=O)/C(=C\c2ccc(-c3ccccc3F)s2)NC1=S,O,CCO1~O~C2(=O)/C(=C\c3ccc(-c4ccccc4F)s3)NC(=S)N2CCC1,-7.138106822967529,ok,
CSCCC(C(=O)O)N1C(=O)/C(=C\C=C\c2ccco2)SC1=S,O,CSCCC(N1C(=O)/C(=C\C=C\c2ccco2)SC1=S)C1(=O)~O~O1,-4.855361461639404,ok,
COc1ccc(N(CCC#N)C(=O)C(C#N)=Cc2ccc(-c3ccccc3[N+](=O)[O-])o2)cc1,O,CO1~O~c2([N+](=O)[O-])ccccc2-c2ccc(o2)C=C(C#N)C(=O)N(CCC#N)c2ccc1cc2,-5.533945083618164,ok,
CC1(C)CC(=O)C(=Cc2ccc(-c3ccc([N+](=O)[O-])cc3)o2)C(=O)C1,O,CC1(C)CC(=O)C(=Cc2ccc3o2~O~c2([N+](=O)[O-])ccc-3cc2)C(=O)C1,-6.144852161407471,ok,
CCN1C(=O)C(=Cc2ccc(-c3ccccc3F)s2)SC1=S,O,CCN12~O~C1(=O)C(=Cc1ccc(-c3ccccc3F)s1)SC2=S,-6.411489486694336,ok,
COC1=C/C(=N/C#N)C(Br)=C/C1=N\C#N,O,CO1~O~C(#N)/N=C2\C=C(Br)/C(=N\C#N)C=C21,-3.7513797283172607,ok,
O=C1C(=Cc2ccc(-c3ccc(Cl)cc3)o2)SC(=S)N1CCS(=O)(=O)O,O,O=C1C2=Cc3ccc(-c4ccc(Cl)cc4)o3~O~S(=O)(=O)(O)CCN1C(=S)S2,-6.419767379760742,ok,
Cc1cc2c(ccc3c2no[n+]3[O-])[nH]1,O,Cc1cc2c(ccc3[n+]4onc23~O~[O-]4)[nH]1,-2.902498483657837,ok,
O=C1N=C(N2CCN(c3ccccc3)CC2)SC1=Cc1ccc(-c2cc(Cl)ccc2Cl)o1,O,O=C12~O~o3c(ccc3-c3cc(Cl)ccc3Cl)C=C1SC(N1CCN(c3ccccc3)CC1)=N2,-5.165918350219727,ok,
O=C1[C]C(=C2c3ccccc3-c3ccccc32)C(=O)N1[C][C]N1[C][C]N(c2cccc(Cl)c2)[C][C]1,O,O=C1[C]C(=C2c3ccccc3-c3ccccc32)C2(=O)~O~N3(c4cccc(Cl)c4)[C][C]N([C][C]N12)[C][C]3,-4.631545066833496,ok,
CCCC[n+]1c(/C=C2/C=CN(CC)c3ccc(C)cc32)ccc2ccccc21,O,CCCC[n+]1c2ccc3ccccc31~O~N1(CC)C=C/C(=C/2)c2cc(C)ccc21,-6.984574317932129,ok,
CN(C)c1ccc(C(=O)Nc2cccc3c2C(=O)c2ccccc2C3=O)cc1,O,CN1(C)~O~C(=O)(Nc2cccc3c2C(=O)c2ccccc2C3=O)c2ccc1cc2,-6.058525562286377,ok,
COC(=O)c1ccc(C(=O)Nc2ccc(-c3csc(N4CCOCC4)n3)cc2)cc1,O,CO1~O~C1(=O)c1ccc(C(=O)Nc2ccc(-c3csc(N4CCOCC4)n3)cc2)cc1,-5.2122626304626465,ok,
COc1ccc(N2C(=O)C(=Cc3ccc(-c4ccccc4)o3)SC2=S)cc1,O,CO1~O~C2(=O)C(=Cc3ccc(-c4ccccc4)o3)SC(=S)N2c2ccc1cc2,-6.117189884185791,ok,
N#Cc1cc2c(cc1C#N)N1CCCc3c(Cl)ccc(c31)O2,O,N#Cc1cc2c3(~O~O3c3ccc(Cl)c4c3N2CCC4)cc1C#N,-6.1881561279296875,ok,
CC(=O)c1c2c(n3c1ccc1ccccc13)C(=O)c1ccccc1C2=O,O,CC(=O)c1c2c3n4(~O~C3(=O)c3ccccc3C2=O)c1ccc1ccccc14,-5.590002536773682,ok,
COC(=O)c1ccc(-c2ccc(C=C3SC(=S)N(C)C3=O)o2)cc1,O,CN1C(=O)C(=Cc2ccc(-c3ccc(C4(=O)~O~O4C)cc3)o2)SC1=S,-5.87031364440918,ok,
COc1ccc(C)cc1/N=N/c1ccc(O)c2c1ccc[n+]2[O-],O,COc1ccc(C)cc1/N=N/c1ccc(O)c23~O~[O-][n+]2cccc13,-3.0883400440216064,ok,
CCN1/C(=C/C2=C/C(=C/c3sc4cc(SC)c(OC)cc4[n+]3CC)CC(C)(C)C2)Sc2cc(SC)c(OC)cc21,O,CCN1/C2=C/C3=C/C(=C/c4(~O~O(C)c5cc1c(cc5SC)S2)sc1cc(SC)c(OC)cc1[n+]4CC)CC(C)(C)C3,,failed,Featurization failed: RDKit could not parse Smiles_Merged
CN(c1ccccc1)c1ccc(/C=C2/SC(=S)N(c3cccc(F)c3)C2=O)cc1,O,CN1(c2ccccc2)~O~C2(=O)/C(=C\c3ccc1cc3)SC(=S)N2c1cccc(F)c1,-5.984474182128906,ok,
CC(C)(C)C1=CC(C2=C(C(C)(C)C)/C(=N/N)C(C(C)(C)C)=C2)=C(C(C)(C)C)/C1=N\N,O,CC(C)(C)C1=CC(C2=C(C(C)(C)C)C3(~O~NN=3)C(C(C)(C)C)=C2)=C(C(C)(C)C)/C1=N\N,-4.744047164916992,ok,
CC(C)CN1C(=O)C(=CC2=Cc3ccccc3OC2)SC1=S,O,CC(C)CN1C(=S)SC2=CC3=Cc4ccccc4O(~O~C21=O)C3,-6.68428897857666,ok,
CCN1C(=O)/C(=C/C=C2\N(C)c3c(ccc4cccnc34)C2(C)C)SC1=S,O,CCN1C(=S)SC2=CC=C3C(C)(C)c4ccc5cccnc5c4N3(C)~O~C21=O,-5.611241817474365,ok,
COc1ccc(NC2NC(=O)/C(=C\C=C\c3ccco3)S2)cc1,O,CO1~O~C2(=O)NC(Nc3ccc1cc3)S/C2=C/C=C/c1ccco1,-5.6686530113220215,ok,
CCN1C(=O)C(=Cc2ccc(-c3ccc(Cl)c(Cl)c3)o2)N(C)C1=S,O,CCN1C(=S)N(C)C2=Cc3ccc(-c4ccc(Cl)c(Cl)c4)o3~O~C21=O,-6.677024841308594,ok,
CN1C(=Cc2ccc(N3CCOCC3)s2)C(=O)c2ccccc2S1(=O)=O,O,CN1C2=Cc3ccc(s3)N3CCO(~O~S1(=O)(=O)c1ccccc1C2=O)CC3,-4.943547248840332,ok,
COc1ccc(/N=C2\C=C(N3CCN(c4cccc(C(F)(F)F)c4)CC3)c3noc4c3c2c(O)c2ccccc24)cc1,O,COc1ccc(/N=C2\C=C3c4noc5c4c2c(c2ccccc25)O~O~C(F)(F)(F)c2cccc(c2)N2CCN3CC2)cc1,-3.1424262523651123,ok,
COc1ccc(Nc2cc(N3CCN(CCOc4ccc(Cl)cc4)CC3)c3noc4c3c2C(=O)c2ccccc2-4)cc1,O,CO1~O~C2(=O)c3ccccc3-c3onc4c(N5CCN(CCOc6ccc(Cl)cc6)CC5)cc(c2c34)Nc2ccc1cc2,-4.675541877746582,ok,
O=C1N=C(N2CCN(c3cccc(Cl)c3)CC2)S/C1=C\c1ccc(-c2ccc(Cl)c(Cl)c2)o1,O,O=C12~O~o3c(ccc3-c3ccc(Cl)c(Cl)c3)/C=C/1SC(N1CCN(c3cccc(Cl)c3)CC1)=N2,-5.572484016418457,ok,
COc1ccc2c(c1OC)c(=O)n1c3ccccc3c3c(-c4ccc(N(C)C)cc4)cnc2c31,O,COc1c2ccc3c4ncc(-c5ccc(N(C)C)cc5)c5c6ccccc6n(c45)c(=O)(~O~O2C)c13,-4.468135833740234,ok,
Cc1ccc(N2CCN(C3=NC(=O)/C(=C/c4ccc(-c5cc(Cl)ccc5Cl)o4)S3)CC2)cc1Cl,O,Cc1ccc(N2CCN(C3=NC4(=O)~O~o5c(ccc5-c5cc(Cl)ccc5Cl)/C=C/4S3)CC2)cc1Cl,-5.60915994644165,ok,
O=C1[N]c2ccc(S(=O)(=O)[N][C]3[C][C]3)cc2C1=C1[C][C][C][C]1,O,O=S(=O)([N][C]1[C][C]1)c1ccc2c(c1)C(=C1[C][C][C][C]1)C1(~O~O=1)[N]2,-3.1078708171844482,ok,
CCN1/C(=C/c2[se]c3ccc(OC)cc3[n+]2CC)C=Cc2cc(OC)ccc21,O,,,failed,"Pre-condition Violation
	bond already exists
	Violation occurred on line 334 in file Code/GraphMol/RWMol.cpp
	Failed Expression: !(boost::edge(atomIdx1, atomIdx2, d_graph).second)
	RDKIT: 2022.09.5
	BOOST: 1_78
"
Cc1ccc(N2C(=O)NC(=O)/C(=C/C=C/c3ccc(N(C)C)cc3)C2=O)cc1,O,Cc1ccc(N2C(=O)/C3=C\C=C\c4ccc(cc4)N(C)(C)~O~C2(=O)NC3=O)cc1,-5.580694675445557,ok,
O=C1c2ccccc2C(=O)c2c1c(NCc1ccccc1)cc1sc3ccccc3c21,O,O=C1c2ccccc2C2(=O)~O~N(Cc3ccccc3)c3cc4sc5ccccc5c4c1c32,-6.262554168701172,ok,
CN(C)c1cc(NCc2ccccc2)c2c3c(onc13)-c1ccccc1C2=O,O,CN(C)c1cc2c3c4c(onc14)-c1ccccc1C3(=O)~O~N2Cc1ccccc1,-5.134449005126953,ok,
O=C1N=C(N2CCN(c3ccccc3)CC2)S/C1=C\c1ccc(-c2ccc(Cl)cc2Cl)o1,O,O=C12~O~o3c(ccc3-c3ccc(Cl)cc3Cl)/C=C/1SC(N1CCN(c3ccccc3)CC1)=N2,-5.164338111877441,ok,
CCOC(=O)C1CCCN(c2cc(NCc3ccco3)c3c4c(onc24)-c2ccccc2C3=O)C1,O,CCOC1(=O)~O~o2cccc2CNc2cc(c3noc4c3c2C(=O)c2ccccc2-4)N2CCCC1C2,-5.571106433868408,ok,
CC1=C(C#N)c2nc(N)c(C#N)c(C)c2C1=Cc1ccc(N2CCOCC2)cc1,O,CC1=C(C#N)c2nc3(~O~N3)c(C#N)c(C)c2C1=Cc1ccc(N2CCOCC2)cc1,,failed,Featurization failed: RDKit could not parse Smiles_Merged
O=C1C(=[C]c2cc3c4c(c2)[C][C][C]N4[C][C][C]3)C(=O)N(c2ccccc2)C(=S)N1c1ccccc1,O,O=C1C2=[C]c3cc4c5c(c3)[C][C][C]N5(~O~C2(=O)N(c2ccccc2)C(=S)N1c1ccccc1)[C][C][C]4,-3.7691242694854736,ok,
COCCCNc1cc2c3c(c(Cl)cc4c3c1C(=O)C=C4Cl)C(=O)C=C2Cl,O,CO1~O~C2(=O)C=C(Cl)c3cc(Cl)c4c5c(cc(c2c35)NCCC1)C(Cl)=CC4=O,-7.190454483032227,ok,
[C][C][C]N1c2ccccc2C(=C2SC(C(=O)O[C][C])=C(C(=O)O[C][C])S2)C(=S)C1([C])[C],O,[C][C][C]N1c2ccccc2C(=C2SC(C(=O)O[C][C])=C(C3(=O)~O~O3[C][C])S2)C(=S)C1([C])[C],-5.5354838371276855,ok,
Cc1ccc(C2=NC(=O)C(=CC=Cc3ccc([N+](=O)[O-])o3)S2)cc1,O,Cc1ccc(C2=NC(=O)C(=CC=Cc3ccc4([N+](=O)[O-])~O~o34)S2)cc1,-4.9620208740234375,ok,
O=C1/C(=C\C=C\c2ccco2)SC(=S)N1c1ccc2ccccc2c1,O,O=C12~O~o3cccc3/C=C/C=C\1SC(=S)N2c1ccc2ccccc2c1,-6.557347774505615,ok,
CCN(CC)c1ccc(/N=C/c2cc([N+](=O)[O-])ccc2Cl)cc1,O,CCN1(CC)~O~c2([N+](=O)[O-])ccc(Cl)c(c2)/C=N/c2ccc1cc2,-5.495631217956543,ok,
COc1ccc(-c2n[nH]cc2C=Cc2nc3cc([N+](=O)[O-])ccc3s2)cc1,O,CO1~O~c2([N+](=O)[O-])ccc3sc(nc3c2)C=Cc2c[nH]nc2-c2ccc1cc2,-6.331581115722656,ok,
CCc1ccc(Sc2c(N)c3c(c(N)c2Sc2ccc(CC)cc2)C(=O)c2ccccc2C3=O)cc1,O,CCc1ccc(Sc2c(N)c3c4c(c2Sc2ccc(CC)cc2)N~O~C3(=O)c2ccccc2C4=O)cc1,-5.620617866516113,ok,
CCOc1ccc(N2C(=O)C(=CC=Cc3ccccc3)SC2=S)cc1,O,CCO1~O~C2(=O)C(=CC=Cc3ccccc3)SC(=S)N2c2ccc1cc2,-6.394434928894043,ok,
CCn1c(=O)/c(=C/c2ccc([N+](=O)[O-])cc2)s/c1=C(\C#N)C(=O)C(C)(C)C,O,CCn12~O~c3([N+](=O)[O-])ccc(cc3)/C=c(\s/c1=C(\C#N)C(=O)C(C)(C)C)c2=O,-6.179315090179443,ok,
COC(=O)c1ccc2c(c1)C(=O)C(=Cc1ccc(-c3cccc([N+](=O)[O-])c3)o1)O2,O,CO1~O~C1(=O)c1ccc2c(c1)C(=O)C(=Cc1ccc(-c3cccc([N+](=O)[O-])c3)o1)O2,-4.949036598205566,ok,
CC1=C(C#N)c2nc(N)c(C#N)c(C)c2/C1=C\c1cccc([N+](=O)[O-])c1,O,CC1=C(C#N)c2nc3c(C#N)c(C)c2/C1=C\c1cccc([N+](=O)[O-])(~O~N3)c1,-5.2466278076171875,ok,
Nc1ccc(/N=N/c2ncc(Br)cc2Br)c(N)c1,O,Nc1cc2ccc1/N=N/c1(~O~N2)ncc(Br)cc1Br,,failed,Featurization failed: RDKit could not parse Smiles_Merged
O=C1C(=Cc2ccc(-c3ccc([N+](=O)[O-])cc3)o2)SC(=S)N1c1cccc(C(F)(F)F)c1,O,O=C1C2=Cc3ccc(-c4ccc([N+](=O)[O-])cc4)o3~O~C(F)(F)(F)c3cccc(c3)N1C(=S)S2,-7.501389503479004,ok,
CCN(CC)c1ccc(/C=C2\CC/C(=C\c3ccc(N(CC)CC)cc3)C2=O)cc1,O,CCN(CC)c1ccc(/C=C2\CC/C3=C\c4ccc(cc4)N(CC)(CC)~O~C23=O)cc1,-6.3176679611206055,ok,
CCn1cc(/C=C2/Oc3c(ccc([O-])c3C[NH+]3CCCCC3C)C2=O)c2cc(OC)ccc21,O,CCn1cc(/C=C2/Oc3c4ccc(c3C[NH+]3CCCCC3C)[O-]~O~C24=O)c2cc(OC)ccc21,-3.3193490505218506,ok,
CC1=[N+](C)c2ccc3c(sc(C)[n+]3C)c2C1(C)C,O,CC1=[N+]2(C)~O~c3(C)sc4c(c2ccc4[n+]3C)C1(C)C,-5.2290239334106445,ok,
O=C(O)c1cc(N2C(=O)/C(=C/c3ccc(-c4ccc([N+](=O)[O-])cc4)o3)C=C2c2ccccc2)ccc1Cl,O,O=C1/C(=C/c2ccc(-c3ccc([N+](=O)[O-])cc3)o2)C=C(c2ccccc2)N1c1ccc(Cl)c(C2(=O)~O~O2)c1,-4.451650619506836,ok,
CC(C)(C)c1cc(C2=N/C(=C/c3ccc([N+](=O)[O-])cc3)C(=O)O2)cc(C(C)(C)C)c1,O,CC(C)(C)c1cc(C2=N/C(=C/c3ccc([N+](=O)[O-])cc3)C3(=O)~O~O23)cc(C(C)(C)C)c1,-5.333244800567627,ok,
O=C1C(=Cc2ccc([N+](=O)[O-])cc2)C=C(c2ccccc2)N1c1ccccc1O,O,O=C1C2=Cc3ccc([N+](=O)[O-])(~O~Oc4ccccc4N1C(c1ccccc1)=C2)cc3,-4.844952583312988,ok,
O=C(C=Cc1ccc(-c2ccc([N+](=O)[O-])cc2)o1)c1ccco1,O,O=C1C=Cc2ccc(o2)-c2ccc([N+](=O)[O-])(~O~o3cccc31)cc2,-5.6693925857543945,ok,
O=C1C(=Cc2cc(Br)ccc2OCc2ccccc2)C(=O)c2ccccc21,O,O=C1C2=Cc3cc(Br)ccc3O(Cc3ccccc3)~O~C2(=O)c2ccccc21,-6.1543779373168945,ok,
O=C(Nc1ccc2nc(N3CCCC3)sc2c1)c1cccc([N+](=O)[O-])c1,O,O=C1Nc2ccc3nc(sc3c2)N2(~O~c3([N+](=O)[O-])cccc1c3)CCCC2,-5.263108253479004,ok,
CCN(c1ccc(-c2csc(NC)n2)cc1)S(C)(=O)=O,O,CCN1c2ccc(cc2)-c2csc(n2)N(C)~O~S1(C)(=O)=O,-5.172641754150391,ok,
CCN1/C(=c2/s/c(=C3\SC(=S)N(C4CCCCC4)C3=O)n(CC)c2=O)C=Cc2ccccc21,O,CCn1/c(=C2/SC(=S)N(C3CCCCC3)C2=O)s/c2c1(=O)~O~N1(CC)/C=2C=Cc2ccccc21,-7.065075874328613,ok,
N#CC(=Cc1ccc([N+](=O)[O-])cc1)c1nc(-c2ccc(Oc3ccccc3)cc2)cs1,O,N#CC1=Cc2ccc([N+](=O)[O-])(~O~O(c3ccccc3)c3ccc(cc3)-c3csc1n3)cc2,-6.124560356140137,ok,
O=[N+]([O-])c1ccc(C=Cc2nc3cc([N+](=O)[O-])ccc3s2)cc1,O,O=[N+]([O-])c12~O~O=[N+]([O-])c3ccc(cc3)C=Cc3nc(c1)c(cc2)s3,-5.182920455932617,ok,
COCC[NH+]1[CH-]Nc2c(c3nc4ccccc4nc3n2/N=C/c2ccc(OC)c(OC)c2)C1=O,O,COCC[NH+]1[CH-]Nc2c3c4nc5ccccc5nc4n2/N=C/c2ccc(c(OC)c2)O(C)~O~C31=O,-3.1755621433258057,ok,
O=c1[nH]c2cccc(-c3ccc(N4CCCCS4(=O)=O)cc3)c2[nH]1,O,O=c12~O~[nH]1c1cccc(-c3ccc(N4CCCCS4(=O)=O)cc3)c1[nH]2,-5.540648460388184,ok,
O=C(C=Cc1ccc(-c2ccc(Cl)cc2)o1)c1cccc(N2CCOCC2)c1,O,O=C1(c2cccc(N3CCOCC3)c2)~O~o2c(ccc2-c2ccc(Cl)cc2)C=C1,-5.884252548217773,ok,
CC(C)Nc1cc(N2CCCC2)c2noc3c2c1C(=O)c1ccccc1-3,O,CC(C)N1~O~C2(=O)c3ccccc3-c3onc4c(N5CCCC5)cc1c2c34,-4.464531898498535,ok,
O=C(/C=C/c1ccc(N(c2ccccc2)c2ccccc2)cc1)c1cc2ccccc2o1,O,O=C1(/C=C/c2ccc(N(c3ccccc3)c3ccccc3)cc2)~O~o2c1cc1ccccc12,-6.010935306549072,ok,
CC1(C)Nc2ccccc2C2=C1SSC2=C(C(N)=O)C(N)=O,O,CC1(C)C2=C3C(=C(C(N)=O)C(N)(=O)~O~N1c1ccccc13)SS2,-5.527146816253662,ok,
O=C1c2ccccc2-c2onc3c(N4CCOCC4)cc(NC4CCCCC4)c1c23,O,O=C12~O~N(C3CCCCC3)c3cc(N4CCOCC4)c4noc(c4c31)-c1ccccc12,-4.6088151931762695,ok,
CCN(CC)c1ccc(-n2c(N)c(C(=O)NCc3ccccc3Cl)c3nc4ccccc4nc32)cc1,O,CCN(CC)c1ccc(-n2c3c(c4nc5ccccc5nc42)C(=O)(NCc2ccccc2Cl)~O~N3)cc1,-3.228907823562622,ok,
CC1=C(C#N)c2nc(N)c(C#N)c(C)c2/C1=C/c1cc([N+](=O)[O-])ccc1Cl,O,CC1=C(C#N)c2nc3c(C#N)c(C)c2/C1=C/c1cc([N+](=O)[O-])(~O~N3)ccc1Cl,-5.827246189117432,ok,
O=C(Nc1ccc(NC(=O)c2ccccc2)c2c1C(=O)c1ccccc1C2=O)c1ccccc1,O,O=C(Nc1ccc(N2~O~C2(=O)c2ccccc2)c2c1C(=O)c1ccccc1C2=O)c1ccccc1,-5.9325642585754395,ok,
CN(C)c1ccc(/C=C/c2cc(C(C)(C)C)[o+]c(C(C)(C)C)c2)cc1,O,CC(C)(C)c1cc2cc(C(C)(C)C)(~O~N(C)(C)c3ccc(cc3)/C=C/2)[o+]1,-8.84615421295166,ok,
CC1=[N+](CCCCS(=O)(=O)[O-])c2ccc3ccccc3c2C1(C)C,O,CC1=[N+]2CCCCS(=O)(=O)[O-]~O~c23ccc2ccccc2c3C1(C)C,-3.5541141033172607,ok,
O=C1NC(=S)N/C1=C\c1ccc(-c2ccc(S(=O)(=O)Nc3nccs3)cc2)o1,O,O=C12~O~o3c(ccc3-c3ccc(S(=O)(=O)Nc4nccs4)cc3)/C=C/1NC(=S)N2,-7.4634246826171875,ok,
O=c1ccc2nc3ccc([N+](=O)[O-])cc3oc-2c1,O,O=c1ccc2nc3ccc4([N+](=O)[O-])~O~o(c-2c1)c3c4,-5.400402069091797,ok,
CN1C(=O)C(=Cc2ccc(-c3cccc(C(F)(F)F)c3)o2)SC1=S,O,CN1C(=O)C(=Cc2ccc3o2~O~C(F)(F)(F)c2cccc-3c2)SC1=S,-6.925534725189209,ok,
CN(C)c1ccc(/C=C(/C#N)c2ccc([N+](=O)[O-])cc2)c2ccccc12,O,CN1(C)~O~c2([N+](=O)[O-])ccc(cc2)/C(C#N)=C\c2ccc1c1ccccc21,-6.042105197906494,ok,
CN(C)C1=CC=C(/C=C(C#N)\C2=CC=C([N+]([O-])=O)C=C2)C3=CC=CC=C31,O,CN1(C)~O~c2([N+](=O)[O-])ccc(cc2)/C(C#N)=C\c2ccc1c1ccccc21,-6.042105197906494,ok,
O=[N+]([O-])c1ccc(-c2cs/c(=N\c3ccc(F)cc3)n2N=C2[C][C][C][C][C][C][C]2)cc1,O,[O-][N+]1=O~O~c12ccc(-c1cs/c(=N\c3ccc(F)cc3)n1N=C1[C][C][C][C][C][C][C]1)cc2,,failed,Featurization failed: RDKit could not parse Smiles_Merged
O=c1/c(=C/C=C/c2ccccc2)sc2n1CN(c1ccc3c(c1)OCO3)CN=2,O,O=c12~O~O3COc4cc(ccc43)N3CN=c(s/c1=C\C=C\c1ccccc1)n2C3,-4.1801347732543945,ok,
Cc1ccc(N2C(=O)/C(=C/c3ccc(-c4cccc(C(F)(F)F)c4)o3)N(C)C2=S)cc1C,O,Cc1ccc(N2C(=O)/C(=C/c3ccc4o3~O~C(F)(F)(F)c3cccc-4c3)N(C)C2=S)cc1C,-7.528749942779541,ok,
CCOc1ccc(C=CC2=[N+](C)c3ccc(C(=O)OC)cc3C2(C)C)cc1,O,CCO1~O~C(=O)(OC)c2ccc3c(c2)C(C)(C)C(=[N+]3C)C=Cc2ccc1cc2,-5.817008972167969,ok,
CC1CC(C)CN(CCNc2cc(N(C)C)c3noc4c3c2C(=O)c2ccccc2-4)C1,O,CC1CC(C)CN(CCN2~O~C3(=O)c4ccccc4-c4onc5c(N(C)C)cc2c3c45)C1,-5.016631126403809,ok,
CCN1C(=O)C(=Cc2ccc(-c3ccc(I)cc3)o2)SC1=S,O,CCN1C(=S)SC2=Cc3ccc(-c4ccc(I)cc4)o3~O~C21=O,-7.065934658050537,ok,
CN1C(=O)C(=Cc2ccc(-c3ccc(Br)cc3)o2)SC1=S,O,CN1C(=S)SC2=Cc3ccc(-c4ccc(Br)cc4)o3~O~C21=O,-6.711972713470459,ok,
N#CC(C#N)=C1[C]=C([C-](C#N)C#N)c2ccccc21,O,N#C[C-]1C#N~O~C(C#N)(C#N)=C2[C]=C1c1ccccc12,-4.9947967529296875,ok,
CCCCC(CC)CN1C(=O)/C(=C\c2ccc(-c3cccc(Br)c3)o2)SC1=S,O,CCCCC(CC)CN1C(=S)S/C2=C/c3ccc(-c4cccc(Br)c4)o3~O~C21=O,-7.933872222900391,ok,
CN1C(=O)/C(=C\c2cc(/N=N/c3ccccc3)ccc2O)SC1=S,O,CN1C(=S)S/C2=C/c3cc(/N=N/c4ccccc4)ccc3O~O~C21=O,-3.5317797660827637,ok,
COc1ccc(OC)c(/C=C2\Oc3c(ccc([O-])c3C[NH+]3CCCCC3)C2=O)c1,O,COc1ccc(OC)c(/C=C2\Oc3c4ccc(c3C[NH+]3CCCCC3)[O-]~O~C24=O)c1,-3.644838809967041,ok,
O=[N+]([O-])c1ccc(C2=NNC(c3cccnc3)=Nc3c2ccc2ccccc32)cc1,O,O=[N+]([O-])c12~O~n3cccc(c3)C3=Nc4c(ccc5ccccc45)C(=NN3)c(cc1)cc2,-4.829855918884277,ok,
CN(C)c1ccc(-c2nc3ccccn3c2/N=C/c2ccc(Cl)c([N+](=O)[O-])c2)cc1,O,CN1(C)~O~c2([N+](=O)[O-])cc(ccc2Cl)/C=N/c2c(nc3ccccn23)-c2ccc1cc2,-4.897018909454346,ok,
CC1(C)SC(=S)N(/N=C/C=C/c2ccc([N+](=O)[O-])o2)C1N(O)C(=O)NC1CCCCC1,O,CC1(C)SC(=S)N(/N=C/C=C/c2ccc3([N+](=O)[O-])~O~o23)C1N(O)C(=O)NC1CCCCC1,-6.134538650512695,ok,
CCCCC(CC)CN1C(=O)C(=Cc2ccc(-c3cccc(Cl)c3Cl)o2)SC1=S,O,CCCCC(CC)CN1C(=S)SC2=Cc3ccc(-c4cccc(Cl)c4Cl)o3~O~C21=O,-8.427260398864746,ok,
CN1/C(=C/C=C2/C(=O)CS2(=O)=O)C(C)(C)c2ccccc21,O,CC1(C)C2=CC=C3C(=O)(~O~N2(C)c2ccccc21)CS3(=O)=O,-2.9485275745391846,ok,
O=S(=O)(c1ccc2nc(NC3CCCCC3)cnc2c1)N1CCCCC1,O,O=S1(=O)(N2CCCCC2)~O~N(C2CCCCC2)c2cnc3cc1ccc3n2,-4.4953227043151855,ok,
C[n+]1c(/C=C/C=C/Nc2ccccc2)sc2ccccc21,O,C[n+]1c2ccccc2sc12~O~N(c1ccccc1)C=CC=C2,,failed,Featurization failed: RDKit could not parse Smiles_Merged
O=C1C(=Cc2ccc(-c3ccc(Br)cc3)o2)C=C(c2ccccc2)N1c1ccc(Cl)cc1,O,O=C12~O~o3c(ccc3-c3ccc(Br)cc3)C=C1C=C(c1ccccc1)N2c1ccc(Cl)cc1,-6.526493072509766,ok,
C(\Nc1ccccc1)=C1\CC/C(=C\Nc2ccccc2)C1=[N+](c1ccccc1)c1ccccc1,O,C(\Nc1ccccc1)=C1\CC/C2=C\N(c3ccccc3)~O~C12=[N+](c1ccccc1)c1ccccc1,-5.866074085235596,ok,
CCOc1ccc(N(CC)c2ccc(/C=C3\SC(=S)N(C)C3=O)cc2)cc1,O,CCN1c2ccc(cc2)/C=C2\SC(=S)N(C)C2(=O)~O~O(CC)c2ccc1cc2,-6.36899471282959,ok,
O=C1NC(=S)SC1=Cc1ccc(-c2ccc([N+](=O)[O-])cc2)o1,O,O=C1NC(=S)SC1=Cc1ccc2o1~O~c1([N+](=O)[O-])ccc-2cc1,-6.542688846588135,ok,
CN(c1ccc([N+](=O)[O-])cc1/C=N/c1ccc2c(c1)oc1ccccc12)C1CCCCC1,O,CN(c1ccc2([N+](=O)[O-])~O~o3c4ccccc4c4ccc(cc43)/N=C/c1c2)C1CCCCC1,-6.270417213439941,ok,
CCN1C(=O)/C(=C\c2cc(C)n(C3CCCC3)c2C)c2cc(S(=O)(=O)N3CCOCC3)ccc21,O,CCN1c2ccc3cc2/C(=C/c2cc(C)n(C4CCCC4)c2C)C1(=O)~O~O1CCN(CC1)S3(=O)=O,-5.347320556640625,ok,
CC(C)C(C(=O)O)N1C(=O)C(=CC=Cc2ccco2)SC1=S,O,CC(C)C(N1C(=O)C(=CC=Cc2ccco2)SC1=S)C1(=O)~O~O1,-4.838271141052246,ok,
COc1ccc(-c2cc(C(F)(F)F)c3c(N)c(C(=O)N4c5ccccc5Sc5ccccc54)sc3n2)cc1,O,CO1~O~C(F)(F)(F)c2cc(nc3sc(C(=O)N4c5ccccc5Sc5ccccc54)c(N)c23)-c2ccc1cc2,-6.329695701599121,ok,
CN(C)c1ccc(-c2nc3ccccn3c2N=Cc2cc([N+](=O)[O-])c(Cl)cc2Cl)cc1,O,CN1(C)~O~c2([N+](=O)[O-])cc(c(Cl)cc2Cl)C=Nc2c(nc3ccccn23)-c2ccc1cc2,-5.0469069480896,ok,
[Na+].Cc1ccc(Nc2ccc(O)c3C(=O)c4ccccc4C(=O)c23)c(c1)S([O-])(=O)=O,O,Cc1ccc(Nc2ccc(O)c3c2C(=O)c2ccccc2C3=O)c(S(=O)(=O)[O-]~O~[Na+])c1,-3.8929226398468018,ok,
NS(=O)(=O)c1ccc(-c2ccc(C=C3Sc4ccccc4C3=O)o2)cc1,O,NS1(=O)(=O)~O~o2c(C=C3Sc4ccccc4C3=O)ccc2-c2ccc1cc2,-6.25880241394043,ok,
CC(C)CNc1cc(NC(C)C)c2c3c(onc13)-c1ccccc1C2=O,O,CC(C)CN1~O~C2(=O)c3ccccc3-c3onc4c1cc(NC(C)C)c2c34,-5.376569747924805,ok,
O=[N+]([O-])c1ccc(O)c(/C=N/c2cc(C(F)(F)F)ccc2N2CCOCC2)c1,O,O=[N+]([O-])c1ccc2c(c1)/C=N/c1cc(ccc1N1CCOCC1)C(F)(F)(F)~O~O2,-3.249056100845337,ok,
COCCNc1cc(NCc2ccco2)c2noc3c2c1C(=O)c1ccccc1-3,O,COCCNc1cc2c3noc4c3c1C(=O)(~O~o1cccc1CN2)c1ccccc1-4,-5.629500389099121,ok,
CN(C)CCCNc1cc(N(C)C)c(N)c2c1C(=O)c1ccccc1C2=O,O,CN(C)CCCNc1cc(N(C)C)c2c3c1C(=O)c1ccccc1C3(=O)~O~N2,-5.316490173339844,ok,
Cc1ccc(Nc2ccc([O-])c3c2C(=O)c2ccccc2C3=O)c(S(=O)(=O)O)c1,O,Cc1ccc2c(c1)S(=O)(=O)(O)~O~[O-]c1ccc(c3c1C(=O)c1ccccc1C3=O)N2,-4.9867377281188965,ok,
CCn1cc(/C=C2/Oc3c(ccc([O-])c3C[NH+]3CCCC(C)C3)C2=O)c2cc(OC)ccc21,O,CCn1cc(/C=C2/Oc3c4ccc(c3C[NH+]3CCCC(C)C3)[O-]~O~C24=O)c2cc(OC)ccc21,-3.4941024780273438,ok,
CCC(C(=O)O)N1C(=O)C(=CC=Cc2ccco2)SC1=S,O,CCC(N1C(=O)C(=CC=Cc2ccco2)SC1=S)C1(=O)~O~O1,-4.777098655700684,ok,
O=C(C=Cc1ccc(-c2ccccc2F)o1)c1ccc(N2CCOCC2)cc1,O,O=C1(c2ccc(N3CCOCC3)cc2)~O~o2c(ccc2-c2ccccc2F)C=C1,-5.610082626342773,ok,
[C][C]N1C(=O)C(=[C]c2ccc(N3[C][C]O[C][C]3)cc2O[C])C(=O)N([C][C])C1=S,O,[C][C]N1C(=O)C2=[C]c3ccc(N4[C][C]O[C][C]4)cc3O([C])~O~C2(=O)N([C][C])C1=S,-4.582767963409424,ok,
CC[n+]1c(/C=C/c2ccc(N(C)C)s2)sc2ccccc21,O,CC[n+]1c2ccccc2sc12~O~N(C)(C)c1ccc(s1)/C=C/2,,failed,Featurization failed: RDKit could not parse Smiles_Merged
CCc1nnc(S)n1N=Cc1ccc(-c2ccc([N+](=O)[O-])cc2)o1,O,CCc1nnc(S)n1N=Cc1ccc2o1~O~c1([N+](=O)[O-])ccc-2cc1,-5.49797248840332,ok,
COc1ccc(/C=C2\C=C(c3ccccc3)N(c3ccc(Sc4ccc([N+](=O)[O-])cc4)cc3)C2=O)cc1,O,CO1~O~c2([N+](=O)[O-])ccc(cc2)Sc2ccc(cc2)N2C(=O)/C(=C/c3ccc1cc3)C=C2c1ccccc1,-6.159938335418701,ok,
COCCCNc1cccc2c1C(=O)c1ccccc1C2=O,O,CO1~O~C2(=O)c3ccccc3C(=O)c3cccc(c32)NCCC1,-5.758828163146973,ok,
COc1cc(/C(C)=C/C(C)=C/c2ccc([N+](=O)[O-])cc2)oc(=O)c1C,O,CC(=C\c1ccc([N+](=O)[O-])cc1)/C=C(\C)c1cc2c(C)c(=O)(~O~O2C)o1,-5.387320518493652,ok,
O=C1c2ccccc2C(=O)c2c(/N=N/N3CCOCC3)cccc21,O,O=C1c2ccccc2C2(=O)~O~O3CCN(CC3)/N=N/c3cccc1c32,-4.067533493041992,ok,
COCC[NH+]1[CH-]Nc2c(c3nc4ccccc4nc3n2/N=C/c2ccc(C(C)(C)C)cc2)C1=O,O,COCC[NH+]1[CH-]N2~O~C1(=O)c1c2n(/N=C/c2ccc(C(C)(C)C)cc2)c2nc3ccccc3nc12,-2.77140736579895,ok,
CCOC(=O)C1=C(Nc2ccc(OC)cc2)S/C(=C\c2ccc([N+](=O)[O-])cc2)C1=O,O,CCOC1(=O)~O~O(C)c2ccc(cc2)NC2=C1C(=O)/C(=C/c1ccc([N+](=O)[O-])cc1)S2,-6.388537406921387,ok,
Cc1ccc(N2CN=c3s/c(=C\C=C\c4ccccc4)c(=O)n3C2)cc1Cl,O,Cc1ccc(N23~O~c4(=O)/c(=C/C=C/c5ccccc5)sc(n4C2)=NC3)cc1Cl,-4.702577590942383,ok,
O=C(O)CN1C(=O)C(=Cc2ccc(-c3ccc([N+](=O)[O-])cc3)s2)SC1=S,O,O=C1C(=Cc2ccc(-c3ccc([N+](=O)[O-])cc3)s2)SC(=S)N1CC1(=O)~O~O1,-4.64980936050415,ok,
O=C1/C(=C/C=C/c2ccco2)SC(=S)N1c1ccc(Br)cc1,O,O=C12~O~o3cccc3/C=C/C=C/1SC(=S)N2c1ccc(Br)cc1,-6.341123580932617,ok,
CCN(CCC#N)c1ccc(C(C#N)=C(C#N)C#N)cc1,O,CCN1(CCC#N)~O~C(C#N)(C#N)=C(C#N)c2ccc1cc2,-5.926095485687256,ok,
CCN1C(=O)C(=Cc2ccc(-c3ccccc3F)o2)SC1=S,O,CCN1C(=S)SC2=Cc3ccc(-c4ccccc4F)o3~O~C21=O,-6.967476844787598,ok,
"[O-][N+](=O)C1=CC=C(\C=C\C2=NC3=C(C(=O)C4=CC=CC=C34)C(C3=CC4=C(OCO4)C=C3)=C2C#N)C=C1 |c:17,32,34,39,t:3,5,9,11,15,19,24,26|",O,N#Cc1c2nc3c(c1-c1ccc4c(c1)OCO4~O~c1([N+](=O)[O-])ccc(cc1)C=C2)C(=O)c1ccccc1-3,-5.35540771484375,ok,
[O-][n+]1c2c([n+]([O-])c3ccccc31)CCCC2,O,[O-][n+]1c2c([n+]3c4ccccc41~O~[O-]3)CCCC2,-3.764401912689209,ok,
CC(C)C(=O)Sc1[s+]sc2c1-c1ccccc1NC2(C)C,O,CC(C)C(=O)Sc1c2c3s[s+]1~O~N(c1ccccc1-2)C3(C)C,-7.911489009857178,ok,
Cc1c(-c2ccc(C=C3Sc4ccccc4C3=O)o2)ccc([N+](=O)[O-])c1C,O,Cc1c2ccc([N+](=O)[O-])(~O~o3c(C=C4Sc5ccccc5C4=O)ccc3-2)c1C,-6.658945083618164,ok,
O=C1C(=CC=Cc2ccco2)SC(=S)N1c1ccccc1F,O,O=C12~O~o3cccc3C=CC=C1SC(=S)N2c1ccccc1F,-5.98688268661499,ok,
CCSC1=N/C(=C\c2ccc(-c3ccc([N+](=O)[O-])cc3C)o2)C(=O)S1,O,CCSC1=N/C(=C\c2ccc3o2~O~c2([N+](=O)[O-])ccc-3c(C)c2)C(=O)S1,-5.773144245147705,ok,
CN(C)CCNc1ccc(NCCN(C)C)c2c1C(=O)c1ccccc1C2=O,O,CN(C)CCNc1ccc2c3c1C(=O)c1ccccc1C3(=O)~O~N2CCN(C)C,-5.319847583770752,ok,
CCN1C=CC(=CC=C2C=CC(=O)C=C2)C=C1,O,CCN12~O~C3(=O)C=CC(=CC=C(C=C1)C=C2)C=C3,-2.6693785190582275,ok,
O=C1[C]C(=C2c3ccccc3-c3ccccc32)C(=O)N1[C][C][C][C]N1[C][C]N(c2cccc(C(F)(F)F)c2)[C][C]1,O,O=C1[C]C(=C2c3ccccc3-c3ccccc32)C(=O)N1[C][C][C][C]N1[C][C]N2(~O~C(F)(F)(F)c3cccc2c3)[C][C]1,-5.540070056915283,ok,
COc1ccc(Nc2cc(NCCC3=CCCCC3)c3noc4c3c2C(=O)c2ccccc2-4)cc1,O,CO1~O~C2(=O)c3ccccc3-c3onc4c(NCCC5=CCCCC5)cc(c2c34)Nc2ccc1cc2,-6.540258407592773,ok,
CCCCCCCCCCCC/[NH+]=c1/ccc2c(cc1[O-])[C@@H](NC(C)=O)CCc1cc(OC)c(OC)c(OC)c1-2,O,CCCCCCCCCCCC/[NH+]=c1/ccc2c3cc1[O-]~O~C(C)(=O)N[C@H]3CCc1cc(OC)c(OC)c(OC)c1-2,-4.043245315551758,ok,
CCN1C(=O)C(=Cc2ccc(-c3ccc(C(=O)OC(C)C)cc3)o2)C(=O)N(CC)C1=S,O,CCN1C(=O)C(=Cc2ccc(-c3ccc(C4(=O)~O~O4C(C)C)cc3)o2)C(=O)N(CC)C1=S,-6.051458358764648,ok,
CN(CCCC(=O)Oc1ccc(-c2ccc(CCC(=O)O)cc2)cc1)c1ccc(/N=N/c2ccc([N+](=O)[O-])cc2)cc1,O,CN(CCCC1(=O)~O~OC(=O)CCc2ccc(cc2)-c2ccc(cc2)O1)c1ccc(/N=N/c2ccc([N+](=O)[O-])cc2)cc1,-3.493817090988159,ok,
Cc1ccc(-c2ccc(C=C3SC(N4CCN(c5ccc(C)c(Cl)c5)CC4)=NC3=O)o2)cc1,O,Cc1ccc(-c2ccc3o2~O~C2(=O)N=C(N4CCN(c5ccc(C)c(Cl)c5)CC4)SC2=C3)cc1,-4.843818664550781,ok,
CCN1C(=O)C(=Cc2ccc(-c3ccccc3F)o2)C(=O)N(CC)C1=S,O,CCN1C(=O)C2=Cc3ccc(-c4ccccc4F)o3~O~C2(=O)N(CC)C1=S,-6.463146209716797,ok,
CN1C(=O)/C(=C\c2ccc(-c3ccc([N+](=O)[O-])cc3Br)o2)SC1=S,O,CN1C(=O)/C(=C\c2ccc3o2~O~c2([N+](=O)[O-])ccc-3c(Br)c2)SC1=S,-6.914299964904785,ok,
CCN1C(=O)/C(=C\c2ccc(-c3ccc(C(=O)O)cc3)o2)N(CC)C1=S,O,CCN1C(=O)/C(=C\c2ccc(-c3ccc(C4(=O)~O~O4)cc3)o2)N(CC)C1=S,-4.570302486419678,ok,
O=C1c2ccccc2C2=Nc3cccc4cccc(c34)N12,O,c1ccc2c(c1)C1=Nc3cccc4cccc(c34)N1C21~O~O=1,-3.7265918254852295,ok,
COc1ccc2c(ccc(/C=C/c3ccc(N(C)C)cc3)[n+]2C)c1,O,CN(C)c1ccc(/C=C/c2ccc3cc4ccc3(~O~O4C)[n+]2C)cc1,-6.112071990966797,ok,
CC[NH+](CC)Cc1c([O-])ccc2c1O/C(=C\c1ccc(OC)c(OC)c1OC)C2=O,O,CC[NH+](CC)Cc1c2ccc3c1O/C(=C\c1ccc(OC)c(OC)c1OC)C3(=O)~O~[O-]2,-4.232226371765137,ok,
CCN1C(c2ccccc2)=C(c2ccccc2)S/C1=C\C=c1\s/c(=C\c2sc(-c3ccccc3)c(-c3ccccc3)[n+]2CCCS(=O)(=O)[O-])n(CC)c1=O,O,CCN1C(c2ccccc2)=C(c2ccccc2)S/C1=C\C=c1\s/c2n(CC)c1(=O)~O~[O-]S(=O)(=O)CCC[n+]1c(sc(-c3ccccc3)c1-c1ccccc1)\C=2,-4.320923805236816,ok,
N#CC(=[C]C1=C(c2ccccc2)C(=[C][C-](C#N)C#N)[C][C][C]1)C#N,O,N#C[C-]1[C]=C2[C][C][C]C(=C2c2ccccc2)[C]=C(C#N)(C#N)~O~N#C1,-5.019024848937988,ok,
[O-]S(C(C=C1)=CC=C1/N=N/C(C(O)=C2)=CC=C2O)(=O)=O.[Na+],O,O=S(=O)([O-]~O~[Na+])c1ccc(/N=N/c2ccc(O)cc2O)cc1,-2.108304262161255,ok,
Cc1ccc(Nc2cc(N3CCN(C)CC3)c(N)c3c2C(=O)c2ccccc2C3=O)cc1,O,Cc1ccc(Nc2cc(N3CCN(C)CC3)c3c4c2C(=O)c2ccccc2C4(=O)~O~N3)cc1,-5.039981842041016,ok,
CC[NH+](CC)Cc1c([O-])ccc2c1O/C(=C\c1cccnc1)C2=O,O,CC[NH+](CC)Cc1c2ccc3c1O/C(=C\c1cccnc1)C3(=O)~O~[O-]2,-4.093995094299316,ok,
CC(C)CN1C(=O)C(=Cc2ccc(-c3ccc(S(N)(=O)=O)cc3)o2)SC1=S,O,CC(C)CN1C(=S)SC2=Cc3ccc(-c4ccc(S(N)(=O)=O)cc4)o3~O~C21=O,-6.237917423248291,ok,
CCOc1ccc(Nc2cc(N3CCN(c4ccc(OC)cc4)CC3)c3noc4c3c2C(=O)c2ccccc2-4)cc1,O,CCOc1ccc(Nc2cc3c4noc5c4c2C(=O)(~O~O(C)c2ccc(cc2)N2CCN3CC2)c2ccccc2-5)cc1,-4.051641464233398,ok,
COC(=O)c1ccc2c(ccc(/C=C/c3ccc(N(C)C)cc3)[n+]2C)c1,O,CN(C)c1ccc(/C=C/c2ccc3cc(C4(=O)~O~O4C)ccc3[n+]2C)cc1,-4.724747657775879,ok,
O=C1c2ccccc2-c2onc3c(NCc4ccccc4)cc(NCc4ccco4)c1c23,O,O=C12~O~o3cccc3CNc3cc(NCc4ccccc4)c4noc(c4c31)-c1ccccc12,-5.9635467529296875,ok,
COc1cc([N+](=O)[O-])cc2c1OC1(C=C2)N(C)c2ccc3ccccc3c2C1(C)C,O,CN1c2ccc3ccccc3c2C(C)(C)C12C=Cc1cc3([N+](=O)[O-])~O~O(C)c(c3)c1O2,-5.503818035125732,ok,
CCOc1ccc2c(c1)C(=c1sc3n(c1=O)CN(c1cccc(C(F)(F)F)c1)CN=3)C(=O)N2,O,CCO1~O~C(F)(F)(F)c2cccc(c2)N2CN=c3sc(c(=O)n3C2)=C2C(=O)Nc3ccc1cc32,-5.88527250289917,ok,
CN(C)c1ccc(/C=C(\C#N)c2nc(-c3ccc(F)cc3)cs2)cc1,O,CN1(C)~O~c2(nc(-c3ccc(F)cc3)cs2)/C(C#N)=C/c2ccc1cc2,,failed,Featurization failed: RDKit could not parse Smiles_Merged
COc1ccc(Nc2cc(N3CCC(=O)CC3)c3noc4c3c2C(=O)c2ccccc2-4)cc1,O,CO1~O~C2(=O)c3ccccc3-c3onc4c(N5CCC(=O)CC5)cc(c2c34)Nc2ccc1cc2,-5.769036769866943,ok,
CSc1[s+]sc2c1-c1ccc(C)cc1NC2(C)C,O,CSc1c2c3s[s+]1~O~N(c1cc(C)ccc1-2)C3(C)C,-7.471921920776367,ok,
O=C1/C(=C/C=C/c2ccco2)SC(=S)N1c1cccc(Cl)c1,O,O=C12~O~o3cccc3/C=C/C=C/1SC(=S)N2c1cccc(Cl)c1,-6.292446136474609,ok,
Oc1c(-c2cccc(Cl)c2)c2nc3ccccc3nc2c2ccccc12,O,Clc1cccc(-c2c3nc4ccccc4nc3c3ccccc3c23~O~O3)c1,,failed,Featurization failed: RDKit could not parse Smiles_Merged
O=C1c2ccccc2-c2c(NC3CCCCC3)c(=O)[nH]c3cccc1c23,O,O=C1c2ccccc2-c2c3c(=O)(~O~N3C3CCCCC3)[nH]c3cccc1c23,-5.985271453857422,ok,
[C]C1([C])[N]c2ccccc2C2=C1SC(=C(C([N])=O)C([N])=O)C2=S,O,[C]C1([C])C2=C3C(=S)C(=C(C([N])=O)C([N])(=O)~O~[N]1c1ccccc13)S2,-5.72952127456665,ok,
CCN1C(=O)C(=Cc2cc(C)n(-c3ccc([N+](=O)[O-])cc3)c2C)c2cc(S(=O)(=O)N3CCOCC3)ccc21,O,CCN1C(=O)C2=Cc3cc(C)n(c3C)-c3ccc([N+](=O)[O-])(~O~O4CCN(CC4)S(=O)(=O)c4ccc1c2c4)cc3,-5.270688056945801,ok,
CC1=C(C#N)c2nc(N)c(C#N)c(C)c2C1=Cc1ccc(N(C)C)c(Br)c1,O,CC1=C(C#N)c2nc3(~O~N3)c(C#N)c(C)c2C1=Cc1ccc(N(C)C)c(Br)c1,,failed,Featurization failed: RDKit could not parse Smiles_Merged
O=C1[C]N(c2ccc([C][N]C(=O)[C]=C([C]3[C][C]3)[C]3[C][C]3)cc2)[C][C][N]1,O,O=C1[C]N2(~O~C(=O)([C]=C([C]3[C][C]3)[C]3[C][C]3)[N][C]c3ccc2cc3)[C][C][N]1,-2.7820253372192383,ok,
CCC(/C=C1\Sc2ccc(OC)cc2N1CCO)=C\c1[se]c2ccc(OC)cc2[n+]1CC,O,,,failed,"Pre-condition Violation
	bond already exists
	Violation occurred on line 334 in file Code/GraphMol/RWMol.cpp
	Failed Expression: !(boost::edge(atomIdx1, atomIdx2, d_graph).second)
	RDKIT: 2022.09.5
	BOOST: 1_78
"
CN(c1ccccc1)c1ccc(/C=C2\C(=O)ON=C2c2ccccc2)cc1,O,CN1(c2ccccc2)~O~C2(=O)ON=C(c3ccccc3)/C2=C/c2ccc1cc2,-4.5439133644104,ok,
O=C1C(=Cc2ccc(-c3ccc(Br)cc3)o2)C=C(c2ccccc2)N1c1cccc(I)c1,O,O=C12~O~o3c(ccc3-c3ccc(Br)cc3)C=C1C=C(c1ccccc1)N2c1cccc(I)c1,-6.464931964874268,ok,
O=C1OC(c2ccccc2)=N/C1=C/c1ccc(-c2c(Br)cc([N+](=O)[O-])cc2Br)o1,O,O=[N+]([O-])c1cc(Br)c(-c2ccc3o2~O~C2(=O)OC(c4ccccc4)=N/C2=C/3)c(Br)c1,-5.680610656738281,ok,
O=[N+]([O-])c1ccc2c(/C=N/c3cccc4nsnc34)c(O)ccc2c1,O,O=[N+]([O-])c12~O~Oc3ccc(c1)c(cc2)c3/C=N/c1cccc2nsnc12,-5.12147331237793,ok,
O=[N+]([O-])c1ccc(C2=NNC(c3ccc(Br)cc3)=Nc3c2ccc2ccccc32)cc1,O,O=[N+]([O-])c12~O~N3N=C(c(cc1)cc2)c1ccc2ccccc2c1N=C3c1ccc(Br)cc1,-5.367097854614258,ok,
CCC(/C=C1\Sc2ccc(C(=O)OC)cc2N1CC)=C\c1sc2ccc(C(=O)OC)cc2[n+]1CC,O,CCC1=C\c2sc3ccc(cc3[n+]2CC)C(=O)(OC)~O~O(C)C(=O)c2ccc3c(c2)N(CC)/C(=C/1)S3,-5.5398406982421875,ok,
N#C/C(=C/c1ccc(N2CCCCCC2)o1)c1cccc(F)c1,O,N#C/C(=C/c1ccc2(N3CCCCCC3)~O~o12)c1cccc(F)c1,-6.646633148193359,ok,
CCNc1cc(N2CCN(CCO)CC2)c(N)c2c1C(=O)c1ccccc1C2=O,O,CCNc1cc(N2CCN(CCO)CC2)c2c3c1C(=O)c1ccccc1C3(=O)~O~N2,-4.853491306304932,ok,
O=C1NC(=S)SC1=Cc1ccc(-c2ccc([N+](=O)[O-])cc2Br)o1,O,O=C1NC(=S)SC1=Cc1ccc2o1~O~c1([N+](=O)[O-])ccc-2c(Br)c1,-6.945863246917725,ok,
O=C1c2ccccc2C(=O)c2c1cc(N1CCCC1)cc2N1CCCCC1,O,O=C1c2ccccc2C2(=O)~O~N3(CCCC3)c3cc1c2c(N1CCCCC1)c3,-5.056617259979248,ok,
COc1ccc(N2CCN(c3cc(Nc4ccc(N(C)C)cc4)c4c5c(onc35)-c3ccccc3C4=O)CC2)cc1,O,CN(C)c1ccc(Nc2cc3c4noc5c4c2C(=O)(~O~O(C)c2ccc(cc2)N2CCN3CC2)c2ccccc2-5)cc1,-3.8801276683807373,ok,
CC1=C(C#N)c2nc(N)c(C#N)c(C)c2/C1=C/c1ccc(Sc2nc3ccccc3[nH]2)o1,O,CC1=C(C#N)c2nc(N)c(C#N)c(C)c2/C1=C/c1ccc2o1~O~c1(nc3ccccc3[nH]1)S2,,failed,Featurization failed: RDKit could not parse Smiles_Merged
COc1ccccc1N1C(=O)/C(=C\C=C\c2ccco2)SC1=S,O,CO1~O~C2(=O)/C(=C\C=C\c3ccco3)SC(=S)N2c2ccccc21,-5.958645820617676,ok,
CC1N(C)c2ccc(C=C(C#N)C(=O)C(C)(C)C)cc2C1(C)C,O,CC1C(C)(C)c2cc3ccc2N1(C)~O~C(=O)(C(C)(C)C)C(C#N)=C3,-5.77311897277832,ok,
O=C1OC(c2ccc(Br)cc2)=CC1=Cc1ccc(-c2ccc([N+](=O)[O-])cc2Cl)o1,O,O=[N+]([O-])c1ccc(-c2ccc3o2~O~C2(=O)OC(c4ccc(Br)cc4)=CC2=C3)c(Cl)c1,-6.0063886642456055,ok,
O=C1/C(=C/c2ccc(-c3ccc([N+](=O)[O-])cc3)o2)SC(=S)N1CC1CCCO1,O,O=C1/C(=C/c2ccc3o2~O~c2([N+](=O)[O-])ccc-3cc2)SC(=S)N1CC1CCCO1,-7.316848278045654,ok,
C=CC1Oc2ccc([N+](=O)[O-])cc2NC12C=C(C(C)(C)C)C(=O)C(C(C)(C)C)=C2,O,C=CC1O2~O~c3([N+](=O)[O-])ccc2c(c3)NC12C=C(C(C)(C)C)C(=O)C(C(C)(C)C)=C2,-6.144053936004639,ok,
CN(C)c1ccc2c(-c3ccc(C(=O)[O-])cc3C(=O)O)c3ccc(=[N+](C)C)cc-3oc2c1,O,CN(C)c1ccc2c(-c3ccc4cc3C(=O)(O)~O~O=C4[O-])c3ccc(=[N+](C)C)cc-3oc2c1,-4.939452171325684,ok,
O=C1/C(=C/c2ccc([N+](=O)[O-])cc2)C=C(c2ccccc2)N1c1ccc(Br)cc1,O,O=C1/C2=C/c3ccc([N+](=O)[O-])(~O~N1(c1ccc(Br)cc1)C(c1ccccc1)=C2)cc3,-4.853546142578125,ok,
CC1=C(C#N)C(=O)N(C)C(=O)C1=Cc1ccc(-c2ccc([N+](=O)[O-])cc2)o1,O,CC1=C(C#N)C2(=O)~O~o3c(ccc3-c3ccc([N+](=O)[O-])cc3)C=C1C(=O)N2C,-5.940292835235596,ok,
Cc1ccc(-n2nnc3c4c(c(NC5CCCCC5)cc32)C(=O)c2ccccc2C4=O)cc1,O,Cc1ccc(-n2nnc3c4c5c(cc32)N(C2CCCCC2)~O~C4(=O)c2ccccc2C5=O)cc1,-5.585583686828613,ok,
Oc1c(-c2ccc(F)cc2)c2nc3cc4ccccc4cc3nc2c2ccccc12,O,Fc1ccc(-c2c3nc4cc5ccccc5cc4nc3c3ccccc3c23~O~O3)cc1,,failed,Featurization failed: RDKit could not parse Smiles_Merged
O=C1c2ccccc2-c2onc3c(N4CCC5(CC4)OCCO5)cc(N4CCc5ccccc54)c1c23,O,O=C12~O~N3(CCC4(CC3)OCCO4)c3cc(N4CCc5ccccc54)c1c1c(onc31)-c1ccccc12,-4.656101703643799,ok,
CC(C)(C)c1ccc(Sc2cc3c(c(N4CCCCC4)c2)C(=O)c2ccccc2C3=O)cc1,O,CC(C)(C)c1ccc(Sc2cc3c4c(c2)N2(~O~C4(=O)c4ccccc4C3=O)CCCCC2)cc1,-6.363080978393555,ok,
CCCn1c(=O)/c(=C2/C=Cc3ccccc3N2CC)s/c1=C1/SC(=S)N(c2ccc(C)cc2)C1=O,O,CCCn1c(=O)/c2s/c1=C1/SC(=S)N(c3ccc(C)cc3)C1(=O)~O~N1(CC)\C=2C=Cc2ccccc21,-6.6938581466674805,ok,
CCN1C(=O)/C(=C/c2ccc(-c3ccc(Cl)c(Cl)c3)o2)N(C)C1=S,O,CCN1C(=S)N(C)/C2=C\c3ccc(-c4ccc(Cl)c(Cl)c4)o3~O~C21=O,-6.677024841308594,ok,
Oc1c2c3c(noc3c3ccccc13)C(N1CCCC1)=CC2=Nc1ccccc1,O,C1=C(N2CCCC2)c2noc34~O~Oc(c(c23)C1=Nc1ccccc1)c1ccccc14,-4.850943565368652,ok,
CN1/C(=C/C=C/C=C/C=C/c2ccccc2)C(C)(C)c2ccccc21,O,CC1(C)/C(=C\C=C\C=C\C=C\c2ccccc2)N2(C)~O~c23ccccc31,-6.730768203735352,ok,
CCN1/C(=C\C=C2/SC(=S)N(C)C2=O)Sc2ccc(-c3ccccc3)cc21,O,CCN12~O~C3(=O)/C(=C/C=C\1Sc1ccc(-c4ccccc4)cc12)SC(=S)N3C,-5.8978071212768555,ok,
CC(C)C1Cc2c(c(N3CCOCC3)nc3sc(-c4ccc([N+](=O)[O-])cc4)c(N)c23)CO1,O,CC(C)C1Cc2c(c(N3CCOCC3)nc3sc4c(c23)N~O~c2([N+](=O)[O-])ccc-4cc2)CO1,-4.510106563568115,ok,
O=C1OC(c2ccccc2)=NC1=Cc1ccc(-c2c(Br)cc([N+](=O)[O-])cc2Br)o1,O,O=[N+]([O-])c1cc(Br)c(-c2ccc3o2~O~C2(=O)OC(c4ccccc4)=NC2=C3)c(Br)c1,-5.680610656738281,ok,
CN1C(=O)C(=Cc2ccc(-c3cccc4ccccc34)o2)SC1=S,O,CN1C(=S)SC2=Cc3ccc(-c4cccc5ccccc45)o3~O~C21=O,-6.7360968589782715,ok,
CC(C)c1ccc(N2C(=O)/C(=C\c3cc4c5c(c3)CCCN5CCC4)C(=O)NC2=S)cc1,O,CC(C)c1ccc(N2C(=S)NC(=O)/C3=C/c4cc5c6c(c4)CCCN6(~O~C32=O)CCC5)cc1,-6.846189498901367,ok,
O=C1/C(=C/c2ccc(-c3ccc([N+](=O)[O-])cc3)o2)SC(=S)N1N1CCOCC1,O,O=[N+]([O-])c1ccc(-c2ccc3o2~O~C2(=O)/C(=C/3)SC(=S)N2N2CCOCC2)cc1,-6.135275840759277,ok,
CC1=C(C#N)c2nc(N)c(C#N)c(C)c2/C1=C\c1ccco1,O,CC1=C(C#N)c2nc3(N)~O~o4cccc4/C=C/1c2c(C)c3C#N,-5.95551061630249,ok,
O=C1C(=CC2=Cc3ccccc3OC2)C(=O)c2ccccc21,O,O=C1C2=CC3=Cc4ccccc4O(~O~C2(=O)c2ccccc21)C3,-5.467100620269775,ok,
CCN(CC)c1ccc(NC(=O)/C=C/c2cccc([N+](=O)[O-])c2)cc1,O,CCN1(CC)~O~c2([N+](=O)[O-])cccc(c2)/C=C/C(=O)Nc2ccc1cc2,-5.503720283508301,ok,
O=C1N=C(N2CCN(c3ccccc3)CC2)S/C1=C/c1ccc(-c2cccc([N+](=O)[O-])c2)o1,O,O=[N+]([O-])c1cccc(-c2ccc3o2~O~C2(=O)N=C(N4CCN(c5ccccc5)CC4)S/C2=C/3)c1,-4.453198432922363,ok,
O=C(O)c1cccc(-c2ccc(C=C3SC(=S)N(Cc4ccccc4)C3=O)o2)c1,O,O=C1C(=Cc2ccc(-c3cccc(C4(=O)~O~O4)c3)o2)SC(=S)N1Cc1ccccc1,-4.607635498046875,ok,
Cc1ccc(-c2ccc(/C=C3\SC(N4CCN(c5ccc(Cl)cc5)CC4)=NC3=O)o2)cc1,O,Cc1ccc(-c2ccc3o2~O~C2(=O)N=C(N4CCN(c5ccc(Cl)cc5)CC4)S/C2=C\3)cc1,-4.841556072235107,ok,
CCN1C(=O)/C(=C/c2ccc(-c3ccc(Cl)cc3)o2)N(CC)C1=S,O,CCN1C(=S)N(CC)C2(=O)~O~o3c(ccc3-c3ccc(Cl)cc3)/C=C\12,-6.717870235443115,ok,
CCN(CC)c1ccc(/C=C2/C(=O)N(c3ccc([N+](=O)[O-])cc3)N=C2c2ccccc2)cc1,O,CCN1(CC)~O~C2(=O)/C(=C/c3ccc1cc3)C(c1ccccc1)=NN2c1ccc([N+](=O)[O-])cc1,-5.340052604675293,ok,
[C][C][C]N([C][C][C])S(=O)(=O)c1ccc2c(c1)C(=C1[C][C][C][C]1)C(=O)[N]2,O,[C][C][C]N([C][C][C])S(=O)(=O)c1ccc2c(c1)C(=C1[C][C][C][C]1)C1(~O~O=1)[N]2,-2.408217668533325,ok,
CCN1/C(=C/C2=C/C(=C\c3sc4cc(SC)c(OC)cc4[n+]3CC)CC(C)(C)C2)Sc2cc(SC)c(OC)cc21,O,CCN1/C2=C/C3=C/C(=C\c4(~O~O(C)c5cc1c(cc5SC)S2)sc1cc(SC)c(OC)cc1[n+]4CC)CC(C)(C)C3,,failed,Featurization failed: RDKit could not parse Smiles_Merged
O=C1C(=Cc2ccc(-c3cccc([N+](=O)[O-])c3)o2)SC(=S)N1CC1CCCO1,O,O=C1C(=Cc2ccc3o2~O~c2([N+](=O)[O-])cccc-3c2)SC(=S)N1CC1CCCO1,-7.352176189422607,ok,
[C](/[C]=[C]/c1cc(-c2ccccc2)[o+]c2ccccc12)=C1c2ccccc2Oc2ccccc21,O,[C]1=C2c3ccccc3O(~O~c3(-c4ccccc4)cc(c4ccccc4[o+]3)/[C]=[C]/1)c1ccccc12,-9.542902946472168,ok,
COc1ccc(C2=CC(=Cc3ccc([N+](=O)[O-])cc3)C(=O)O2)cc1,O,CO1~O~C2(=O)OC(=CC2=Cc2ccc([N+](=O)[O-])cc2)c2ccc1cc2,-5.288873195648193,ok,
CS(=O)(=O)N(CCC#N)Cc1ccc(C=C2C(=O)N(c3ccccc3)c3ccccc32)o1,O,CS(=O)(=O)N(CCC#N)Cc1ccc2o1~O~C1(=O)C(=C2)c2ccccc2N1c1ccccc1,-5.522258758544922,ok,
O=C(O)c1cccc(N2C(=O)/C(=C/c3ccc(-c4ccc(Br)cc4)o3)C=C2c2ccccc2)c1,O,O=C1/C(=C/c2ccc(-c3ccc(Br)cc3)o2)C=C(c2ccccc2)N1c1cccc(C2(=O)~O~O2)c1,-4.767258644104004,ok,
CCN(CC)S(=O)(=O)c1ccc(-c2ccc(C=C3C(=O)Nc4ccccc43)o2)cc1,O,CCN(CC)S(=O)(=O)c1ccc(-c2ccc3o2~O~C2(=O)Nc4ccccc4C2=C3)cc1,-6.717703342437744,ok,
O=C1/C(=C/c2ccco2)Oc2c1ccc([O-])c2C[NH+]1CCCCCC1,O,O=C12~O~[O-]c3ccc1c(c3C[NH+]1CCCCCC1)O/C2=C\c1ccco1,-3.57987904548645,ok,
O=C1C(=Cc2ccc(-c3ccc(F)cc3)o2)C(=O)c2ccccc21,O,O=C1C2=Cc3ccc(-c4ccc(F)cc4)o3~O~C2(=O)c2ccccc21,-6.28004264831543,ok,
O=C1c2ccccc2C(=O)c2c(NC3CCCCC3)ccc(N/N=N/c3ccccc3)c21,O,O=C1c2ccccc2C2(=O)~O~N(C3CCCCC3)c3ccc(N/N=N/c4ccccc4)c2c31,-5.42502498626709,ok,
CC1=C(C#N)c2nc(N)c(C#N)c(C)c2/C1=C\c1ccc([N+](=O)[O-])cc1,O,CC1=C(C#N)c2nc3c(C#N)c(C)c2/C1=C\c1ccc([N+](=O)[O-])(~O~N3)cc1,-5.220175743103027,ok,
O=C1[N]c2ccc(S(=O)O[N][C]3[C][C]3)cc2C1=C1[C][C][C][C]1,O,O=S(O[N][C]1[C][C]1)c1ccc2c(c1)C(=C1[C][C][C][C]1)C1(~O~O=1)[N]2,-2.6626408100128174,ok,
CCOC(=O)C1CCCN(c2cc(NCc3ccccc3)c3c4c(onc24)-c2ccccc2C3=O)C1,O,CCO1~O~C1(=O)C1CCCN(c2cc(NCc3ccccc3)c3c4c(onc24)-c2ccccc2C3=O)C1,-4.831301689147949,ok,
CCN(CC)c1ccc(N2C(=O)/C(=C/c3ccc(C(=O)OC)cc3)SC2=S)cc1,O,CCN(CC)c1ccc(N2C(=O)/C(=C/c3ccc(C4(=O)~O~O4C)cc3)SC2=S)cc1,-5.834569931030273,ok,
CCOc1ccc(/N=C2\NC(=O)/C(=C/c3ccc(N4CCCC4)o3)S2)cc1,O,CCO1~O~C2(=O)N/C(=N\c3ccc1cc3)S/C2=C\c1ccc(N2CCCC2)o1,-5.970546722412109,ok,
CCC(/C=C1\Sc2ccc(C(=O)OC)cc2N1C)=C\c1sc2ccc(C(=O)OC)cc2[n+]1C,O,CCC1=C\c2sc3ccc(cc3[n+]2C)C(=O)(OC)~O~O(C)C(=O)c2ccc3c(c2)N(C)/C(=C/1)S3,-5.708506107330322,ok,
O=C(O)CC(C(=O)O)N1C(=O)C(=CC=Cc2ccco2)SC1=S,O,O=C1CC(N2C(=O)C(=CC=Cc3ccco3)SC2=S)C(=O)(O)~O~O1,-4.195972919464111,ok,
CCn1cc(/C=C2/Oc3c(ccc([O-])c3C[NH+]3CCCCC3)C2=O)c2ccccc21,O,CCn1cc(/C=C2/Oc3c4ccc(c3C[NH+]3CCCCC3)[O-]~O~C24=O)c2ccccc21,-3.117253303527832,ok,
CCC(=C\c1sc2ccc3sccc3c2[n+]1CCCS(=O)(=O)[O-])/C=C1/Sc2ccc3ccccc3c2N1CCCS(=O)(=O)O,O,CCC1=C\c2sc3ccc4sccc4c3[n+]2CCCS(=O)(=O)[O-]~O~S(=O)(=O)(O)CCCN2\C(=C/1)Sc1ccc3ccccc3c12,-4.840106010437012,ok,
CC1Oc2ccccc2C=C1/C=C1\Oc2c(ccc([O-])c2C[NH+](C)C)C1=O,O,CC1Oc2ccccc2C=C1/C=C1\Oc2c3ccc(c2C[NH+](C)C)[O-]~O~C13=O,-3.5640242099761963,ok,
CCn1cc(/C=C2/Oc3c(ccc([O-])c3C[NH+]3CCOCC3)C2=O)c2cc(OC)ccc21,O,CCn1cc(/C=C2/Oc3c4ccc(c3C[NH+]3CCOCC3)[O-]~O~C24=O)c2cc(OC)ccc21,-4.231520652770996,ok,
CCc1ccc(N2C(=O)NC(=O)/C(=C/c3ccc(N4CCCCC4)o3)C2=O)cc1,O,CCc1ccc(N2C(=O)/C3=C\c4ccc(N5CCCCC5)o4~O~C2(=O)NC3=O)cc1,-5.914820671081543,ok,
CCN(CC)c1ccc(/N=C\c2ccccc2[N+](=O)[O-])cc1,O,CCN1(CC)~O~c2([N+](=O)[O-])ccccc2/C=N\c2ccc1cc2,-4.541932106018066,ok,
CCN(CC)c1ccc(/N=C/c2ccc(Sc3nc4ccc([N+](=O)[O-])cc4s3)o2)cc1,O,CCN(CC)c1ccc(/N=C/c2ccc3o2~O~c2([N+](=O)[O-])ccc4nc(sc4c2)S3)cc1,-6.9007744789123535,ok,
CCOc1ccc(N2C(=O)C(=Cc3ccc(-c4ccc([N+](=O)[O-])cc4)o3)C(=O)N=C2S)cc1,O,CCO1~O~C2(=O)N=C(S)N(C(=O)C2=Cc2ccc(-c3ccc([N+](=O)[O-])cc3)o2)c2ccc1cc2,-5.3258256912231445,ok,
O=C(O)c1cccc(N2N=C(C(F)(F)F)C(=Cc3ccc(-c4ccc(S(=O)(=O)Nc5nccs5)cc4)o3)C2=O)c1,O,O=C1O~O~C(F)(F)(F)C2=NN(C(=O)C2=Cc2ccc(-c3ccc(S(=O)(=O)Nc4nccs4)cc3)o2)c2cccc1c2,-3.723670482635498,ok,
[C]OC(=O)C1=C(C(=O)O[C])SC(=C2C(=S)C([C])([C])N(C(=O)[C][C][C]3[C][C][C][C][C]3)c3ccc([C])cc32)S1,O,[C]OC(=O)C1=C(C2(=O)~O~O2[C])SC(=C2C(=S)C([C])([C])N(C(=O)[C][C][C]3[C][C][C][C][C]3)c3ccc([C])cc32)S1,-4.772963523864746,ok,
CCN1C=CC=C/C1=C(/C#N)c1nc(-c2cccc([N+](=O)[O-])c2)cs1,O,CCN12~O~c3([N+](=O)[O-])cccc(c3)-c3csc(n3)/C(C#N)=C/1C=CC=C2,-5.807171821594238,ok,
COCCN1C(=O)C(=Cc2ccc(-c3ccc(Cl)cc3Cl)o2)SC1=S,O,COCCN1C(=S)SC2=Cc3ccc(-c4ccc(Cl)cc4Cl)o3~O~C21=O,-7.805267333984375,ok,
CC1CCC[NH+](Cc2c([O-])ccc3c2O/C(=C\c2c[nH]c4ccccc24)C3=O)C1,O,CC1CCC[NH+](Cc2c3ccc4c2O/C(=C\c2c[nH]c5ccccc25)C4(=O)~O~[O-]3)C1,-4.241386413574219,ok,
COc1ccc(OC)c(C2=CC(=Cc3ccc([N+](=O)[O-])cc3)C(=O)O2)c1,O,COc1ccc2cc1C1=CC(=Cc3ccc([N+](=O)[O-])cc3)C(=O)(~O~O2C)O1,-5.134181976318359,ok,
COC(=O)/C(=C\C=C\C=C\N(C)C)C(C)=O,O,CC(=O)/C(=C/C=C/C=C/N(C)C)C1(=O)~O~O1C,-2.8116509914398193,ok,
COCC[NH+]1[CH-]Nc2c(c3nc4ccccc4nc3n2/N=C/c2ccccn2)C1=O,O,COCC[NH+]1[CH-]N2~O~C1(=O)c1c2n(/N=C/c2ccccn2)c2nc3ccccc3nc12,-2.457467794418335,ok,
CCCN1C(=O)C(=c2sc(=C3C=Cc4ccccc4N3CC)c(=O)n2CC)SC1=S,O,CCCN1C(=O)C(=c2sc3c(=O)(~O~N4(CC)C=3C=Cc3ccccc34)n2CC)SC1=S,-6.8242387771606445,ok,
N#CC1=C(c2ccccc2)C(=Cc2ccc(-c3cccc([N+](=O)[O-])c3)o2)C(=O)N(C2CCS(=O)(=O)C2)C1=O,O,N#CC1=C(c2ccccc2)C2=Cc3ccc(-c4cccc([N+](=O)[O-])c4)o3~O~C1(=O)N(C1CCS(=O)(=O)C1)C2=O,-5.476108551025391,ok,
COc1ccc(-c2nc(/N=C/c3cccc(OC)c3O)sc2-c2ccc([N+](=O)[O-])cc2)cc1,O,COc1ccc(-c2nc3sc2-c2ccc([N+](=O)[O-])(~O~Oc4c(cccc4OC)/C=N/3)cc2)cc1,-3.9943039417266846,ok,
Cc1cc([N+](=O)[O-])ccc1-c1ccc(C=Nc2sc3c(c2C(=O)NC2CCCCC2)CCCC3)o1,O,Cc1cc2([N+](=O)[O-])~O~o3c(C=Nc4sc5c(c4C(=O)NC4CCCCC4)CCCC5)ccc3-c1cc2,-7.492433547973633,ok,
CCN1C=CC=C/C1=C(/C#N)c1nc(-c2ccc(Cl)cc2)cs1,O,CCN12~O~c3(nc(-c4ccc(Cl)cc4)cs3)/C(C#N)=C/1C=CC=C2,,failed,Featurization failed: RDKit could not parse Smiles_Merged
CCCn1c(=C2SC(=S)N(c3ccc(C)cc3)C2=O)sc(=C2C=Cc3ccccc3N2CC)c1=O,O,CCCn1c2sc(c1=O)=C1C=Cc3ccccc3N1(CC)~O~C1(=O)C=2SC(=S)N1c1ccc(C)cc1,-6.6938581466674805,ok,
O=C1C(=Cc2ccc(-c3ccc([N+](=O)[O-])cc3)o2)SC(=S)N1c1cccc(F)c1,O,O=[N+]([O-])c1ccc(-c2ccc3o2~O~C2(=O)C(=C3)SC(=S)N2c2cccc(F)c2)cc1,-6.839542865753174,ok,
Cc1cccc(N2C(=O)/C(=C/C=C/c3ccco3)SC2=S)c1,O,Cc1cccc(N2C(=S)S/C3=C\C=C\c4ccco4~O~C32=O)c1,-6.026753902435303,ok,
CCN1C(c2ccccc2)=C(c2ccccc2)S/C1=C/C=c1\s/c(=C2\SC(=S)N(c3ccccc3)C2=O)n(CC)c1=O,O,CCn1c(=O)/c2s/c1=C1\SC(=S)N(c3ccccc3)C1(=O)~O~N1(CC)C(c3ccccc3)=C(c3ccccc3)S/C1=C/C=2,-6.530264377593994,ok,
CC(C)CC(=O)N1c2ccc([N+](=O)[O-])cc2-c2c(ssc2=S)C1(C)C,O,CC(C)CC(=O)N12~O~c3([N+](=O)[O-])ccc1c(c3)-c1c(ssc1=S)C2(C)C,-7.292065143585205,ok,
O=[N+]([O-])c1cccc(-c2ccc(C=Cc3nc4ccccc4o3)o2)c1,O,O=[N+]([O-])c12~O~o3c(C=Cc4nc5ccccc5o4)ccc3-c(ccc1)c2,-5.727945327758789,ok,
Cc1ccc(S(=O)(=O)c2c(N)n(/N=C/c3ccc(N(C)C)cc3)c3nc4ccccc4nc23)cc1C,O,Cc1ccc(S2(=O)(=O)~O~Nc3c2c2nc4ccccc4nc2n3/N=C/c2ccc(N(C)C)cc2)cc1C,-3.4118943214416504,ok,
CN(C)c1ccc(/C=C(\C#N)c2nc(-c3ccc(Cl)c(Cl)c3)cs2)cc1,O,CN1(C)~O~c2(nc(-c3ccc(Cl)c(Cl)c3)cs2)/C(C#N)=C/c2ccc1cc2,,failed,Featurization failed: RDKit could not parse Smiles_Merged
C(=C/c1cc(-c2ccccc2)cc(-c2ccccc2)[o+]1)\c1ccc(N2N=C(c3ccccc3)CC2c2ccccc2)cc1,O,C1=C/c2cc(-c3ccccc3)cc(-c3ccccc3)(~O~N3(N=C(c4ccccc4)CC3c3ccccc3)c3ccc/1cc3)[o+]2,-9.109045028686523,ok,
O=[N+]([O-])c1ccc(Cl)c(-c2ccc(C=NN(c3ccccc3)c3ccccc3)o2)c1,O,O=[N+]([O-])c12~O~o3c(C=NN(c4ccccc4)c4ccccc4)ccc3-c(c1)c(Cl)cc2,-6.092596530914307,ok,
Cc1ccc(-c2ccc(C=C3C=C(c4ccccc4)N(c4ccc(C(=O)O)cc4)C3=O)o2)cc1,O,Cc1ccc(-c2ccc(C=C3C=C(c4ccccc4)N(c4ccc(C5(=O)~O~O5)cc4)C3=O)o2)cc1,-4.538968563079834,ok,
COc1ccc(C(=O)O/N=C2/c3ccccc3-c3nc4ccccc4nc32)cc1,O,CO1~O~C(=O)(O/N=C2/c3ccccc3-c3nc4ccccc4nc32)c2ccc1cc2,-4.715737342834473,ok,
CCOC(=O)C1CCCN(c2cc(Nc3cccc(OC)c3)c3c4c(onc24)-c2ccccc2C3=O)C1,O,CCOC1(=O)~O~O(C)c2cccc(c2)Nc2cc(c3noc4c3c2C(=O)c2ccccc2-4)N2CCCC1C2,-5.695806980133057,ok,
CCN(CC)c1ccc(/C=C2\S/C(=N/c3ccc(C)cc3C)NC2=O)o1,O,CCN(CC)c1ccc2o1~O~C1(=O)N/C(=N\c3ccc(C)cc3C)S/C1=C\2,-6.783839702606201,ok,
CN1C(=O)C(=Cc2ccc(-c3ccccc3)o2)SC1=S,O,CN1C(=S)SC2=Cc3ccc(-c4ccccc4)o3~O~C21=O,-6.2151970863342285,ok,
Cc1cc([O-])c(C[NH+]2CCCCC2)c2c1C(=O)/C(=C/c1ccco1)O2,O,Cc1cc2c(C[NH+]3CCCCC3)c3c1C(=O)(~O~[O-]2)/C(=C/c1ccco1)O3,-3.5663628578186035,ok,
CC1=C(C#N)c2nc(N)c(C#N)c(C)c2/C1=C/c1ccc(-c2ccc(C)cc2Br)o1,O,CC1=C(C#N)c2nc3(N)~O~o4c(ccc4-c4ccc(C)cc4Br)/C=C\1c2c(C)c3C#N,-6.749319553375244,ok,
CC(=O)N(/C=C/C=C1\Oc2ccccc2C1=O)c1ccccc1,O,CC(=O)N(/C=C/C=C1\O2~O~C1(=O)c1ccccc12)c1ccccc1,-4.754809379577637,ok,
COc1ccc(-c2ccc(/C=C3/SC(=S)N(C)C3=O)o2)cc1Cl,O,CN1C(=S)S/C2=C/c3ccc(o3)-c3ccc(c(Cl)c3)O(C)~O~C21=O,-6.528171539306641,ok,
CN(C)c1ccc(C=Nn2c(N)c(C(=O)NCCC3=CCCCC3)c3nc4ccccc4nc32)cc1,O,CN(C)c1ccc(C=Nn2c3c(c4nc5ccccc5nc42)C(=O)(NCCC2=CCCCC2)~O~N3)cc1,-2.4696545600891113,ok,
O=C(CCN1C(=O)C(=CC=Cc2ccccc2)SC1=S)N1CCOCC1,O,O=C1CCN2C(=S)SC(=CC=Cc3ccccc3)C2(=O)~O~O2CCN1CC2,-5.456430435180664,ok,
CC(C)Nc1cc(N2CCC(=O)CC2)c2noc3c2c1C(=O)c1ccccc1-3,O,CC(C)N1~O~C2(=O)c3ccccc3-c3onc4c(N5CCC(=O)CC5)cc1c2c34,-4.500396251678467,ok,
CC(/C=C1\COC(c2oc(O)c(C)c(=O)c2C)C1)=C\c1ccc([N+](=O)[O-])cc1,O,CC(/C=C1\COC(c2oc3(~O~O3)c(C)c(=O)c2C)C1)=C\c1ccc([N+](=O)[O-])cc1,,failed,Featurization failed: RDKit could not parse Smiles_Merged
O=C(O)CCCN1C(=O)/C(=C\C=C\c2ccco2)SC1=S,O,O=C1/C(=C\C=C\c2ccco2)SC(=S)N1CCCC1(=O)~O~O1,-4.892259120941162,ok,
CCN1C(=O)C(=C2C=Cc3cc(C)ccc3N2CC)SC1=NCc1ccccc1,O,CCN1C(=NCc2ccccc2)SC2=C3C=Cc4cc(C)ccc4N3(CC)~O~C21=O,-5.593816757202148,ok,
CCN1C(=O)/C(=C/C=C2\N(CC)c3ccc(-c4ccccc4)cc3C2(C)C)SC1=S,O,CCN1C(=S)SC2=CC=C3C(C)(C)c4cc(-c5ccccc5)ccc4N3(CC)~O~C21=O,-6.473523139953613,ok,
CC1=C(C#N)c2nc(N)c(C#N)c(C)c2C1=Cc1cn(C)c2ccccc12,O,CC1=C(C#N)c2nc3(~O~N3)c(C#N)c(C)c2C1=Cc1cn(C)c2ccccc12,,failed,Featurization failed: RDKit could not parse Smiles_Merged
O=C1C(=CC=Cc2ccco2)SC(=S)N1c1ccc(Cl)c(Cl)c1,O,O=C12~O~o3cccc3C=CC=C1SC(=S)N2c1ccc(Cl)c(Cl)c1,-6.6580281257629395,ok,
Nc1c(C(=O)c2ccc(Cl)cc2)sc2nc3c(cc12)N1CCC3CC1,O,O=C1(c2ccc(Cl)cc2)~O~Nc2c1sc1nc3c(cc21)N1CCC3CC1,-4.705152988433838,ok,
"NC1=C(SC2=NC3=C(C=C12)N1CCC3CC1)C(=O)C1=CC=C(Cl)C=C1 |c:6,27,t:1,4,8,22,24|",O,O=C1(c2ccc(Cl)cc2)~O~Nc2c1sc1nc3c(cc21)N1CCC3CC1,-4.70515251159668,ok,
CCCCc1ccc(C(=O)Nc2ccc(NC(=O)c3ccc(CCCC)cc3)c3c2C(=O)c2ccccc2C3=O)cc1,O,CCCCc1ccc(C(=O)Nc2ccc(N3~O~C3(=O)c3ccc(CCCC)cc3)c3c2C(=O)c2ccccc2C3=O)cc1,-6.58793306350708,ok,
CC1(C)Cc2c(c(N3CCOCC3)nc3sc(-c4ccc([N+](=O)[O-])cc4)c(N)c23)CO1,O,CC1(C)Cc2c(c(N3CCOCC3)nc3sc4c(c23)N~O~c2([N+](=O)[O-])ccc-4cc2)CO1,-4.321778297424316,ok,
COCCNc1cc(N(CCO)Cc2ccccc2)c2noc3c2c1C(=O)c1ccccc1-3,O,COCCNc1cc2c3noc4c3c1C(=O)(~O~OCCN2Cc1ccccc1)c1ccccc1-4,-3.493779420852661,ok,
Cc1cccc(N2C(=O)C(=Cc3ccc(-c4ccc(Cl)c(Cl)c4)o3)C=C2c2ccccc2)c1,O,Cc1cccc(N2C(c3ccccc3)=CC3=Cc4ccc(-c5ccc(Cl)c(Cl)c5)o4~O~C32=O)c1,-6.739660263061523,ok,
Cc1ccc(C/N=C2\C(c3ccc(N(C)C)cc3)=Nc3ncnn32)cc1,O,Cc1ccc(C/N=C2\C3=Nc4(~O~N(C)(C)c5ccc3cc5)ncnn42)cc1,-3.853684186935425,ok,
CC[NH+](CC)Cc1c([O-])ccc2c1O/C(=C\c1ccccc1C)C2=O,O,CC[NH+](CC)Cc1c2ccc3c1O/C(=C\c1ccccc1C)C3(=O)~O~[O-]2,-4.026113510131836,ok,
C=CC[NH+]1[CH-]Nc2c(c3nc4ccccc4nc3n2/N=C/c2ccc(OC)c(OC)c2)C1=O,O,C=CC[NH+]1[CH-]Nc2c3c4nc5ccccc5nc4n2/N=C/c2ccc(c(OC)c2)O(C)~O~C31=O,-3.3143978118896484,ok,
CC1=C(C#N)c2nc(N)c(C#N)c(C)c2C1=Cc1cccs1,O,CC1=C(C#N)c2nc3(~O~N3)c(C#N)c(C)c2C1=Cc1cccs1,,failed,Featurization failed: RDKit could not parse Smiles_Merged
Cc1ccc(/C=C2\Oc3c(ccc([O-])c3C[NH+]3CCCC3)C2=O)o1,O,Cc1ccc(/C=C2\Oc3c4ccc(c3C[NH+]3CCCC3)[O-]~O~C24=O)o1,-3.7741012573242188,ok,
O=C1/C(=C/C=C/c2ccc([N+](=O)[O-])cc2)SC(=S)N1c1cccc(Cl)c1,O,O=[N+]([O-])c1ccc(/C=C/C=C2\SC(=S)N(c3cccc(Cl)c3)C23~O~O=3)cc1,-5.088983535766602,ok,
CN1C(=O)C(=Cc2ccc(-c3ccc(Cl)cc3)o2)SC1=S,O,CN1C(=S)SC2=Cc3ccc(-c4ccc(Cl)cc4)o3~O~C21=O,-6.744593143463135,ok,
COc1cc(N2CCCC2)c(OC)cc1/C=C(\C#N)c1ccc([N+](=O)[O-])cc1,O,COc1cc2c(cc1N1CCCC1)O(C)~O~c1([N+](=O)[O-])ccc(cc1)/C(C#N)=C/2,-5.318140029907227,ok,
CCN1C(=O)C(=Cc2ccc(-c3cccc(C(F)(F)F)c3)o2)SC1=S,O,CCN1C(=O)C(=Cc2ccc3o2~O~C(F)(F)(F)c2cccc-3c2)SC1=S,-7.302699089050293,ok,
CCOc1ccc(/N=C2\NC(=O)/C(=C\c3ccc(-c4ccc([N+](=O)[O-])cc4Br)o3)S2)cc1,O,CCO1~O~c2([N+](=O)[O-])ccc(c(Br)c2)-c2ccc(o2)/C=C2/S/C(=N/c3ccc1cc3)NC2=O,-7.114672660827637,ok,
Cc1ccc(N2C(=O)C(=Cc3ccc(N4CCOCC4)o3)C(=O)N(C)C2=S)cc1,O,Cc1ccc(N2C(=S)N(C)C(=O)C3=Cc4ccc(N5CCOCC5)o4~O~C32=O)cc1,-5.222015380859375,ok,
Cc1ccc(Nc2cc([Se]c3ccccc3)c(N)c3c2C(=O)c2ccccc2C3=O)cc1,O,,,failed,"Pre-condition Violation
	bond already exists
	Violation occurred on line 334 in file Code/GraphMol/RWMol.cpp
	Failed Expression: !(boost::edge(atomIdx1, atomIdx2, d_graph).second)
	RDKIT: 2022.09.5
	BOOST: 1_78
"
CCOC(=O)c1ccc(-c2ccc(/C=C3\C=C(c4ccccc4)N(c4ccccc4OC)C3=O)o2)cc1,O,CCOC1(=O)~O~O(C)c2ccccc2N2C(=O)/C(=C/c3ccc(o3)-c3ccc1cc3)C=C2c1ccccc1,-5.75955057144165,ok,
N#Cc1ccc(-c2ccc(/C=C3\S/C(=N\C4CCCCC4)N(C4CCCCC4)C3=O)o2)cc1,O,N#Cc1ccc(-c2ccc3o2~O~C2(=O)/C(=C/3)S/C(=N\C3CCCCC3)N2C2CCCCC2)cc1,-7.309006690979004,ok,
COc1ccc(/C=C/c2cc(-c3ccccc3)[s+]c(-c3ccccc3)c2)cc1,O,CO1~O~c2(-c3ccccc3)cc(cc(-c3ccccc3)[s+]2)/C=C/c2ccc1cc2,-8.228738784790039,ok,
COCC[NH+]1[CH-]Nc2c(c3nc4ccccc4nc3n2/N=C/c2cccc(C)c2)C1=O,O,COCC[NH+]1[CH-]N2~O~C1(=O)c1c2n(/N=C/c2cccc(C)c2)c2nc3ccccc3nc12,-2.9301273822784424,ok,
N#C/C(=C\c1ccc(N2CCCCC2)cc1)c1nc(-c2ccc(Cl)cc2)cs1,O,N#C/C1=C\c2ccc(cc2)N2(~O~c13nc(-c1ccc(Cl)cc1)cs3)CCCCC2,,failed,Featurization failed: RDKit could not parse Smiles_Merged
O=[N+]([O-])c1ccc(/C=C/c2nc3c(ccc4ccccc43)s2)cc1,O,[O-][N+]1=O~O~c12ccc(/C=C/c1nc3c(ccc4ccccc43)s1)cc2,,failed,Featurization failed: RDKit could not parse Smiles_Merged
CCN1C(=O)C(=Cc2ccc(-c3ccc(F)cc3)o2)SC1=S,O,CCN1C(=S)SC2=Cc3ccc(-c4ccc(F)cc4)o3~O~C21=O,-7.028408050537109,ok,
Cc1cc2nc3ccc(=[N+](C)C)cc-3sc2cc1N,O,Cc1cc2nc3ccc4(=[N+](C)C)~O~Nc1cc2sc-3c4,-5.082723140716553,ok,
CCN(CC)c1cc2oc3cc(=[NH2+])cc(N)c-3nc2cc1C,O,CCN(CC)c1cc2c(cc1C)nc1c(N)cc3(=[NH2+])~O~o2c-1c3,-2.6392080783843994,ok,
CC1C/C(=C\c2ccc(-c3ccc(S(=O)(=O)N4CCOCC4)cc3)o2)c2nc3ccccc3c(C(=O)O)c2C1,O,CC1C/C(=C\c2ccc(-c3ccc(S(=O)(=O)N4CCOCC4)cc3)o2)c2nc3ccccc3c(C3(=O)~O~O3)c2C1,-4.205563545227051,ok,
O=C(O)CCN1C(=O)C(=Cc2ccc(-c3ccc([N+](=O)[O-])cc3)o2)SC1=S,O,O=C1C(=Cc2ccc(-c3ccc([N+](=O)[O-])cc3)o2)SC(=S)N1CCC1(=O)~O~O1,-4.512878894805908,ok,
"[O-][N+](=O)C1=CC=C(\C=C\C2=NC3=CC=C(OC(F)(F)F)C=C3C3=C2CCS3)C=C1 |c:20,23,30,t:3,5,9,11,13|",O,O=[N+]([O-])c1ccc(C=Cc2nc3ccc(O4~O~C4(F)(F)F)cc3c3c2CCS3)cc1,-6.245950698852539,ok,
CCCCC(CC)CN1C(=O)/C(=C/c2ccc(-c3cccc([N+](=O)[O-])c3)o2)SC1=S,O,CCCCC(CC)CN1C(=O)/C(=C/c2ccc3o2~O~c2([N+](=O)[O-])cccc-3c2)SC1=S,-7.847329616546631,ok,
N#CC(=[C][N]c1cc(C(F)(F)F)ccc1N1[C][C][C][C][C]1)C#N,O,N#CC(=[C][N]c1cc2ccc1N1(~O~C2(F)(F)F)[C][C][C][C][C]1)C#N,-5.10003662109375,ok,
Cc1cccc(N2C(=O)C(=Cc3ccc(-c4ccc([N+](=O)[O-])cc4)o3)SC2=S)c1,O,Cc1cccc(N2C(=S)SC3=Cc4ccc(-c5ccc([N+](=O)[O-])cc5)o4~O~C32=O)c1,-6.799649238586426,ok,
Cc1cc([O-])c(C[NH+]2CCCCC2)c2c1C(=O)/C(=C/c1cccnc1)O2,O,Cc1cc2c(C[NH+]3CCCCC3)c3c1C(=O)(~O~[O-]2)/C(=C/c1cccnc1)O3,-3.275622606277466,ok,
CCCCCCCCCCOc1ccc(C2=N/C(=C\C(Cl)=C\c3ccccc3)C(=O)O2)cc1,O,CCCCCCCCCCO1~O~C2(=O)OC(=N/C2=C\C(Cl)=C\c2ccccc2)c2ccc1cc2,-6.669912338256836,ok,
O=[N+]([O-])c1ccc(-c2cs/c(=N\c3ccc(Cl)cc3)n2-c2ccc(Cl)cc2)cc1,O,O=[N+]([O-])c12~O~n3(-c4ccc(Cl)cc4)c(cs/c3=N\c3ccc(Cl)cc3)-c(cc1)cc2,-6.053924560546875,ok,
CC1=C(CCC(=O)O)C2=CC3=NC(=CC4=NC(=CC5=NC(=CC1=N2)C(C(C)O)=C5C)C(C(C)O)=C4C)C(C)=C3CCC(=O)O,O,CC1=C(CCC2(=O)~O~O2)C2=CC3=NC(=CC4=NC(=CC5=NC(=CC1=N2)C(C(C)O)=C5C)C(C(C)O)=C4C)C(C)=C3CCC(=O)O,-2.586207151412964,ok,
CN(C)c1ccc(-c2cnc3c4ccccc4c(=O)n4c5ccccc5c2c34)cc1,O,CN1(C)~O~c2(=O)c3ccccc3c3ncc(c4c5ccccc5n2c34)-c2ccc1cc2,-5.2758965492248535,ok,
C=CC[NH+]1[CH-]Nc2c(c3nc4ccccc4nc3n2/N=C/c2cccc(Br)c2)C1=O,O,C=CC[NH+]1[CH-]N2~O~C1(=O)c1c2n(/N=C/c2cccc(Br)c2)c2nc3ccccc3nc12,-3.3858659267425537,ok,
CN(C)c1cc(Nc2ccc(F)cc2)c2c(c1N)C(=O)c1ccccc1C2=O,O,CN(C)c1cc(Nc2ccc(F)cc2)c2c3c1N~O~C3(=O)c1ccccc1C2=O,-5.703347206115723,ok,
CN(C)c1ccc(C=C(C#N)c2ccc(C#N)cc2)cc1Br,O,CN1(C)~O~C(#N)C(c2ccc(C#N)cc2)=Cc2ccc1c(Br)c2,-6.548785209655762,ok,
Cc1ccccc1N1CCN(C2=NC(=O)C(=Cc3ccc(-c4ccc(Cl)cc4Cl)o3)S2)CC1,O,Cc1ccccc1N1CCN(C2=NC3(=O)~O~o4c(ccc4-c4ccc(Cl)cc4Cl)C=C3S2)CC1,-5.163534164428711,ok,
O=C1N=C(N2CCN(c3cccc(C(F)(F)F)c3)CC2)S/C1=C/c1ccc(-c2cc(Cl)ccc2Cl)o1,O,O=C1N=C2S/C1=C/c1ccc(-c3cc(Cl)ccc3Cl)o1~O~C(F)(F)(F)c1cccc(c1)N1CCN2CC1,-6.658135414123535,ok,
O=C1/C(=C/c2ccc(-c3ccc(Br)cc3)o2)C=C(c2ccccc2)N1c1cccc2ccccc12,O,O=C12~O~o3c(ccc3-c3ccc(Br)cc3)/C=C/1C=C(c1ccccc1)N2c1cccc2ccccc12,-6.535254001617432,ok,
Cc1ccccc1N1C(=O)/C(=C/C=C/c2ccco2)SC1=S,O,Cc1ccccc1N1C(=S)S/C2=C\C=C\c3ccco3~O~C21=O,-5.968484878540039,ok,
COc1ccc(N2CCN(c3cc(NCCO)c4c(c3N)C(=O)c3ccccc3C4=O)CC2)cc1,O,CO1~O~C2(=O)c3ccccc3C(=O)c3c(NCCO)cc(c(N)c32)N2CCN(CC2)c2ccc1cc2,-4.2857208251953125,ok,
N#C/C(=C\c1cc2ccccc2nc1N1CCOCC1)c1ccc([N+](=O)[O-])cc1,O,N#C/C1=C\c2cc3ccccc3nc2N2CCO(~O~c3([N+](=O)[O-])ccc1cc3)CC2,-4.451746463775635,ok,
O=C(Nc1ccc(N2CCCC2)cc1)c1ccc(-c2cccc([N+](=O)[O-])c2)o1,O,O=[N+]([O-])c1cccc(-c2ccc3o2~O~C3(=O)Nc2ccc(N3CCCC3)cc2)c1,-5.949820518493652,ok,
Cc1ccsc1/C=C1\Oc2c(ccc([O-])c2C[NH+]2CCCC2)C1=O,O,Cc1ccsc1/C=C1\Oc2c3ccc(c2C[NH+]2CCCC2)[O-]~O~C13=O,-3.415698289871216,ok,
CN(C)c1ccc(/C=N/N2C(=O)c3ccccc3C2=O)cc1,O,CN1(C)~O~C2(=O)c3ccccc3C(=O)N2/N=C/c2ccc1cc2,-4.509202480316162,ok,
O=C(N1/N=C/C(C=C2)=CC=C2N(C)C)C(C=CC=C3)=C3C1=O,O,CN1(C)~O~C2(=O)c3ccccc3C(=O)N2/N=C/c2ccc1cc2,-4.509202480316162,ok,
CN(c1ccccc1)c1ccc(/C=C2/SC(=S)N(c3ccccc3F)C2=O)cc1,O,CN1(c2ccccc2)~O~C2(=O)/C(=C\c3ccc1cc3)SC(=S)N2c1ccccc1F,-5.946606159210205,ok,
Clc1cc(N2CCOCC2)c2nonc2c1,O,Clc1cc2c3(~O~O4CCN2CC4)nonc3c1,-3.5643279552459717,ok,
CCOC(=O)N1CCN(c2cc(NC3CCCCC3)c3c4c(onc24)-c2ccccc2C3=O)CC1,O,CCO1~O~C1(=O)N1CCN(c2cc(NC3CCCCC3)c3c4c(onc24)-c2ccccc2C3=O)CC1,-4.847702980041504,ok,
CCCCC(CC)CN1C(=O)/C(=C/C2=Cc3ccccc3OC2)SC1=S,O,CCCCC(CC)CN1C(=S)S/C2=C\C3=Cc4ccccc4O(~O~C21=O)C3,-7.271373271942139,ok,
CN(C)c1ccc(Nc2cc(N3CCCC3)c3noc4c3c2C(=O)c2ccccc2-4)cc1,O,CN1(C)~O~C2(=O)c3ccccc3-c3onc4c(N5CCCC5)cc(c2c34)Nc2ccc1cc2,-5.499221324920654,ok,
COc1ccc(N2C(=O)C(=Cc3ccc(-c4ccc(Br)cc4)o3)SC2=S)cc1,O,CO1~O~C2(=O)C(=Cc3ccc(-c4ccc(Br)cc4)o3)SC(=S)N2c2ccc1cc2,-6.273221492767334,ok,
CC1=C(C#N)C(=O)N(CC(C)O)C(=O)/C1=C\c1ccc(-c2ccc(S(=O)(=O)Nc3nccs3)cc2)o1,O,CC1=C(C#N)C2(=O)~O~o3c(ccc3-c3ccc(S(=O)(=O)Nc4nccs4)cc3)/C=C/1C(=O)N2CC(C)O,-6.220354080200195,ok,
N#Cc1c(C=Cc2cccc([N+](=O)[O-])c2)nc2c(c1-c1ccc3c(c1)OCO3)C(=O)c1ccccc1-2,O,N#Cc1c2nc3c(c1-c1ccc4c(c1)OCO4~O~c1([N+](=O)[O-])cccc(c1)C=C2)C(=O)c1ccccc1-3,-5.3298726081848145,ok,
COC(=O)c1ccc(-c2ccc(C=C3SC(=S)N(Cc4ccccc4)C3=O)o2)cc1,O,CO1~O~C1(=O)c1ccc(-c2ccc(C=C3SC(=S)N(Cc4ccccc4)C3=O)o2)cc1,-5.722771644592285,ok,
N#Cc1cc2c(-c3ccc(F)cc3)c(N)n(O)c2cc1C#N,O,N#Cc1cc2c(-c3ccc(F)cc3)c3(N)~O~On3c2cc1C#N,-5.058966636657715,ok,
CC1=C(C#N)c2nc(N)c(C#N)c(C)c2C1=Cc1ccc(-c2cccc(C(=O)O)c2C)o1,O,CC1=C(C#N)c2nc(N)c(C#N)c(C)c2C1=Cc1ccc(-c2cccc(C3(=O)~O~O3)c2C)o1,-4.262209892272949,ok,
CCCN1C(=O)C(=Cc2ccc(-c3ccc(S(N)(=O)=O)cc3)o2)SC1=S,O,CCCN1C(=S)SC2=Cc3ccc(-c4ccc(S(N)(=O)=O)cc4)o3~O~C21=O,-6.006505966186523,ok,
CC[NH+](CC)Cc1c([O-])ccc2c1O/C(=C\c1ccc([N+](=O)[O-])cc1)C2=O,O,CC[NH+](CC)Cc1c2ccc3c1O/C(=C\c1ccc([N+](=O)[O-])(~O~[O-]2)cc1)C3=O,-4.603638172149658,ok,
Cc1nc2sc(C(=O)N3c4ccccc4Sc4ccccc43)c(N)c2c(C)c1CC(=O)c1ccc(Br)cc1,O,Cc1nc2sc3c(c2c(C)c1CC(=O)c1ccc(Br)cc1)N~O~C3(=O)N1c2ccccc2Sc2ccccc21,-5.377633094787598,ok,
CC(C)(C)C1CCc2c(sc(N=Cc3ccc([N+](=O)[O-])s3)c2C#N)C1,O,CC(C)(C)C1CCc2c(sc(N=Cc3ccc4(~O~O=[N+]4[O-])s3)c2C#N)C1,,failed,Featurization failed: RDKit could not parse Smiles_Merged
CCC1CCCCN1c1ccc([N+](=O)[O-])cc1/C=N/c1ccc2c(c1)oc1ccccc12,O,CCC1CCCCN1c1ccc2([N+](=O)[O-])~O~o3c4ccccc4c4ccc(cc43)/N=C/c1c2,-6.351873397827148,ok,
CSc1ccc(/C=C2\CC/C(=C\c3ccc(SC)cc3)C2=O)cc1,O,CSc1ccc(/C=C2\CC/C(=C\c3ccc(SC)cc3)C23~O~O=3)cc1,-3.7604968547821045,ok,
O=C1C(=Cc2ccc(-c3ccccc3[N+](=O)[O-])o2)CCc2ccccc21,O,O=C1C(=Cc2ccc3o2~O~c2([N+](=O)[O-])ccccc2-3)CCc2ccccc21,-6.101663589477539,ok,
CN1C2CCC1C(=Cc1cc(Br)cs1)C(=O)C2=Cc1cc(Br)cs1,O,CN12~O~C3(=O)C(=Cc4cc(Br)cs4)C1CCC2C3=Cc1cc(Br)cs1,-7.02723503112793,ok,
CC1=C(C#N)c2nc(N)c(C#N)c(C)c2C1=Cc1ccc(C)s1,O,CC1=C(C#N)c2nc3(~O~N3)c(C#N)c(C)c2C1=Cc1ccc(C)s1,,failed,Featurization failed: RDKit could not parse Smiles_Merged
CCN1C(=O)/C(=C\C=C2/Sc3c(ccc4ccccc34)N2CC)SC1=S,O,CCN1C(=S)S/C2=C/C=C3\Sc4c(ccc5ccccc45)N3(CC)~O~C21=O,-6.076043605804443,ok,
CCN(CCO)c1ccc(/N=N/c2ncc([N+](=O)[O-])s2)c(C)c1,O,CCN1CCO~O~c2([N+](=O)[O-])cnc(s2)/N=N/c2ccc1cc2C,-2.595217227935791,ok,
COCCN1C(=O)/C(=C/c2ccc(-c3cccc(Cl)c3)o2)SC1=S,O,COCCN1C(=S)S/C2=C\c3ccc(-c4cccc(Cl)c4)o3~O~C21=O,-7.375863552093506,ok,
Cc1ccc(N2C(=O)C(=Cc3ccc(-c4ccc(S(N)(=O)=O)cc4)o3)SC2=S)cc1,O,Cc1ccc(N2C(=S)SC3=Cc4ccc(-c5ccc(S(N)(=O)=O)cc5)o4~O~C32=O)cc1,-5.8574371337890625,ok,
C=Cc1cc2c3c(c(Br)cc4c3c1C(=O)N(CC(CC)CCCC)C4=O)C(=O)N(CC(CC)CCCC)C2=O,O,C=Cc1cc2c3c4c(Br)cc5c3c1C(=O)N(CC(CC)CCCC)(~O~C4(=O)N(CC(CC)CCCC)C2=O)C5=O,-6.5386457443237305,ok,
CS(=O)(=O)N1CCN(c2ccc(NC(=O)c3ccc(-c4cccc([N+](=O)[O-])c4)o3)cc2)CC1,O,CS(=O)(=O)N1CCN(c2ccc(NC3(=O)~O~o4c(-c5cccc([N+](=O)[O-])c5)ccc43)cc2)CC1,-5.193820953369141,ok,
CC1CCCC[NH+]1Cc1c([O-])ccc2c1O/C(=C\c1cccs1)C2=O,O,CC1CCCC[NH+]1Cc1c2ccc3c1O/C(=C\c1cccs1)C3(=O)~O~[O-]2,-3.6406710147857666,ok,
O=C1[C]2[C]([C]3[C]=[C][C]2C3=C2[C][C][C][C][C]2)C(=O)N1[C]c1ccccc1,O,O=C1[C]2[C]3[C]=[C][C]([C]2C2(~O~O=2)N1[C]c1ccccc1)C3=C1[C][C][C][C][C]1,-2.817660093307495,ok,
O=C1C(=Cc2ccc(-c3ccc([N+](=O)[O-])cc3)o2)SC(=S)N1c1ccc(O)cc1,O,O=[N+]([O-])c1ccc(-c2ccc(C=C3SC(=S)N4c5ccc(cc5)O~O~C34=O)o2)cc1,-5.571311950683594,ok,
CCOC(=O)c1ccc(-c2ccc(C=CC(=O)c3ccc(N4CCOCC4)cc3)o2)cc1,O,CCO1~O~C1(=O)c1ccc(-c2ccc(C=CC(=O)c3ccc(N4CCOCC4)cc3)o2)cc1,-5.1828718185424805,ok,
COc1ccc(OC)c(N2C(=O)/C(=C\c3cc4c5c(c3)CCCN5CCC4)C(=O)N=C2S)c1,O,COc1ccc2cc1N1C(=O)/C(=C\c3cc4c5c(c3)CCCN5CCC4)C(=O)(~O~O2C)N=C1S,-5.410158157348633,ok,
CCCNC(=S)Nc1ccc2nc3c4ccccc4c4ccccc4c3nc2c1,O,CCCN1~O~C1(=S)Nc1ccc2nc3c4ccccc4c4ccccc4c3nc2c1,-5.684566497802734,ok,
O=[N+]([O-])c1c(NCc2ccccc2)cc(NC2CCCCC2)c2nonc12,O,O=[N+]([O-])c12~O~N(C3CCCCC3)c(cc1NCc1ccccc1)c1nonc12,-5.176079750061035,ok,
Nc1c(C(=O)NC2CCCCC2)c2nc3ccccc3nc2n1/N=C/c1cccc([N+](=O)[O-])c1,O,O=C(NC1CCCCC1)c1c2n(c3nc4ccccc4nc13)/N=C/c1cccc([N+](=O)[O-])(~O~N2)c1,-3.441298723220825,ok,
COc1ccc2c3c(cccc13)OC(=[N+](C)C)C=C2,O,C[N+](C)=C12~O~O(C)c3ccc(c4c(cccc34)O1)C=C2,-5.018187522888184,ok,
Clc1ccc(C=C2CCC(C=NN3CCN(c4ccccn4)CC3)=C2N2CCOCC2)c(Cl)c1,O,Clc1ccc(C=C2CCC3=C2N2CCO(~O~c4(ccccn4)N4CCN(CC4)N=C3)CC2)c(Cl)c1,,failed,Featurization failed: RDKit could not parse Smiles_Merged
COc1ccccc1N1CCN(c2cc3c4c(cccc4n2)C(=O)c2ccccc2-3)CC1,O,CO1~O~C2(=O)c3ccccc3-c3cc(nc4cccc2c34)N2CCN(CC2)c2ccccc21,-3.599541425704956,ok,
c1cc2nsnc2c2c1Nc1nc3nsnc3nc1N2,O,c1cc2nsnc2c2c1N1~O~c34nsnc3nc1c(n4)N2,-5.8051300048828125,ok,
CN(C)c1ccc(/C=C2\C(=O)c3ccccc3S(=O)(=O)N2Cc2ccccc2)cc1,O,CN1(C)~O~S2(=O)(=O)c3ccccc3C(=O)/C(=C\c3ccc1cc3)N2Cc1ccccc1,-5.522121429443359,ok,
O=C1C(=CC=Cc2ccc3c(c2)OCO3)SC(=S)N1c1ccc([N+](=O)[O-])cc1,O,O=[N+]([O-])c1ccc(N2C(=S)SC3=CC=Cc4ccc5c(c4)OCO5~O~C32=O)cc1,-5.387667655944824,ok,
O=C1c2ccccc2C(=O)c2c1cc(Nc1ccccc1)c1nsnc21,O,O=C1c2ccccc2C2(=O)~O~N(c3ccccc3)c3cc1c2c1nsnc31,-5.918195724487305,ok,
O=C1N=C(N2CCN(c3cccc(Cl)c3)CC2)S/C1=C/c1ccc(-c2ccc(Cl)cc2Cl)o1,O,O=C12~O~o3c(ccc3-c3ccc(Cl)cc3Cl)/C=C\1SC(N1CCN(c3cccc(Cl)c3)CC1)=N2,-5.583026885986328,ok,
CCCCCCOc1ccc(N2C(=O)/C(=C/c3ccc(N(C)C)cc3)N=C2c2ccccc2F)cc1,O,CCCCCCO1~O~C2(=O)/C(=C/c3ccc(N(C)C)cc3)N=C(c3ccccc3F)N2c2ccc1cc2,-5.213146686553955,ok,
O=C1C2=[N+]([O-])C3CCCCC3[N+]([O-])=C2c2ccccc21,O,O=C1c2ccccc2C2=[N+]3[O-]~O~C12=[N+]([O-])C1CCCCC13,-3.380495309829712,ok,
Cc1cccc(N2C(=O)NC(=O)/C(=C/C=C/c3ccc(N(C)C)cc3)C2=O)c1,O,Cc1cccc(N2C(=O)/C3=C\C=C\c4ccc(cc4)N(C)(C)~O~C2(=O)NC3=O)c1,-5.49423885345459,ok,
COc1ccc(NC(=O)c2ccc3c(c2SCCO)C(=O)c2ccccc2C3=O)cc1,O,CO1~O~C(=O)(c2ccc3c(c2SCCO)C(=O)c2ccccc2C3=O)Nc2ccc1cc2,-6.678963661193848,ok,
COc1ccc(S(=O)(=O)Nc2ccc(N3CCCCC3)c3nonc23)cc1,O,CO1~O~S(=O)(=O)(Nc2ccc(N3CCCCC3)c3nonc23)c2ccc1cc2,-5.281597137451172,ok,
CCCCCCN1C=CC(=CC=C(C#N)C(=O)OCC)c2ccccc21,O,CCCCCCN1C=CC(=CC=C(C#N)C2(=O)~O~O2CC)c2ccccc21,-6.206547260284424,ok,
Cc1cccc(N2C(=O)/C(=C\C=C\c3ccc(N(C)C)cc3)C(=O)N=C2O)c1,O,Cc1cccc(N2C(=O)/C(=C\C=C\c3ccc(N(C)C)cc3)C(=O)N=C23~O~O3)c1,-3.3232924938201904,ok,
CCN1C(=O)/C(=C/C=C2\N(CC)c3ccc(-c4ccccc4)cc3C2(C)C)S/C1=N\c1ccc(Br)cc1,O,CCN1/C(=N/c2ccc(Br)cc2)SC2=CC=C3C(C)(C)c4cc(-c5ccccc5)ccc4N3(CC)~O~C21=O,-5.8444061279296875,ok,
CN(C)c1ccc(/C=C/C=C2\C(=O)NC(=O)N(c3ccc(Br)cc3)C2=O)cc1,O,CN1(C)~O~C2(=O)NC(=O)/C(=C\C=C\c3ccc1cc3)C(=O)N2c1ccc(Br)cc1,-5.7467265129089355,ok,
COC(=O)CN1C(=S)N(C)C(=O)/C1=C/c1ccc(-c2ccc([N+](=O)[O-])cc2)o1,O,CN1C(=O)/C(=C/c2ccc(-c3ccc([N+](=O)[O-])cc3)o2)N(CC2(=O)~O~O2C)C1=S,-5.336392879486084,ok,
CN(c1ccccc1)c1ccc(/C=C2/SC(=S)N(c3cccc([N+](=O)[O-])c3)C2=O)cc1,O,CN1(c2ccccc2)~O~c2([N+](=O)[O-])cccc(c2)N2C(=O)/C(=C\c3ccc1cc3)SC2=S,-5.937567710876465,ok,
Clc1ccc(-c2nn3c4cc(N5CCCC5)ccc4nc3c3ccccc23)cc1,O,Clc1ccc(-c2nn3c4cc5ccc4nc3(~O~N53CCCC3)c3ccccc23)cc1,-5.751553058624268,ok,
CSc1ccc(/C=C2\CCC/C(=C\c3ccc(SC)cc3)C2=O)cc1,O,CSc1ccc(/C=C2\CCC/C(=C\c3ccc(SC)cc3)C23~O~O=3)cc1,-3.9295754432678223,ok,
COc1ccc(NC2=NC(=O)C(=CC=Cc3ccco3)S2)cc1,O,CO1~O~C2(=O)N=C(Nc3ccc1cc3)SC2=CC=Cc1ccco1,-5.473836898803711,ok,
O=C1/C(=C\c2ccc(N3CCOCC3)s2)N(CCO)S(=O)(=O)c2ccccc21,O,O=C1/C(=C\c2ccc(N3CCOCC3)s2)N2CCO~O~S2(=O)(=O)c2ccccc21,-4.102177619934082,ok,
O=C1/C(=C/C=C/c2ccc([N+](=O)[O-])cc2)SC(=S)N1c1ccccc1Cl,O,O=[N+]([O-])c1ccc(/C=C/C=C2\SC(=S)N(c3ccccc3Cl)C23~O~O=3)cc1,-5.12601375579834,ok,
CCOc1ccc(Cl)cc1/C=C1/C(C)=C(C#N)c2nc(N)c(C#N)c(C)c21,O,CCO1~O~c2(N)nc3c(c(C)c2C#N)/C(=C\c2cc(Cl)ccc21)C(C)=C3C#N,-6.62526273727417,ok,
O=[N+]([O-])c1ccc(-c2nc3sccn3c2NC2CCCCC2)o1,O,O=[N+]([O-])c12~O~o1c(-c1nc3sccn3c1NC1CCCCC1)cc2,-5.574599742889404,ok,
CCc1ccc(/N=C2\S/C(=C/c3ccc(-c4cccc([N+](=O)[O-])c4)o3)C(=O)N2C2CCCCC2)cc1,O,CCc1ccc(/N=C2\S/C(=C/c3ccc4o3~O~c3([N+](=O)[O-])cccc-4c3)C(=O)N2C2CCCCC2)cc1,-7.240302085876465,ok,
CCN1C=Cc2ccc(C)cc2/C1=C\C1=C/C(=C/c2sc3ccccc3[n+]2CC)CC(C)(C)C1,O,CC[n+]1c2ccccc2sc12~O~N1(CC)C=Cc3ccc(C)cc3/C1=C\C1=C/C(=C/2)CC(C)(C)C1,,failed,Featurization failed: RDKit could not parse Smiles_Merged
CCCCOc1ccc2c3c(cccc13)C(C)=[N+]2CCCC,O,CCCC[N+]1=C(C)c2cccc3c4ccc1(~O~O4CCCC)c23,-6.367407321929932,ok,
O=C1/C(=C/c2ccc([N+](=O)[O-])cc2)C=C(c2ccccc2)N1c1ccc(F)cc1,O,O=C1/C2=C/c3ccc([N+](=O)[O-])(~O~N1(c1ccc(F)cc1)C(c1ccccc1)=C2)cc3,-4.693212032318115,ok,
CCN(CC)c1ccc2c(-c3ccc(S(=O)(=O)O)cc3S(=O)(=O)[O-])c3ccc(N(CC)CC)cc3[o+]c2c1,O,CCN(CC)c1ccc2c3c4ccc(N(CC)CC)cc4(~O~[O-]S(=O)(=O)c4cc(S(=O)(=O)O)ccc4-3)[o+]c2c1,-9.309575080871582,ok,
CCOc1ccc(N2C(=O)C(=Cc3ccc(-c4ccc([N+](=O)[O-])cc4OC)o3)C(=O)NC2=S)cc1,O,CCOc1ccc(N2C(=O)C(=Cc3ccc(-c4ccc5([N+](=O)[O-])~O~O(C)c4c5)o3)C(=O)NC2=S)cc1,-6.009001731872559,ok,
COCCN1C(=O)C(=Cc2ccc(-c3cccc(C(=O)O)c3)o2)NC1=S,O,COCCN1C(=O)C(=Cc2ccc(-c3cccc(C4(=O)~O~O4)c3)o2)NC1=S,-4.606477737426758,ok,
O=[N+]([O-])c1ccc2c(c1)C=Cc1ccccc1S2,O,[O-][N+]1=O~O~c12ccc1c(c2)C=Cc2ccccc2S1,,failed,Featurization failed: RDKit could not parse Smiles_Merged
CCN1C(=O)C(=Cc2ccc(N(CC)CC)o2)C(=O)N(CC)C1=S,O,CCN1C(=O)C2=Cc3ccc(N(CC)CC)o3~O~C2(=O)N(CC)C1=S,-5.288112640380859,ok,
Cc1ccc(C)c(/N=C/c2ccc([N+](=O)[O-])s2)c1,O,Cc1ccc(C)c(/N=C/c2ccc3(~O~O=[N+]3[O-])s2)c1,,failed,Featurization failed: RDKit could not parse Smiles_Merged
CCOC(=O)COc1ccc(Br)cc1/C=C1/C(C)=C(C#N)c2nc(N)c(C#N)c(C)c21,O,CCOC1(=O)~O~O(c2ccc(Br)cc2/C=C2/C(C)=C(C#N)c3nc(N)c(C#N)c(C)c32)C1,-4.927158355712891,ok,
CN1C=C/C(=C\c2cc[n+](C)c3ccccc23)c2ccccc21,O,C[n+]1ccc2c3ccccc31~O~N1(C)C=C/C(=C\2)c2ccccc21,-5.917516708374023,ok,
CCN1C=CC=C/C1=C\c1ccc2cc(C)ccc2[n+]1C,O,CCN12~O~c34ccc(C)cc3ccc([n+]4C)/C=C/1C=CC=C2,-5.271170139312744,ok,
CCN(CC)c1ccc(N2C(=O)/C(=C\c3ccco3)SC2=S)cc1,O,CCN(CC)c1ccc(N2C(=S)S/C3=C/c4ccco4~O~C32=O)cc1,-6.789429664611816,ok,
CCCN(CCC)c1ccc(/C=C2\N=C(c3ccccc3Cl)OC2=O)cc1,O,CCCN(CCC)c1ccc(/C=C2\N=C(c3ccccc3Cl)O3~O~C23=O)cc1,-5.197614669799805,ok,
Cc1ccc(Nc2cc(N(C)CCO)c3noc4c3c2C(=O)c2ccccc2-4)cc1,O,Cc1ccc(Nc2cc3c4noc5c4c2C(=O)(~O~OCCN3C)c2ccccc2-5)cc1,-3.8055033683776855,ok,
CCOC(=O)c1ccc(-c2ccc(C=CC(=O)c3cccc(N4CCOCC4)c3)o2)cc1,O,CCO1~O~C1(=O)c1ccc(-c2ccc(C=CC(=O)c3cccc(N4CCOCC4)c3)o2)cc1,-5.151177406311035,ok,
NC(=S)NN=CC1=C(N2CCOCC2)C(=Cc2cccc([N+](=O)[O-])c2)CC1,O,NC(=S)NN=CC1=C2C(=Cc3cccc([N+](=O)[O-])(~O~O4CCN2CC4)c3)CC1,-4.779054641723633,ok,
CCN1C(=CC=C2SC(=S)N(c3ccccc3)C2=O)SC(c2ccccc2)=C1c1ccccc1,O,CCN12~O~C3(=O)C(=CC=C1SC(c1ccccc1)=C2c1ccccc1)SC(=S)N3c1ccccc1,-6.268178939819336,ok,
N#C/C(=C\c1ccc(N2CCCC2)o1)c1ccc(F)cc1,O,N#C/C(=C\c1ccc2(N3CCCC3)~O~o12)c1ccc(F)cc1,-6.17576789855957,ok,
Cc1cc(/C=C2\SC(=S)NC2=O)c(C)n1-c1ccc(N(C)C)cc1,O,Cc1cc2c(C)n1-c1ccc(cc1)N(C)(C)~O~C1(=O)NC(=S)S/C1=C\2,-6.261662483215332,ok,
O=C1c2ccccc2-c2onc3c(N4CCN(C5CCCCC5)CC4)cc(N4CCc5ccccc54)c1c23,O,O=C12~O~N3(CCN(C4CCCCC4)CC3)c3cc(N4CCc5ccccc54)c1c1c(onc31)-c1ccccc12,-4.340052604675293,ok,
CC(C)N(c1ccccc1)c1ccc(NC(=O)c2ccc(F)cc2F)cc1,O,CC(C)N1(c2ccccc2)~O~C(=O)(c2ccc(F)cc2F)Nc2ccc1cc2,-5.840787410736084,ok,
O=C1[C]2[C]([C]3[C]=[C][C]2C3=C2[C][C][C][C][C]2)C(=O)N1c1ccc(Cl)c([N+](=O)[O-])c1,O,O=C1[C]2[C]([C]3[C]=[C][C]2C3=C2[C][C][C][C][C]2)C2=O~O~c3([N+](=O)[O-])cc(ccc3Cl)N12,-3.376398801803589,ok,
CN(C)c1ccc(C=C2CCc3c2nc2ccccc2c3C(=O)OCC(=O)NC2CC2)cc1,O,CN(C)c1ccc(C=C2CCc3c2nc2ccccc2c3C2(=O)~O~O2CC(=O)NC2CC2)cc1,-5.0352373123168945,ok,
O=C1NC(=S)N/C1=C\c1ccc(-c2ccc([N+](=O)[O-])cc2)o1,O,O=[N+]([O-])c1ccc(-c2ccc3o2~O~C2(=O)NC(=S)N/C2=C\3)cc1,-6.436154365539551,ok,
Cc1cc([O-])c(C[NH+]2CCCCC2C)c2c1C(=O)/C(=C/c1cc3ccccc3o1)O2,O,Cc1cc2c(C[NH+]3CCCCC3C)c3c1C(=O)(~O~[O-]2)/C(=C/c1cc2ccccc2o1)O3,-3.2868194580078125,ok,
CCOc1ccc(N2C(=O)/C(=C/c3ccc(-c4ccc([N+](=O)[O-])cc4)o3)C(=O)NC2=S)cc1,O,CCO1~O~C2(=O)/C(=C/c3ccc(-c4ccc([N+](=O)[O-])cc4)o3)C(=O)NC(=S)N2c2ccc1cc2,-6.280239105224609,ok,
CC1=C(C#N)c2nc(N)c(C#N)c(C)c2/C1=C\c1ccc(Sc2ccccc2)o1,O,CC1=C(C#N)c2nc(N)c(C#N)c(C)c2/C1=C\c1ccc2(Sc3ccccc3)~O~o12,-5.733880043029785,ok,
[K+].F[B-](F)(F)c1ccccc1C(F)(F)F,O,F[B-](F)(F~O~[K+])c1ccccc1C(F)(F)F,-3.3583052158355713,ok,
CC1CCCN(c2cc(NC(C)C)c3c4c(onc24)-c2ccccc2C3=O)C1,O,CC1CCCN(c2cc3c4c5c(onc25)-c2ccccc2C4(=O)~O~N3C(C)C)C1,-4.565537452697754,ok,
CN1C(=O)C(=Cc2ccc(-c3cccc([N+](=O)[O-])c3)o2)SC1=S,O,CN1C(=O)C(=Cc2ccc3o2~O~c2([N+](=O)[O-])cccc-3c2)SC1=S,-6.467996597290039,ok,
[C]c1cc([C]=C2C(=O)N([C])C(=S)N([C])C2=O)c([C])n1-c1ccc(C23[C][C]4[C][C]([C][C]([C]4)[C]2)[C]3)cc1,O,[C]c1cc2c([C])n1(-c1ccc(C34[C][C]5[C][C]([C][C]([C]5)[C]3)[C]4)cc1)~O~C1(=O)C(=[C]2)C(=O)N([C])C(=S)N1[C],-5.444639682769775,ok,
N=C1S/C(=C\c2ccc(-c3ccc([N+](=O)[O-])cc3)o2)C(=O)N1c1ccc2c(c1)OCO2,O,N=C1S/C2=C\c3ccc(-c4ccc([N+](=O)[O-])cc4)o3~O~C2(=O)N1c1ccc2c(c1)OCO2,-5.972892761230469,ok,
CCCCCCCCc1ccc(-c2ccc(C(=O)Nc3ccc(NCCCCCCC)c4c3C(=O)c3ccccc3C4=O)cc2)cc1,O,CCCCCCCCc1ccc(-c2ccc(C3(=O)~O~N(CCCCCCC)c4ccc(c5c4C(=O)c4ccccc4C5=O)N3)cc2)cc1,-6.605347633361816,ok,
COCCCNc1cc(Br)c(N)c2c1C(=O)c1ccccc1C2=O,O,COCCCNc1cc(Br)c2c3c1C(=O)c1ccccc1C3(=O)~O~N2,-5.703560829162598,ok,
CCCCOC(=O)c1ccc(/N=C2\C=C(N3CC[NH+](c4ccccc4)CC3)C(=O)c3cccc([O-])c32)cc1,O,CCCCOC1(=O)~O~[O-]c2cccc3c2/C(=N/c2ccc1cc2)C=C(N1CC[NH+](c2ccccc2)CC1)C3=O,-3.788011074066162,ok,
O=C1NC(=S)SC1=C1C=C(c2ccccc2)OC(c2ccccc2)=C1,O,O=C12~O~O3C(c4ccccc4)=CC(=C1SC(=S)N2)C=C3c1ccccc1,-6.233685493469238,ok,
O=C1/C(=C/C=C2/Sc3c(ccc4ccccc34)N2CCO)SC(=S)N1c1ccccc1,O,O=C12~O~OCCN3/C(=C\C=C\1SC(=S)N2c1ccccc1)Sc1c3ccc2ccccc12,-4.400468826293945,ok,
CN(c1ccccc1)c1ccc(/C=C2/SC(=S)N(c3ccc([N+](=O)[O-])cc3)C2=O)cc1,O,CN1(c2ccccc2)~O~C2(=O)/C(=C\c3ccc1cc3)SC(=S)N2c1ccc([N+](=O)[O-])cc1,-5.779712677001953,ok,
N#CC(C#N)=C1NC2(CCCC2)Cc2ccccc21,O,N#CC1(C#N)~O~N2C=1c1ccccc1CC21CCCC1,-5.799808025360107,ok,
CCN1C(=O)/C(=C/c2ccc(-c3cccc(C(=O)O)c3)o2)N(CC)C1=S,O,CCN1C(=O)/C(=C/c2ccc(-c3cccc(C4(=O)~O~O4)c3)o2)N(CC)C1=S,-4.568058013916016,ok,
Cc1ccc2c(ccc(C=Cc3ccc(N(C)C)cc3)[n+]2C)c1,O,Cc1ccc23~O~N(C)(C)c4ccc(cc4)C=Cc(ccc2c1)[n+]3C,-6.375166893005371,ok,
[C]N([C])C(N1C(=O)[C]2[C]3[C][C]([C]=[C]3)[C]2C1=O)=[N+]([C])[C],O,[C]N([C])C1(=[N+]([C])[C])~O~O=C2[C]3[C]4[C][C]([C]=[C]4)[C]3C(=O)N21,-3.2456459999084473,ok,
Cc1cccc(Nc2ccc(Nc3cccc(C)c3C)c3c2C(=O)c2ccccc2C3=O)c1C,O,Cc1cccc(Nc2ccc3c4c2C(=O)c2ccccc2C4(=O)~O~N3c2cccc(C)c2C)c1C,-6.287693500518799,ok,
CCCCN1C=C/C(=C/c2ccc3ccccc3[n+]2CC)c2cc(C)ccc21,O,CCCCN12~O~c34ccccc3ccc([n+]4CC)/C=C(/C=C1)c1cc(C)ccc12,-6.745558738708496,ok,
CCN(CC)c1ccc(NC2=CC(=O)c3ccccc3C2=O)cc1,O,CCN1(CC)~O~C2(=O)C(=CC(=O)c3ccccc32)Nc2ccc1cc2,-5.95475959777832,ok,
Cc1ccc(N2C(=O)C(=Cc3ccc(-c4cccc(C(=O)O)c4)o3)SC2=S)cc1,O,Cc1ccc(N2C(=O)C(=Cc3ccc(-c4cccc(C5(=O)~O~O5)c4)o3)SC2=S)cc1,-4.467469215393066,ok,
N#C/C(=C\c1ccc([N+](=O)[O-])cc1)c1nc(-c2ccc(-c3ccc(Cl)cc3)o2)cs1,O,N#C/C1=C\c2ccc([N+](=O)[O-])(~O~o3c(-c4ccc(Cl)cc4)ccc3-c3csc1n3)cc2,-6.738361835479736,ok,
COc1ccc(C2=CC(=Cc3ccc([N+](=O)[O-])o3)C(=O)O2)cc1,O,CO1~O~c2([N+](=O)[O-])ccc(o2)C=C2C=C(OC2=O)c2ccc1cc2,-5.057075023651123,ok,
COCCN1C(=O)C(=CC2=Cc3ccccc3OC2C)SC1=S,O,COCCN1C(=S)SC2=CC3=Cc4ccccc4O(~O~C21=O)C3C,-6.352185249328613,ok,
COc1cc(N2CCCC2)c(OC)cc1C=C1C(=O)c2ccccc2C1=O,O,COc1cc2c(cc1N1CCCC1)O(C)~O~C1(=O)C(=C2)C(=O)c2ccccc21,-5.623927593231201,ok,
O=[N+]([O-])c1cccc(C=NN(c2ccccc2)c2ccccc2)c1,O,[O-][N+]1=O~O~c12cccc(C=NN(c1ccccc1)c1ccccc1)c2,,failed,Featurization failed: RDKit could not parse Smiles_Merged
Cc1cc([O-])c(C[NH+]2CCCCC2)c2c1C(=O)/C(=C/c1cc3ccccc3o1)O2,O,Cc1cc2c(C[NH+]3CCCCC3)c3c1C(=O)(~O~[O-]2)/C(=C/c1cc2ccccc2o1)O3,-3.1555440425872803,ok,
Cc1ccc(Nc2cc(N3CCC(C)CC3)c3noc4c3c2C(=O)c2ccccc2-4)cc1,O,Cc1ccc(Nc2cc3c4noc5c4c2C(=O)(~O~N32CCC(C)CC2)c2ccccc2-5)cc1,-5.751516342163086,ok,
O=C(CN1C(=O)/C(=C/C=C/c2ccccc2)SC1=S)N1CCN(c2ccccc2)CC1,O,O=C1CN2C(=S)S/C(=C\C=C\c3ccccc3)C2(=O)~O~N2(c3ccccc3)CCN1CC2,-4.9203691482543945,ok,
Cc1ccc(C2=C/C(=C\c3ccc(-c4cc([N+](=O)[O-])ccc4Cl)o3)C(=O)O2)cc1,O,Cc1ccc(C2=C/C3=C\c4ccc(-c5cc([N+](=O)[O-])ccc5Cl)o4~O~C3(=O)O2)cc1,-5.9268293380737305,ok,
NC(=O)COC(=O)c1c2c(nc3ccccc13)C(=Cc1ccc([N+](=O)[O-])cc1)CCC2,O,NC(=O)CO1~O~C1(=O)c1c2c(nc3ccccc13)C(=Cc1ccc([N+](=O)[O-])cc1)CCC2,-4.301601886749268,ok,
CCN1CCN(c2cc(Nc3ccc(N(C)C)cc3)c3c4c(onc24)-c2ccccc2C3=O)CC1,O,CCN1CCN(c2cc3c4c5c(onc25)-c2ccccc2C4(=O)~O~N(C)(C)c2ccc(cc2)N3)CC1,-4.533216953277588,ok,
CCN(CC)c1ccc(/C=N/c2ccc(/N=N/c3ccccc3)cc2)cc1,O,CCN1(CC)~O~c2(/N=N/c3ccccc3)ccc(cc2)/N=C/c2ccc1cc2,-4.886076927185059,ok,
NC(=C\c1sc2ccccc2[n+]1CCCS(=O)(=O)[O-])/C=C1\Sc2ccccc2N1CCCS(=O)(=O)[O-],O,NC1=C\c2(~O~[O-]S(=O)(=O)CCCN3/C(=C/1)Sc1ccccc13)sc1ccccc1[n+]2CCCS(=O)(=O)[O-],,failed,Featurization failed: RDKit could not parse Smiles_Merged
C=CCN1C(=O)SC(=CC=Cc2ccc(N(C)C)cc2)C1=O,O,C=CCN1C(=O)C2=CC=Cc3ccc(cc3)N(C)(C)~O~C1(=O)S2,-4.789336204528809,ok,
CC1CCc2cccc3c2N1c1cc(C#N)c(C#N)cc1O3,O,CC1CCc2cccc3c2N1c1cc(C#N)c(C#N)cc12~O~O32,-6.00313663482666,ok,
O=C1c2ccccc2C(=O)c2c1cccc2-c1ccc(C=C2SC(=S)N(c3ccccc3)C2=O)o1,O,O=C1c2ccccc2C(=O)c2c1cccc2-c1ccc2o1~O~C1(=O)C(=C2)SC(=S)N1c1ccccc1,-6.790107727050781,ok,
CCC(=C\c1sc2ccc(C)cc2[n+]1CCCS(=O)(=O)[O-])/C=C1/Sc2ccc(C)cc2N1CCO,O,CCC(=C\c12~O~[O-]S(=O)(=O)CCC[n+]1c1cc(C)ccc1s2)/C=C1/Sc2ccc(C)cc2N1CCO,-3.741658926010132,ok,
CC[n+]1c(/C=C/c2cc(C#N)n3c2sc2ccccc23)sc2ccccc21,O,CC[n+]1c2ccccc2sc12~O~n13c(C#N)cc(c1sc1ccccc13)/C=C/2,,failed,Featurization failed: RDKit could not parse Smiles_Merged
O=C(O)c1ccc(Nc2cc(N3CCOCC3)c3noc4c3c2C(=O)c2ccccc2-4)cc1,O,O=C1c2ccccc2-c2onc3c(N4CCOCC4)cc(Nc4ccc(C5(=O)~O~O5)cc4)c1c23,-4.424788951873779,ok,
Cc1ccc(C)c(N2C(=O)C(=Cc3ccc(-c4ccc(Cl)c(Cl)c4)o3)C=C2c2ccccc2)c1,O,Cc1ccc(C)c(N2C(c3ccccc3)=CC3=Cc4ccc(-c5ccc(Cl)c(Cl)c5)o4~O~C32=O)c1,-6.798331260681152,ok,
CN(C)c1ccc(C(=O)Nc2ccc3nc(NS(=O)(=O)c4ccccc4)sc3c2)cc1,O,CN1(C)~O~S(=O)(=O)(c2ccccc2)Nc2nc3ccc(cc3s2)NC(=O)c2ccc1cc2,-6.590459823608398,ok,
CN(C)c1cc(NCc2ccco2)c2c3c(onc13)-c1ccccc1C2=O,O,CN(C)c1cc2c3c4c(onc14)-c1ccccc1C3(=O)~O~o1cccc1CN2,-5.69644021987915,ok,
CN(c1ccccc1)c1ccc(C=NNC(=O)c2ccc([N+](=O)[O-])cc2)cc1,O,CN1(c2ccccc2)~O~C(=O)(c2ccc([N+](=O)[O-])cc2)NN=Cc2ccc1cc2,-4.925919055938721,ok,
Cc1cccc(N2CCN(C3=NC(=O)C(=Cc4ccc(-c5ccc(Cl)c(Cl)c5)o4)S3)CC2)c1,O,Cc1cccc(N2CCN(C3=NC4(=O)~O~o5c(ccc5-c5ccc(Cl)c(Cl)c5)C=C4S3)CC2)c1,-5.193563461303711,ok,
C=CCN1C(=S)SC(C)(C)C1/[N+]([O-])=C/C=C/c1ccc([N+](=O)[O-])o1,O,C=CCN1C(=S)SC(C)(C)C1/[N+]1=C/C=C/c2ccc([N+](=O)[O-])(~O~[O-]1)o2,-4.65908145904541,ok,
N#Cc1cc2c(cc1C#N)N(c1ccccc1)C(=O)c1ccccc1S2,O,N#Cc1cc2c(cc1C#N)N1(c3ccccc3)~O~C1(=O)c1ccccc1S2,-5.642637252807617,ok,
Cc1nc(-c2ccc(NC(=O)c3ccc(N(C)C)cc3)cc2)co1,O,Cc1nc2co1~O~C(=O)(c1ccc(N(C)C)cc1)Nc1ccc-2cc1,-5.500450611114502,ok,
Cc1ccc(Sc2cc(C#N)c(C#N)cc2N2CCOCC2)cc1,O,Cc1ccc(Sc2cc(C#N)c3cc2N2CCO(~O~C3#N)CC2)cc1,-5.633604049682617,ok,
O=C1OC(c2ccco2)=NC1=Cc1ccc(-c2ccc([N+](=O)[O-])cc2)o1,O,O=[N+]([O-])c1ccc(-c2ccc(C=C3N=C4OC3(=O)~O~o3cccc34)o2)cc1,-4.798132419586182,ok,
CCOCCCNc1cc(N(C)C)c2noc3c2c1C(=O)c1ccccc1-3,O,CCOCCCN1~O~C2(=O)c3ccccc3-c3onc4c(N(C)C)cc1c2c34,-5.124058723449707,ok,
CCN1C(=CC(=O)c2ccc(S(=O)(=O)N3CCCCC3)cc2)C(C)(C)c2c1ccc1ccccc21,O,CCN12~O~S(=O)(=O)(N3CCCCC3)c3ccc(cc3)C(=O)C=C1C(C)(C)c1c2ccc2ccccc12,-5.806920528411865,ok,
COCCNc1cc(N2CCCCC2)c(N)c2c1C(=O)c1ccccc1C2=O,O,COCCNc1cc(N2CCCCC2)c2c3c1C(=O)c1ccccc1C3(=O)~O~N2,-5.245871543884277,ok,
CC(C)CN1C(=O)C(=CC2=Cc3ccccc3OC2C)SC1=S,O,CC(C)CN1C(=S)SC2=CC3=Cc4ccccc4O(~O~C21=O)C3C,-6.899406433105469,ok,
O=C1[C]2[C]([C]3[C]=[C][C]2C3=C2[C][C][C][C]2)C(=O)N1[C]c1ccccc1,O,O=C1[C]2[C]3[C]=[C][C]([C]2C2(~O~O=2)N1[C]c1ccccc1)C3=C1[C][C][C][C]1,-2.9876749515533447,ok,
CC[n+]1c(/C=C/c2ccc(N3CCCC3)cc2)cccc1/C=C/c1ccc(N2CCCC2)cc1,O,CC[n+]1c(/C=C/c2ccc(N3CCCC3)cc2)cccc12~O~N1(CCCC1)c1ccc(cc1)/C=C/2,,failed,Featurization failed: RDKit could not parse Smiles_Merged
O=C1/C(=C/c2ccc([N+](=O)[O-])cc2)CS(=O)(=O)C/C1=C\c1ccc([N+](=O)[O-])cc1,O,O=[N+]([O-])c1ccc(/C=C2\CS(=O)(=O)C/C3=C\c4ccc([N+](=O)[O-])(~O~O=C23)cc4)cc1,-4.579314231872559,ok,
Cc1ccc(N2CCN(C3=NC(=O)C(=Cc4ccc(-c5ccc(Cl)c(Cl)c5)o4)S3)CC2)cc1,O,Cc1ccc(N2CCN(C3=NC4(=O)~O~o5c(ccc5-c5ccc(Cl)c(Cl)c5)C=C4S3)CC2)cc1,-5.191439628601074,ok,
CCOC(=O)c1ccc(-c2ccc(C=C3C=C(c4ccccc4)N(c4ccc(C(=O)O)c(O)c4)C3=O)o2)cc1,O,CCOC(=O)c1ccc(-c2ccc(C=C3C=C(c4ccccc4)N(c4ccc5c(c4)O~O~C5(=O)O)C3=O)o2)cc1,-5.858728408813477,ok,
COC(=O)CN1C(=S)N(C)C(=O)C1=Cc1ccc(-c2ccc([N+](=O)[O-])cc2)o1,O,CN1C(=O)C(=Cc2ccc(-c3ccc([N+](=O)[O-])cc3)o2)N(CC2(=O)~O~O2C)C1=S,-5.359311580657959,ok,
CCCN1C(=O)/C(=C/c2ccc(-c3cccc(C(=O)O)c3)o2)NC1=S,O,CCCN1C(=O)/C(=C/c2ccc(-c3cccc(C4(=O)~O~O4)c3)o2)NC1=S,-4.8234710693359375,ok,
O=C1c2cc(Cl)c(Cl)cc2C(=O)N1c1ccc(-c2ccc([N+](=O)[O-])cc2)cc1,O,O=C1c2cc(Cl)c(Cl)cc2C2=O~O~c3([N+](=O)[O-])ccc(cc3)-c3ccc(cc3)N12,-6.143775939941406,ok,
CN(C)c1ccc(/C=C2\CC/C(=C\c3ccc(N(C)C)cc3)C2=O)cc1,O,CN(C)c1ccc(/C=C2\CC/C3=C\c4ccc(cc4)N(C)(C)~O~C23=O)cc1,-4.98383092880249,ok,
N#CC(C#N)=Cc1sc(Cl)cc1Cl,O,N#CC1(=Cc2sc(Cl)cc2Cl)~O~N#C1,-4.9316301345825195,ok,
O=C(/C=C/c1ccc(-c2ccc(Br)cc2)o1)c1ccc(-c2ccc([N+](=O)[O-])cc2)o1,O,O=C1/C=C/c2ccc(-c3ccc(Br)cc3)o2~O~c2([N+](=O)[O-])ccc(cc2)-c2ccc1o2,-5.947355270385742,ok,
COc1ccc(N2C(=O)C(=Cc3cc4c5c(c3)CCCN5CCC4)C(=O)N=C2S)cc1,O,CO1~O~C2(=O)N=C(S)N(C(=O)C2=Cc2cc3c4c(c2)CCCN4CCC3)c2ccc1cc2,-5.223975658416748,ok,
CCN(CC)c1ccc(/C=C/C(=O)c2cccc([N+](=O)[O-])c2)cc1,O,CCN1(CC)~O~c2([N+](=O)[O-])cccc(c2)C(=O)/C=C/c2ccc1cc2,-5.356257915496826,ok,
CCOC(=O)c1ccc(-c2ccc(/C=C3/C=C(c4ccccc4)N(c4cccc(C)c4)C3=O)o2)cc1,O,CCO1~O~C1(=O)c1ccc(-c2ccc(/C=C3/C=C(c4ccccc4)N(c4cccc(C)c4)C3=O)o2)cc1,-5.147846221923828,ok,
COc1ccc2cc(/C=C(\C#N)c3nc(-c4ccc([N+](=O)[O-])cc4)cs3)c(Cl)nc2c1,O,CO1~O~c2([N+](=O)[O-])ccc(cc2)-c2csc(n2)/C(C#N)=C/c2cc3ccc1cc3nc2Cl,-6.089448928833008,ok,
CN1CCCc2cc(/C=C3\C(=O)c4ccccc4S(=O)(=O)N3CCO)ccc21,O,CN1CCCc2cc(/C=C3\C(=O)c4ccccc4S4(=O)(=O)~O~OCCN34)ccc21,-3.7473742961883545,ok,
O=C(O)c1ccc(N2C(=O)C(=CC=Cc3ccco3)SC2=S)cc1,O,O=C1C(=CC=Cc2ccco2)SC(=S)N1c1ccc(C2(=O)~O~O2)cc1,-4.296292304992676,ok,
CCOC(=O)c1ccc(-c2ccc(/C=C3\C=C(c4ccccc4)N(c4ccc(F)c(C)c4)C3=O)o2)cc1,O,CCO1~O~C1(=O)c1ccc(-c2ccc(/C=C3\C=C(c4ccccc4)N(c4ccc(F)c(C)c4)C3=O)o2)cc1,-5.269497871398926,ok,
N#Cc1c2c(n3cc4ccccc4cc13)C(=O)c1ccccc1C2=O,O,N#Cc1c2c3n4(~O~C3(=O)c3ccccc3C2=O)cc2ccccc2cc14,-5.511969566345215,ok,
CCC1CCCCN1C(=O)c1ccc2c(c1NCCO)C(=O)c1ccccc1C2=O,O,CCC1CCCCN1C1(=O)~O~OCCNc2c1ccc1c2C(=O)c2ccccc2C1=O,-5.159918785095215,ok,
CC1=C(C#N)c2nc(N)c(C#N)c(C)c2C1=Cc1cn(Cc2cccc(C)c2)c2ccccc12,O,CC1=C(C#N)c2nc3(~O~N3)c(C#N)c(C)c2C1=Cc1cn(Cc2cccc(C)c2)c2ccccc12,,failed,Featurization failed: RDKit could not parse Smiles_Merged
CCOc1ccc(N2C(=O)C(=Cc3ccc(-c4cccc(Cl)c4)o3)SC2=S)cc1,O,CCO1~O~C2(=O)C(=Cc3ccc(-c4cccc(Cl)c4)o3)SC(=S)N2c2ccc1cc2,-6.779052257537842,ok,
CCn1cc(/C=C2/Oc3c(ccc([O-])c3C[NH+]3CCCCCC3)C2=O)c2cc(OC)ccc21,O,CCn1cc(/C=C2/Oc3c4ccc(c3C[NH+]3CCCCCC3)[O-]~O~C24=O)c2cc(OC)ccc21,-3.1516802310943604,ok,
COCCN1C(=O)/C(=C\c2ccc(-c3cccc([N+](=O)[O-])c3)o2)SC1=S,O,COCCN1C(=O)/C(=C\c2ccc3o2~O~c2([N+](=O)[O-])cccc-3c2)SC1=S,-7.028486728668213,ok,
Cc1cc(Cl)cc2c1C(=O)/C(=C1\Sc3cc(Cl)cc(C)c3C1=O)S2,O,Cc1cc(Cl)cc2c1C(=O)/C(=C1\Sc3cc(Cl)cc(C)c3C13~O~O=3)S2,-5.284350395202637,ok,
Cc1ccc(Nc2cc(N3CC(C)OC(C)C3)c3noc4c3c2C(=O)c2ccccc2-4)cc1,O,Cc1ccc(Nc2cc3c4noc5c4c2C(=O)(~O~O2C(C)CN3CC2C)c2ccccc2-5)cc1,-4.590146064758301,ok,
COC(=O)CCN1C(=O)C(=CC2=Cc3ccccc3OC2)SC1=S,O,COC1(=O)~O~O2CC(=Cc3ccccc32)C=C2SC(=S)N(CC1)C2=O,-5.895881175994873,ok,
COc1cc2c3c(c1)-c1c(ssc1=S)C(C)(C)N3C(=O)/C2=C1\SC(=S)NC1=O,O,CO1~O~C2(=O)NC(=S)S/C2=C2\C(=O)N3c4c2cc1cc4-c1c(ssc1=S)C3(C)C,-7.585599899291992,ok,
COc1ccc(-c2ccc(C=C3SC(=S)N(c4ccccc4C)C3=O)o2)cc1Cl,O,Cc1ccccc1N1C(=S)SC2=Cc3ccc(o3)-c3ccc(c(Cl)c3)O(C)~O~C21=O,-6.816708564758301,ok,
Cc1cc([O-])c(C[NH+]2CCCC(C)C2)c2c1C(=O)/C(=C/c1cc3ccccc3o1)O2,O,Cc1cc2c(C[NH+]3CCCC(C)C3)c3c1C(=O)(~O~[O-]2)/C(=C/c1cc2ccccc2o1)O3,-3.356560468673706,ok,
O=C1C2CCCN2c2ccc(C(F)(F)F)cc2N1Cc1cccc(C(F)(F)F)c1,O,O=C1C2CCCN23~O~C(F)(F)(F)c2ccc3c(c2)N1Cc1cccc(C(F)(F)F)c1,-6.864509105682373,ok,
"FC(F)(F)C1=CC(CN2C(=O)C3CCCN3C3=C2C=C(C=C3)C(F)(F)F)=CC=C1 |c:17,20,22,28,30,t:4|",O,O=C1C2CCCN23~O~C(F)(F)(F)c2ccc3c(c2)N1Cc1cccc(C(F)(F)F)c1,-6.864509105682373,ok,
CCCN1C/C(=C\c2ccc([N+](=O)[O-])cc2)C(=O)/C(=C/c2ccc([N+](=O)[O-])cc2)C1,O,CCCN12~O~c3([N+](=O)[O-])ccc(cc3)/C=C(\C1)C(=O)/C(=C/c1ccc([N+](=O)[O-])cc1)C2,-5.713479518890381,ok,
CCCN(CCC)c1ccc(/C=C2\N=C(c3cc(F)c(F)cc3Cl)OC2=O)cc1,O,CCCN(CCC)c1ccc(/C=C2\N=C(c3cc(F)c(F)cc3Cl)O3~O~C23=O)cc1,-5.442294597625732,ok,
CCN(CC)c1ccc2c(-c3ccc(S(=O)(=O)[O-])cc3S(=O)(=O)[O-])c3ccc(=[N+](CC)CC)cc-3oc2c1,O,CCN(CC)c1ccc2c3c4ccc(=[N+](CC)CC)(~O~[O-]S(=O)(=O)c5ccc-3c(S(=O)(=O)[O-])c5)cc-4oc2c1,-4.876860618591309,ok,
Cc1ccc(/C=C2\Oc3c(ccc([O-])c3C[NH+]3CCC(C)CC3)C2=O)o1,O,Cc1ccc(/C=C2\Oc3c4ccc(c3C[NH+]3CCC(C)CC3)[O-]~O~C24=O)o1,-3.8199079036712646,ok,
O=C(O)CCC(=Cc1ccc(-c2cccc([N+](=O)[O-])c2)o1)c1nc2ccccc2s1,O,O=[N+]([O-])c1cccc(-c2ccc(C=C(CCC3(=O)~O~O3)c3nc4ccccc4s3)o2)c1,-4.636565685272217,ok,
CC1CC(C)CN(c2cc(NCc3ccccc3)c3c4c(onc24)-c2ccccc2C3=O)C1,O,CC1CC(C)CN(c2cc3c4c5c(onc25)-c2ccccc2C4(=O)~O~N3Cc2ccccc2)C1,-4.94583797454834,ok,
Cc1ccc2c3c1C(=C(C#N)C#N)C(=O)N3C(C)(C)CC2C,O,Cc1ccc2c3c1C(=C(C#N)C#N)C1(=O)~O~N31C(C)(C)CC2C,-5.651627540588379,ok,
Cc1ccc(N2CCN(C3=NC(=O)C(=Cc4ccc(-c5ccccc5)o4)S3)CC2)cc1Cl,O,Cc1ccc(N2CCN(C3=NC4(=O)~O~o5c(ccc5-c5ccccc5)C=C4S3)CC2)cc1Cl,-4.79481840133667,ok,
O=C1c2ccccc2C(=O)c2c1cc(Sc1ccccc1)c1nsnc21,O,O=C12~O~O=C(c3ccccc31)c1cc(Sc3ccccc3)c3nsnc3c12,-6.280519485473633,ok,
Cc1ccc(C(=O)Nc2ccc(NC(=O)c3ccc(C)cc3)c3c2C(=O)c2ccccc2C3=O)cc1,O,Cc1ccc(C(=O)Nc2ccc(N3~O~C3(=O)c3ccc(C)cc3)c3c2C(=O)c2ccccc2C3=O)cc1,-6.069942474365234,ok,
CC(C)(C)c1ccc(N2C(=O)C(=Cc3ccc(-c4cc(Cl)ccc4Cl)o3)C=C2c2ccccc2)cc1,O,CC(C)(C)c1ccc(N2C(c3ccccc3)=CC3=Cc4ccc(-c5cc(Cl)ccc5Cl)o4~O~C32=O)cc1,-7.329811096191406,ok,
CCCCCCCCCCCCCCCCCCOC(=O)c1ccccc1-c1c2ccc(N(CC)CC)cc2[o+]c2cc(N(CC)CC)ccc12,O,CCCCCCCCCCCCCCCCCCO1~O~c23cc(N(CC)CC)ccc2c(c2ccc(N(CC)CC)cc2[o+]3)-c2ccccc2C1=O,-12.17908000946045,ok,
CCN1C(c2ccccc2)=C(c2ccccc2)S/C1=C/C=c1\s/c(=C\c2sc(-c3ccccc3)c(-c3ccccc3)[n+]2CC)n(CC)c1=O,O,CCn1/c(=C/c2sc(-c3ccccc3)c(-c3ccccc3)[n+]2CC)s\c2c1(=O)~O~N1(CC)C(c3ccccc3)=C(c3ccccc3)S/C1=C/C=2,-6.2007951736450195,ok,
O=C1/C(=C/c2ccc(-c3ccc(Cl)c(Cl)c3)o2)C=C(c2ccccc2)N1c1ccc(-c2ccccc2)cc1,O,O=C12~O~o3c(ccc3-c3ccc(Cl)c(Cl)c3)/C=C/1C=C(c1ccccc1)N2c1ccc(-c2ccccc2)cc1,-6.8379807472229,ok,
CCN(CC)c1ccc(C=C2C=C(c3ccccc3)OC2=O)cc1,O,CCN(CC)c1ccc(C=C2C=C(c3ccccc3)O3~O~C23=O)cc1,-5.518590927124023,ok,
[C][C]c1ccc2c(c1)C(=C1SC(C(=O)O[C])=C(C(=O)O[C])S1)C(=S)C([C])([C])[N]2,O,[C][C]c1ccc2c(c1)C(=C1SC(C(=O)O[C])=C(C3(=O)~O~O3[C])S1)C(=S)C([C])([C])[N]2,-5.183923721313477,ok,
CCCCN(CCCC)c1ccc(C(C#N)=C(C#N)C#N)cc1,O,CCCCN1(CCCC)~O~C(C#N)(C#N)=C(C#N)c2ccc1cc2,-6.860844135284424,ok,
O=C1C(=CC=Cc2ccco2)SC(=S)N1c1ccccc1Br,O,O=C12~O~o3cccc3C=CC=C1SC(=S)N2c1ccccc1Br,-6.179121971130371,ok,
[C]Oc1ccc([C][C][N]S(=O)(=O)c2ccc3c(c2)C(=C2[C][C][C][C]2)C(=O)[N]3)cc1O[C],O,[C]Oc1cc2ccc1O([C])~O~C1(=O)[N]c3ccc(cc3C1=C1[C][C][C][C]1)S(=O)(=O)[N][C][C]2,-4.386836051940918,ok,
COC(=O)c1cc(-c2ccc(N(C)C)cc2)no1,O,CN(C)c1ccc(-c2cc(C3(=O)~O~O3C)on2)cc1,-4.481851577758789,ok,
O=C1c2ccccc2C(=O)c2c1c([N+](=O)[O-])cc1c(N3CCOCC3)cc(-c3ccccc3)nc21,O,O=C1c2ccccc2C(=O)c2c1c1nc(-c3ccccc3)cc3c1cc2([N+](=O)[O-])~O~O1CCN3CC1,-4.688121795654297,ok,
CC1Oc2ccccc2C=C1C=C1SC(=S)N(CCO)C1=O,O,CC1C2=Cc3ccccc3O1~O~C1(=O)C(=C2)SC(=S)N1CCO,-5.336840629577637,ok,
O=C1/C(=C/c2ccc(-c3ccc(Cl)c(Cl)c3)o2)C=C(c2ccccc2)N1c1ccccc1O,O,O=C12~O~Oc3ccccc3N1C(c1ccccc1)=C/C2=C\c1ccc(-c2ccc(Cl)c(Cl)c2)o1,-4.559609413146973,ok,
CCc1ccc(O)c(/N=N/c2cc([N+](=O)[O-])ccc2OC)c1,O,CCc1ccc2c(c1)/N=N/c1cc([N+](=O)[O-])(~O~O2)ccc1OC,-2.7772140502929688,ok,
O=C1/C(=C/c2cc3cc(Br)ccc3o2)Oc2c1ccc([O-])c2C[NH+]1CCCCCC1,O,O=C12~O~[O-]c3ccc1c(c3C[NH+]1CCCCCC1)O/C2=C\c1cc2cc(Br)ccc2o1,-3.0992884635925293,ok,
CCOC(=O)c1ccc(N2N=C(C(F)(F)F)C(=Cc3ccc(-c4ccc([N+](=O)[O-])cc4)o3)C2=O)cc1,O,CCO1~O~C(F)(F)(F)C2=NN(C(=O)C2=Cc2ccc(-c3ccc([N+](=O)[O-])cc3)o2)c2ccc(cc2)C1=O,-5.394598960876465,ok,
CC1(C)c2ccccc2N(c2ccccc2)C12C=Cc1c(ccc3cc([N+](=O)[O-])ccc13)O2,O,CC1(C)c2ccccc2N(c2ccccc2)C12C=Cc1c3ccc4cc([N+](=O)[O-])(~O~O32)ccc14,-6.189836502075195,ok,
CCN1C(=O)C(=Cc2ccc(-c3ccccc3Cl)s2)SC1=S,O,CCN12~O~C1(=O)C(=Cc1ccc(-c3ccccc3Cl)s1)SC2=S,-6.650173187255859,ok,
O=C1c2cc(S(=O)(=O)N3CCN(c4ccc(Cl)cc4)CC3)ccc2-c2ccc(S(=O)(=O)N3CCN(c4ccc(Cl)cc4)CC3)cc21,O,O=C1c2cc(S(=O)(=O)N3CCN(c4ccc(Cl)cc4)CC3)ccc2-c2ccc(S3(=O)(=O)~O~N4(c5ccc(Cl)cc5)CCN3CC4)cc21,-5.162553787231445,ok,
CC1=C(C#N)C(=O)N(C2CCS(=O)(=O)C2)C(=O)/C1=C/c1ccc(-c2cccc([N+](=O)[O-])c2)o1,O,CC1=C(C#N)C2(=O)~O~o3c(ccc3-c3cccc([N+](=O)[O-])c3)/C=C\1C(=O)N2C1CCS(=O)(=O)C1,-5.578577995300293,ok,
[C][C]N([C][C])c1ccc([C]=C2C(=O)[N]C(=S)[N]C2=O)cc1,O,[C][C]N1([C][C])~O~C2(=O)[N]C(=S)[N]C(=O)C2=[C]c2ccc1cc2,-4.525256156921387,ok,
CC1CCN(c2cc(N3CCc4ccccc43)c3c4c(onc24)-c2ccccc2C3=O)CC1,O,CC1CCN2(~O~C3(=O)c4ccccc4-c4onc5c2cc(N2CCc6ccccc62)c3c45)CC1,-4.6557793617248535,ok,
COc1cccc(N(C(C)=O)c2nc(/C=C3/COc4ccccc4C3=O)cs2)c1,O,CO1~O~C(C)(=O)N(c2nc(/C=C3/COc4ccccc4C3=O)cs2)c2cccc1c2,-5.580625057220459,ok,
O=C(O)c1ccc(N2C(=O)/C(=C\c3ccc(-c4ccc(Br)cc4)o3)C=C2c2ccccc2)cc1,O,O=C1/C(=C\c2ccc(-c3ccc(Br)cc3)o2)C=C(c2ccccc2)N1c1ccc(C2(=O)~O~O2)cc1,-4.779294013977051,ok,
[C]OC(=O)C1=C(C(=O)O[C])SC(=C2C(=S)C([C])([C])N([C]c3ccccc3)c3ccc([C])cc32)S1,O,[C]OC(=O)C1=C(C2(=O)~O~O2[C])SC(=C2C(=S)C([C])([C])N([C]c3ccccc3)c3ccc([C])cc32)S1,-5.590578079223633,ok,
CN1C(=O)N=C(O)/C(=C(O)\C=C\c2cn(Cc3ccccc3)c3ccccc23)C1=O,O,CN1C(=O)C2=C(/C=C/c3cn(Cc4ccccc4)c4ccccc34)O~O~C1(=O)N=C2O,-3.652425527572632,ok,
CC1=C(C2=C(C)C(=O)c3c(c(C=O)c(O)c(O)c3C(C)C)C2=O)C(=O)c2c(C=O)c(O)c(O)c(C(C)C)c2C1=O,O,CC1=C(C2=C(C)C(=O)c3c(C(C)C)c4c(O)c(C=O)c3C2(=O)~O~O4)C(=O)c2c(C=O)c(O)c(O)c(C(C)C)c2C1=O,-5.2800140380859375,ok,
CC(=O)N(C)c1ccc(/N=C/c2ccc([N+](=O)[O-])o2)cc1,O,CC(=O)N(C)c1ccc(/N=C/c2ccc3([N+](=O)[O-])~O~o23)cc1,-4.482336044311523,ok,
CN1C(=O)/C(=C/c2ccc(-c3cccc(Cl)c3)o2)N(C)C1=S,O,CN1C(=S)N(C)C2(=O)~O~o3c(ccc3-c3cccc(Cl)c3)/C=C\12,-5.734284400939941,ok,
CC[n+]1c(/C=C/c2c[nH]c3ccccc23)ccc2cc(C)ccc21,O,CC[n+]1c2ccc3cc(C)ccc31~O~[nH]1cc(c3ccccc31)/C=C/2,-7.604996681213379,ok,
Cc1ccc(N2C(=O)C(=Cc3ccc(N4CCCC4)o3)C(=O)NC2=S)cc1,O,Cc1ccc(N2C(=S)NC(=O)C3=Cc4ccc(N5CCCC5)o4~O~C32=O)cc1,-6.380557060241699,ok,
CCOc1ccc(Nc2cc(N3CCN(CCOc4ccc(Cl)cc4)CC3)c3noc4c3c2C(=O)c2ccccc2-4)cc1,O,CCO1~O~C2(=O)c3ccccc3-c3onc4c(N5CCN(CCOc6ccc(Cl)cc6)CC5)cc(c2c34)Nc2ccc1cc2,-4.712917327880859,ok,
O=C1/C(=C/c2cccnc2)Oc2c1ccc([O-])c2C[NH+]1CCCCC1,O,O=C12~O~[O-]c3ccc1c(c3C[NH+]1CCCCC1)O/C2=C\c1cccnc1,-3.413031578063965,ok,
COCCNc1cc(N(C)CCO)c2noc3c2c1C(=O)c1ccccc1-3,O,COCCNc1cc2c3noc4c3c1C(=O)(~O~OCCN2C)c1ccccc1-4,-3.732414960861206,ok,
O=C1CCN(c2cc(Nc3ccc(C(=O)O)cc3)c3c4c(onc24)-c2ccccc2C3=O)CC1,O,O=C1CCN(c2cc(Nc3ccc(C4(=O)~O~O4)cc3)c3c4c(onc24)-c2ccccc2C3=O)CC1,-4.879371643066406,ok,
O=c1/c(=C/C=C/c2ccccc2)sc2n1CN(c1cccc(Br)c1)CN=2,O,O=c12~O~N3(c4cccc(Br)c4)CN=c(s/c1=C\C=C\c1ccccc1)n2C3,-4.338647365570068,ok,
O=C1/C(=C/c2ccc(-c3ccc(Br)cc3)o2)C=C(c2ccccc2)N1c1ccccc1,O,O=C12~O~o3c(ccc3-c3ccc(Br)cc3)/C=C/1C=C(c1ccccc1)N2c1ccccc1,-6.210614204406738,ok,
O=[N+]([O-])c1cc(/C=C/c2nc3c(ccc4ccccc43)s2)ccc1N1CCCCC1,O,O=[N+]([O-])c12~O~N3(CCCCC3)c1ccc(/C=C/c1nc3c(ccc4ccccc43)s1)c2,-6.280701160430908,ok,
C[n+]1ccc(-c2c3nc(c(-c4cc[n+](C)cc4)c4ccc([nH]4)c(-c4cc[n+](C)cc4)c4nc(c(-c5cc[n+](C)cc5)c5ccc2[nH]5)C=C4)C=C3)cc1,O,C[n+]1ccc(-c2c3nc(c(-c4cc[n+](C)cc4)c4ccc5c(-c6cc[n+](C)cc6)c6nc(c(c7ccc2[nH]7)-c2cc[n+](C)c(~O~[nH]45)c2)C=C6)C=C3)cc1,-0.47994938492774963,ok,
CN1CCN(N=Cc2ccc(-c3ccc([N+](=O)[O-])cc3)o2)CC1,O,CN1CCN(N=Cc2ccc3o2~O~c2([N+](=O)[O-])ccc-3cc2)CC1,-3.748035430908203,ok,
CC1=C(C#N)c2nc(N)c(C#N)c(C)c2C1=Cc1cc2c(cc1[N+](=O)[O-])COC2,O,CC1=C(C#N)c2nc3c(C#N)c(C)c2C1=Cc1cc2c(cc1([N+](=O)[O-])~O~N3)COC2,-5.65548038482666,ok,
COC(=O)c1ccc(-c2ccc(C=C(c3ccccc3)[N+](=O)[O-])o2)cc1,O,CO1~O~C1(=O)c1ccc(-c2ccc(C=C(c3ccccc3)[N+](=O)[O-])o2)cc1,-4.9774675369262695,ok,
CCN1/C(=C/C=C/c2sc3cc(N)ccc3[n+]2CC)Sc2cc(N)ccc21,O,CCN1/C2=C/C=C/c3(~O~Nc4ccc1c(c4)S2)sc1cc(N)ccc1[n+]3CC,,failed,Featurization failed: RDKit could not parse Smiles_Merged
CCN1C(=O)C(=CC=C2C=Cc3ccccc3N2CC)SC1=S,O,CCN1C(=S)SC2=CC=C3C=Cc4ccccc4N3(CC)~O~C21=O,-5.694957733154297,ok,
O=C1N=C(N2CCOCC2)SC1=Cc1ccc(-c2ccc([N+](=O)[O-])cc2)o1,O,O=[N+]([O-])c1ccc(-c2ccc3o2~O~C2(=O)N=C(N4CCOCC4)SC2=C3)cc1,-5.665389060974121,ok,
COC(=O)c1ccc(Nc2cc(N3CCC4(CC3)OCCO4)c3noc4c3c2C(=O)c2ccccc2-4)cc1,O,CO1~O~C1(=O)c1ccc(Nc2cc(N3CCC4(CC3)OCCO4)c3noc4c3c2C(=O)c2ccccc2-4)cc1,-5.381719589233398,ok,
Oc1c(/C=C/C=C/C=N/c2ccccc2)sc(=S)n1-c1ccccc1,O,S=c1sc(/C=C/C=C/C=N/c2ccccc2)c2(~O~O2)n1-c1ccccc1,,failed,Featurization failed: RDKit could not parse Smiles_Merged
CCOc1ccc(Nc2cc(N3CCN(c4ccccc4OC)CC3)c3noc4c3c2C(=O)c2ccccc2-4)cc1,O,CCOc1ccc(Nc2cc3c4noc5c4c2C(=O)(~O~O(C)c2ccccc2N2CCN3CC2)c2ccccc2-5)cc1,-3.920222520828247,ok,
[2H]C([2H])([2H])Oc1cc(C)c(/C=C/C(C)=C/C=C/C(C)=C/C(=O)O)c(C)c1C,O,[2H]C([2H])([2H])O1~O~C(=O)(O)/C=C(C)/C=C/C=C(C)/C=C/c2c(C)cc1c(C)c2C,-6.804875373840332,ok,
O=C(/C=C/c1ccc(-c2ccc(Cl)c(Cl)c2)o1)c1ccc(N2CCOCC2)cc1,O,O=C1(c2ccc(N3CCOCC3)cc2)~O~o2c(ccc2-c2ccc(Cl)c(Cl)c2)/C=C/1,-6.283926963806152,ok,
CCCCCCc1ccc(C(=O)Nc2ccc(NC(=O)c3ccc(CCCC)cc3)c3c2C(=O)c2ccccc2C3=O)cc1,O,CCCCCCc1ccc(C2(=O)~O~N2c2ccc(NC(=O)c3ccc(CCCC)cc3)c3c2C(=O)c2ccccc2C3=O)cc1,-6.617195129394531,ok,
COC(=O)c1cccc(N2C(=O)/C(=C/c3ccc(-c4ccc(Br)cc4)o3)C=C2c2ccccc2)c1,O,CO1~O~C1(=O)c1cccc(N2C(=O)/C(=C/c3ccc(-c4ccc(Br)cc4)o3)C=C2c2ccccc2)c1,-5.61083984375,ok,
Cc1cnc2c(c1)/C(=N\c1ccccc1)c1cc([N+](=O)[O-])ccc1-2,O,Cc1cnc2c(c1)/C(=N\c1ccccc1)c1cc3(~O~O=[N+]3[O-])ccc1-2,,failed,Featurization failed: RDKit could not parse Smiles_Merged
Cc1ccc([N+](=O)[O-])cc1/N=C/c1ccc(N(C)C)cc1,O,Cc1ccc2([N+](=O)[O-])~O~N(C)(C)c3ccc(cc3)/C=N/c1c2,-4.774349212646484,ok,
CC1=C(C#N)c2nc(N)c(C#N)c(C)c2/C1=C/c1ccc(-c2cccc(Cl)c2Cl)o1,O,CC1=C(C#N)c2nc3(N)~O~o4c(ccc4-c4cccc(Cl)c4Cl)/C=C\1c2c(C)c3C#N,-7.273052215576172,ok,
Cc1cc([O-])c(C[NH+]2CCCCC2C)c2c1C(=O)/C(=C/c1cc3cc(Br)ccc3o1)O2,O,Cc1cc2c(C[NH+]3CCCCC3C)c3c1C(=O)(~O~[O-]2)/C(=C/c1cc2cc(Br)ccc2o1)O3,-3.1332483291625977,ok,
O=C1c2ccccc2C(=O)c2c(Nc3ccc(Br)cc3)cccc21,O,O=C1c2ccccc2C2(=O)~O~N(c3ccc(Br)cc3)c3cccc1c32,-6.055120468139648,ok,
CN1C(=O)C(=Cc2ccc(-c3ccc(I)cc3)o2)SC1=S,O,CN1C(=S)SC2=Cc3ccc(-c4ccc(I)cc4)o3~O~C21=O,-6.703006744384766,ok,
COc1ccc(CNC(=O)c2c(N)n(-c3ccc(N(C)C)cc3)c3nc4ccccc4nc23)cc1,O,CN(C)c1ccc(-n2c(N)c(C3(=O)~O~O(C)c4ccc(cc4)CN3)c3nc4ccccc4nc32)cc1,-3.0103135108947754,ok,
CC1CCCC[NH+]1Cc1c([O-])ccc2c1O/C(=C\c1cccnc1)C2=O,O,CC1CCCC[NH+]1Cc1c2ccc3c1O/C(=C\c1cccnc1)C3(=O)~O~[O-]2,-3.4149606227874756,ok,
COc1ccc(CCN2C(=O)/C(=C\C=C\c3ccco3)SC2=S)cc1OC,O,COc1cc2ccc1O(C)~O~C1(=O)/C(=C\C=C\c3ccco3)SC(=S)N1CC2,-6.160775661468506,ok,
Cc1c(Cl)cccc1-c1ccc(C=C2C(=O)c3ccccc3C2=O)o1,O,Cc1c(Cl)cccc1-c1ccc2o1~O~C1(=O)C(=C2)C(=O)c2ccccc21,-6.521734714508057,ok,
COCCCN1C(=O)N=C(O)C(=C(O)C=Cc2ccc(N(C)C)cc2)C1=O,O,COCCCN1C(=O)C2=C(C=Cc3ccc(N(C)C)cc3)O~O~C1(=O)N=C2O,-3.5493314266204834,ok,
O=C(Nc1ccc2nc(N3CCCC3)sc2c1)c1ccc([N+](=O)[O-])cc1Cl,O,O=C1Nc2ccc3nc(sc3c2)N2(~O~c3([N+](=O)[O-])ccc1c(Cl)c3)CCCC2,-5.741321086883545,ok,
COc1ccc(Nc2cc(N3CCN(c4ccccc4OC)CC3)c3noc4c3c2C(=O)c2ccccc2-4)cc1,O,COc1ccccc1N1CCN(c2cc3c4c5c(onc25)-c2ccccc2C4(=O)~O~O(C)c2ccc(cc2)N3)CC1,-3.9634509086608887,ok,
O=C(O)CCC(C(=O)O)N1C(=O)/C(=C/C(Cl)=C/c2ccc([N+](=O)[O-])cc2)SC1=S,O,O=C1CCC(N2C(=O)/C(=C/C(Cl)=C/c3ccc([N+](=O)[O-])cc3)SC2=S)C(=O)(O)~O~O1,-4.325796127319336,ok,
CCCCN1C(=O)C(=CC=C2SC(c3ccccc3)=C(c3ccccc3)N2CC)SC1=S,O,CCCCN1C(=S)SC2=CC=C3SC(c4ccccc4)=C(c4ccccc4)N3(CC)~O~C21=O,-7.00991153717041,ok,
[C][C]c1ccc(N2C(=O)[C]3[C]([C]4[C]=[C][C]3C4=C3[C][C][C][C][C]3)C2=O)cc1,O,[C][C]c1ccc(N2C(=O)[C]3[C]4[C]=[C][C]([C]3C23~O~O=3)C4=C2[C][C][C][C][C]2)cc1,-2.4756431579589844,ok,
COc1ccc2c(c1)S/C(=C\C=C\c1sc3cc(OC)ccc3[n+]1C)N2C,O,COc1ccc2c(c1)sc1(~O~O(C)c3ccc4c(c3)S/C(=C\C=C\1)N4C)[n+]2C,,failed,Featurization failed: RDKit could not parse Smiles_Merged
O=C1/C(=C\C=C\c2ccco2)SC(=S)N1Cc1ccco1,O,O=C12~O~o3cccc3CN1C(=S)S/C2=C/C=C/c1ccco1,-6.185330390930176,ok,
CCCCC(CC)CN1C(=O)/C(=C\c2ccc(-c3ccc(S(N)(=O)=O)cc3)o2)SC1=S,O,CCCCC(CC)CN1C(=S)S/C2=C/c3ccc(-c4ccc(S(N)(=O)=O)cc4)o3~O~C21=O,-6.681601524353027,ok,
COc1ccc(N(CCC#N)C(=O)/C(C#N)=C/c2ccc(-c3ccccc3[N+](=O)[O-])o2)cc1,O,CO1~O~c2([N+](=O)[O-])ccccc2-c2ccc(o2)/C=C(\C#N)C(=O)N(CCC#N)c2ccc1cc2,-5.533945083618164,ok,
O=C1C(=CC2=Cc3ccccc3OC2)SC(=S)N1CCO,O,O=C12~O~O3CC(=Cc4ccccc43)C=C1SC(=S)N2CCO,-5.166374206542969,ok,
CCN1/C(=C/C(=C/c2sc3ccccc3[n+]2CCCS(=O)(=O)[O-])OC)Sc2ccccc21,O,CCN1/C(=C/C(=C/c23~O~[O-]S(=O)(=O)CCC[n+]2c2ccccc2s3)OC)Sc2ccccc21,-3.9156200885772705,ok,
CCOC(=O)CCN1C(=CC=C2SC(=S)N(C)C2=O)Sc2ccc(OC)cc21,O,CCOC1(=O)~O~O(C)c2ccc3c(c2)N(CC1)C(=CC=C1SC(=S)N(C)C1=O)S3,-6.356437683105469,ok,
COc1ccc2c(c1)C(C)(C)C1(C=Cc3cc([N+](=O)[O-])ccc3O1)N2C,O,CN1c2ccc3cc2C(C)(C)C12C=Cc1cc([N+](=O)[O-])(~O~O3C)ccc1O2,-5.249462604522705,ok,
CCN1/C(=C\C=C\c2ccc3ccccc3[n+]2CC)C=Cc2ccccc21,O,CC[n+]1c2ccc3ccccc31~O~N1(CC)/C(=C\C=C\2)C=Cc2ccccc21,-6.299851417541504,ok,
C=CCN1C(=O)C(=C2Sc3ccccc3N2CC)SC1=Nc1ccc2c(c1)C(=O)c1ccccc1C2=O,O,C=CCN1C(=Nc2ccc3c(c2)C(=O)c2ccccc2C3=O)SC2=C3Sc4ccccc4N3(CC)~O~C21=O,-6.331377983093262,ok,
CCc1ccc(C(=O)Nc2ccc(-c3csc(N4CCOCC4)n3)cc2)cc1,O,CCc1ccc(C2(=O)~O~O3CCN(CC3)c3nc(cs3)-c3ccc(cc3)N2)cc1,-5.416195869445801,ok,
[C]C([C])=C1[C]2[C][C][C]1[C](C(=O)[N]c1ccc(N3[C][C]O[C][C]3)c3nonc13)[C]2C([O])=O,O,[C]C([C])=C1[C]2[C][C][C]1[C]1[C]2C(=O)[N]c2ccc(c3nonc23)N2[C][C]O(~O~C1([O])=O)[C][C]2,-3.679908037185669,ok,
O=C1C(=Cc2ccc(-c3ccc(Cl)cc3[N+](=O)[O-])o2)Sc2ccccc21,O,O=C1C(=Cc2ccc3o2~O~c2([N+](=O)[O-])cc(Cl)ccc2-3)Sc2ccccc21,-6.689296245574951,ok,
CCN1C(=CC(=O)C=CC=C2N(C)c3ccccc3C2(C)C)Sc2ccccc21,O,CCN1C(=CC2(=O)~O~N3(C)C(=CC=C2)C(C)(C)c2ccccc23)Sc2ccccc21,-5.778615951538086,ok,
CCOCCCNc1cc(N2CCC3(CC2)OCCO3)c2noc3c2c1C(=O)c1ccccc1-3,O,CCOCCCN1~O~C2(=O)c3ccccc3-c3onc4c(N5CCC6(CC5)OCCO6)cc1c2c34,-4.983465194702148,ok,
O=C1C(=Cc2ccc(-c3ccc(Br)cc3)o2)C=C(c2ccccc2)N1c1cccc(Cl)c1Cl,O,O=C12~O~o3c(ccc3-c3ccc(Br)cc3)C=C1C=C(c1ccccc1)N2c1cccc(Cl)c1Cl,-6.8055806159973145,ok,
O=C1/C(=C/c2cccs2)Oc2c1ccc([O-])c2C[NH+]1CCCCC1,O,O=C12~O~[O-]c3ccc1c(c3C[NH+]1CCCCC1)O/C2=C\c1cccs1,-3.4873454570770264,ok,
C=CC1Oc2cc([N+](=O)[O-])ccc2NC12C=C(C(C)(C)C)C(=O)C(C(C)(C)C)=C2,O,C=CC1O2~O~c3([N+](=O)[O-])ccc(c2c3)NC12C=C(C(C)(C)C)C(=O)C(C(C)(C)C)=C2,-6.1376566886901855,ok,
CN1C=CC=C/C1=C(/C#N)c1nc(-c2ccccc2)cs1,O,CN12~O~c3(nc(-c4ccccc4)cs3)/C(C#N)=C/1C=CC=C2,,failed,Featurization failed: RDKit could not parse Smiles_Merged
N#C/C(=C\c1ccco1)c1nc(-c2ccc([N+](=O)[O-])cc2)cs1,O,N#C/C1=C\c2ccco2~O~c2([N+](=O)[O-])ccc(cc2)-c2csc1n2,-5.953029632568359,ok,
CCN1C(=CC=CC=Cc2oc3ccccc3[n+]2CC)Oc2ccccc21,O,CCN1C2=CC=CC=Cc3(~O~O2c2ccccc21)oc1ccccc1[n+]3CC,,failed,Featurization failed: RDKit could not parse Smiles_Merged
COc1cc([N+](=O)[O-])ccc1-c1ccc(C=C2C(=O)N(c3ccc(C)c(C)c3)N=C2C)o1,O,CC1=NN(c2ccc(C)c(C)c2)C2(=O)~O~O(C)c3cc([N+](=O)[O-])ccc3-c3ccc(o3)C=C12,-4.177868843078613,ok,
O=C(OCCC1=CC=CC=CC=C1)c1cc([N+](=O)[O-])cc([N+](=O)[O-])c1,O,O=[N+]([O-])c1cc([N+](=O)[O-])cc(C2(=O)~O~O2CCC2=CC=CC=CC=C2)c1,-4.806958198547363,ok,
CCN1C(=O)/C(=C\c2cc(C)n(C3CCCCC3)c2C)c2cc(S(=O)(=O)N3CCOCC3)ccc21,O,CCN1c2ccc3cc2/C(=C/c2cc(C)n(C4CCCCC4)c2C)C1(=O)~O~O1CCN(CC1)S3(=O)=O,-5.402484893798828,ok,
Cc1cc([O-])c(C[NH+]2CCCCC2)c2c1C(=O)/C(=C/c1cc3cc(Br)ccc3o1)O2,O,Cc1cc2c(C[NH+]3CCCCC3)c3c1C(=O)(~O~[O-]2)/C(=C/c1cc2cc(Br)ccc2o1)O3,-2.9310052394866943,ok,
O=C1C(=Cc2ccc(-c3ccc(Cl)c(Cl)c3)o2)C=C(c2ccccc2)N1c1ccc2ccccc2c1,O,O=C12~O~o3c(ccc3-c3ccc(Cl)c(Cl)c3)C=C1C=C(c1ccccc1)N2c1ccc2ccccc2c1,-6.819652557373047,ok,
Cc1ccc(CN2C(=O)C(=CC3=Cc4ccccc4OC3)SC2=S)cc1,O,Cc1ccc(CN2C(=S)SC3=CC4=Cc5ccccc5O(~O~C32=O)C4)cc1,-6.293044090270996,ok,
COc1ccc(-c2oc(N=Cc3ccc([N+](=O)[O-])cc3)c(C#N)c2-c2ccc(OC)cc2)cc1,O,COc1ccc(-c2oc3c(C#N)c2-c2ccc(cc2)O(C)~O~c2([N+](=O)[O-])ccc(cc2)C=N3)cc1,-4.899709224700928,ok,
CCOc1ccc(/C=C2/C(C)=C(C#N)c3nc(N)c(C#N)c(C)c32)c(OCC)c1,O,CCOc1cc2ccc1/C=C1/C(C)=C(C#N)c3nc(N)(~O~O2CC)c(C#N)c(C)c31,-6.310523986816406,ok,
COc1cc2c(c(OC)c1OC)-c1cc/c(=[N+](/C)CC(OC)OC)c([O-])cc1C(NC(C)=O)CC2,O,COc1cc2c(c(OC)c1OC)-c1cc/c(=[N+](/C)CC(OC)OC)c3cc1C(CC2)NC(C)(=O)~O~[O-]3,-3.7658755779266357,ok,
O=C1N/C(=N/c2ccc(Cl)cc2)S/C1=C\c1ccc(N2CCCCC2)o1,O,O=C12~O~o3c(ccc3N3CCCCC3)/C=C/1S/C(=N\c1ccc(Cl)cc1)N2,-6.442812919616699,ok,
CN(C)c1ccc(C=C2N=C(c3cc(C(C)(C)C)cc(C(C)(C)C)c3)OC2=O)cc1,O,CN(C)c1ccc(C=C2N=C(c3cc(C(C)(C)C)cc(C(C)(C)C)c3)O3~O~C23=O)cc1,-4.690561294555664,ok,
COc1ccc2c(c1)/C(=C1\N=C(c3ccco3)OC1=O)C=C(c1ccc(SC)cc1)O2,O,CSc1ccc(C2=C/C3=C4/N=C(c5ccco5)OC4(=O)~O~O(C)c4ccc(c3c4)O2)cc1,-5.205067157745361,ok,
O=C1C(=CC=Cc2ccco2)SC(=S)N1c1ccc(O)cc1,O,O=C12~O~Oc3ccc(cc3)N1C(=S)SC2=CC=Cc1ccco1,-5.726675987243652,ok,
O=C1C(=Cc2ccc(-c3ccccc3)o2)C(=O)c2ccccc21,O,O=C1C2=Cc3ccc(-c4ccccc4)o3~O~C2(=O)c2ccccc21,-6.159228324890137,ok,
[C][C][C]1[C][C][C][C]N1S(=O)Oc1ccc2c(c1)C(=C1[C][C][C][C]1)C(=O)N2[C],O,[C][C][C]1[C][C][C][C]N1S1(=O)~O~O1c1ccc2c(c1)C(=C1[C][C][C][C]1)C(=O)N2[C],-4.022722244262695,ok,
c1ccc(-c2nn3c4cc(N5CCCCC5)ccc4nc3c3ccccc23)cc1,O,c1ccc(-c2nn3c4cc5ccc4nc3(~O~N53CCCCC3)c3ccccc23)cc1,-5.358532905578613,ok,
CSCCC(C(=O)O)N1C(=O)C(=Cc2ccc(-c3ccc([N+](=O)[O-])cc3)o2)SC1=S,O,CSCCC(N1C(=O)C(=Cc2ccc(-c3ccc([N+](=O)[O-])cc3)o2)SC1=S)C1(=O)~O~O1,-4.539223670959473,ok,
COc1ccc(N2C(=N)SC(=Cc3ccc(-c4ccc5c(c4)C(=O)NC5=O)o3)C2=O)cc1,O,CO1~O~C2(=O)C(=Cc3ccc(-c4ccc5c(c4)C(=O)NC5=O)o3)SC(=N)N2c2ccc1cc2,-6.944336891174316,ok,
COc1ccccc1N1CCN(c2cc(NC3CCCCC3)c3c4c(onc24)-c2ccccc2C3=O)CC1,O,CO1~O~C2(=O)c3ccccc3-c3onc4c(cc(NC5CCCCC5)c2c34)N2CCN(CC2)c2ccccc21,-4.071979522705078,ok,
CCC(C)(C)C1CC(=Cc2ccc(-c3ccc(Cl)cc3[N+](=O)[O-])o2)c2nc3ccccc3c(C(=O)O)c2C1,O,CCC(C)(C)C1CC(=Cc2ccc(-c3ccc(Cl)cc3[N+](=O)[O-])o2)c2nc3ccccc3c(C3(=O)~O~O3)c2C1,-4.545457363128662,ok,
CCN(CC)c1ccc(N2C(=O)/C(=C3/C(=O)Nc4ccc(Br)cc43)SC2=S)cc1,O,CCN1(CC)~O~C2(=O)/C(=C3/C(=O)Nc4ccc(Br)cc43)SC(=S)N2c2ccc1cc2,-6.5994181632995605,ok,
CCC(=O)Sc1s[s+]c2c1-c1cc(OC)ccc1NC2(C)C,O,CCC(=O)Sc1s[s+]2~O~O(C)c3ccc4c(c3)-c1c2C(C)(C)N4,-7.6620707511901855,ok,
N#C/C(=C\c1ccc(-c2ccc([N+](=O)[O-])cc2Br)o1)C(N)=S,O,N#C/C(=C\c1ccc2o1~O~c1([N+](=O)[O-])ccc-2c(Br)c1)C(N)=S,-6.176700115203857,ok,
CCCCCCCCNc1ccc(NC(=O)c2ccc(-c3ccc(CCCCCCCC)cc3)cc2)c2c1C(=O)c1ccccc1C2=O,O,CCCCCCCCc1ccc(-c2ccc(C3(=O)~O~N(CCCCCCCC)c4ccc(c5c4C(=O)c4ccccc4C5=O)N3)cc2)cc1,-6.596599578857422,ok,
COc1ccc2nc(/N=N/c3ccc(N(C)c4ccccc4)cc3)sc2c1,O,CN(c1ccccc1)c1ccc(/N=N/c23~O~O(C)c4ccc(n2)c(c4)s3)cc1,-5.318390369415283,ok,
Cc1ccc(-c2ccc(C=C3Sc4ccccc4C3=O)o2)cc1C,O,Cc1ccc(-c2ccc3o2~O~C2(=O)C(=C3)Sc3ccccc32)cc1C,-6.760738372802734,ok,
CC1CCCN(c2cc(Nc3ccc(N(C)C)cc3)c3c4c(onc24)-c2ccccc2C3=O)C1,O,CC1CCCN(c2cc3c4c5c(onc25)-c2ccccc2C4(=O)~O~N(C)(C)c2ccc(cc2)N3)C1,-5.583477973937988,ok,
O=C1C=Cc2ccccc2/C1=N/Nc1ccc(N2CCCCC2)cc1,O,O=C12~O~N3(CCCCC3)c3ccc(cc3)N/N=C\1c1ccccc1C=C2,-4.530362129211426,ok,
O=C1/C(C(C=CC=C2)=C2C=C1)=N\NC3=CC=C(N4CCCCC4)C=C3,O,O=C12~O~N3(CCCCC3)c3ccc(cc3)N/N=C\1c1ccccc1C=C2,-4.530362129211426,ok,
CCN1C(=O)/C(=C/c2cc(C)n(-c3ccc([N+](=O)[O-])cc3C)c2C)c2cc(S(=O)(=O)N3CCOCC3)ccc21,O,CCN1C(=O)/C2=C/c3cc(C)n(c3C)-c3ccc([N+](=O)[O-])(~O~O4CCN(CC4)S(=O)(=O)c4ccc1c2c4)cc3C,-5.2467851638793945,ok,
CCN1C(=O)C(=CC2=Cc3ccccc3OC2)SC1=S,O,CCN1C(=S)SC2=CC3=Cc4ccccc4O(~O~C21=O)C3,-5.744532585144043,ok,
CN(C)c1ccc(Nc2cc(N3CCOCC3)c3noc4c3c2C(=O)c2ccccc2-4)cc1,O,CN(C)c1ccc(Nc2cc3c4noc5c4c2C(=O)(~O~O2CCN3CC2)c2ccccc2-5)cc1,-4.700689315795898,ok,
CC1CCCCN1c1cc(Nc2cccc(C(=O)O)c2)c2c3c(onc13)-c1ccccc1C2=O,O,CC1CCCCN1c1cc(Nc2cccc(C3(=O)~O~O3)c2)c2c3c(onc13)-c1ccccc1C2=O,-4.745512962341309,ok,
O=C1Nc2ccc([N+](=O)[O-])cc2/C1=N/c1ccc(-c2ccc(/N=C3\C(=O)Nc4ccc([N+](=O)[O-])cc43)cc2)cc1,O,O=C1Nc2ccc([N+](=O)[O-])cc2/C1=N/c1ccc(-c2ccc(/N=C3/c4cc([N+](=O)[O-])ccc4N4~O~C34=O)cc2)cc1,-5.813250541687012,ok,
COCCn1c(C)cc(C(=O)COC(=O)c2c3c(nc4ccccc24)C(=Cc2ccc([N+](=O)[O-])cc2)CCC3)c1C,O,COCCn1c(C)cc(C(=O)CO2~O~C2(=O)c2c3c(nc4ccccc24)C(=Cc2ccc([N+](=O)[O-])cc2)CCC3)c1C,-4.534838676452637,ok,
CN(c1ccccc1)c1ccc(C=NN2C(=O)NC3(CCCCC3)C2=O)cc1,O,CN1(c2ccccc2)~O~C2(=O)NC3(CCCCC3)C(=O)N2N=Cc2ccc1cc2,-4.5603437423706055,ok,
N#C/C(=C\c1cccc([N+](=O)[O-])c1)c1nc(-c2ccc(Oc3ccccc3)cc2)cs1,O,N#C/C1=C\c2cccc([N+](=O)[O-])(~O~O(c3ccccc3)c3ccc(cc3)-c3csc1n3)c2,-6.166377067565918,ok,
CCOc1ccc(C2(O)C(C)N3CCCC3=[N+]2c2ccccc2)cc1,O,CCO1~O~C2(O)(c3ccc1cc3)C(C)N1CCCC1=[N+]2c1ccccc1,-4.630582809448242,ok,
Cc1cc([O-])c(C[NH+]2CCCC(C)C2)c2c1C(=O)/C(=C/c1cc3cc(Br)ccc3o1)O2,O,Cc1cc2c(C[NH+]3CCCC(C)C3)c3c1C(=O)(~O~[O-]2)/C(=C/c1cc2cc(Br)ccc2o1)O3,-3.0771520137786865,ok,
O=C(CN1C(=O)SC(=CC=Cc2ccco2)C1=O)N1CCN(c2ccccc2)CC1,O,O=C(CN1C(=O)C2=CC=Cc3ccco3~O~C1(=O)S2)N1CCN(c2ccccc2)CC1,-4.69655704498291,ok,
[C]N1C(=O)C(=C2[C][C][C][C]2)c2cc(OS(=O)N3[C][C]c4ccccc43)ccc21,O,[C]N1C(=O)C(=C2[C][C][C][C]2)c2cc(O3~O~S3(=O)N3[C][C]c4ccccc43)ccc21,-4.1798248291015625,ok,
O=[N+]([O-])c1ccc(F)c(/N=C/c2ccc(Br)s2)c1,O,[O-][N+]1=O~O~c12ccc(F)c(/N=C/c1ccc(Br)s1)c2,,failed,Featurization failed: RDKit could not parse Smiles_Merged
CCCN1CCN(c2cc(Nc3cccc(OC)c3)c3c4c(onc24)-c2ccccc2C3=O)CC1,O,CCCN1CCN(c2cc3c4c5c(onc25)-c2ccccc2C4(=O)~O~O(C)c2cccc(c2)N3)CC1,-4.826710224151611,ok,
CCNc1cc(Nc2ccc(C)cc2)c2c3c(onc13)-c1ccccc1C2=O,O,CCN1~O~C2(=O)c3ccccc3-c3onc4c1cc(Nc1ccc(C)cc1)c2c34,-5.644534111022949,ok,
CCCC1=NN(c2ccc([N+](=O)[O-])cc2)C(=O)/C1=C/c1ccc(N(CC)CC)cc1,O,CCCC1=NN(c2ccc([N+](=O)[O-])cc2)C2(=O)~O~N(CC)(CC)c3ccc(cc3)/C=C\12,-5.6348066329956055,ok,
O=C1/C(=C\c2ccc([N+](=O)[O-])cc2)SC(=S)N1c1cccc(O)c1,O,O=[N+]([O-])c1ccc(/C=C2/SC(=S)N3c4cccc(c4)O~O~C23=O)cc1,-4.022394180297852,ok,
COCC[NH+]1[CH-]Nc2c(c3nc4ccccc4nc3n2/N=C/c2cccc(Br)c2)C1=O,O,COCC[NH+]1[CH-]N2~O~C1(=O)c1c2n(/N=C/c2cccc(Br)c2)c2nc3ccccc3nc12,-3.0663158893585205,ok,
COC(=O)c1ccccc1-c1ccc(/C=C/C(=O)c2ccc(N3CCOCC3)c(F)c2)o1,O,CO1~O~C1(=O)c1ccccc1-c1ccc(/C=C/C(=O)c2ccc(N3CCOCC3)c(F)c2)o1,-5.094063758850098,ok,
O=S(=O)(Nc1ccc(N2CCOCC2)c2nonc12)c1ccc(F)c(F)c1,O,O=S1(=O)(c2ccc(F)c(F)c2)~O~O2CCN(CC2)c2ccc(c3nonc23)N1,-5.071284294128418,ok,
CN1c2ccc(F)cc2C(C)(C)C12C=Cc1cc([N+](=O)[O-])ccc1S2,O,CC1(C)c2cc(F)ccc2N2(C)~O~c3([N+](=O)[O-])ccc4c(c3)C=CC12S4,-6.625729084014893,ok,
CCOc1cccc(N2C(=O)/C(=C/c3ccc(-c4ccc([N+](=O)[O-])cc4Cl)o3)C(=O)NC2=S)c1,O,CCO1~O~c2([N+](=O)[O-])ccc(c(Cl)c2)-c2ccc(o2)/C=C2\C(=O)NC(=S)N(C2=O)c2cccc1c2,-6.4388017654418945,ok,
CC1=C(C#N)c2nc(N)c(C#N)c(C)c2/C1=C\c1ccc(-c2cccc(F)c2)o1,O,CC1=C(C#N)c2nc3(N)~O~o4c(ccc4-c4cccc(F)c4)/C=C/1c2c(C)c3C#N,-6.600029468536377,ok,
CC[n+]1c(C=C2C=C(N3CCCCC3)CCC2)ccc2ccccc21,O,CC[n+]1c2ccc3ccccc31~O~N1(CCCCC1)C1=CC(=C2)CCC1,-6.59183406829834,ok,
O=[N+]([O-])c1ccc(C=Cc2cc(-c3ccc4ccccc4n3)nc3ccc4ccccc4c23)cc1,O,[O-][N+]1=O~O~c12ccc(C=Cc1cc(-c3ccc4ccccc4n3)nc3ccc4ccccc4c13)cc2,,failed,Featurization failed: RDKit could not parse Smiles_Merged
CCN(CC)c1ccc(/C=C/c2c3ccc(OC)cc3[o+]c3cc(OC)ccc23)cc1,O,CCN(CC)c1ccc(/C=C/c2c3ccc(OC)cc3[o+]c34~O~O(C)c(ccc23)c4)cc1,-9.852705001831055,ok,
O=C(N/N=C/C=C/C=C/c1ccco1)c1cccc([N+](=O)[O-])c1,O,O=[N+]([O-])c1cccc(C2(=O)~O~o3cccc3/C=C/C=C/C=N/N2)c1,-5.474359512329102,ok,
CC(C)CNc1cc(N2CCN(C)CC2)c(N)c2c1C(=O)c1ccccc1C2=O,O,CC(C)CNc1cc(N2CCN(C)CC2)c2c3c1C(=O)c1ccccc1C3(=O)~O~N2,-4.937168121337891,ok,
O=c1/c(=C/C=C/c2ccccc2)sc2n1CN(c1ccc(Cl)cc1)CN=2,O,O=c12~O~N3(c4ccc(Cl)cc4)CN=c(s/c1=C\C=C\c1ccccc1)n2C3,-4.633766174316406,ok,
O=S(=O)(c1ccc(Cl)cc1)N1CN(c2ccc(N3CCOCC3)cc2)c2nc3ccccc3nc21,O,O=S1(=O)(c2ccc(Cl)cc2)~O~O2CCN(CC2)c2ccc(cc2)N2CN1c1nc3ccccc3nc12,-3.5613882541656494,ok,
CN(C)c1ccc(/[N+]([O-])=C\c2ccc3nsnc3c2)cc1,O,CN(C)c1ccc2(~O~[O-]/[N+]2=C/c2ccc3nsnc3c2)cc1,,failed,Featurization failed: RDKit could not parse Smiles_Merged
N#CC(C#N)=C1C(=O)NC2=C1CCC2,O,N#CC(C#N)=C1C2=C(CCC2)N2~O~C12=O,-3.8557746410369873,ok,
C(=NN=Cc1ccccn1)C1=C(N2CCOCC2)C(=Cc2ccccc2)CC1,O,C1=NN=Cc2(~O~O3CCN(CC3)C3=C1CCC3=Cc1ccccc1)ccccn2,,failed,Featurization failed: RDKit could not parse Smiles_Merged
N#CC(=[C]c1ccc(S[C]2[C][C][C][C][C]2)c([N+](=O)[O-])c1)C#N,O,N#CC(=[C]c1ccc(S[C]2[C][C][C][C][C]2)c2(~O~O=[N+]2[O-])c1)C#N,,failed,Featurization failed: RDKit could not parse Smiles_Merged
O=c1/c(=C/C=C/c2ccccc2)sc2n1CN(c1cccc(F)c1)CN=2,O,O=c12~O~N3(c4cccc(F)c4)CN=c(s/c1=C\C=C\c1ccccc1)n2C3,-4.282395362854004,ok,
[K+].CCCCC#C[B-](F)(F)F,O,CCCCC#C[B-](F)(F)F~O~[K+],-2.874058961868286,ok,
CC(=O)/C=C/c1oc2ccc([N+](=O)[O-])cc2c1-c1ccc(C)o1,O,CC(=O)/C=C/c1oc2ccc3([N+](=O)[O-])~O~o4c(C)ccc4-c1c2c3,-6.037171840667725,ok,
O=C1Nc2ccccc2/C1=N/c1ccc(/N=N/c2ccccc2)cc1,O,O=C12~O~N1c1ccccc1/C2=N/c1ccc(/N=N/c2ccccc2)cc1,-4.447659015655518,ok,
COc1ccc(N2C(=O)/C(=C/c3ccc(-c4ccc(C#N)cc4)o3)C(=O)NC2=S)cc1,O,CO1~O~C2(=O)/C(=C/c3ccc(-c4ccc(C#N)cc4)o3)C(=O)NC(=S)N2c2ccc1cc2,-6.140253067016602,ok,
O=C1[N]c2ccccc2C1=C1[C][C][N][C][C]1,O,[C]1[C]C(=C2c3ccccc3[N]C23~O~O=3)[C][C][N]1,-2.0345332622528076,ok,
CCC(/C=C1\Sc2ccc(OC)cc2N1CCCS(=O)(=O)[O-])=C\c1sc2ccc(OC)cc2[n+]1CCCS(=O)(=O)[O-],O,CCC1=C\c2(~O~[O-]S(=O)(=O)CCCN3/C(=C/1)Sc1ccc(OC)cc13)sc1ccc(OC)cc1[n+]2CCCS(=O)(=O)[O-],,failed,Featurization failed: RDKit could not parse Smiles_Merged
O=c1/c(=C/C=C/c2ccccc2)sc2n1CN(c1ccc(Br)cc1)CN=2,O,O=c12~O~N3(c4ccc(Br)cc4)CN=c(s/c1=C\C=C\c1ccccc1)n2C3,-4.335681915283203,ok,
O=C1c2ccccc2-c2onc3c(N4CCC5(CC4)OCCO5)cc(NCc4ccco4)c1c23,O,O=C12~O~o3cccc3CNc3cc(N4CCC5(CC4)OCCO5)c4noc(c4c31)-c1ccccc12,-5.499456405639648,ok,
CNc1ccc2nc3c(ccc4ccccc43)c3c2c1C(=O)c1ccccc1-3,O,CN1~O~C2(=O)c3ccccc3-c3c4ccc5ccccc5c4nc4ccc1c2c34,-5.735191345214844,ok,
CCOc1cccc(N2C(=O)C(=Cc3ccc(-c4ccc([N+](=O)[O-])cc4OC)o3)C(=O)NC2=S)c1,O,CCOc1cccc(N2C(=O)C(=Cc3ccc(-c4ccc5([N+](=O)[O-])~O~O(C)c4c5)o3)C(=O)NC2=S)c1,-6.01300573348999,ok,
CCN1C=C/C(=C\c2ccc3cc(C)ccc3[n+]2CC)c2ccccc21,O,CC[n+]1c2ccc3cc(C)ccc31~O~N1(CC)C=C/C(=C\2)c2ccccc21,-6.419036388397217,ok,
O=C1Nc2ccc([N+](=O)[O-])cc2C1=c1sc2n(c1=O)CN(c1cccc(Br)c1)CN=2,O,O=C1Nc2ccc([N+](=O)[O-])cc2C1=c1sc2n3c1(=O)~O~N(c1cccc(Br)c1)(CN=2)C3,-4.69572639465332,ok,
CCCCCCc1ccc(C2=N/C(=C\c3ccc(N(C)C)cc3)C(=O)O2)cc1,O,CCCCCCc1ccc(C2=N/C(=C\c3ccc(N(C)C)cc3)C3(=O)~O~O23)cc1,-4.879519462585449,ok,
COC(=O)CCN1CCc2cc(/N=N/c3ccc([N+](=O)[O-])cc3)ccc21,O,CO1~O~C1(=O)CCN1CCc2cc(/N=N/c3ccc([N+](=O)[O-])cc3)ccc21,-4.075268268585205,ok,
O=C(OC)CCN1C(C=C2)=C(CC1)C=C2/N=N/C(C=C3)=CC=C3[N+]([O-])=O,O,CO1~O~C1(=O)CCN1CCc2cc(/N=N/c3ccc([N+](=O)[O-])cc3)ccc21,-4.075268268585205,ok,
O=C1c2ccccc2-c2onc3c(N4CCC5(CC4)OCCO5)cc(Nc4ccc5c(c4)OCO5)c1c23,O,O=C1c2ccccc2-c2onc3c(N4CCC5(CC4)OCCO5)cc(Nc4ccc5c(c4)OC4~O~O54)c1c23,-5.496666431427002,ok,
CCN1C(=CC=c2sc(=C3SC(=S)N(c4ccccc4)C3=O)n(CC)c2=O)Sc2ccc(Cl)cc21,O,CCn1c2sc(c1=O)=CC=C1Sc3ccc(Cl)cc3N1(CC)~O~C1(=O)C=2SC(=S)N1c1ccccc1,-6.174701690673828,ok,
CN(C)c1ccc(C=Cc2cc(C(C)(C)C)[o+]c(C(C)(C)C)c2)cc1,O,CC(C)(C)c1cc2cc(C(C)(C)C)(~O~N(C)(C)c3ccc(cc3)C=C2)[o+]1,-8.70119857788086,ok,
O=C1c2ccccc2C(=O)N1c1ccc(-c2cc(-c3ccc(N4C(=O)c5ccccc5C4=O)cc3)nc(-c3ccccc3)n2)cc1,O,O=C1c2ccccc2C(=O)N1c1ccc(-c2cc(-c3ccc(N4C(=O)c5ccccc5C45~O~O=5)cc3)nc(-c3ccccc3)n2)cc1,-5.481103897094727,ok,
O=C1/C(=C/c2ccc([N+](=O)[O-])cc2)C=C(c2ccccc2)N1c1ccc(I)cc1,O,O=C1/C2=C/c3ccc([N+](=O)[O-])(~O~N1(c1ccc(I)cc1)C(c1ccccc1)=C2)cc3,-4.896089553833008,ok,
CC1=C(C#N)c2nc(N)c(C#N)c(C)c2C1=Cc1ccc(N(C)C)cc1,O,CC1=C(C#N)c2nc3(~O~N3)c(C#N)c(C)c2C1=Cc1ccc(N(C)C)cc1,,failed,Featurization failed: RDKit could not parse Smiles_Merged
[C]N([C])c1c([C]=C(C#N)C#N)cc([C]=C(C#N)C#N)c(N([C])[C])c1C#N,O,[C]N([C])c1c([C]=C(C#N)C#N)cc2c(c1C#N)N([C])([C])~O~C(C#N)(C#N)=[C]2,-6.125504493713379,ok,
O=C1/C(=C/c2ccc([N+](=O)[O-])cc2)C=C(c2ccccc2)N1c1cccc(Br)c1,O,O=C1/C2=C/c3ccc([N+](=O)[O-])(~O~N1(c1cccc(Br)c1)C(c1ccccc1)=C2)cc3,-4.865304470062256,ok,
C=CCN1C(=O)C(=Cc2ccc(-c3cccc(C(=O)O)c3)o2)SC1=S,O,C=CCN1C(=O)C(=Cc2ccc(-c3cccc(C4(=O)~O~O4)c3)o2)SC1=S,-4.4958367347717285,ok,
CCN1C(c2ccccc2)=C(c2ccccc2)S/C1=C\C=C1/SC(=S)N(C)C1=O,O,CCN12~O~C3(=O)/C(=C/C=C/1SC(c1ccccc1)=C2c1ccccc1)SC(=S)N3C,-6.364078044891357,ok,
COc1ccc2ccc(/C=C/c3ccc(N(C)C)cc3)[n+](C)c2c1,O,CN(C)c1ccc(/C=C/c2ccc3ccc4cc3(~O~O4C)[n+]2C)cc1,-6.136427879333496,ok,
CCCCNC(=O)c1cc(NCCCC)c2c(c1N)C(=O)c1ccccc1C2=O,O,CCCCNc1cc2c(c3c1C(=O)c1ccccc1C3=O)N~O~C2(=O)NCCCC,-5.99011754989624,ok,
C=CCN1C(=O)C(=CC2=Cc3ccccc3OC2C)SC1=S,O,C=CCN1C(=S)SC2=CC3=Cc4ccccc4O(~O~C21=O)C3C,-5.935845375061035,ok,
CN(C)c1ccc(C=CC=C2SC(=O)N(CC(=O)N3CCCC3)C2=O)cc1,O,CN1(C)~O~C2(=O)SC(=CC=Cc3ccc1cc3)C(=O)N2CC(=O)N1CCCC1,-5.181403160095215,ok,
N#CC(C#N)=c1ccc2c(c1)N1C(c3ccccc3)=CC(c3ccccc3)C3CCCCC31N=2,O,N#CC(C#N)=c1ccc2c(c1)N13~O~C14(CCCCC4C(c1ccccc1)C=C3c1ccccc1)N=2,-5.784130573272705,ok,
O=C1[N]c2ccc(S(=O)(=O)[N][C][C]c3ccccc3)cc2C1=C1[C][C][C][C]1,O,O=S(=O)([N][C][C]c1ccccc1)c1ccc2c(c1)C(=C1[C][C][C][C]1)C1(~O~O=1)[N]2,-2.4357640743255615,ok,
CC(C)CN1C(=O)C(=Cc2ccc(-c3ccc(Cl)c(C(F)(F)F)c3)o2)SC1=S,O,CC(C)CN1C(=O)C(=Cc2ccc3o2~O~C(F)(F)(F)c2cc-3ccc2Cl)SC1=S,-8.994074821472168,ok,
COCCNc1cc(N2CCCCCC2)c(N)c2c1C(=O)c1ccccc1C2=O,O,COCCNc1cc(N2CCCCCC2)c2c3c1C(=O)c1ccccc1C3(=O)~O~N2,-5.208186626434326,ok,
CCCCCCCN1C(=O)C(=Cc2ccc(-c3cccc(F)c3)o2)SC1=S,O,CCCCCCCN1C(=S)SC2=Cc3ccc(-c4cccc(F)c4)o3~O~C21=O,-7.8431315422058105,ok,
O=S(=O)(c1ccc(-c2ccc(/C=C/c3nc4c(ccc5ccccc54)s3)o2)cc1)N1CCOCC1,O,O=S1(=O)(N2CCOCC2)~O~o2c(/C=C/c3nc4c(ccc5ccccc54)s3)ccc2-c2ccc1cc2,-6.65873384475708,ok,
CC(C)Nc1cc(N2CCOCC2)c2noc3c2c1C(=O)c1ccccc1-3,O,CC(C)N1~O~C2(=O)c3ccccc3-c3onc4c(N5CCOCC5)cc1c2c34,-4.214911937713623,ok,
CCN(CC)c1ccc(N2C(=O)/C(=C/c3ccc([N+](=O)[O-])cc3)SC2=S)cc1,O,CCN1(CC)~O~C2(=O)/C(=C/c3ccc([N+](=O)[O-])cc3)SC(=S)N2c2ccc1cc2,-6.250211715698242,ok,
CCCOC(=O)c1ccc(N2N=C(C(F)(F)F)/C(=C/c3ccc(-c4ccc([N+](=O)[O-])cc4)o3)C2=O)cc1,O,CCCO1~O~C(F)(F)(F)C2=NN(C(=O)/C2=C\c2ccc(-c3ccc([N+](=O)[O-])cc3)o2)c2ccc(cc2)C1=O,-5.564899921417236,ok,
CCC(/C=C1\Sc2ccc(OC)cc2N1CC)=C1\SC(=S)N(Cc2ccccc2)C1=O,O,CCC1=C2\SC(=S)N(Cc3ccccc3)C2(=O)~O~O(C)c2ccc3c(c2)N(CC)/C(=C/1)S3,-6.820330619812012,ok,
O=C(O)c1cccc(-c2ccc(C=C3SC(=S)N(Cc4ccco4)C3=O)o2)c1,O,O=C1C(=Cc2ccc(-c3cccc(C4(=O)~O~O4)c3)o2)SC(=S)N1Cc1ccco1,-4.699233055114746,ok,
[C][C][C][C]C(=O)c1c([N][C]=C2C(=O)[N]C(=S)[N]C2=O)sc2c1[C][C][C][C]2,O,[C][C][C][C]C1=O~O~C2(=O)[N]C(=S)[N]C(=O)C2=[C][N]c2sc3c(c21)[C][C][C][C]3,-2.9393227100372314,ok,
CC(C)(C)c1ccc(Oc2cc(C#N)c(C#N)cc2N2CCCCC2)cc1,O,CC(C)(C)c1ccc(O2~O~c23cc(C#N)c(C#N)cc3N2CCCCC2)cc1,,failed,Featurization failed: RDKit could not parse Smiles_Merged
CC[NH+](CC)Cc1c([O-])cc(C)c2c1O/C(=C\c1cccnc1)C2=O,O,CC[NH+](CC)Cc1c2cc(C)c3c1O/C(=C\c1cccnc1)C3(=O)~O~[O-]2,-3.926490068435669,ok,
CCOc1ccc(/C=C/C2=[N+](C)c3ccc(C(=O)OC)cc3C2(C)C)cc1,O,CCO1~O~C(=O)(OC)c2ccc3c(c2)C(C)(C)C(=[N+]3C)/C=C/c2ccc1cc2,-5.919650077819824,ok,
[C]Oc1cccc(N2C(=O)[C]3[C]([C]4[C]=[C][C]3C4=C3[C][C][C][C]3)C2=O)c1,O,O=C1[C]2[C]([C]3[C]=[C][C]2C3=C2[C][C][C][C]2)C(=O)N1c1cccc(O2~O~[C]2)c1,-3.679115056991577,ok,
CCN1C(=O)C(=Cc2ccc(-c3cccc(C(F)(F)F)c3)o2)N(C)C1=S,O,CCN1C(=O)C(=Cc2ccc3o2~O~C(F)(F)(F)c2cccc-3c2)N(C)C1=S,-6.89729118347168,ok,
O=C(C=Cc1ccc(-c2ccccc2Br)o1)c1cccc(N2CCOCC2)c1,O,O=C1(c2cccc(N3CCOCC3)c2)~O~o2c(ccc2-c2ccccc2Br)C=C1,-5.606564044952393,ok,
O=S(=O)(O)c1cccc2c(/N=N/c3ccc(O)c4ncccc34)cccc12,O,O=S1(=O)(O)~O~Oc2ccc(c3cccnc23)/N=N/c2cccc3c1cccc23,-3.1520614624023438,ok,
O=C(C=Cc1ccc([N+](=O)[O-])cc1)Nc1ccc(N2CCOCC2)cn1,O,O=C1C=Cc2ccc([N+](=O)[O-])(~O~O3CCN(CC3)c3ccc(nc3)N1)cc2,-4.2678985595703125,ok,
Cc1ccc(N2CCN(C3=NC(=O)/C(=C\c4ccc(-c5ccc(Cl)cc5Cl)o4)S3)CC2)cc1Cl,O,Cc1ccc(N2CCN(C3=NC4(=O)~O~o5c(ccc5-c5ccc(Cl)cc5Cl)/C=C\4S3)CC2)cc1Cl,-5.608252048492432,ok,
O=[N+]([O-])c1cc(Cl)cc(/C=N/c2ccccc2N2CCCCC2)c1O,O,O=[N+]([O-])c12~O~Oc1c(/C=N/c1ccccc1N1CCCCC1)cc(Cl)c2,-4.805057525634766,ok,
COc1ccc(N2C(=O)C(=Cc3ccc(-c4ccc(I)cc4)o3)SC2=S)cc1,O,CO1~O~C2(=O)C(=Cc3ccc(-c4ccc(I)cc4)o3)SC(=S)N2c2ccc1cc2,-6.299743175506592,ok,
O=C([O-])CCN1C(=O)C(=Cc2ccc(-c3ccc([N+](=O)[O-])cc3)o2)SC1=S,O,O=C1C2=Cc3ccc(o3)-c3ccc([N+](=O)[O-])(~O~O=C([O-])CCN1C(=S)S2)cc3,-4.473883152008057,ok,
COC(=O)CCN1CCCc2cc(/N=N/c3ccc([N+](=O)[O-])cc3)ccc21,O,CO1~O~C1(=O)CCN1CCCc2cc(/N=N/c3ccc([N+](=O)[O-])cc3)ccc21,-4.408207416534424,ok,
O=C(OC)CCN1C(C=C2)=C(CCC1)C=C2/N=N/C(C=C3)=CC=C3[N+]([O-])=O,O,CO1~O~C1(=O)CCN1CCCc2cc(/N=N/c3ccc([N+](=O)[O-])cc3)ccc21,-4.408207416534424,ok,
CC1=C(C#N)c2nc(N)c(C#N)c(C)c2/C1=C\c1cccnc1,O,CC1=C(C#N)c2nc3(~O~N3)c(C#N)c(C)c2/C1=C\c1cccnc1,,failed,Featurization failed: RDKit could not parse Smiles_Merged
CC[NH+](CC)Cc1c([O-])ccc2c1O/C(=C\c1cc(OC)c(OC)cc1OC)C2=O,O,CC[NH+](CC)Cc1c2ccc3c1O/C(=C\c1cc(OC)c(OC)cc1OC)C3(=O)~O~[O-]2,-4.235589981079102,ok,
O=C1N=C(N2CCN(c3cccc(C(F)(F)F)c3)CC2)SC1=Cc1ccc(-c2ccccc2[N+](=O)[O-])o1,O,O=C1N=C2SC1=Cc1ccc(-c3ccccc3[N+](=O)[O-])o1~O~C(F)(F)(F)c1cccc(c1)N1CCN2CC1,-5.447187423706055,ok,
COC(=O)c1ccc(C=CC(=O)c2ccc(N3CCCCCC3)cc2)o1,O,CO1~O~C1(=O)c1ccc(C=CC(=O)c2ccc(N3CCCCCC3)cc2)o1,-5.245467662811279,ok,
CC1(C)OC(C)(C)C(=Cc2ccc(-c3cccc([N+](=O)[O-])c3)o2)C1=O,O,CC1(C)OC(C)(C)C(=Cc2ccc3o2~O~c2([N+](=O)[O-])cccc-3c2)C1=O,-7.072780609130859,ok,
[C]Oc1ccc(C2=[C]C(=C3C(=O)c4ccccc4C3=O)c3cc([C])ccc3O2)cc1,O,[C]c1ccc2c(c1)C(=C1C(=O)c3ccccc3C1=O)[C]=C(c1ccc(O3~O~[C]3)cc1)O2,-5.7826361656188965,ok,
COc1ccc(CCNC(=O)c2c(N)n(-c3ccc(N(C)C)cc3)c3nc4ccccc4nc23)cc1,O,CN(C)c1ccc(-n2c(N)c(C3(=O)~O~O(C)c4ccc(cc4)CCN3)c3nc4ccccc4nc32)cc1,-2.9250030517578125,ok,
Cc1ccc(Nc2cc(N3CCN(C)CC3)c3noc4c3c2C(=O)c2ccccc2-4)cc1,O,Cc1ccc(Nc2cc3c4noc5c4c2C(=O)(~O~N32CCN(C)CC2)c2ccccc2-5)cc1,-4.881199359893799,ok,
O=C1/C(=C/c2ccc(-c3ccc(Br)cc3)o2)C=C(c2ccccc2)N1c1cccc(Cl)c1,O,O=C12~O~o3c(ccc3-c3ccc(Br)cc3)/C=C/1C=C(c1ccccc1)N2c1cccc(Cl)c1,-6.501317977905273,ok,
CCC(/C=C1\Sc2ccc(OC)cc2N1CCCS(=O)(=O)[O-])=C\c1sc2ccc(OC)cc2[n+]1CC,O,CCC1=C\c2(~O~[O-]S(=O)(=O)CCCN3/C(=C/1)Sc1ccc(OC)cc13)sc1ccc(OC)cc1[n+]2CC,,failed,Featurization failed: RDKit could not parse Smiles_Merged
C=CC(=O)N1C/C(=C\c2ccc([N+](=O)[O-])cc2)C(=O)/C(=C/c2ccc([N+](=O)[O-])cc2)C1,O,C=CC(=O)N12~O~c3([N+](=O)[O-])ccc(cc3)/C=C(\C1)C(=O)/C(=C/c1ccc([N+](=O)[O-])cc1)C2,-4.950552940368652,ok,
[O-][n+]1c2c([n+]([O-])c3cc(Cl)ccc31)CCCC2,O,[O-][n+]1c2c([n+]3c4ccc(Cl)cc41~O~[O-]3)CCCC2,-4.686008930206299,ok,
COc1ccc(CN2C(=O)C(=Cc3ccc(-c4ccc(Cl)c(Cl)c4)o3)SC2=S)cc1,O,CO1~O~C2(=O)C(=Cc3ccc(-c4ccc(Cl)c(Cl)c4)o3)SC(=S)N2Cc2ccc1cc2,-6.9525909423828125,ok,
CN(C)c1ccc(/C=C2\N=C(c3ccccc3)OC2=O)cc1Br,O,CN(C)c1ccc(/C=C2\N=C(c3ccccc3)O3~O~C23=O)cc1Br,-4.0676045417785645,ok,
"[K+].CN1N=C(C=C1[B-](F)(F)F)C(C)(C)C |c:2,4|",O,Cn1nc(C(C)(C)C)cc1[B-](F)(F)F~O~[K+],-3.022556781768799,ok,
CC(C)c1csc(C(C#N)=Cc2ccc(N3CCCCC3)o2)n1,O,CC(C)c1csc(C(C#N)=Cc2ccc3(N4CCCCC4)~O~o23)n1,-6.679859161376953,ok,
CCCCCCCCN1C(=O)C(=Cc2ccc(-c3cccc(F)c3)o2)SC1=S,O,CCCCCCCCN1C(=S)SC2=Cc3ccc(-c4cccc(F)c4)o3~O~C21=O,-7.978696346282959,ok,
Cc1cc(/C=C2\SC(=S)NC2=O)c(C)n1-c1ccc(N2CCOCC2)cc1,O,Cc1cc2c(C)n1-c1ccc(cc1)N1CCO(~O~C3(=O)NC(=S)S/C3=C\2)CC1,-5.194754123687744,ok,
CCOc1ccc(N2C(=O)C(=Cc3ccc(-c4ccc(Cl)cc4)o3)N(C)C2=S)cc1,O,CCO1~O~C2(=O)C(=Cc3ccc(-c4ccc(Cl)cc4)o3)N(C)C(=S)N2c2ccc1cc2,-6.508464336395264,ok,
Cc1ccc(C(=O)Nc2sc(/C(C#N)=C\c3ccc(N4CCCCC4)o3)nc2-c2ccccc2)cc1,O,Cc1ccc(C2(=O)~O~o3c(ccc3N3CCCCC3)/C=C(/C#N)c3nc(-c4ccccc4)c(s3)N2)cc1,-6.668972015380859,ok,
CCCCCCCCCCCCCCCCCC1=NN(c2ccc(-c3nc4cc(S(=O)(=O)O)ccc4s3)cc2)C(=O)/C1=N\c1ccc(N(CC)CC)cc1,O,CCCCCCCCCCCCCCCCCC1=NN(c2ccc(-c3nc4cc(S(=O)(=O)O)ccc4s3)cc2)C2(=O)~O~N(CC)(CC)c3ccc(cc3)/N=C/12,-5.935512542724609,ok,
[O-]/[N+]1=N\c2nonc2/[N+]([O-])=N/c2nonc2/[N+]([O-])=N/c2nonc2/[N+]([O-])=N/c2nonc21,O,[O-]/[N+]1=N\c2nonc2/[N+]([O-])=N/c2nonc2/[N+]2=N/c3nonc3(~O~[O-]2)/[N+]([O-])=N/c2nonc21,-1.734290361404419,ok,
NC1=C(N)c2nonc2Nc2nonc21,O,NC1=C2N~O~c3(nonc31)Nc1nonc12,-5.139947414398193,ok,
CN(C)c1ccc(/N=N/c2ccccc2C(=O)OCC(=O)c2ccccc2)cc1,O,CN(C)c1ccc(/N=N/c2ccccc2C2(=O)~O~O2CC(=O)c2ccccc2)cc1,-4.11472749710083,ok,
CN(C)c1ccc(Nc2cc(N3CCCCC3)c3noc4c3c2C(=O)c2ccccc2-4)cc1,O,CN1(C)~O~C2(=O)c3ccccc3-c3onc4c(N5CCCCC5)cc(c2c34)Nc2ccc1cc2,-5.574192047119141,ok,
CCc1ccc(N2C(=O)C(=CC=Cc3ccco3)N(CC(=O)OC)C2=S)cc1,O,CCc1ccc(N2C(=O)C(=CC=Cc3ccco3)N(CC3(=O)~O~O3C)C2=S)cc1,-5.577841281890869,ok,
Cc1ccccc1N1CCN(C2=NC(=O)C(=Cc3ccc(-c4cc(Cl)ccc4Cl)o3)S2)CC1,O,Cc1ccccc1N1CCN(C2=NC3(=O)~O~o4c(ccc4-c4cc(Cl)ccc4Cl)C=C3S2)CC1,-5.164793968200684,ok,
CCN(CC)c1ccc(-c2nonc2-c2ccc(N(CC)CC)cc2)cc1,O,CCN(CC)c1ccc(-c2nonc23~O~N(CC)(CC)c2ccc-3cc2)cc1,,failed,Featurization failed: RDKit could not parse Smiles_Merged
CN(C)c1ccc(N2C(=O)C(=Cc3ccc(-c4ccc(Cl)cc4[N+](=O)[O-])o3)SC2=S)cc1,O,CN(C)c1ccc(N2C(=O)C(=Cc3ccc4o3~O~c3([N+](=O)[O-])cc(Cl)ccc3-4)SC2=S)cc1,-6.52255916595459,ok,
COc1cc(N2CCCCC2)ccc1/C=C(/C#N)c1ccc(C(=O)O)cc1,O,CO1~O~C(=O)(O)c2ccc(cc2)/C(C#N)=C\c2ccc(N3CCCCC3)cc21,-5.810340404510498,ok,
Nc1ccc(N2CCCCC2)c2nonc12,O,c1cc(N2CCCCC2)c23~O~Nc1c2non3,-3.253920078277588,ok,
O=C1OC(c2ccccc2)=N/C1=C/c1ccc(-c2ccc([N+](=O)[O-])cc2Br)o1,O,O=[N+]([O-])c1ccc(-c2ccc3o2~O~C2(=O)OC(c4ccccc4)=N/C2=C/3)c(Br)c1,-5.472259521484375,ok,
O=[N+]([O-])c1ccc(-c2ccc(/C=C/c3nc4ccccc4o3)o2)cc1,O,O=[N+]([O-])c12~O~o3c(/C=C/c4nc5ccccc5o4)ccc3-c(cc1)cc2,-5.721594333648682,ok,
CCCN(CCC)c1ccc(/C=C2\N=C(c3ccccc3Br)OC2=O)cc1,O,CCCN(CCC)c1ccc(/C=C2\N=C(c3ccccc3Br)O3~O~C23=O)cc1,-4.827305793762207,ok,
COc1ccccc1N1C(=O)/C(=C/c2ccc(-c3ccc(Cl)c(Cl)c3)o2)C=C1c1ccccc1,O,CO1~O~C2(=O)/C(=C/c3ccc(-c4ccc(Cl)c(Cl)c4)o3)C=C(c3ccccc3)N2c2ccccc21,-6.147231101989746,ok,
CN(C)c1ccc(/N=N/c2ccc(C(=O)O)cc2)cc1,O,CN(C)c1ccc(/N=N/c2ccc(C3(=O)~O~O3)cc2)cc1,-2.7260348796844482,ok,
O=C1[N]C(=S)[N]C(=O)C1=[C]c1ccc2c(c1)[C][C][C]N2[C]c1ccccc1,O,O=C1[N]C(=S)[N]C2(=O)~O~N3([C]c4ccccc4)[C][C][C]c4cc(ccc43)[C]=C12,-3.8049442768096924,ok,
CN1c2ccc(C(=S)N3CCN(c4ccccc4)CC3)cc2-c2c(ssc2=S)C1(C)C,O,CN1c2ccc3cc2-c2c(ssc2(=S)~O~N2(c4ccccc4)CCN(CC2)C3=S)C1(C)C,-7.073492050170898,ok,
Cc1ccc(C)c(N2C(=O)/C(=C/c3ccc(-c4ccc(Br)cc4)o3)C=C2c2ccccc2)c1,O,Cc1ccc(C)c(N2C(c3ccccc3)=C/C3=C\c4ccc(-c5ccc(Br)cc5)o4~O~C32=O)c1,-6.258453369140625,ok,
O=C1c2cccc3c2C2=S(Sc4ccc(Nc5ccccc5)c1c42)N3c1ccccc1,O,O=C12~O~N(c3ccccc3)c3ccc4c(c31)C1=S(S4)N(c3ccccc3)c3cccc2c31,-6.271566867828369,ok,
O=C1C(=Cc2ccc(-c3ccccc3OC(F)(F)F)o2)C(=O)c2ccccc21,O,O=C1C(=Cc2ccc3o2~O~C(F)(F)(F)Oc2ccccc2-3)C(=O)c2ccccc21,-6.6903157234191895,ok,
FC(F)(F)OC1=C(C=CC=C1)C2=CC=C(C=C(C3=O)C(C4=C3C=CC=C4)=O)O2,O,O=C1C(=Cc2ccc3o2~O~C(F)(F)(F)Oc2ccccc2-3)C(=O)c2ccccc21,-6.690315246582031,ok,
CCCCn1c(=C2SC(=S)N(N)C2=O)sc(=CC=C2Sc3ccc(Cl)cc3N2CC)c1=O,O,CCCCn1c2sc(c1=O)=CC=C1Sc3ccc(Cl)cc3N1(CC)~O~C1(=O)C=2SC(=S)N1N,-5.703371047973633,ok,
CCN(CC)c1ccc(C2=Nc3ncnn3C2=NCc2ccccc2)cc1,O,CCN1(CC)~O~c23ncnn2C(=NCc2ccccc2)C(=N3)c2ccc1cc2,-3.2522897720336914,ok,
"[Na+].[Na+].NC1=C(C=C(NC2=CC=CC(=C2)S(=O)(=O)CCOS([O-])(=O)=O)C2=C1C(=O)C1=C(C=CC=C1)C2=O)S([O-])(=O)=O |c:8,10,23,30,32,t:1,3,6,28|",O,Nc1c(S(=O)(=O)[O-]~O~[Na+])cc(Nc2cccc(S(=O)(=O)CCOS(=O)(=O)[O-])c2)c2c1C(=O)c1ccccc1C2=O.[Na+],-2.8923628330230713,ok,
CCCn1c(=O)/c(=C2/C=Cc3ccccc3N2CC)s/c1=C1\SC(=S)NC1=O,O,CCCn1/c(=C2/SC(=S)NC2=O)s/c2c1(=O)~O~N1(CC)/C=2C=Cc2ccccc21,-6.779655456542969,ok,
O=C1/C(=C/c2cc3ccccc3o2)Oc2c1ccc([O-])c2C[NH+]1CCCCCC1,O,O=C12~O~[O-]c3ccc1c(c3C[NH+]1CCCCCC1)O/C2=C\c1cc2ccccc2o1,-3.2871344089508057,ok,
Cc1cc(O)c2c(=O)c3c(O)cc([O-])c4c5c(O)cc(O)c6c(=O)c7c(O)cc(C)c8c1c2c(c34)c(c78)c65,O,Cc1cc(O)c2c(=O)c3c(O)cc4c5c6c(O)cc(O)c7c6c6c(c2c1c1c(C)cc(O)c(c16)c7(=O)~O~[O-]4)c35,-6.207263469696045,ok,
"[K+].F[B-](F)(F)C1=CC(Cl)=CC(Cl)=C1 |c:7,10,t:4|",O,F[B-](F)(F~O~[K+])c1cc(Cl)cc(Cl)c1,-3.066128969192505,ok,
CCN1c2ccc(/C=C3\SC(=S)N=C3O)cc2C(C)=CC1(C)C,O,CCN1c2ccc(/C=C3\SC(=S)N=C34~O~O4)cc2C(C)=CC1(C)C,-4.394085884094238,ok,
CCCN1CCN(c2cc(NCC)c3c4c(onc24)-c2ccccc2C3=O)CC1,O,CCCN1CCN(c2cc3c4c5c(onc25)-c2ccccc2C4(=O)~O~N3CC)CC1,-4.498100757598877,ok,
CN1C(=O)/C(=C\c2ccc(C#N)cc2)S/C1=N\c1ccc(N2CCOCC2)cc1,O,CN1/C2=N/c3ccc(cc3)N3CCO(~O~C1(=O)/C(=C\c1ccc(C#N)cc1)S2)CC3,-4.316981315612793,ok,
CCCCc1ccc(/N=N/c2ccc(OC(=O)c3cc(N)c4c(c3N)C(=O)c3ccccc3C4=O)cc2C)cc1,O,CCCCc1ccc(/N=N/c2ccc(O3~O~C3(=O)c3cc(N)c4c(c3N)C(=O)c3ccccc3C4=O)cc2C)cc1,-4.001629829406738,ok,
Cc1cc(C(=O)Nc2ccc(-c3ccc(N4CCOCC4)nn3)cc2)ccc1[N+](=O)[O-],O,Cc1cc2ccc1([N+](=O)[O-])~O~O1CCN(CC1)c1ccc(nn1)-c1ccc(cc1)NC2=O,-4.655614852905273,ok,
C=CCN1C(=O)/C(=C\c2cc(/N=N/c3ccccc3)ccc2O)SC1=S,O,C=CCN1C(=S)S/C2=C/c3cc(/N=N/c4ccccc4)ccc3O~O~C21=O,-3.6073262691497803,ok,
Cc1ccc(/N=N/c2ccc(N/C=C3\C(=O)C(O)=C(C(C)C)c4cc(C)c(-c5c(C)cc6c(c5O)/C(=C/Nc5ccc(/N=N/c7ccc(C)cc7)cc5)C(=O)C(O)=C6C(C)C)c(O)c43)cc2)cc1,O,Cc1ccc(/N=N/c2ccc(N/C=C3\C(=O)C(O)=C(C(C)C)c4cc(C)c5c(c43)O~O~C3(=O)C(O)=C(C(C)C)c4cc(C)c-5c(O)c4/C3=C/Nc3ccc(/N=N/c4ccc(C)cc4)cc3)cc2)cc1,-5.3241472244262695,ok,
CN1C(=O)/C(=C\c2cc(/N=N/c3cccc(C(F)(F)F)c3)ccc2O)SC1=S,O,CN1C(=O)/C(=C\c2cc3ccc2O~O~C(F)(F)(F)c2cccc(c2)/N=N/3)SC1=S,-3.920609474182129,ok,
COC(=O)c1ccc2c(c1)C(C)(C)C(C=Cc1ccc(O)cc1)=[N+]2C,O,COC1(=O)~O~Oc2ccc(cc2)C=CC2=[N+](C)c3ccc1cc3C2(C)C,-3.4870855808258057,ok,
COC(=O)c1ccc2c(c1)[N+](C)=C(/C=C/c1ccc3c(c1)OCO3)C2(C)C,O,C[N+]1=C(/C=C/c2ccc3c(c2)OCO3)C(C)(C)c2ccc(C3(=O)~O~O3C)cc21,-4.40380859375,ok,
COc1ccc(-c2ccc(/C=C/C(=O)c3ccc(N4CCOCC4)cc3)o2)c([N+](=O)[O-])c1,O,CO1~O~c2([N+](=O)[O-])cc1ccc2-c1ccc(/C=C/C(=O)c2ccc(N3CCOCC3)cc2)o1,-5.309678554534912,ok,
Cc1ccc(N2CCN(C3=NC(=O)/C(=C/c4ccc(-c5ccc(Cl)c(Cl)c5)o4)S3)CC2)cc1Cl,O,Cc1ccc(N2CCN(C3=NC4(=O)~O~o5c(ccc5-c5ccc(Cl)c(Cl)c5)/C=C/4S3)CC2)cc1Cl,-5.599532127380371,ok,
CCN(CC)c1ccc(NC(=O)c2ccc([N+](=O)[O-])cc2)cc1,O,CCN1(CC)~O~c2([N+](=O)[O-])ccc(cc2)C(=O)Nc2ccc1cc2,-5.534608364105225,ok,
CCN1C(=O)C(=Cc2ccc(-c3cccc(C(F)(F)F)c3)o2)C(=O)N(CC)C1=S,O,CCN1C(=O)C(=Cc2ccc3o2~O~C(F)(F)(F)c2cccc-3c2)C(=O)N(CC)C1=S,-7.398616790771484,ok,
N#Cc1c(C=Cc2ccc([N+](=O)[O-])cc2)nc2c(c1-c1ccc3c(c1)OCO3)C(=O)c1ccccc1-2,O,N#Cc1c2nc3c(c1-c1ccc4c(c1)OCO4~O~c1([N+](=O)[O-])ccc(cc1)C=C2)C(=O)c1ccccc1-3,-5.35540771484375,ok,
CN(C)c1ccc(C(=O)Nc2ccc(-c3csc(N4CCOCC4)n3)cc2)cc1[N+](=O)[O-],O,CN(C)c1ccc2cc1([N+](=O)[O-])~O~O1CCN(CC1)c1nc(cs1)-c1ccc(cc1)NC2=O,-4.715703964233398,ok,
COc1ccc(OC)c(/C=C2\Oc3c(ccc([O-])c3C[NH+]3CCCCCC3)C2=O)c1,O,COc1ccc(OC)c(/C=C2\Oc3c4ccc(c3C[NH+]3CCCCCC3)[O-]~O~C24=O)c1,-3.525977373123169,ok,
CN(C)c1ccc(/C=C2\C(=O)ON=C2c2ccccc2)cc1C#N,O,CN1(C)~O~C2(=O)ON=C(c3ccccc3)/C2=C/c2ccc1c(C#N)c2,-4.820821762084961,ok,
O=C1/C(C(C2=CC=CC=C2)=NO1)=C\C(C=C3)=CC(C#N)=C3N(C)C,O,CN1(C)~O~C2(=O)ON=C(c3ccccc3)/C2=C/c2ccc1c(C#N)c2,-4.820821762084961,ok,
CNC(=O)N(O)C1N(N=CC=Cc2ccc([N+](=O)[O-])o2)C(=S)SC1(C)C,O,CNC(=O)N(O)C1N(N=CC=Cc2ccc3([N+](=O)[O-])~O~o23)C(=S)SC1(C)C,-4.563950538635254,ok,
N#Cc1c(/N=C/c2ccc(-c3ccc([N+](=O)[O-])cc3)o2)sc2c1CCC2,O,N#Cc1c(/N=C/c2ccc3o2~O~c2([N+](=O)[O-])ccc-3cc2)sc2c1CCC2,-6.969799995422363,ok,
O=C1C(=Cc2ccc(-c3ccc([N+](=O)[O-])cc3Br)o2)SC(=S)N1c1ccc([N+](=O)[O-])cc1,O,O=[N+]([O-])c1ccc(N2C(=S)SC3=Cc4ccc(-c5ccc([N+](=O)[O-])cc5Br)o4~O~C32=O)cc1,-6.909882068634033,ok,
CCN(CC)c1ccc(/C=C2\N=C(c3ccccc3)OC2=O)c(OC)c1,O,CCN(CC)c1ccc2c(c1)O(C)~O~C1(=O)OC(c3ccccc3)=N/C1=C\2,-4.554352760314941,ok,
COC1=C(c2ccccc2)SC2=NC(c3ccccc3)=C/C(=C\c3ccc4ccccc4[n+]3C)N21,O,C[n+]1c(/C=C2\C=C(c3ccccc3)N=C3SC(c4ccccc4)=C4(~O~O4C)N32)ccc2ccccc21,-4.733269214630127,ok,
O=C1C(=Cc2ccc(-c3ccc([N+](=O)[O-])cc3Cl)o2)SC(=S)N1CCS(=O)(=O)O,O,O=C1C(=Cc2ccc3o2~O~c2([N+](=O)[O-])ccc-3c(Cl)c2)SC(=S)N1CCS(=O)(=O)O,-5.933052062988281,ok,
CN(C)c1ccc(Nc2cc(N3CCN(c4ccc(F)cc4)CC3)c3noc4c3c2C(=O)c2ccccc2-4)cc1,O,CN1(C)~O~C2(=O)c3ccccc3-c3onc4c(N5CCN(c6ccc(F)cc6)CC5)cc(c2c34)Nc2ccc1cc2,-3.9354615211486816,ok,
Cc1ccc(N2C(=O)C(=Cc3ccc(-c4ccc(Cl)c(Cl)c4)o3)C=C2c2ccccc2)cc1[N+](=O)[O-],O,Cc1ccc2cc1([N+](=O)[O-])~O~o1c(ccc1-c1ccc(Cl)c(Cl)c1)C=C1C=C(c3ccccc3)N2C1=O,-6.8402252197265625,ok,
C=CCN1C(=O)/C(=C\c2ccc(-c3ccc([N+](=O)[O-])cc3Cl)o2)SC1=S,O,C=CCN1C(=O)/C(=C\c2ccc3o2~O~c2([N+](=O)[O-])ccc-3c(Cl)c2)SC1=S,-7.039740562438965,ok,
CC1CC(C)C[NH+](Cc2c([O-])ccc3c2O/C(=C\c2cc4ccccc4o2)C3=O)C1,O,CC1CC(C)C[NH+](Cc2c3ccc4c2O/C(=C\c2cc5ccccc5o2)C4(=O)~O~[O-]3)C1,-3.998168468475342,ok,
O=C1C(=Cc2ccc(-c3cccc([N+](=O)[O-])c3)o2)C(C(F)(F)F)=NN1c1ccc(Cl)cc1,O,O=C1C2=Cc3ccc(-c4cccc([N+](=O)[O-])c4)o3~O~C(F)(F)(F)C2=NN1c1ccc(Cl)cc1,-6.297301292419434,ok,
CCC(=Cc1sc2ccc3sccc3c2[n+]1CC)C=C1Sc2ccc(OC)cc2N1CCCS(=O)(=O)[O-],O,CCC1=Cc2(~O~[O-]S(=O)(=O)CCCN3C(=C1)Sc1ccc(OC)cc13)sc1ccc3sccc3c1[n+]2CC,,failed,Featurization failed: RDKit could not parse Smiles_Merged
O=C(O)c1cccc(N2C(=O)/C(=C/c3ccc(-c4ccc(Cl)c(Cl)c4)o3)C=C2c2ccccc2)c1,O,O=C1/C(=C/c2ccc(-c3ccc(Cl)c(Cl)c3)o2)C=C(c2ccccc2)N1c1cccc(C2(=O)~O~O2)c1,-4.606034755706787,ok,
CC[n+]1c(/C=C2/C=CN(C)c3ccccc32)ccc2ccccc21,O,CC[n+]1c2ccc3ccccc31~O~N1(C)C=C/C(=C/2)c2ccccc21,-6.069246292114258,ok,
CN(C)c1ccc(/C=C/c2nc3ccc(I)cc3c(=O)n2-c2ccc([N+](=O)[O-])cc2Cl)cc1,O,CN1(C)~O~c2([N+](=O)[O-])ccc(c(Cl)c2)-n2c(nc3ccc(I)cc3c2=O)/C=C/c2ccc1cc2,-5.774126052856445,ok,
O=C1C(=Cc2ccc(-c3ccc(Cl)c(Cl)c3)o2)C=C(c2ccccc2)N1c1ccc(Br)cc1,O,O=C12~O~o3c(ccc3-c3ccc(Cl)c(Cl)c3)C=C1C=C(c1ccccc1)N2c1ccc(Br)cc1,-6.80451774597168,ok,
CC(=O)Nc1ccc(N2C(=O)/C(=C/c3ccc([N+](=O)[O-])cc3)SC2=S)cc1,O,CC(=O)N1~O~C2(=O)/C(=C/c3ccc([N+](=O)[O-])cc3)SC(=S)N2c2ccc1cc2,-4.867270469665527,ok,
N#CC(/C=C\c1ccc(-c2ccc(O)cc2)s1)C(N)=O,O,N#CC1/C=C\c2ccc(s2)-c2ccc(cc2)O~O~C1(N)=O,-3.9498608112335205,ok,
CCN1/C(=C/C(N)=C/c2sc3ccccc3[n+]2CCCS(=O)(=O)[O-])Sc2ccccc21,O,CCN1/C(=C/C(N)=C/c23~O~[O-]S(=O)(=O)CCC[n+]2c2ccccc2s3)Sc2ccccc21,-3.4439544677734375,ok,
O=C1N=C(N2CCN(c3cccc(C(F)(F)F)c3)CC2)S/C1=C/c1ccc(-c2ccc(Cl)cc2)o1,O,O=C1N=C2S/C1=C/c1ccc(-c3ccc(Cl)cc3)o1~O~C(F)(F)(F)c1cccc(c1)N1CCN2CC1,-6.086690425872803,ok,
N#C/C(=C/c1ccc(N2CCOCC2)cc1)c1cccc([N+](=O)[O-])c1,O,N#C/C1=C/c2ccc(cc2)N2CCO(~O~c3([N+](=O)[O-])cccc1c3)CC2,-4.8010406494140625,ok,
CNc1ccc(N2CCOCC2)c2c1C(=O)c1ccccc1C2=O,O,CN1~O~C2(=O)c3ccccc3C(=O)c3c1ccc(N1CCOCC1)c32,-5.185422897338867,ok,
CC1(C)c2ssc(=S)c2-c2cc(C(=S)N3CCCCC3)ccc2N1Cc1ccccc1,O,CC1(C)c2ssc3(=S)~O~N4(CCCCC4)C(=S)c4ccc(c(c4)-c23)N1Cc1ccccc1,-8.01698112487793,ok,
N#C/C(=C/c1ccc(N2CCCCC2)o1)c1cccc([N+](=O)[O-])c1,O,N#C/C1=C/c2ccc(N3CCCCC3)o2~O~c2([N+](=O)[O-])cccc1c2,-5.937551498413086,ok,
CCOC(=O)c1ccc(-c2ccc(/C=C3/C=C(c4ccccc4)N(c4ccc(Br)cc4)C3=O)o2)cc1,O,CCO1~O~C1(=O)c1ccc(-c2ccc(/C=C3/C=C(c4ccccc4)N(c4ccc(Br)cc4)C3=O)o2)cc1,-5.505306243896484,ok,
CN(C)c1ccc(Nc2cc(N3CCN(c4ccccc4F)CC3)c3noc4c3c2C(=O)c2ccccc2-4)cc1,O,CN1(C)~O~C2(=O)c3ccccc3-c3onc4c(N5CCN(c6ccccc6F)CC5)cc(c2c34)Nc2ccc1cc2,-3.81807017326355,ok,
CCCCn1c(=O)/c(=C\C=C2/Sc3ccc(Cl)cc3N2CC)s/c1=C1/SC(=S)N(N)C1=O,O,CCCCn1c(=O)\c2s/c1=C1/SC(=S)N(N)C1(=O)~O~N1(CC)/C(=C/C=2)Sc2ccc(Cl)cc21,-5.836725234985352,ok,
CN(C)c1ccc(Nc2cc(N3CCCCCC3)c3noc4c3c2C(=O)c2ccccc2-4)cc1,O,CN1(C)~O~C2(=O)c3ccccc3-c3onc4c(N5CCCCCC5)cc(c2c34)Nc2ccc1cc2,-5.660900115966797,ok,
CCOC(=O)C1=C(Nc2ccc(CC)cc2)S/C(=C\c2ccc(Sc3ccccc3)o2)C1=O,O,CCc1ccc(NC2=C(C3(=O)~O~O3CC)C(=O)/C(=C/c3ccc(Sc4ccccc4)o3)S2)cc1,-5.985784530639648,ok,
[C]Oc1ccc([C][N]S(=O)(=O)c2ccc3c(c2)C(=C2[C][C][C][C]2)C(=O)[N]3)cc1,O,[C]O1~O~C2(=O)[N]c3ccc(cc3C2=C2[C][C][C][C]2)S(=O)(=O)[N][C]c2ccc1cc2,-4.481366157531738,ok,
COc1ccccc1N1C(=O)N=C(O)/C(=C(O)\C=C\c2c[nH]c3ccccc23)C1=O,O,COc1ccccc1N1C(=O)C2=C(/C=C/c3c[nH]c4ccccc34)O~O~C1(=O)N=C2O,-4.351494789123535,ok,
CCN1C(=CC2=CC(=Cc3oc4ccccc4[n+]3CC)CCC2)Oc2ccccc21,O,CCN1C2=CC3=CC(=Cc4(~O~O2c2ccccc21)oc1ccccc1[n+]4CC)CCC3,,failed,Featurization failed: RDKit could not parse Smiles_Merged
O=C1/C(=C/c2ccc(-c3ccc(Br)cc3)o2)C=C(c2ccccc2)N1c1cccc(Br)c1,O,O=C12~O~o3c(ccc3-c3ccc(Br)cc3)/C=C/1C=C(c1ccccc1)N2c1cccc(Br)c1,-6.456488132476807,ok,
COc1ccc(OC)c(/C=C2\Oc3c(ccc([O-])c3C[NH+]3CCCC(C)C3)C2=O)c1,O,COc1ccc(OC)c(/C=C2\Oc3c4ccc(c3C[NH+]3CCCC(C)C3)[O-]~O~C24=O)c1,-4.007905960083008,ok,
CN(C)c1ccc(/C=C2\N=C(c3ccc(Br)o3)OC2=O)cc1,O,CN(C)c1ccc(/C=C2\N=C3OC2(=O)~O~o2c(Br)ccc23)cc1,-4.663278579711914,ok,
[C][C]Oc1ccc([C][N]S(=O)(=O)c2ccc3c(c2)C(=C2[C][C][C][C]2)C(=O)[N]3)cc1O[C],O,[C][C]O1~O~C2(=O)[N]c3ccc(cc3C2=C2[C][C][C][C]2)S(=O)(=O)[N][C]c2ccc1c(O[C])c2,-4.3846354484558105,ok,
CN(C)c1ccc(-n2c(N)c(C(=O)NCCc3ccccc3)c3nc4ccccc4nc32)cc1,O,CN(C)c1ccc(-n2c3c(c4nc5ccccc5nc42)C(=O)(NCCc2ccccc2)~O~N3)cc1,-2.8913872241973877,ok,
CN1CCN(c2cc(N3CCc4ccccc43)c3c4c(onc24)-c2ccccc2C3=O)CC1,O,CN1CCN2(~O~C3(=O)c4ccccc4-c4onc5c2cc(N2CCc6ccccc62)c3c45)CC1,-4.029346466064453,ok,
COC(=O)c1ccccc1-c1ccc(C=C2SC(=S)N(c3ccc(OC)cc3)C2=O)o1,O,COC1(=O)~O~O(C)c2ccc(cc2)N2C(=O)C(=Cc3ccc(o3)-c3ccccc31)SC2=S,-5.927335739135742,ok,
CCCCN1CCCc2cc(N=Nc3ccc([N+](=O)[O-])cc3)ccc21,O,CCCCN12~O~c3([N+](=O)[O-])ccc(cc3)N=Nc3ccc1c(c3)CCC2,-5.517154693603516,ok,
O=C1/C(=C/c2ccc([N+](=O)[O-])cc2)C=C(c2ccccc2)N1c1ccccc1Cl,O,O=C1/C2=C/c3ccc([N+](=O)[O-])(~O~N1(c1ccccc1Cl)C(c1ccccc1)=C2)cc3,-5.057540416717529,ok,
O=C1/C(=C/C=C/c2ccco2)SC(=S)N1c1cccc(C(F)(F)F)c1,O,O=C1/C2=C/C=C/c3ccco3~O~C(F)(F)(F)c3cccc(c3)N1C(=S)S2,-6.412954330444336,ok,
CN(C)c1ccc(/C=C(\C#N)c2nc(-c3cccc(Br)c3)cs2)cc1,O,CN1(C)~O~c2(nc(-c3cccc(Br)c3)cs2)/C(C#N)=C/c2ccc1cc2,,failed,Featurization failed: RDKit could not parse Smiles_Merged
CC1=C(C#N)C(=O)N(C2CCS(=O)(=O)C2)C(=O)C1=Cc1ccc(-c2ccc(Cl)c(Cl)c2)o1,O,CC1=C(C#N)C2(=O)~O~o3c(ccc3-c3ccc(Cl)c(Cl)c3)C=C1C(=O)N2C1CCS(=O)(=O)C1,-5.990639686584473,ok,
CCN(Cc1ccccc1)c1ccc(/C=c2/sc3nc(-c4ccc([N+](=O)[O-])cc4)cn3c2=O)cc1,O,CCN1(Cc2ccccc2)~O~c2(=O)/c(sc3nc(-c4ccc([N+](=O)[O-])cc4)cn32)=C\c2ccc1cc2,-5.7264580726623535,ok,
COc1ccc(CNc2cc(Nc3ccc(OC)cc3)c3c4c(onc24)-c2ccccc2C3=O)cc1,O,COc1ccc(Nc2cc3c4noc5c4c2C(=O)(~O~O(C)c2ccc(cc2)CN3)c2ccccc2-5)cc1,-6.15010929107666,ok,
O=[N+]([O-])c1ccc2sc(C=Cc3ccc(-c4ccccc4F)o3)nc2c1,O,O=[N+]([O-])c12~O~o3c(ccc3-c3ccccc3F)C=Cc3nc(c1)c(cc2)s3,-6.7483391761779785,ok,
CN(C)c1cc(Cl)cc2nonc12,O,CN1(C)~O~c23nonc2cc(Cl)cc31,-3.1331472396850586,ok,
CN(C)c1ccc(Nc2cc(N3CCN(c4ccccn4)CC3)c3noc4c3c2C(=O)c2ccccc2-4)cc1,O,CN1(C)~O~C2(=O)c3ccccc3-c3onc4c(N5CCN(c6ccccn6)CC5)cc(c2c34)Nc2ccc1cc2,-3.3397939205169678,ok,
O=C(CSC(=S)N1CCCC1)Nc1ccc2c(c1)C(=O)c1ccccc1C2=O,O,O=C1c2ccccc2C(=O)c2cc(NC3(=O)~O~N4(CCCC4)C(=S)SC3)ccc21,-5.982246398925781,ok,
CN(C)c1cc(NCCc2ccccc2)c2c(c1N)C(=O)c1ccccc1C2=O,O,CN(C)c1cc(NCCc2ccccc2)c2c3c1N~O~C3(=O)c1ccccc1C2=O,-5.349810600280762,ok,
Cc1ccc(Nc2ccc3nc(-c4ccc(S(=O)(=O)Nc5ccc(C)cc5)cc4)nc4c3c2C(=O)c2ccccc2-4)cc1,O,Cc1ccc(NS2(=O)(=O)~O~N(c3ccc(C)cc3)c3ccc4nc(nc5c4c3C(=O)c3ccccc3-5)-c3ccc2cc3)cc1,-6.223784446716309,ok,
O=[N+]([O-])c1ccc(/N=C/C=C/c2ccc([N+](=O)[O-])o2)c(O)c1,O,O=[N+]([O-])c1ccc2c(c1)O~O~c1([N+](=O)[O-])ccc(o1)/C=C/C=N/2,-4.337930679321289,ok,
O=[N+]([O-])c1ccc(/C=N/c2ccc(N3CCCCC3)c(Cl)c2)o1,O,O=[N+]([O-])c12~O~o1c(/C=N/c1ccc(N3CCCCC3)c(Cl)c1)cc2,-5.640863418579102,ok,
CC1CCC[NH+](Cc2c([O-])ccc3c2O/C(=C\c2cccs2)C3=O)C1,O,CC1CCC[NH+](Cc2c3ccc4c2O/C(=C\c2cccs2)C4(=O)~O~[O-]3)C1,-3.660926342010498,ok,
Nc1c(/N=N/c2ccccc2)ccc2nonc12,O,c1ccc(/N=N/c2ccc3nonc34~O~Nc24)cc1,-3.6223838329315186,ok,
Cc1ccc(-c2ccc(/C=C3/C=C(c4ccccc4)N(c4ccc(C(=O)O)cc4)C3=O)o2)cc1,O,Cc1ccc(-c2ccc(/C=C3/C=C(c4ccccc4)N(c4ccc(C5(=O)~O~O5)cc4)C3=O)o2)cc1,-4.4543867111206055,ok,
O=C1/C(=C/C=C/c2ccco2)SC(=S)N1c1cccc(F)c1,O,O=C12~O~o3cccc3/C=C/C=C/1SC(=S)N2c1cccc(F)c1,-6.194134712219238,ok,
COc1ccc(-c2c3c(nc4sc(C(C)=O)c(N)c24)C(=O)c2ccccc2-3)cc1,O,CC(=O)c1sc2nc3c4c(c2c1N)-c1ccc(cc1)O(C)~O~C3(=O)c1ccccc1-4,-5.83172607421875,ok,
CN(C)c1ccc(/C=C/C=C2/C(=O)NC(=O)N(c3ccccc3)C2=O)cc1,O,CN1(C)~O~C2(=O)NC(=O)/C(=C/C=C/c3ccc1cc3)C(=O)N2c1ccccc1,-5.382659435272217,ok,
O=C1C(=CC2=Cc3ccccc3OC2)SC(=S)N1Cc1ccco1,O,O=C12~O~O3CC(=Cc4ccccc43)C=C1SC(=S)N2Cc1ccco1,-5.998997688293457,ok,
O=C1N=C(O)C(=Cc2cc3c4c(c2)CCCN4CCC3)C(=O)N1C1CCCCC1,O,O=C1C(=Cc2cc3c4c(c2)CCCN4CCC3)C2=NC(=O)(~O~O2)N1C1CCCCC1,-4.853684902191162,ok,
CCOC(=O)N1CCN(c2cc(Nc3ccc(OC)cc3)c3c4c(onc24)-c2ccccc2C3=O)CC1,O,CCOC1(=O)~O~O(C)c2ccc(cc2)Nc2cc(c3noc4c3c2C(=O)c2ccccc2-4)N2CCN1CC2,-5.263150691986084,ok,
COCCCNc1cc2oc3ccccc3[nH]c2c2c(=O)c3ccccc3c(=O)c12,O,COCCCNc1cc2c3[nH]c4ccccc4o2~O~c2(=O)c4ccccc4c(=O)c1c32,-7.080977439880371,ok,
CCN1CC(=Cc2cccc([N+](=O)[O-])c2)C(=O)C(=Cc2cccc([N+](=O)[O-])c2)C1,O,CCN12~O~c3([N+](=O)[O-])cccc(c3)C=C(C1)C(=O)C(=Cc1cccc([N+](=O)[O-])c1)C2,-5.443282604217529,ok,
O=C(O)c1cccc(N2C(=O)/C(=C/C=C/c3ccco3)SC2=S)c1,O,O=C1/C(=C/C=C/c2ccco2)SC(=S)N1c1cccc(C2(=O)~O~O2)c1,-4.304108619689941,ok,
Cc1cc2c(cc1[N+](=O)[O-])C(=O)c1cc3ccccc3nc1-2,O,Cc1cc2c3cc1([N+](=O)[O-])~O~O=C3c1cc3ccccc3nc1-2,-5.497457027435303,ok,
CCCN1C(=O)/C(=c2/s/c(=C3\C=Cc4ccccc4N3CC)c(=O)n2Cc2ccccc2)SC1=S,O,CCCN1C(=O)/C(=c2/s/c3c(=O)(~O~N4(CC)/C=3C=Cc3ccccc34)n2Cc2ccccc2)SC1=S,-6.625176429748535,ok,
O=C1N=C(N2CCN(c3ccc([N+](=O)[O-])cc3)CC2)S/C1=C\c1ccc(-c2ccccc2)o1,O,O=[N+]([O-])c1ccc(N2CCN(C3=NC4(=O)~O~o5c(ccc5-c5ccccc5)/C=C/4S3)CC2)cc1,-4.460874557495117,ok,
COCC[NH+]1[CH-]Nc2c(c3nc4ccccc4nc3n2/N=C/c2ccc(C)cc2)C1=O,O,COCC[NH+]1[CH-]N2~O~C1(=O)c1c2n(/N=C/c2ccc(C)cc2)c2nc3ccccc3nc12,-2.9582974910736084,ok,
Cc1ccc2cc(/C=C(\C#N)c3ccc([N+](=O)[O-])cc3)c(N3CCOCC3)nc2c1,O,Cc1ccc2cc3c(nc2c1)N1CCO(~O~c2([N+](=O)[O-])ccc(cc2)/C(C#N)=C/3)CC1,-4.51303243637085,ok,
COc1ccc([N+](=O)[O-])cc1/N=C/c1ccc(Br)s1,O,CO1~O~c2([N+](=O)[O-])ccc1c(/N=C/c1ccc(Br)s1)c2,-5.703181266784668,ok,
CN(CCC#N)C(=O)COC(=O)c1c2c(nc3ccccc13)C(=Cc1ccc([N+](=O)[O-])cc1)CCC2,O,CN(CCC#N)C(=O)CO1~O~C1(=O)c1c2c(nc3ccccc13)C(=Cc1ccc([N+](=O)[O-])cc1)CCC2,-4.98193883895874,ok,
CCN(CC)c1ccc(/C=C2\N=C(c3cccc([N+](=O)[O-])c3)OC2=O)cc1,O,CCN(CC)c1ccc(/C=C2\N=C(c3cccc([N+](=O)[O-])c3)O3~O~C23=O)cc1,-4.39451789855957,ok,
CC1Oc2ccccc2C=C1C=C1Oc2cc(OC(=O)N3CCOCC3)ccc2C1=O,O,CC1C2=Cc3ccccc3O1~O~C(=O)(N1CCOCC1)Oc1ccc3c(c1)OC(=C2)C3=O,-5.4677324295043945,ok,
Cc1cc(/C=C2\C(=O)N(C)c3ccc(S(=O)(=O)N4CCOCC4)cc32)c(C)n1-c1ccc(Sc2ccc([N+](=O)[O-])cc2)cc1,O,Cc1cc2c(C)n1-c1ccc(cc1)Sc1ccc([N+](=O)[O-])(~O~O3CCN(CC3)S(=O)(=O)c3ccc4c(c3)/C(=C/2)C(=O)N4C)cc1,-5.1742706298828125,ok,
CCOc1ccc(N2C(=O)/C(=C/c3ccc(-c4ccc([N+](=O)[O-])cc4C)o3)C(=O)NC2=S)cc1,O,CCO1~O~C2(=O)/C(=C/c3ccc(-c4ccc([N+](=O)[O-])cc4C)o3)C(=O)NC(=S)N2c2ccc1cc2,-6.325477600097656,ok,
COc1ccc(OC)c(C2=CC(=Cc3ccc([N+](=O)[O-])o3)C(=O)O2)c1,O,COc1ccc2cc1C1=CC(=Cc3ccc([N+](=O)[O-])(~O~O2C)o3)C(=O)O1,-5.011097431182861,ok,
CCCN1C(=O)C(=Cc2ccc(-c3cccc(F)c3)o2)SC1=S,O,CCCN1C(=S)SC2=Cc3ccc(-c4cccc(F)c4)o3~O~C21=O,-7.147402763366699,ok,
COc1ccc(Nc2cc(C#N)c(C#N)cc2N)cc1,O,CO1~O~c12ccc(Nc1cc(C#N)c(C#N)cc1N)cc2,,failed,Featurization failed: RDKit could not parse Smiles_Merged
O=C1/C(=C/c2ccc(-c3ccc(Br)cc3)o2)C=C(c2ccccc2)N1c1ccc2ccccc2c1,O,O=C12~O~o3c(ccc3-c3ccc(Br)cc3)/C=C/1C=C(c1ccccc1)N2c1ccc2ccccc2c1,-6.537083625793457,ok,
O=C1/C(=C/c2c[nH]c3ccccc23)Oc2c1ccc([O-])c2C[NH+]1CCCCCC1,O,O=C12~O~[O-]c3ccc1c(c3C[NH+]1CCCCCC1)O/C2=C\c1c[nH]c2ccccc12,-3.612464427947998,ok,
O=C1C(=Cc2ccc([N+](=O)[O-])cc2)C=C(c2ccccc2)N1c1ccc(Cl)cc1,O,O=C1C2=Cc3ccc([N+](=O)[O-])(~O~N1(c1ccc(Cl)cc1)C(c1ccccc1)=C2)cc3,-4.980767726898193,ok,
CN1C2=CC=CC=CC2=[N+](C)C12C([N+](=O)[O-])=CC(=[N+]([O-])[O-])C=C2[N+](=O)[O-],O,CN1C2=CC=CC=CC2=[N+](C)C123~O~[O-][N+]([O-])=C(C=C2[N+](=O)[O-])C=C3[N+](=O)[O-],-3.2566006183624268,ok,
O=C(NC1CCCCC1)c1c(/N=C/c2ccc(-c3ccc([N+](=O)[O-])cc3Cl)o2)sc2c1CCCC2,O,O=C(NC1CCCCC1)c1c(/N=C/c2ccc3o2~O~c2([N+](=O)[O-])ccc-3c(Cl)c2)sc2c1CCCC2,-7.8551106452941895,ok,
COCCCNc1cccc2c1C(=O)c1cccc(NCCCOC)c1C2=O,O,COCCCNc1cccc2c1C(=O)c1cccc3c1C2(=O)~O~O(C)CCCN3,-6.509659290313721,ok,
CCCCCCCCc1ccc(Sc2cccc3c2C(=O)c2cccc(Sc4ccc(CCCCCCCC)cc4)c2C3=O)cc1,O,CCCCCCCCc1ccc(Sc2cccc3c2C(=O)c2cccc(Sc4ccc(CCCCCCCC)cc4)c2C32~O~O=2)cc1,-6.22316837310791,ok,
Nc1c(N2CCCCCC2)cc(NCCO)c2c1C(=O)c1ccccc1C2=O,O,O=C1c2ccccc2C2(=O)~O~Nc3c(N4CCCCCC4)cc(NCCO)c1c32,-5.159250736236572,ok,
O=C1/C(=C/c2ccc(-c3ccc(Cl)c(Cl)c3)o2)C=C(c2ccccc2)N1c1ccccc1Cl,O,O=C12~O~o3c(ccc3-c3ccc(Cl)c(Cl)c3)/C=C/1C=C(c1ccccc1)N2c1ccccc1Cl,-7.030467987060547,ok,
O=C1/C(=C/c2ccc([N+](=O)[O-])cc2)C=C(c2ccccc2)N1c1ccc(Cl)cc1Cl,O,O=C1/C2=C/c3ccc([N+](=O)[O-])(~O~N1(c1ccc(Cl)cc1Cl)C(c1ccccc1)=C2)cc3,-5.451328277587891,ok,
O=C1/C(=C/C=C/c2ccco2)SC(=S)N1c1ccc(Cl)cc1,O,O=C12~O~o3cccc3/C=C/C=C/1SC(=S)N2c1ccc(Cl)cc1,-6.3610758781433105,ok,
CCOC(=O)c1ccc(-c2ccc(/C=C3/C=C(c4ccccc4)N(c4cccc(C(=O)OC)c4)C3=O)o2)cc1,O,CCOC1(=O)~O~O(C)C(=O)c2cccc(c2)N2C(=O)/C(=C\c3ccc(o3)-c3ccc1cc3)C=C2c1ccccc1,-5.815923690795898,ok,
O=C1/C(=C/c2cccs2)Oc2c1ccc([O-])c2C[NH+]1CCCCCC1,O,O=C12~O~[O-]c3ccc1c(c3C[NH+]1CCCCCC1)O/C2=C\c1cccs1,-3.445195436477661,ok,
[O-][N+]1=C(c2ccccc2)C=C(c2ccccc2)C1c1ccccc1,O,C1=C(c2ccccc2)C(c2ccccc2)[N+]2=C1(c1ccccc1)~O~[O-]2,-3.3639800548553467,ok,
CC1CCCC(C)N1C(=O)c1ccc2c(c1NCCO)C(=O)c1ccccc1C2=O,O,CC1CCCC(C)N1C1(=O)~O~OCCNc2c1ccc1c2C(=O)c2ccccc2C1=O,-5.27070951461792,ok,
O=C1OC(c2ccccc2Cl)=NC1=CC=Cc1ccc([N+](=O)[O-])cc1,O,O=[N+]([O-])c1ccc(C=CC=C2N=C(c3ccccc3Cl)O3~O~C23=O)cc1,-4.59648323059082,ok,
O=C1/C(=C/C=C/c2ccco2)SC(=S)N1c1ccccc1Br,O,O=C12~O~o3cccc3/C=C/C=C/1SC(=S)N2c1ccccc1Br,-6.301968574523926,ok,
Cc1ccc(-c2ccc(C=C3SC(N4CCN(c5ccc(Cl)cc5)CC4)=NC3=O)o2)cc1,O,Cc1ccc(-c2ccc3o2~O~C2(=O)N=C(N4CCN(c5ccc(Cl)cc5)CC4)SC2=C3)cc1,-4.841555595397949,ok,
O=C(/C=C/c1ccc(-c2ccc(Cl)cc2)o1)c1ccc(N2CCOCC2)c(F)c1,O,O=C1(c2ccc(N3CCOCC3)c(F)c2)~O~o2c(ccc2-c2ccc(Cl)cc2)/C=C/1,-5.983835220336914,ok,
CCN1C(=c2sc(=C3SC(=S)N(C)C3=O)n(-c3ccccc3)c2=O)C=Cc2cc(C)ccc21,O,CCN12~O~c3(=O)c(sc(=C4SC(=S)N(C)C4=O)n3-c3ccccc3)=C1C=Cc1cc(C)ccc12,-6.366576194763184,ok,
CCNc1c(C(=O)O)ccc2c1C(=O)c1ccccc1C2=O,O,CCNc1c(C2(=O)~O~O2)ccc2c1C(=O)c1ccccc1C2=O,-4.819067478179932,ok,
CCCOC(=O)c1ccc(-c2ccc(C=C(C#N)C#N)o2)cc1,O,CCCO1~O~C1(=O)c1ccc(-c2ccc(C=C(C#N)C#N)o2)cc1,-5.359936714172363,ok,
CC1CCC[NH+](Cc2c([O-])ccc3c2O/C(=C\c2cccnc2)C3=O)C1,O,CC1CCC[NH+](Cc2c3ccc4c2O/C(=C\c2cccnc2)C4(=O)~O~[O-]3)C1,-3.8109734058380127,ok,
CCOc1ccc(N2C(=O)/C(=C\c3ccc(N4CCCCC4)o3)C(=O)NC2=S)cc1,O,CCO1~O~C2(=O)/C(=C\c3ccc(N4CCCCC4)o3)C(=O)NC(=S)N2c2ccc1cc2,-6.252822399139404,ok,
O=S(=O)([O-])c1ccccc1N=C1C=CC(=C(c2ccc(Nc3ccccc3S(=O)(=O)[O-])cc2)c2ccc(Nc3ccccc3S(=O)(=O)O)cc2)C=C1,O,O=S(=O)([O-])c1ccccc1N=C1C=CC(=C2c3ccc(cc3)Nc3ccccc3S(=O)(=O)[O-]~O~S(=O)(=O)(O)c3ccccc3Nc3ccc2cc3)C=C1,-5.687026500701904,ok,
Nc1ccc(N2CCCCCC2)c2nonc12,O,c1cc(N2CCCCCC2)c23~O~Nc1c2non3,-3.455730676651001,ok,
CN(C)c1ccc(/C=C2\C=C(c3ccc(-c4ccccc4)cc3)OC2=O)cc1,O,CN(C)c1ccc(/C=C2\C=C(c3ccc(-c4ccccc4)cc3)O3~O~C23=O)cc1,-5.01819372177124,ok,
CN(CCO)c1cc(NCc2ccco2)c2c3c(onc13)-c1ccccc1C2=O,O,CN(CCO)c1cc2c3c4c(onc14)-c1ccccc1C3(=O)~O~o1cccc1CN2,-5.289357662200928,ok,
CCN(CC)c1ccc(C=C2C(=O)c3ccccc3C2=O)c(OC)c1,O,CCN(CC)c1ccc2c(c1)O(C)~O~C1(=O)C(=C2)C(=O)c2ccccc21,-6.176362991333008,ok,
Cc1cccc(N2C(=O)/C(=C/c3ccc(-c4ccc(Br)cc4)o3)C=C2c2ccccc2)c1,O,Cc1cccc(N2C(c3ccccc3)=C/C3=C\c4ccc(-c5ccc(Br)cc5)o4~O~C32=O)c1,-6.224700927734375,ok,
N#CC(=[C][N]c1cc(C(F)(F)F)ccc1N1[C][C][C][C]1)C#N,O,N#CC(=[C][N]c1cc2ccc1N1(~O~C2(F)(F)F)[C][C][C][C]1)C#N,-4.974255561828613,ok,
Oc1c(-c2cccc(Br)c2)c2nc3ccccc3nc2c2ccccc12,O,Brc1cccc(-c2c3nc4ccccc4nc3c3ccccc3c23~O~O3)c1,,failed,Featurization failed: RDKit could not parse Smiles_Merged
CCOC(=O)c1ccc(-c2ccc(C=C3C=C(c4ccccc4)N(c4ccc5ncccc5c4)C3=O)o2)cc1,O,CCO1~O~C1(=O)c1ccc(-c2ccc(C=C3C=C(c4ccccc4)N(c4ccc5ncccc5c4)C3=O)o2)cc1,-5.381553649902344,ok,
O=C1/C(=C/C2=Cc3ccccc3OC2)Oc2cc(OCc3ccccc3)ccc21,O,O=C12~O~O(Cc3ccccc3)c3ccc1c(c3)O/C2=C\C1=Cc2ccccc2OC1,-5.020428657531738,ok,
O=[N+]([O-])c1ccc(C=Cc2ccc(C=Cc3nc4ccccc4s3)cc2)cc1,O,[O-][N+]1=O~O~c12ccc(C=Cc1ccc(C=Cc3nc4ccccc4s3)cc1)cc2,,failed,Featurization failed: RDKit could not parse Smiles_Merged
CCOc1ccc(C2(O)C(C)[N+]3=C(CCC3)N2c2ccc(OC)cc2)cc1,O,CCOc1ccc(C23(O)~O~O(C)c4ccc(cc4)N2C2=[N+](CCC2)C3C)cc1,-4.6966753005981445,ok,
CCOc1ccc(-n2c(C)cc(/C=C(/C#N)c3ccc([N+](=O)[O-])cc3)c2C)cc1,O,CCO1~O~c2([N+](=O)[O-])ccc(cc2)/C(C#N)=C\c2cc(C)n(c2C)-c2ccc1cc2,-6.059384822845459,ok,
O=[N+]([O-])c1cccc(C=Cc2cc(C=Cc3cccc([N+](=O)[O-])c3)nc(N3CCOCC3)n2)c1,O,O=[N+]([O-])c1cccc(C=Cc2cc3nc(n2)N2CCO(~O~c4([N+](=O)[O-])cccc(c4)C=C3)CC2)c1,-4.092968940734863,ok,
O=C(/C=C/c1ccc(-c2cccc(Cl)c2Cl)o1)c1ccc(N2CCOCC2)cc1,O,O=C1(c2ccc(N3CCOCC3)cc2)~O~o2c(ccc2-c2cccc(Cl)c2Cl)/C=C/1,-6.295153617858887,ok,
O=C1N/C(=N/c2ccc(Cl)cc2)S/C1=C\c1ccc(N2CCCC2)o1,O,O=C12~O~o3c(ccc3N3CCCC3)/C=C/1S/C(=N\c1ccc(Cl)cc1)N2,-6.321721076965332,ok,
CCN1C(=O)C(=Cc2c(C)c3cc4c5c(c3oc2=O)CCCN5CCC4)C(=O)N(CC)C1=S,O,CCN1C(=O)C(=Cc2c(C)c3cc4c5c(c3o3~O~c23=O)CCCN5CCC4)C(=O)N(CC)C1=S,-6.136762619018555,ok,
[NH2+]=C1/C(=C\c2coc3ccccc3c2=O)C(=O)N=C2SC(c3ccc([O-])cc3)=NN12,O,[NH2+]=C12~O~[O-]c3ccc(cc3)C3=NN1C(=NC(=O)/C2=C/c1coc2ccccc2c1=O)S3,-2.6725845336914062,ok,
CCN1C(=O)/C(=C\c2ccc(-c3ccc(Cl)cc3)o2)N(CC)C1=S,O,CCN1C(=S)N(CC)C2(=O)~O~o3c(ccc3-c3ccc(Cl)cc3)/C=C/12,-6.717870235443115,ok,
O=C1c2ccccc2C(=O)c2c(NCCO)cccc21,O,O=C1c2ccccc2C2(=O)~O~OCCNc3cccc1c32,-4.281145095825195,ok,
O=C1C(=Cc2ccc(-c3ccc(Cl)c(Cl)c3)o2)C=C(c2ccccc2)N1c1ccc(Cl)c(Cl)c1,O,O=C12~O~o3c(ccc3-c3ccc(Cl)c(Cl)c3)C=C1C=C(c1ccccc1)N2c1ccc(Cl)c(Cl)c1,-7.383338451385498,ok,
Cc1ccsc1/C=C1\Oc2c(ccc([O-])c2C[NH+]2CCOCC2)C1=O,O,Cc1ccsc1/C=C1\Oc2c3ccc(c2C[NH+]2CCOCC2)[O-]~O~C13=O,-4.367354393005371,ok,
CN1CCN(CC1)C(=N)C(C=C(C#N)C#N)C#N,O,CN1CCN2(~O~C(C#N)(C#N)=CC(C#N)C2=N)CC1,-4.154201507568359,ok,
COc1ccc(N2C(=O)C(=Cc3ccc(-c4ccc([N+](=O)[O-])c(Cl)c4)o3)SC2=S)cc1,O,CO1~O~c2([N+](=O)[O-])ccc(cc2Cl)-c2ccc(o2)C=C2SC(=S)N(C2=O)c2ccc1cc2,-6.20872688293457,ok,
COc1ccc(-c2ccc(/C=C/C(=O)c3cccc([N+](=O)[O-])c3)o2)cc1,O,CO1~O~c2([N+](=O)[O-])cccc(c2)C(=O)/C=C/c2ccc(o2)-c2ccc1cc2,-5.594250679016113,ok,
COc1ccc2c(c1)/C(=C1/SC(C(C)=O)=C(c3ccccc3)S1)C(=S)C(C)(C)N2,O,CO1~O~C(C)(=O)C2=C(c3ccccc3)S/C(=C3/C(=S)C(C)(C)Nc4ccc1cc43)S2,-7.070825099945068,ok,
CCN1C(=O)/C(=C\c2cc(C)n(-c3ccc(NC4CCCCC4)c([N+](=O)[O-])c3)c2C)c2cc(S(=O)(=O)N3CCOCC3)ccc21,O,CCN1C(=O)/C2=C\c3cc(C)n(c3C)-c3ccc(NC4CCCCC4)c([N+](=O)[O-])(~O~O4CCN(CC4)S(=O)(=O)c4ccc1c2c4)c3,-5.629105567932129,ok,
O=C1c2ccccc2C(=O)c2c1cc(N1CCCCC1)cc2N1CCCCC1,O,O=C1c2ccccc2C2(=O)~O~N3(CCCCC3)c3cc1c2c(N1CCCCC1)c3,-5.148411750793457,ok,
O=C(O)CCN1C(=O)C(=Cc2ccc(-c3ccc(C(=O)O)cc3)o2)SC1=S,O,O=C1CCN2C(=O)C(=Cc3ccc(o3)-c3ccc(cc3)C(=O)(O)~O~O1)SC2=S,-4.244250297546387,ok,
Cc1ccc(N2C(=O)/C(=C/c3ccc(-c4ccc([N+](=O)[O-])cc4)o3)C=C2c2ccccc2)cc1[N+](=O)[O-],O,Cc1ccc2cc1([N+](=O)[O-])~O~o1c(ccc1-c1ccc([N+](=O)[O-])cc1)/C=C1\C=C(c3ccccc3)N2C1=O,-6.103419303894043,ok,
N#C/C(=C\c1ccc(-c2ccc([N+](=O)[O-])cc2Cl)o1)c1nc(-c2cccs2)cs1,O,N#C/C(=C\c1ccc2o1~O~c1([N+](=O)[O-])ccc-2c(Cl)c1)c1nc(-c2cccs2)cs1,-7.42950963973999,ok,
CCCCCCCCCCCCCCCCCCCC(=O)Nc1ccc2c(c1)C(=O)c1ccccc1C2=O,O,CCCCCCCCCCCCCCCCCCCC1(=O)~O~N1c1ccc2c(c1)C(=O)c1ccccc1C2=O,-6.2672271728515625,ok,
CCN(CC)c1ccc2c(-c3ccc(S(=O)(=O)O[Na])cc3S(=O)(=O)[O-])c3ccc(N(CC)CC)cc3[o+]c2c1,O,CCN(CC)c1ccc2c(-c3ccc(S(=O)(=O)O[Na])cc3S(=O)(=O)[O-])c3ccc(N4(CC)~O~CC4)cc3[o+]c2c1,-10.39487361907959,ok,
CCCCCOc1ccc(N=S([O-])[OH+]c2ccc3c(c2)C(=O)c2ccccc2C3=O)cc1,O,CCCCCOc1ccc(N=S2[O-]~O~c3(ccc4c(c3)C(=O)c3ccccc3C4=O)[OH+]2)cc1,,failed,Featurization failed: RDKit could not parse Smiles_Merged
CC1CCN(c2cc(NCc3ccco3)c3c4c(onc24)-c2ccccc2C3=O)CC1,O,CC1CCN(c2cc3c4c5c(onc25)-c2ccccc2C4(=O)~O~o2cccc2CN3)CC1,-5.470764636993408,ok,
CCOc1ccc(N2CN=c3s/c(=C4\C(=O)Nc5ccc(Cl)cc54)c(=O)n3C2)cc1,O,CCO1~O~c2(=O)/c(=C3/C(=O)Nc4ccc(Cl)cc43)sc3n2CN(CN=3)c2ccc1cc2,-5.3852410316467285,ok,
CCCCSc1c(C(=O)Nc2ccc(OC(F)(F)F)cc2)ccc2c1C(=O)c1ccccc1C2=O,O,CCCCSc1c(C(=O)Nc2ccc(O3~O~C3(F)(F)F)cc2)ccc2c1C(=O)c1ccccc1C2=O,-7.123557090759277,ok,
COc1ccc(/C=C2\Oc3c(ccc([O-])c3C[NH+]3CCCCC3C)C2=O)c(OC)c1OC,O,COc1ccc(/C=C2\Oc3c4ccc(c3C[NH+]3CCCCC3C)[O-]~O~C24=O)c(OC)c1OC,-3.873958110809326,ok,
Cn1c(C=C(C#N)C#N)ccc1-c1cc(Cl)cc(Cl)c1,O,Cn12~O~C(C#N)(C#N)=Cc1ccc2-c1cc(Cl)cc(Cl)c1,-6.090461730957031,ok,
CN(C)c1ccc(/C=C2/C(=O)ON=C2c2cccc([N+](=O)[O-])c2)cc1,O,CN1(C)~O~C2(=O)ON=C(c3cccc([N+](=O)[O-])c3)/C2=C\c2ccc1cc2,-4.676512718200684,ok,
O=C1[N]c2ccc(S(=O)(=O)[N][C]c3cccs3)cc2C1=C1[C][C][C][C]1,O,O=S(=O)([N][C]c1cccs1)c1ccc2c(c1)C(=C1[C][C][C][C]1)C1(~O~O=1)[N]2,-2.8233373165130615,ok,
CCn1cc(/C=C2/Oc3c(ccc([O-])c3C[NH+]3CCCCC3C)C2=O)c2ccccc21,O,CCn1cc(/C=C2/Oc3c4ccc(c3C[NH+]3CCCCC3C)[O-]~O~C24=O)c2ccccc21,-3.2540674209594727,ok,
O=C1OC(c2ccc(Cl)cc2)=C/C1=C\c1ccc([N+](=O)[O-])cc1,O,O=[N+]([O-])c1ccc(/C=C2\C=C(c3ccc(Cl)cc3)O3~O~C23=O)cc1,-5.3324995040893555,ok,
Cc1cc(C=C(C#N)c2ccc(C(=O)O)cc2)c(C)n1-c1ccc(N(C)C)cc1,O,Cc1cc(C=C(C#N)c2ccc(C3(=O)~O~O3)cc2)c(C)n1-c1ccc(N(C)C)cc1,-3.9596059322357178,ok,
O=C1C(=Cc2ccc(-c3cccc(Cl)c3)o2)SC(=S)N1CC1CCCO1,O,O=C12~O~o3c(ccc3-c3cccc(Cl)c3)C=C1SC(=S)N2CC1CCCO1,-7.627738952636719,ok,
O=C1N=C(N2CCN(c3ccccc3)CC2)SC1=Cc1ccc(-c2ccc(Cl)c(Cl)c2)o1,O,O=C12~O~o3c(ccc3-c3ccc(Cl)c(Cl)c3)C=C1SC(N1CCN(c3ccccc3)CC1)=N2,-5.152189254760742,ok,
CN1C=CC=C/C1=C(/C#N)c1nc(-c2cccc([N+](=O)[O-])c2)cs1,O,CN12~O~c3([N+](=O)[O-])cccc(c3)-c3csc(n3)/C(C#N)=C/1C=CC=C2,-5.632014274597168,ok,
O=C1N=C(N2CCN(c3ccc(Cl)cc3)CC2)SC1=Cc1ccc(-c2ccccc2)o1,O,O=C12~O~o3c(ccc3-c3ccccc3)C=C1SC(N1CCN(c3ccc(Cl)cc3)CC1)=N2,-4.799154758453369,ok,
CCOc1ccc(N2C(=O)/C(=C/c3ccc(N(CC)CC)o3)C(=O)NC2=S)cc1,O,CCN(CC)c1ccc(/C=C2\C(=O)NC(=S)N3c4ccc(cc4)O(CC)~O~C23=O)o1,-6.539272308349609,ok,
CN(C)c1ccc(/C=C2\CCc3c2nc2ccccc2c3C(=O)O)cc1,O,CN(C)c1ccc(/C=C2\CCc3c2nc2ccccc2c3C2(=O)~O~O2)cc1,-3.590473175048828,ok,
CN(C)c1ccc(/N=N/c2ccccc2C(=O)OCC(=O)c2ccc(Br)cc2)cc1,O,CN(C)c1ccc(/N=N/c2ccccc2C2(=O)~O~O2CC(=O)c2ccc(Br)cc2)cc1,-4.218787670135498,ok,
COc1ccc(-c2csc(/C(C#N)=C/c3ccc(N(C)C)cc3)n2)cc1OC,O,COc12~O~O(C)c1ccc(-c1csc(/C(C#N)=C/c3ccc(N(C)C)cc3)n1)c2,-6.017806529998779,ok,
Cc1ccc(/N=C2/c3cc([N+](=O)[O-])ccc3-c3ncccc32)cc1,O,Cc1ccc(/N=C2/c3cc4(~O~O=[N+]4[O-])ccc3-c3ncccc32)cc1,,failed,Featurization failed: RDKit could not parse Smiles_Merged
COc1ccc(OC)c(C=NN=CC2=C(N3CCOCC3)C(=Cc3ccccc3)CC2)c1,O,COc12~O~O(C)c(cc1)cc2C=NN=CC1=C(N2CCOCC2)C(=Cc2ccccc2)CC1,-5.550854682922363,ok,
CC(C)(C)C(=O)CSCC(=O)Nc1ccc2c(c1)C(=O)c1ccccc1C2=O,O,CC(C)(C)C(=O)CSCC1(=O)~O~N1c1ccc2c(c1)C(=O)c1ccccc1C2=O,-5.491458892822266,ok,
CC1=C(C#N)C(=O)N(CCO)C(=O)C1=Nc1ccc(N(C)C)cc1,O,CC1=C(C#N)C(=O)N2CCO~O~C2(=O)C1=Nc1ccc(N(C)C)cc1,-3.46591854095459,ok,
CC(C)(O)C(=O)N1CCN(c2ccc(C(F)(F)F)c(C3=C(c4c[nH]c5ccccc45)C(=O)NC3=O)c2)CC1,O,CC1(C)O~O~C(F)(F)(F)c2ccc(cc2C2=C(c3c[nH]c4ccccc34)C(=O)NC2=O)N2CCN(CC2)C1=O,-3.672968626022339,ok,
Oc1ccc2-c3ccc(O)cc3C(=O)c2c1,O,O=C12~O~Oc3ccc(c1c3)-c1ccc(O)cc12,-5.515681743621826,ok,
O=[N+]([O-])c1ccc(/C=N/c2cc(/N=C/c3ccc([N+](=O)[O-])cc3)c(OCC(F)(F)F)cc2OCC(F)(F)F)cc1,O,O=[N+]([O-])c1ccc(/C=N/c2cc(/N=C/c3ccc([N+](=O)[O-])cc3)c(O3~O~C(F)(F)(F)C3)cc2OCC(F)(F)F)cc1,-7.921830177307129,ok,
COC(=O)c1ccc(-c2ccc(/C=C3/C(C)=C(C#N)c4nc(N)c(C#N)c(C)c43)o2)cc1,O,CC1=C(C#N)c2nc(N)c(C#N)c(C)c2/C1=C\c1ccc(-c2ccc(C3(=O)~O~O3C)cc2)o1,-4.633296012878418,ok,
CN(/C=C/c1sc2ccc(-c3ccccc3)cc2[n+]1CCCS(=O)(=O)[O-])c1ccccc1,O,CN(/C=C/c12~O~[O-]S(=O)(=O)CCC[n+]1c1cc(-c3ccccc3)ccc1s2)c1ccccc1,-3.9080238342285156,ok,
O=C(C=Cc1ccc(-c2ccc([N+](=O)[O-])cc2)o1)c1cc2ccccc2o1,O,O=C(C=Cc1ccc2o1~O~c1([N+](=O)[O-])ccc-2cc1)c1cc2ccccc2o1,-6.149056434631348,ok,
COc1ccccc1/C=C/C=C1\Oc2cc(OC(=O)N(c3ccccc3)c3ccccc3)ccc2C1=O,O,CO1~O~C(=O)(N(c2ccccc2)c2ccccc2)Oc2ccc3c(c2)O/C(=C\C=C\c2ccccc21)C3=O,-5.401379108428955,ok,
CCC(=S)/C=C1\Sc2ccc3ccccc3c2N1CCCS(=O)(=O)[O-],O,CCC(=S)/C=C1\Sc2ccc3ccccc3c2N1CCCS1(=O)(=O)~O~[O-]1,-4.231448173522949,ok,
Cc1cc(C=C(C#N)C#N)ccc1N1CCCC1,O,Cc1cc2ccc1N1(~O~C(C#N)(C#N)=C2)CCCC1,-5.268123626708984,ok,
CC(C)Nc1cc(Oc2ccc(Cl)cc2)c2noc3c2c1C(=O)c1ccccc1-3,O,CC(C)Nc1cc2c3noc4c3c1C(=O)(~O~O2c1ccc(Cl)cc1)c1ccccc1-4,-6.201965808868408,ok,
CCCN1C(=O)C(=Cc2ccc(-c3ccc(C)c(Cl)c3)o2)SC1=S,O,CCCN1C(=S)SC2=Cc3ccc(-c4ccc(C)c(Cl)c4)o3~O~C21=O,-7.4471635818481445,ok,
O=C1OC(C=Cc2cccc([N+](=O)[O-])c2)=NC1=CC(Cl)=Cc1ccccc1,O,O=[N+]([O-])c1cccc(C=CC2=NC(=CC(Cl)=Cc3ccccc3)C3(=O)~O~O23)c1,-4.7172017097473145,ok,
ClC(/C(C=C/1Cl)=C(C#N)/C(C=C2)=CC=C2C)=CC1=N/O,O,Cc1ccc(/C(C#N)=C2\C=C(Cl)C3(~O~ON=3)C=C2Cl)cc1,-5.78663444519043,ok,
Cc1ccc(/C(C#N)=C2\C=C(Cl)/C(=N/O)C=C2Cl)cc1,O,Cc1ccc(/C(C#N)=C2\C=C(Cl)C3(~O~ON=3)C=C2Cl)cc1,-5.78663444519043,ok,
N#C/C(=C\c1ccc(-c2ccc(Cl)cc2)o1)C(=O)N1CCN(c2ccccc2)CC1,O,N#C/C1=C\c2ccc(-c3ccc(Cl)cc3)o2~O~C1(=O)N1CCN(c2ccccc2)CC1,-5.085658550262451,ok,
COCC[NH+]1[CH-]Nc2c(c3nc4ccccc4nc3n2/N=C/c2cc(OC)c(OC)c(OC)c2)C1=O,O,COCC[NH+]1[CH-]Nc2c3c4nc5ccccc5nc4n2/N=C/c2cc(OC)c(OC)c(c2)O(C)~O~C31=O,-3.0711710453033447,ok,
CC(C)(C)c1ccc2C(=O)c3ccccc3C(=O)c2c1,O,CC(C)(C)c1ccc2c(c1)C1(=O)~O~O=C2c2ccccc21,-6.0167036056518555,ok,
CCOC(=O)N1CCN(c2cc(Nc3ccc(OCC)cc3)c3c4c(onc24)-c2ccccc2C3=O)CC1,O,CCOC1(=O)~O~O(CC)c2ccc(cc2)Nc2cc(c3noc4c3c2C(=O)c2ccccc2-4)N2CCN1CC2,-5.167720794677734,ok,
COCC[NH+]1C(=O)c2c(n(/N=C/c3ccc(C(C)C)cc3)c3nc4ccccc4nc23)N[C-]1C,O,COCC[NH+]1[C-](C)N2~O~C1(=O)c1c2n(/N=C/c2ccc(C(C)C)cc2)c2nc3ccccc3nc12,-3.321425437927246,ok,
CC1=NN(c2ccc(C)cc2)C(=O)C1=Cc1ccc(-c2cc([N+](=O)[O-])ccc2O)o1,O,CC1=NN(c2ccc(C)cc2)C2(=O)~O~Oc3ccc([N+](=O)[O-])cc3-c3ccc(o3)C=C12,-3.088501214981079,ok,
O=[N+]([O-])c1cccc(-c2ccc(/C=N/N(c3ccccc3)c3ccccc3)o2)c1,O,O=[N+]([O-])c12~O~o3c(/C=N/N(c4ccccc4)c4ccccc4)ccc3-c(ccc1)c2,-5.6348772048950195,ok,
CC[n+]1ccc(/C=C/c2c[nH]c3ccc(OC)cc23)c2ccccc21,O,CC[n+]1ccc2c3ccccc31~O~O(C)c1ccc3[nH]cc(c3c1)/C=C/2,-3.289181709289551,ok,
COc1ccc(O)c(/C=N/N=C/c2cccc([N+](=O)[O-])c2)c1,O,COc1ccc2c(c1)/C=N/N=C/c1cccc([N+](=O)[O-])(~O~O2)c1,-2.7206454277038574,ok,
CCN(CC)c1ccc(N2C(=O)/C(=C/c3ccc(C(=O)O)cc3)SC2=S)cc1,O,CCN(CC)c1ccc(N2C(=O)/C(=C/c3ccc(C4(=O)~O~O4)cc3)SC2=S)cc1,-4.510113716125488,ok,
CC[n+]1c(C=Cc2ccc(N(C)C)cc2)sc2cc(NC(C)=O)ccc21,O,CC[n+]1c2ccc(NC(C)=O)cc2sc12~O~N(C)(C)c1ccc(cc1)C=C2,,failed,Featurization failed: RDKit could not parse Smiles_Merged
O=C1[N]c2ccc([O+]S([O-])=N[C]3[C][C]N([C]c4ccccc4)[C][C]3)cc2C1=C1[C][C][C][C]1,O,O=C1[N]c2ccc3(~O~[O-]S(=N[C]4[C][C]N([C]c5ccccc5)[C][C]4)[O+]3)cc2C1=C1[C][C][C][C]1,,failed,Featurization failed: RDKit could not parse Smiles_Merged
CC1=C(C#N)C(=O)N(CCCO)C(=O)C1=Cc1ccc(-c2ccc([N+](=O)[O-])cc2)o1,O,CC1=C(C#N)C2(=O)~O~o3c(ccc3-c3ccc([N+](=O)[O-])cc3)C=C1C(=O)N2CCCO,-6.055028915405273,ok,
[C][C][C][C]N([C])S(=O)Oc1ccc2c(c1)C(=C1[C][C][C][C]1)C(=O)N2[C],O,[C][C][C][C]N([C])S1(=O)~O~O1c1ccc2c(c1)C(=C1[C][C][C][C]1)C(=O)N2[C],-4.6440277099609375,ok,
CN(C)N1C(/C=N/C(C#N)=C(N)/C#N)=CC=C1,O,CN(C)n1cccc1/C=N/C1(C#N)~O~NC=1C#N,-3.524174451828003,ok,
CN(C)n1cccc1/C=N/C(C#N)=C(\N)C#N,O,CN(C)n1cccc1/C=N/C1(C#N)~O~NC=1C#N,-3.524174451828003,ok,
CCN1C(=O)/C(=C\C=C2/Sc3ccc(-c4ccccc4)cc3N2CC)SC1=S,O,CCN1C(=S)S/C2=C/C=C3\Sc4ccc(-c5ccccc5)cc4N3(CC)~O~C21=O,-6.133149147033691,ok,
O=C1c2cc(S(=O)ON3CCCCCC3)ccc2-c2ccc([S+](=O)([OH2+])N3CCCCCC3)cc21,O,O=S(ON1CCCCCC1)c1ccc2c(c1)C1=O~O~[S+](=O)([OH2+])(N3CCCCCC3)c3ccc-2c1c3,-4.616805076599121,ok,
O=C1ON=C(c2ccccc2)/C1=C/C1=C(OCc2ccc(Cl)cc2)C=CCC1,O,O=C12~O~O(Cc3ccc(Cl)cc3)C3=C(/C=C\1C(c1ccccc1)=NO2)CCC=C3,-5.115597248077393,ok,
O=C1c2ccccc2-c2onc3c(N4CCN(CCO)CC4)cc(NC4CCCCC4)c1c23,O,O=C12~O~OCCN3CCN(CC3)c3cc(NC4CCCCC4)c1c1c(onc31)-c1ccccc12,-3.739584445953369,ok,
Cc1ccc(/N=N/c2ccc(N3C(=O)c4ccc(C(=O)c5ccc6c(c5)C(=O)N(c5ccc(/N=N/c7ccc(C)cc7)cc5)C6=O)cc4C3=O)cc2)cc1,O,Cc1ccc(/N=N/c2ccc(N3C(=O)c4ccc(C5=O~O~C6(=O)c7cc5ccc7C(=O)N6c5ccc(/N=N/c6ccc(C)cc6)cc5)cc4C3=O)cc2)cc1,-5.210183143615723,ok,
CN1C(=O)c2ccc(C(=O)Nc3ccc4nc(N5CCOCC5)sc4c3)cc2C1=O,O,CN1C(=O)c2ccc3cc2C1(=O)~O~O1CCN(CC1)c1nc2ccc(cc2s1)NC3=O,-6.251755714416504,ok,
CCOc1cc(-c2nc3ccccn3c2/N=C/c2cc([N+](=O)[O-])ccc2O)ccc1O,O,CCOc1cc(-c2nc3ccccn3c2/N=C/c2cc3([N+](=O)[O-])~O~Oc2cc3)ccc1O,-3.290309429168701,ok,
C[n+]1c(C=Cc2ccc(-c3ccc([N+](=O)[O-])cc3)o2)ccc2ccccc21,O,C[n+]1c(C=Cc2ccc3o2~O~c2([N+](=O)[O-])ccc-3cc2)ccc2ccccc21,-5.804698944091797,ok,
Cc1ccc(C(=O)N2CCN(c3ccc(NC(=O)C=Cc4ccc(-c5ccccc5[N+](=O)[O-])o4)cc3)CC2)cc1,O,Cc1ccc(C(=O)N2CCN(c3ccc(NC(=O)C=Cc4ccc5o4~O~c4([N+](=O)[O-])ccccc4-5)cc3)CC2)cc1,-5.143349647521973,ok,
CC1=C(C#N)C(=O)N(CCc2ccccc2)C(=O)/C1=C/c1ccc(N(C)C)cc1,O,CC1=C(C#N)C2(=O)~O~N(C)(C)c3ccc(cc3)/C=C\1C(=O)N2CCc1ccccc1,-5.99838399887085,ok,
[N]/C(=N\c1ccc(Br)cc1)C(C#N)=C(C#N)C#N,O,[N]C1(C(C#N)=C(C#N)C#N)~O~N=1c1ccc(Br)cc1,-5.093149185180664,ok,
COC(=O)c1c(-c2ccccc2)noc1-c1cc(-c2onc(-c3ccccc3)c2C(=O)OC)cc(-c2onc(-c3ccccc3)c2C(=O)OC)c1,O,COC(=O)c1c(-c2ccccc2)noc1-c1cc(-c2onc(-c3ccccc3)c2C(=O)OC)cc(-c2onc(-c3ccccc3)c2C2(=O)~O~O2C)c1,-5.895596981048584,ok,
O=S(=O)([O-])CCC[n+]1c2ccccc2cc2ccccc21,O,O=S1(=O)CCC[n+]2c3ccccc3cc3ccccc32~O~[O-]1,-4.144269943237305,ok,
O=[N+]([O-])c1ccc(C=Cc2c3ccccc3cc3ccccc23)cc1,O,[O-][N+]1=O~O~c12ccc(C=Cc1c3ccccc3cc3ccccc13)cc2,,failed,Featurization failed: RDKit could not parse Smiles_Merged
O=C(O)CC(C(=O)O)N1C(=O)/C(=C/C(Cl)=C/c2ccc([N+](=O)[O-])cc2)SC1=S,O,O=C1CC(N2C(=O)/C(=C/C(Cl)=C/c3ccc([N+](=O)[O-])cc3)SC2=S)C(=O)(O)~O~O1,-4.218719005584717,ok,
CC(C)N(C)C(=O)C1CSCN1C(=O)/C=C/c1ccc(-c2ccccc2)s1,O,CC(C)N1(C)~O~C(=O)(/C=C/c2ccc(-c3ccccc3)s2)N2CSCC2C1=O,-5.829906463623047,ok,
O=C1c2ccccc2C(=O)c2c1cccc2-c1cc(C=C2SC(=S)N(c3ccccc3)C2=O)co1,O,O=C1c2ccccc2C(=O)c2c1cccc2-c1cc2co1~O~C1(=O)C(=C2)SC(=S)N1c1ccccc1,-6.695886611938477,ok,
COc1cccc(/C=N/n2c3c(c4nc5ccccc5nc42)C(=O)[NH+](c2ccccc2)[C-](C)N3)c1,O,C[C-]1Nc2c3c4nc5ccccc5nc4n2/N=C/c2cccc(c2)O(C)~O~C3(=O)[NH+]1c1ccccc1,-4.125128746032715,ok,
CC[NH+](CC)Cc1c([O-])cc(C)c2c1O/C(=C\c1cc3ccccc3o1)C2=O,O,CC[NH+](CC)Cc1c2cc(C)c3c1O/C(=C\c1cc4ccccc4o1)C3(=O)~O~[O-]2,-4.128246307373047,ok,
CN1C(=O)C(=Cc2ccc(-c3cc(C(F)(F)F)cc(C(F)(F)F)c3)o2)SC1=S,O,CN1C(=O)C(=Cc2ccc3o2~O~C(F)(F)(F)c2cc-3cc(C(F)(F)F)c2)SC1=S,-8.71755599975586,ok,
CCOC(=O)C1=C(Nc2ccccc2)SC(=Cc2ccc(-c3ccc([N+](=O)[O-])cc3C)o2)C1=O,O,CCO1~O~C1(=O)C1=C(Nc2ccccc2)SC(=Cc2ccc(-c3ccc([N+](=O)[O-])cc3C)o2)C1=O,-5.558598518371582,ok,
C=CC[NH+]1[CH-]Nc2c(c3nc4ccccc4nc3n2/N=C/c2ccccc2C)C1=O,O,C=CC[NH+]1[CH-]N2~O~C1(=O)c1c2n(/N=C/c2ccccc2C)c2nc3ccccc3nc12,-3.0809743404388428,ok,
CCCCN=S([O-])[OH+]c1ccc2c(c1)C(=O)c1ccccc1C2=O,O,CCCCN=S1[O-]~O~c2(ccc3c(c2)C(=O)c2ccccc2C3=O)[OH+]1,,failed,Featurization failed: RDKit could not parse Smiles_Merged
Clc1cccc(-c2nn3c4cc(N5CCNCC5)ccc4nc3c3ccccc23)c1,O,Clc1cccc(-c2nn3c4cc5ccc4nc3(~O~N53CCNCC3)c3ccccc23)c1,-3.9252264499664307,ok,
O=C1/C(=C/c2cccc([N+](=O)[O-])c2)CCC/C1=C\c1cccc([N+](=O)[O-])c1,O,O=[N+]([O-])c1cccc(/C=C2\CCC/C3=C\c4cccc([N+](=O)[O-])(~O~O=C23)c4)c1,-4.842970371246338,ok,
CC[n+]1c(C=Cc2ccc(-c3ccc([N+](=O)[O-])cc3)o2)ccc2ccccc21,O,CC[n+]1c(C=Cc2ccc3o2~O~c2([N+](=O)[O-])ccc-3cc2)ccc2ccccc21,-5.4398088455200195,ok,
O=C(CN1C(=O)S/C(=C\c2coc3ccccc3c2=O)C1=O)Nc1ccc(N2CCOCC2)cc1,O,O=C(CN1C(=O)/C2=C/c3co(~O~C1(=O)S2)c1ccccc1c3=O)Nc1ccc(N2CCOCC2)cc1,-6.1308393478393555,ok,
O=[N+]([O-])c1ccc(-c2nc3ccc(C(F)(F)F)cn3c2NC2CCCCC2)o1,O,O=[N+]([O-])c12~O~o1c(-c1nc3ccc(C(F)(F)F)cn3c1NC1CCCCC1)cc2,-6.002664089202881,ok,
O=C1C(=Cc2ccc(-c3ccc([N+](=O)[O-])cc3Cl)o2)SC(=S)N1CCCN1CCOCC1,O,O=C1C(=Cc2ccc3o2~O~c2([N+](=O)[O-])ccc-3c(Cl)c2)SC(=S)N1CCCN1CCOCC1,-7.314709663391113,ok,
CN(c1ccccc1)c1ccc(/C=N/NS(=O)(=O)c2ccccc2)cc1,O,CN1(c2ccccc2)~O~S(=O)(=O)(c2ccccc2)N/N=C/c2ccc1cc2,-5.063719749450684,ok,
CN(C)c1ccc(C=CC(O)=C2C(=O)N(c3ccccc3Cl)C(=O)N=C2O)cc1,O,CN(C)c1ccc(C=CC2=C3C(=O)N(c4ccccc4Cl)C(=O)(~O~O2)N=C3O)cc1,-3.38773512840271,ok,
Cc1noc(/C=C/c2ccc(N3CCCC3)cc2)c1[N+](=O)[O-],O,Cc1noc2c1([N+](=O)[O-])~O~N1(CCCC1)c1ccc(cc1)/C=C/2,-4.2477521896362305,ok,
CCN(CC)c1ccc(C2=Nc3ncnn3/C2=N/Cc2ccc(F)cc2)cc1,O,CCN1(CC)~O~c23ncnn2/C(=N/Cc2ccc(F)cc2)C(=N3)c2ccc1cc2,-3.7968428134918213,ok,
N#C/C(=C/c1ccc(N2CCCCC2)cc1F)c1ccc(C(=O)O)cc1,O,N#C/C(=C/c1ccc(N2CCCCC2)cc1F)c1ccc(C2(=O)~O~O2)cc1,-4.091136932373047,ok,
CN(C)c1ccc(/C=N/c2ccc(S(=O)(=O)N3CCCC3)cc2)cc1,O,CN1(C)~O~S(=O)(=O)(N2CCCC2)c2ccc(cc2)/N=C/c2ccc1cc2,-5.150707244873047,ok,
CC(C)Nc1cc(N2CCN(CCO)CC2)c2noc3c2c1C(=O)c1ccccc1-3,O,CC(C)Nc1cc2c3noc4c3c1C(=O)(~O~OCCN1CCN2CC1)c1ccccc1-4,-3.74292254447937,ok,
Cc1ccc(-c2ccc(/C=C3\SC(N4CCN(c5ccccc5)CC4)=NC3=O)o2)cc1,O,Cc1ccc(-c2ccc3o2~O~C2(=O)N=C(N4CCN(c5ccccc5)CC4)S/C2=C\3)cc1,-4.490912437438965,ok,
CN1C(=O)c2ccc(C(=O)Nc3ccc(N4CCOCC4)cc3)cc2C1=O,O,CN1C(=O)c2ccc3cc2C1(=O)~O~O1CCN(CC1)c1ccc(cc1)NC3=O,-5.799324035644531,ok,
CCCCCCCN1C=CC(=CC=C(C#N)C#N)C=C1,O,CCCCCCCN12~O~C(C#N)(C#N)=CC=C(C=C1)C=C2,-6.243780136108398,ok,
CC(C)N(c1ccccc1)c1ccc(NC(=O)c2cc(Cl)cc(Cl)c2)cc1,O,CC(C)N1(c2ccccc2)~O~C(=O)(c2cc(Cl)cc(Cl)c2)Nc2ccc1cc2,-6.35521125793457,ok,
CCN1C(=O)/C(=C/C=C\N2CCCc3ccccc32)SC1=S,O,CCN1C(=S)SC2=CC=CN3(~O~C21=O)CCCc1ccccc13,-5.3880109786987305,ok,
O=C(Nc1ccc2nc(N3CCOCC3)c(N3CCOCC3)nc2c1)c1ccc([N+](=O)[O-])cc1,O,O=C1Nc2ccc3nc(c(N4CCOCC4)nc3c2)N2CCO(~O~c3([N+](=O)[O-])ccc1cc3)CC2,-3.6120786666870117,ok,
CC1=CC(C)(C)N(C)c2ccc(C(=S)N3CCCC3)cc21,O,CC1=CC(C)(C)N2(C)~O~C(=S)(N3CCCC3)c3ccc2c1c3,-5.969461917877197,ok,
CC[n+]1ccc(/C=C/c2c[nH]c3ccc(C)cc23)c2ccccc21,O,CC[n+]1ccc2c3ccccc31~O~[nH]1cc(c3cc(C)ccc31)/C=C/2,-7.175745010375977,ok,
CC[NH+](CC)Cc1c([O-])ccc2c1O/C(=C\c1ccccc1F)C2=O,O,CC[NH+](CC)Cc1c2ccc3c1O/C(=C\c1ccccc1F)C3(=O)~O~[O-]2,-4.1391191482543945,ok,
COc1ccc(-c2ccc(C=CC(=O)c3ccc(N4CCOCC4)cc3)o2)c([N+](=O)[O-])c1,O,CO1~O~c2([N+](=O)[O-])cc1ccc2-c1ccc(C=CC(=O)c2ccc(N3CCOCC3)cc2)o1,-5.283616065979004,ok,
[O-][n+]1cc(-c2ccccc2)[n+]([O-])c2ccccc21,O,[O-][n+]1c(-c2ccccc2)c[n+]2c3ccccc31~O~[O-]2,-3.7006757259368896,ok,
"ClC1=CC=C(C=C1)N1CCN(CC1)C(=N)C(C=C(C#N)C#N)C#N |c:3,5,t:1|",O,N#CC1C=C(C#N)(C#N)~O~N2(c3ccc(Cl)cc3)CCN(CC2)C1=N,-5.360154151916504,ok,
C[n+]1c(/C=C/c2coc3ccccc3c2=O)sc2ccccc21,O,C[n+]1c2ccccc2sc12~O~o1cc(c(=O)c3ccccc31)C=C2,,failed,Featurization failed: RDKit could not parse Smiles_Merged
O=S(=O)([O-])CCC[n+]1c(C=Cc2ccc(C(F)(F)F)cc2)sc2ccccc21,O,O=S1(=O)CCC[n+]2c(sc3ccccc32)C=Cc2ccc(cc2)C(F)(F)(F)~O~[O-]1,-3.365936279296875,ok,
COC(=O)c1ccc(N2C(=O)C(=Cc3ccc(-c4ccc(Br)cc4)o3)C=C2c2ccccc2)cc1,O,CO1~O~C1(=O)c1ccc(N2C(=O)C(=Cc3ccc(-c4ccc(Br)cc4)o3)C=C2c2ccccc2)cc1,-5.700855255126953,ok,
Cc1ccc(N2CCN(C3=NC(=O)C(=Cc4ccc(-c5ccc(Cl)cc5[N+](=O)[O-])o4)S3)CC2)cc1Cl,O,Cc1ccc(N2CCN(C3=NC4(=O)~O~o5c(ccc5-c5ccc(Cl)cc5[N+](=O)[O-])C=C4S3)CC2)cc1Cl,-5.223934173583984,ok,
CCN1C(=Cc2ccc3cc(C)ccc3[n+]2CCCS(=O)(=O)[O-])C=Cc2cc(C)ccc21,O,CCN1C(=Cc2ccc3cc(C)ccc34~O~[O-]S(=O)(=O)CCC[n+]24)C=Cc2cc(C)ccc21,-4.160093307495117,ok,
Cc1ccc(C(=O)c2c(C=CC=Cc3ccccc3)oc3cc(C#N)c(C#N)cc23)cc1,O,Cc1ccc(C2(=O)~O~o3c(C=CC=Cc4ccccc4)c2c2cc(C#N)c(C#N)cc23)cc1,-6.702617645263672,ok,
COc1ccc(OC)c2nc3c(nc12)C(=O)c1ccccc1-3,O,COc1ccc2c3nc4c(nc13)C(=O)(~O~O2C)c1ccccc1-4,-4.572276592254639,ok,
O=C1C2=NC3=C(C(OC)=CC=C3OC)N=C2C4=C1C=CC=C4,O,COc1ccc2c3nc4c(nc13)C(=O)(~O~O2C)c1ccccc1-4,-4.572276592254639,ok,
"CC(C)N(C1=CC=CC=C1)C1=CC=C(NC(=S)NC(=O)C2=CC=CC=C2)C=C1 |c:6,8,23,25,28,t:4,11,13,21|",O,CC(C)N1(c2ccccc2)~O~C(=O)(c2ccccc2)NC(=S)Nc2ccc1cc2,-6.561827182769775,ok,
CC(C)N(c1ccccc1)c1ccc(NC(=S)NC(=O)c2ccccc2)cc1,O,CC(C)N1(c2ccccc2)~O~C(=O)(c2ccccc2)NC(=S)Nc2ccc1cc2,-6.561826705932617,ok,
O=C1c2cccc3cc(Br)cc(c23)C(=O)N1c1ccc(/N=N/c2ccccc2)cc1,O,O=C12~O~O=C(c3cccc4cc(Br)cc1c34)N2c1ccc(/N=N/c2ccccc2)cc1,-5.191376209259033,ok,
CCOc1ccc(N2C(=O)/C(=C\c3ccc(-c4ccc([N+](=O)[O-])cc4)o3)C(=O)NC2=S)cc1,O,CCO1~O~C2(=O)/C(=C\c3ccc(-c4ccc([N+](=O)[O-])cc4)o3)C(=O)NC(=S)N2c2ccc1cc2,-6.253121376037598,ok,
O=C1C(=CC=Cc2ccccc2Cl)SC(=S)N1C1CCCCC1,O,O=C12~O~N1(C1CCCCC1)C(=S)SC2=CC=Cc1ccccc1Cl,-6.5370049476623535,ok,
CCOc1ccc(N2C(=O)/C(=C\c3cc4c5c(c3)CCCN5CCC4)C(=O)N=C2S)cc1,O,CCO1~O~C2(=O)N=C(S)N(C(=O)/C2=C\c2cc3c4c(c2)CCCN4CCC3)c2ccc1cc2,-5.194264888763428,ok,
CN1C(=O)/C(=C/c2cc(/N=N/c3ccccc3)ccc2O)SC1=S,O,CN1C(=S)S/C2=C\c3cc(/N=N/c4ccccc4)ccc3O~O~C21=O,-3.5317797660827637,ok,
CCOC(=O)C1CCCN(c2cc(NCCO)c3c4c(onc24)-c2ccccc2C3=O)C1,O,CCO1~O~C1(=O)C1CCCN(c2cc(NCCO)c3c4c(onc24)-c2ccccc2C3=O)C1,-4.979369640350342,ok,
O=C(O)C/C(=C\c1ccc(-c2ccc([N+](=O)[O-])cc2)o1)c1nc2ccccc2s1,O,O=[N+]([O-])c1ccc(-c2ccc(/C=C(\CC3(=O)~O~O3)c3nc4ccccc4s3)o2)cc1,-4.486963272094727,ok,
C=CCN1C(=O)/C(=C\c2ccc(N(CC)CC)cc2OCc2ccc(Cl)cc2Cl)SC1=S,O,C=CCN1C(=S)S/C2=C/c3ccc(N(CC)CC)cc3O(Cc3ccc(Cl)cc3Cl)~O~C21=O,-7.583098411560059,ok,
Cc1ccc(N2CCN(C3=NC(=O)C(=Cc4ccc(-c5ccccc5[N+](=O)[O-])o4)S3)CC2)cc1Cl,O,Cc1ccc(N2CCN(C3=NC4(=O)~O~o5c(ccc5-c5ccccc5[N+](=O)[O-])C=C4S3)CC2)cc1Cl,-4.81948184967041,ok,
CCCN1CCN(c2cc(NCCC(=O)O)c3c4c(onc24)-c2ccccc2C3=O)CC1,O,CCCN1CCN(c2cc(NCCC3(=O)~O~O3)c3c4c(onc24)-c2ccccc2C3=O)CC1,-4.38774299621582,ok,
COc1ccc(N2C(=O)C(=Cc3cccc4c3-c3ccccc3C4=O)SC2=S)cc1,O,CO1~O~C2(=O)C(=Cc3cccc4c3-c3ccccc3C4=O)SC(=S)N2c2ccc1cc2,-6.405130386352539,ok,
CCc1ccc(N2CN=c3s/c(=C4\C(=O)Nc5ccc(Cl)cc54)c(=O)n3C2)cc1,O,CCc1ccc(N23~O~c4(=O)/c(=C5/C(=O)Nc6ccc(Cl)cc65)sc(n4C2)=NC3)cc1,-5.173315048217773,ok,
[C][C]N([C][C])c1ccc([C]=C2C(=O)[N]C(=S)[N]C2=O)c(O[C][C]=[C])c1,O,[C][C]N([C][C])c1ccc2c(c1)O([C][C]=[C])~O~C1(=O)[N]C(=S)[N]C(=O)C1=[C]2,-4.692707061767578,ok,
C[n+]1ccc(-c2c3nc(c(-c4cc[n+](C)cc4)c4ccc([nH]4)c(-c4cc[n+](C)cc4)c4nc(c(-c5cc[n+](C)cc5)c5ccc2[nH]5)C=C4)C=C3)cc1.Cc1ccc(S(=O)(=O)[O-])cc1.Cc1ccc(S(=O)(=O)[O-])cc1.Cc1ccc(S(=O)(=O)[O-])cc1.Cc1ccc(S(=O)(=O)[O-])cc1,O,Cc1ccc(S(=O)(=O)[O-])cc1.Cc1ccc(S(=O)(=O)[O-])cc1.Cc1ccc(S(=O)(=O)[O-])cc1.Cc1ccc(S(=O)(=O)[O-]~O~c2cc(-c3c4nc(c(-c5cc[n+](C)cc5)c5ccc([nH]5)c(-c5cc[n+](C)cc5)c5nc(c(-c6cc[n+](C)cc6)c6ccc3[nH]6)C=C5)C=C4)cc[n+]2C)cc1,-4.530775547027588,ok,
CCN1C(=O)/C(=C\c2cc(C)n(CC3CCCO3)c2C)c2cc(S(=O)(=O)N3CCOCC3)ccc21,O,CCN1c2ccc3cc2/C(=C/c2cc(C)n(CC4CCCO4)c2C)C1(=O)~O~O1CCN(CC1)S3(=O)=O,-5.40856409072876,ok,
O=C1N/C(=N/c2ccc(F)cc2)S/C1=C\c1ccc(N2CCCCC2)o1,O,O=C12~O~o3c(ccc3N3CCCCC3)/C=C/1S/C(=N\c1ccc(F)cc1)N2,-6.263136386871338,ok,
O=C(Nc1ccc(N2CCOCC2)cc1)c1ccc(-c2ccc(S(=O)(=O)N3CCCC3)cc2)cc1,O,O=C1(c2ccc(-c3ccc(S(=O)(=O)N4CCCC4)cc3)cc2)~O~O2CCN(CC2)c2ccc(cc2)N1,-5.631344795227051,ok,
COc1ccc2c(c1)c(/C=C1/Oc3c(ccc([O-])c3C[NH+]3CCCCC3C)C1=O)cn2C,O,COc1ccc2c(c1)c(/C=C1/Oc3c4ccc(c3C[NH+]3CCCCC3C)[O-]~O~C14=O)cn2C,-3.3358898162841797,ok,
COc1cccc(N2C(=O)C(=Cc3ccc([N+](=O)[O-])s3)C(=O)N=C2S)c1,O,CO1~O~c2([N+](=O)[O-])ccc(s2)C=C2C(=O)N=C(S)N(C2=O)c2cccc1c2,-5.454361915588379,ok,
CCN1C(=O)/C(=C\C=C2\N(CC)c3ccc(-c4ccccc4)cc3C2(C)C)S/C1=N\c1ccc(Oc2ccccc2)cc1,O,CCN1/C(=C/C=C2/S/C3=N\c4ccc(cc4)O(c4ccccc4)~O~C2(=O)N3CC)C(C)(C)c2cc(-c3ccccc3)ccc21,-6.0119428634643555,ok,
CCNC(=S)NN=CC1=C(N2CCOCC2)C(=Cc2ccc(N(CC)CC)cc2)CC1,O,CCNC1(=S)~O~O2CCN(CC2)C2=C(C=NN1)CCC2=Cc1ccc(N(CC)CC)cc1,-5.664365768432617,ok,
CCCc1nc2ccccc2c(=O)n1/N=C/c1ccc(N(C)C)cc1,O,CCCc1nc2ccccc2c2(=O)~O~N(C)(C)c3ccc(cc3)/C=N/n12,-4.566231727600098,ok,
CN(CCO)c1cc(NCc2ccccc2)c2c3c(onc13)-c1ccccc1C2=O,O,CN1CCO~O~C2(=O)c3ccccc3-c3onc4c1cc(NCc1ccccc1)c2c34,-3.6284570693969727,ok,
O=C1N/C(=N/c2ccc(Cl)cc2)SC1=Cc1ccc(N2CCCC2)o1,O,O=C12~O~o3c(ccc3N3CCCC3)C=C1S/C(=N\c1ccc(Cl)cc1)N2,-6.321721076965332,ok,
Cc1ccc([N+](=O)[O-])cc1/N=C/c1ccc(Br)s1,O,Cc1ccc2(~O~O=[N+]2[O-])cc1/N=C/c1ccc(Br)s1,,failed,Featurization failed: RDKit could not parse Smiles_Merged
"CC1CN(CC(C)O1)C1=NC=C(S1)C=C(C#N)C#N |c:11,t:9|",O,CC1CN2CC(C)O1~O~c21ncc(C=C(C#N)C#N)s1,,failed,Featurization failed: RDKit could not parse Smiles_Merged
CCCN1CCN(c2cc(NCCCC(=O)O)c3c4c(onc24)-c2ccccc2C3=O)CC1,O,CCCN1CCN(c2cc(NCCCC3(=O)~O~O3)c3c4c(onc24)-c2ccccc2C3=O)CC1,-4.3131842613220215,ok,
[C]N([C])C(=[O+]N1C(=O)[C]2[C]3[C][C]([C]=[C]3)[C]2C1=O)N([C])[C],O,[C]N([C])C1(N([C])[C])~O~O=C2[C]3[C]4[C][C]([C]=[C]4)[C]3C(=O)N2[O+]=1,-2.594487428665161,ok,
Cc1ccsc1/C=C1\Oc2c(ccc([O-])c2C[NH+]2CCC(C)CC2)C1=O,O,Cc1ccsc1/C=C1\Oc2c3ccc(c2C[NH+]2CCC(C)CC2)[O-]~O~C13=O,-3.469297409057617,ok,
CN1C(=O)/C(=C/c2ccc(-c3ccc(Cl)c(Cl)c3)o2)N(C)C1=S,O,CN1C(=S)N(C)C2(=O)~O~o3c(ccc3-c3ccc(Cl)c(Cl)c3)/C=C\12,-6.243637561798096,ok,
CCN1C(=O)/C(=C\C=C2/SC(c3ccccc3)=C(c3ccccc3)N2CC)SC1=S,O,CCN1C(=S)S/C2=C/C=C3\SC(c4ccccc4)=C(c4ccccc4)N3(CC)~O~C21=O,-6.616976261138916,ok,
COCCNC(=O)c1c(N)n(-c2ccc(N3CCOCC3)cc2)c2nc3ccccc3nc12,O,COCCNC1(=O)~O~Nc2c1c1nc3ccccc3nc1n2-c1ccc(N2CCOCC2)cc1,-3.4973411560058594,ok,
O=C(C=Cc1cnc(N2CCOCC2)s1)c1ccc(N2CCCCCC2)cc1,O,O=C(C=Cc1cnc2(~O~O3CCN2CC3)s1)c1ccc(N2CCCCCC2)cc1,,failed,Featurization failed: RDKit could not parse Smiles_Merged
CN1CC(=Cc2cccc([N+](=O)[O-])c2)C(=O)C(=Cc2cccc([N+](=O)[O-])c2)C1,O,CN12~O~c3([N+](=O)[O-])cccc(c3)C=C(C1)C(=O)C(=Cc1cccc([N+](=O)[O-])c1)C2,-5.353000640869141,ok,
COc1ccc(N2C(=O)C(=Cc3ccc([N+](=O)[O-])o3)SC2=S)cc1,O,CO1~O~c2([N+](=O)[O-])ccc(o2)C=C2SC(=S)N(C2=O)c2ccc1cc2,-5.639085292816162,ok,
O=C1C(=Cc2ccc(-c3ccc([N+](=O)[O-])cc3)o2)SC(=S)N1C1C=S(=O)([O-])CC1,O,O=C1C2=Cc3ccc(o3)-c3ccc([N+](=O)[O-])(~O~[O-]S4(=O)=CC(CC4)N1C(=S)S2)cc3,-4.023012161254883,ok,
O=C1C(=Cc2ccc(-c3ccc(Cl)c(Cl)c3)o2)C=C(c2ccccc2)N1c1cccc(Cl)c1,O,O=C12~O~o3c(ccc3-c3ccc(Cl)c(Cl)c3)C=C1C=C(c1ccccc1)N2c1cccc(Cl)c1,-7.013242721557617,ok,
Cc1ccc(N2C(=O)/C(=C/c3ccc(-c4ccc([N+](=O)[O-])cc4)o3)SC2=S)c(C)c1,O,Cc1ccc(N2C(=S)S/C3=C\c4ccc(-c5ccc([N+](=O)[O-])cc5)o4~O~C32=O)c(C)c1,-6.902997016906738,ok,
CN(C)c1ccc(C=C2C(=O)C(=O)c3ccccc32)cc1Br,O,CN1(C)~O~C2(=O)C(=O)c3ccccc3C2=Cc2ccc1c(Br)c2,-5.420029163360596,ok,
O=[N+]([O-])c1ccc(Nc2ccc(-c3ccc(Nc4ccc([N+](=O)[O-])c5nonc45)cc3)cc2)c2nonc12,O,O=[N+]([O-])c1ccc(Nc2ccc(-c3ccc(N4~O~c5([N+](=O)[O-])ccc4c4nonc45)cc3)cc2)c2nonc12,-5.042171478271484,ok,
CCCCCCCCCCCCCCCC(=O)Nc1ccc2c(c1)C(=O)c1ccccc1C2=O,O,CCCCCCCCCCCCCCCC1(=O)~O~N1c1ccc2c(c1)C(=O)c1ccccc1C2=O,-6.212636470794678,ok,
O=C(Nc1ccc(Oc2ccc3c(c2)C(=O)OC3=O)cc1)c1ccc2c(c1)C(=O)N(c1ccc(/N=N/c3ccccc3)cc1)C2=O,O,O=C(Nc1ccc(O2~O~C3(=O)OC(=O)c4ccc2cc43)cc1)c1ccc2c(c1)C(=O)N(c1ccc(/N=N/c3ccccc3)cc1)C2=O,-6.474872589111328,ok,
CCN1C(=O)/C(=C\C=C\c2ccccc2[N+](=O)[O-])SC1=S,O,CCN12~O~c3([N+](=O)[O-])ccccc3/C=C/C=C(/SC1=S)C2=O,-5.229095935821533,ok,
CC(C)(C)c1ccc2sc3c4c(ccc3c2c1)C(=O)c1ccccc1C4=O,O,CC(C)(C)c1ccc2sc3c4c(ccc3c2c1)C1=O~O~C4(=O)c2ccccc21,-6.822340965270996,ok,
COCC[NH+]1C(=O)c2c(n(/N=C/c3cccc(OC)c3)c3nc4ccccc4nc23)N[C-]1C,O,COCC[NH+]1[C-](C)Nc2c3c4nc5ccccc5nc4n2/N=C/c2cccc(c2)O(C)~O~C31=O,-3.4226467609405518,ok,
CCCN1/C(=C/C=C/c2sc3ccccc3[n+]2CCC)Sc2ccccc21,O,CCC[n+]1c2ccccc2sc12~O~N1(CCC)C(=CC=C2)Sc2ccccc21,,failed,Featurization failed: RDKit could not parse Smiles_Merged
Cc1ccc(-c2ccc(/C=C(\C#N)C(=O)N3CCN(c4ccccc4)CC3)o2)c(Br)c1,O,Cc1ccc(-c2ccc3o2~O~C(=O)(N2CCN(c4ccccc4)CC2)C(C#N)=C3)c(Br)c1,-4.867408752441406,ok,
CN1C(=S)SC(/[N+]([O-])=C\C=C\c2ccc([N+](=O)[O-])o2)C1(C)C,O,CN1C(=S)SC(/[N+]2=C\C=C\c3ccc([N+](=O)[O-])(~O~[O-]2)o3)C1(C)C,-4.288332939147949,ok,
N#C/C(=C/c1ccc(N2CCCCC2)cc1)c1ccc(C(=O)O)cc1,O,N#C/C(=C/c1ccc(N2CCCCC2)cc1)c1ccc(C2(=O)~O~O2)cc1,-4.030862808227539,ok,
CCN(CC)c1ccc(/C=C2\C(=O)N(C3CCS(=O)(=O)C3)C(=O)C(C#N)=C2C)cc1,O,CCN1(CC)~O~C2(=O)C(C#N)=C(C)/C(=C/c3ccc1cc3)C(=O)N2C1CCS(=O)(=O)C1,-4.914634704589844,ok,
Cc1ccc(N2C(=O)/C(=C\c3cc4c5c(c3)CCCN5CCC4)C(=O)NC2=S)cc1,O,Cc1ccc(N2C(=S)NC(=O)/C3=C/c4cc5c6c(c4)CCCN6(~O~C32=O)CCC5)cc1,-6.498003005981445,ok,
Cc1ccc2c(c1)C1=C(SS/C1=C1\SC(=S)NC1=O)C(C)(C)N2,O,Cc1ccc2c(c1)C1=C3SS/C1=C1\SC(=S)NC1(=O)~O~N2C3(C)C,-7.239493370056152,ok,
O=C1/C(=C/c2ccc(-c3ccc(Cl)c(Cl)c3)o2)C=C(c2ccccc2)N1c1cccc2ccccc12,O,O=C12~O~o3c(ccc3-c3ccc(Cl)c(Cl)c3)/C=C/1C=C(c1ccccc1)N2c1cccc2ccccc12,-6.83170223236084,ok,
CC1=NOC(=O)C1=Cc1ccc(-c2ccc(N3CCCCC3)c([N+](=O)[O-])c2)o1,O,CC1=NOC2(=O)~O~o3c(ccc3-c3ccc(N4CCCCC4)c([N+](=O)[O-])c3)C=C12,-5.351635932922363,ok,
COc1ccc(N2C(=O)/C(=C/c3ccc(-c4ccc([N+](=O)[O-])cc4OC)o3)C(=O)NC2=S)cc1,O,COc1cc2([N+](=O)[O-])~O~O(C)c3ccc(cc3)N3C(=O)/C(=C/c4ccc(o4)-c1cc2)C(=O)NC3=S,-5.805191993713379,ok,
CCN1/C(=C/c2sc3ccccc3[n+]2CCCS(=O)(=O)[O-])C=Cc2cc(C)ccc21,O,CCN1/C(=C/c23~O~[O-]S(=O)(=O)CCC[n+]2c2ccccc2s3)C=Cc2cc(C)ccc21,-3.8634369373321533,ok,
Cc1ccc(N2C(=O)C(=Cc3ccc(-c4ccc(Br)cc4)o3)C=C2c2ccccc2)cc1[N+](=O)[O-],O,Cc1ccc2cc1([N+](=O)[O-])~O~o1c(ccc1-c1ccc(Br)cc1)C=C1C=C(c3ccccc3)N2C1=O,-6.226680278778076,ok,
O=C1OC(C2=CC([N+]([O-])=O)=CC=C2)=N/C1=C/C(C=C3)=CC=C3N(C)C,O,CN(C)c1ccc(/C=C2/N=C(c3cccc([N+](=O)[O-])c3)O3~O~C23=O)cc1,-3.919483184814453,ok,
CN(C)c1ccc(/C=C2/N=C(c3cccc([N+](=O)[O-])c3)OC2=O)cc1,O,CN(C)c1ccc(/C=C2/N=C(c3cccc([N+](=O)[O-])c3)O3~O~C23=O)cc1,-3.919483184814453,ok,
CCOC(=O)C=Cc1ccc(-c2ccc([N+](=O)[O-])cc2C)o1,O,CCO1~O~C1(=O)C=Cc1ccc(-c2ccc([N+](=O)[O-])cc2C)o1,-5.171226501464844,ok,
CCN1C(=O)/C(=C\C=C2\N(C)c3ccccc3C2(C)C)OC1=S,O,CCN1C(=S)O2~O~C1(=O)/C2=C\C=C1\N(C)c2ccccc2C1(C)C,-5.1516900062561035,ok,
N#Cc1c(/N=C/c2ccc(-c3c(Br)cc([N+](=O)[O-])cc3Br)o2)sc2c1CCCC2,O,N#Cc1c(/N=C/c2ccc3o2~O~c2([N+](=O)[O-])cc(Br)c-3c(Br)c2)sc2c1CCCC2,-7.803905487060547,ok,
CN(C)c1cc(NCCN2CCC3(CC2)OCCO3)c2c3c(onc13)-c1ccccc1C2=O,O,CN(C)c1cc2c3c4c(onc14)-c1ccccc1C3(=O)~O~N2CCN1CCC2(CC1)OCCO2,-4.978878021240234,ok,
CN(CCO)c1cc(Nc2ccc(F)cc2)c2c(c1N)C(=O)c1ccccc1C2=O,O,CN(CCO)c1cc(Nc2ccc(F)cc2)c2c3c1N~O~C3(=O)c1ccccc1C2=O,-5.592083930969238,ok,
"CCN(CC)C1=NC=C(S1)C=C1C(=O)OC(C)(C)OC1=O |c:7,t:5|",O,CCN(CC)c1ncc(C=C2C(=O)OC(C)(C)O3~O~C23=O)s1,-4.613558292388916,ok,
COc1ccc2occ(C=CC=C3C(=O)NC(=S)NC3=O)c(=O)c2c1,O,CO1~O~C2(=O)NC(=S)NC(=O)C2=CC=Cc2coc3ccc1cc3c2=O,-5.979523658752441,ok,
Cc1cccc(N2CCN(C3=NC(=O)/C(=C/c4ccc(-c5ccc(Cl)c(Cl)c5)o4)S3)CC2)c1,O,Cc1cccc(N2CCN(C3=NC4(=O)~O~o5c(ccc5-c5ccc(Cl)c(Cl)c5)/C=C/4S3)CC2)c1,-5.193563461303711,ok,
CCOCCCNc1cc(N2CCC(C)CC2)c2noc3c2c1C(=O)c1ccccc1-3,O,CCOCCCN1~O~C2(=O)c3ccccc3-c3onc4c(N5CCC(C)CC5)cc1c2c34,-5.157873630523682,ok,
O=C1C(=Cc2ccc(-c3cccc(Cl)c3)o2)Sc2ccccc21,O,O=C12~O~o3c(ccc3-c3cccc(Cl)c3)C=C1Sc1ccccc12,-6.895482540130615,ok,
OC1(c2ccc(Br)cc2)C[N+]2=C(CCCCC2)N1c1ccc2c(c1)OCO2,O,OC12(c3ccc(Br)cc3)~O~O3COc4cc(ccc43)N1C1=[N+](CCCCC1)C2,-5.102574348449707,ok,
CS(C)(=O)=Nc1ccc(N2CCOCC2)c2c1C(=O)c1ccccc1C2=O,O,CS(C)(=O)=Nc1ccc2c3c1C(=O)(~O~O1CCN2CC1)c1ccccc1C3=O,-5.186568260192871,ok,
CCN1C(=O)/C(=C\C=C\c2ccc(Br)cc2)SC1=S,O,CCN12~O~C1(=O)/C(=C\C=C\c1ccc(Br)cc1)SC2=S,-5.94998836517334,ok,
CCOc1ccc(Cl)cc1C=C1C(C)=C(C#N)c2nc(N)c(C#N)c(C)c21,O,CCO1~O~c2(N)nc3c(c(C)c2C#N)C(=Cc2cc(Cl)ccc21)C(C)=C3C#N,-6.671113014221191,ok,
CC[n+]1c(/C=C/c2ccc(-c3ccc([N+](=O)[O-])cc3)o2)ccc2ccccc21,O,CC[n+]1c(/C=C/c2ccc3o2~O~c2([N+](=O)[O-])ccc-3cc2)ccc2ccccc21,-5.42606258392334,ok,
CN(C)c1ccc(/C=C(/C#N)c2ccc(C(=O)O)cc2)cc1Br,O,CN(C)c1ccc(/C=C(/C#N)c2ccc(C3(=O)~O~O3)cc2)cc1Br,-4.121921539306641,ok,
CC(/C=C1/N=C(c2cccc([N+](=O)[O-])c2)C(=O)O1)=C\c1ccc(/C=C(C)/C=C2/N=C(c3cccc([N+](=O)[O-])c3)C(=O)O2)cc1,O,CC(/C=C1/N=C(c2cccc([N+](=O)[O-])c2)C(=O)O1)=C\c1ccc(/C=C(C)/C=C2/N=C(c3cccc([N+](=O)[O-])c3)C3(=O)~O~O23)cc1,-3.6490421295166016,ok,
Cc1ccc(-c2csc(/C(C#N)=C/c3ccc(N(C)C)cc3)n2)cc1C,O,Cc1ccc(-c2csc3(~O~N(C)(C)c4ccc(cc4)/C=C/3C#N)n2)cc1C,,failed,Featurization failed: RDKit could not parse Smiles_Merged
CN(C)c1ccc(/C=C(\C#N)c2nc(-c3ccc4c(c3)OCO4)cs2)cc1,O,CN(C)c1ccc(/C=C(\C#N)c2nc(-c3ccc4c(c3)OC3~O~O43)cs2)cc1,-5.484872817993164,ok,
CCN1C(=O)/C(=C\c2ccc(-c3ccc([N+](=O)[O-])cc3Br)o2)SC1=S,O,CCN1C(=O)/C(=C\c2ccc3o2~O~c2([N+](=O)[O-])ccc-3c(Br)c2)SC1=S,-7.175174713134766,ok,
CC(C)(C)c1ccc2c(c1)C(=O)c1ccc(C(C)(C)C)cc1C2=O,O,CC(C)(C)c1ccc2c(c1)C(=O)c1ccc(C(C)(C)C)cc1C21~O~O=1,-4.7899885177612305,ok,
CN(C)c1ccc(C(=O)c2ccc(N(C)C)cc2)cc1,O,CN(C)c1ccc(C2(=O)~O~N(C)(C)c3ccc2cc3)cc1,-4.382951736450195,ok,
CN1/C(=C\C=N/c2cccc(C(=O)O)c2)C(C)(C)c2ccccc21,O,CN1/C(=C\C=N/c2cccc(C3(=O)~O~O3)c2)C(C)(C)c2ccccc21,-3.373396158218384,ok,
O=C1NC(=S)NC(=O)C1=Cc1ccc(N2CCCCC2)o1,O,O=C1NC(=S)NC2(=O)~O~o3c(ccc3N3CCCCC3)C=C12,-4.64793586730957,ok,
CN1C(=CC=CC=Nc2cc(C(C)(C)C)cc(C(C)(C)C)c2)C(C)(C)c2c1ccc1ccccc21,O,CC(C)(C)c1cc(C(C)(C)C)cc2(~O~N3(C)C(=CC=CC=N2)C(C)(C)c2c3ccc3ccccc23)c1,,failed,Featurization failed: RDKit could not parse Smiles_Merged
CCCN1CCN(c2cc(NCCO)c3c4c(onc24)-c2ccccc2C3=O)CC1,O,CCCN1CCN(c2cc3c4c5c(onc25)-c2ccccc2C4(=O)~O~OCCN3)CC1,-3.6203348636627197,ok,
COC(=O)c1ccc(/N=C2\C=C(N3CC[NH+](c4ccccc4)CC3)C(=O)c3cccc([O-])c32)cc1,O,COC1(=O)~O~[O-]c2cccc3c2/C(=N/c2ccc1cc2)C=C(N1CC[NH+](c2ccccc2)CC1)C3=O,-3.454887628555298,ok,
COc1ccc(N2CCN(c3cc(NCc4ccccc4)c4c5c(onc35)-c3ccccc3C4=O)CC2)cc1,O,CO1~O~C2(=O)c3ccccc3-c3onc4c(cc(NCc5ccccc5)c2c34)N2CCN(CC2)c2ccc1cc2,-3.789860486984253,ok,
COc1ccc(N2C(=O)/C(=C/c3ccc(-c4ccc([N+](=O)[O-])cc4Cl)o3)C(=O)NC2=S)cc1,O,CO1~O~c2([N+](=O)[O-])ccc(c(Cl)c2)-c2ccc(o2)/C=C2\C(=O)NC(=S)N(C2=O)c2ccc1cc2,-6.262631416320801,ok,
O=[N+]([O-])c1ccc(-c2cn3c(-c4ccccc4)c(-c4ccccc4)sc3n2)cc1,O,O=[N+]([O-])c12~O~n34cc(nc3sc(-c3ccccc3)c4-c3ccccc3)-c(cc1)cc2,-5.845103740692139,ok,
COc1ccc(/C=C2\Oc3c(ccc([O-])c3C[NH+]3CCCCC3)C2=O)c(OC)c1OC,O,COc1ccc(/C=C2\Oc3c4ccc(c3C[NH+]3CCCCC3)[O-]~O~C24=O)c(OC)c1OC,-3.842655897140503,ok,
COc1ccc(-c2oc(/N=C/c3cccc([N+](=O)[O-])c3)c(C#N)c2-c2ccc(OC)cc2)cc1,O,COc1ccc(-c2oc3c(C#N)c2-c2ccc(cc2)O(C)~O~c2([N+](=O)[O-])cccc(c2)/C=N/3)cc1,-5.225671291351318,ok,
COc1cc(OC)c(OC)cc1/C=C1\Oc2c(ccc([O-])c2C[NH+]2CCCCC2C)C1=O,O,COc1cc(OC)c(OC)cc1/C=C1\Oc2c3ccc(c2C[NH+]2CCCCC2C)[O-]~O~C13=O,-3.9128334522247314,ok,
CN(C)c1ccc(/C=C2\c3cc([N+](=O)[O-])ccc3-c3c2cc([N+](=O)[O-])cc3[N+](=O)[O-])cc1,O,CN1(C)~O~c2([N+](=O)[O-])cc([N+](=O)[O-])cc3c2-c2ccc([N+](=O)[O-])cc2/C3=C\c2ccc1cc2,-6.442078113555908,ok,
Cc1ccccc1Nc1cc(N2CCCCC2C)c2noc3c2c1C(=O)c1ccccc1-3,O,Cc1ccccc1Nc1cc2c3noc4c3c1C(=O)(~O~N21CCCCC1C)c1ccccc1-4,-5.565540313720703,ok,
Cc1cc(/C=C(\C#N)c2ccc(F)cc2)c(C)n1-c1ccc(N(C)C)cc1,O,Cc1cc2c(C)n1-c1ccc(cc1)N(C)(C)~O~c1(F)ccc(cc1)/C(C#N)=C/2,-6.765407562255859,ok,
COc1cc(C=Cc2nc3cc([N+](=O)[O-])ccc3s2)cc(OC)c1O,O,COc1cc2cc(OC)c1O~O~c1([N+](=O)[O-])ccc3sc(nc3c1)C=C2,-3.7411437034606934,ok,
COc1cc(C=O)cc(/C=C/C2=[N+](C)c3ccccc3C2(C)C)c1[O-],O,COc1cc(C=O)cc2c1[O-]~O~c13ccccc1C(C)(C)C(=[N+]3C)/C=C/2,-3.66312575340271,ok,
CS(=O)(=O)Nc1c(Oc2ccccc2)c(N2CCCCC2)c(O)c2c1C(=O)c1ccccc1C2=O,O,CS1(=O)(=O)~O~Oc2c3c(c(c(Oc4ccccc4)c2N2CCCCC2)N1)C(=O)c1ccccc1C3=O,-4.785815238952637,ok,
Cc1nc2ccccc2c(=O)n1N=Cc1ccc(N(C)c2ccccc2)cc1,O,Cc1nc2ccccc2c2(=O)~O~N(C)(c3ccccc3)c3ccc(cc3)C=Nn12,-3.7018566131591797,ok,
CCCN1CCN(c2cc(NCCOC)c3c4c(onc24)-c2ccccc2C3=O)CC1,O,CCCN1CCN(c2cc3c4c5c(onc25)-c2ccccc2C4(=O)~O~O(C)CCN3)CC1,-4.574429512023926,ok,
CC1=C(C#N)c2nc(N)c(C#N)c(C)c2/C1=C/c1ccccc1[N+](=O)[O-],O,CC1=C(C#N)c2nc3c(C#N)c(C)c2/C1=C/c1ccccc1([N+](=O)[O-])~O~N3,-5.330575466156006,ok,
CCN1C(=CC=C2SC(=S)N(c3ccccn3)C2=O)Sc2ccccc21,O,CCN12~O~C3(=O)C(=CC=C1Sc1ccccc12)SC(=S)N3c1ccccn1,-5.012502670288086,ok,
O=c1/c(=C/C=C/c2ccccc2)sc2n1CN(c1ccc(I)cc1)CN=2,O,O=c12~O~N3(c4ccc(I)cc4)CN=c(s/c1=C\C=C\c1ccccc1)n2C3,-4.3984785079956055,ok,
CCOC(=O)c1ccc(-c2ccc(/C=C3\C=C(c4ccccc4)N(c4cc(C)ccc4C)C3=O)o2)cc1,O,CCO1~O~C1(=O)c1ccc(-c2ccc(/C=C3\C=C(c4ccccc4)N(c4cc(C)ccc4C)C3=O)o2)cc1,-5.182564735412598,ok,
C[C@@H]1Oc2ccccc2C=C1C=C1Oc2cc(OC(=O)N3CCOCC3)ccc2C1=O,O,C[C@H]1C2=Cc3ccccc3O1~O~C(=O)(N1CCOCC1)Oc1ccc3c(c1)OC(=C2)C3=O,-5.487561225891113,ok,
CCOc1ccc(NC(=O)/C(C#N)=c2/s/c(=C/c3ccc(-c4ccc([N+](=O)[O-])cc4)o3)c(=O)n2-c2ccccc2)cc1,O,CCO1~O~c2(=O)/c(=C\c3ccc(-c4ccc([N+](=O)[O-])cc4)o3)s/c(n2-c2ccccc2)=C(\C#N)C(=O)Nc2ccc1cc2,-6.448427200317383,ok,
CCCCCCc1ccc(C(=O)Nc2ccc(NC(=O)c3ccc(CCCCCC)cc3)c3c2C(=O)c2ccccc2C3=O)cc1,O,CCCCCCc1ccc(C(=O)Nc2ccc(N3~O~C3(=O)c3ccc(CCCCCC)cc3)c3c2C(=O)c2ccccc2C3=O)cc1,-6.630828857421875,ok,
COc1ccccc1/C=C/C=C1\Oc2c(ccc([O-])c2C[NH+]2CCOCC2)C1=O,O,COc1ccccc1/C=C/C=C1\Oc2c3ccc(c2C[NH+]2CCOCC2)[O-]~O~C13=O,-4.42225456237793,ok,
O=C(/C=C/c1ccc(-c2cccc(Cl)c2Cl)o1)c1cccc(N2CCOCC2)c1,O,O=C1(c2cccc(N3CCOCC3)c2)~O~o2c(ccc2-c2cccc(Cl)c2Cl)/C=C/1,-6.299954414367676,ok,
CC1=C(C#N)C(=O)N(CC(C)C)C(=O)/C1=C/c1ccc(-c2ccc(C(=O)O)cc2)o1,O,CC1=C(C#N)C(=O)N(CC(C)C)C(=O)/C1=C/c1ccc(-c2ccc(C3(=O)~O~O3)cc2)o1,-4.32615852355957,ok,
O=[N+]([O-])c1ccc(C2=NNC(c3ccc(Cl)cc3)=Nc3c2ccc2ccccc32)cc1,O,O=[N+]([O-])c12~O~N3N=C(c(cc1)cc2)c1ccc2ccccc2c1N=C3c1ccc(Cl)cc1,-5.364561080932617,ok,
CC[NH+](CC)Cc1c([O-])ccc2c1O/C(=C\c1cc(Br)ccc1OC)C2=O,O,CC[NH+](CC)Cc1c2ccc3c1O/C(=C\c1cc(Br)ccc1OC)C3(=O)~O~[O-]2,-4.076130390167236,ok,
O=[N+]([O-])c1ccc(-c2c(O)c3ccccc3c3nc4ccccc4nc23)cc1,O,O=[N+]([O-])c12~O~Oc3c(c4nc5ccccc5nc4c4ccccc34)-c(cc1)cc2,-3.9261996746063232,ok,
Cc1ccc(Nc2cc(N3CCOCC3)c(N)c3c2C(=O)c2ccccc2C3=O)cc1,O,Cc1ccc(Nc2cc(N3CCOCC3)c3c4c2C(=O)c2ccccc2C4(=O)~O~N3)cc1,-5.279473304748535,ok,
O=C1[C]C(=C2c3ccccc3-c3ccccc32)C(=O)N1[C][C][C]N1[C][C]N(c2ccc([N+](=O)[O-])cc2)[C][C]1,O,O=C1[C]C(=C2c3ccccc3-c3ccccc32)C(=O)N1[C][C][C]N1[C][C]N2(~O~c3([N+](=O)[O-])ccc2cc3)[C][C]1,-3.815139055252075,ok,
O=C1/C(=C/c2ccc([N+](=O)[O-])cc2)C=C(c2ccccc2)N1c1ccccc1,O,O=C1/C2=C/c3ccc([N+](=O)[O-])(~O~N1(c1ccccc1)C(c1ccccc1)=C2)cc3,-4.637833595275879,ok,
CCN=C1C=CC(=C(c2ccc(NCC)c(C)c2)c2cc(O)c(S(=O)(=O)[O-])cc2S(=O)(=O)O)C=C1C,O,CCN=C1C=CC(=C(c2ccc(NCC)c(C)c2)c2cc(O)c3cc2S(=O)(=O)(O)~O~[O-]S3(=O)=O)C=C1C,-4.60595178604126,ok,
O=C1/C(=C\c2ccc(-c3ccc([N+](=O)[O-])cc3)o2)C(C(F)(F)F)=NN1c1ccc(Cl)cc1,O,O=C1/C2=C\c3ccc(-c4ccc([N+](=O)[O-])cc4)o3~O~C(F)(F)(F)C2=NN1c1ccc(Cl)cc1,-6.288712978363037,ok,
Cc1ccc(N2CCN(C3=NC(=O)/C(=C\c4ccc(-c5cc(Cl)ccc5Cl)o4)S3)CC2)cc1,O,Cc1ccc(N2CCN(C3=NC4(=O)~O~o5c(ccc5-c5cc(Cl)ccc5Cl)/C=C\4S3)CC2)cc1,-5.203425407409668,ok,
O=C1OC(c2cccc(F)c2)=NC1=CC=Cc1cccc([N+](=O)[O-])c1,O,O=[N+]([O-])c1cccc(C=CC=C2N=C(c3cccc(F)c3)O3~O~C23=O)c1,-4.272622585296631,ok,
COc1ccc(N2C(=O)C(=Cc3ccc(-c4cc([N+](=O)[O-])ccc4C)o3)SC2=S)cc1,O,Cc1ccc([N+](=O)[O-])cc1-c1ccc(C=C2SC(=S)N3c4ccc(cc4)O(C)~O~C23=O)o1,-6.102749824523926,ok,
COc1ccc(-c2ccc(NC(=O)c3ccc([N+](=O)[O-])cc3)cc2)nn1,O,CO1~O~c2([N+](=O)[O-])ccc(cc2)C(=O)Nc2ccc(cc2)-c2ccc1nn2,-5.44586181640625,ok,
O=C1C(=Cc2ccc(-c3ccc([N+](=O)[O-])cc3)o2)SC(=S)N1N=Cc1ccccc1,O,O=[N+]([O-])c1ccc(-c2ccc3o2~O~C2(=O)C(=C3)SC(=S)N2N=Cc2ccccc2)cc1,-6.366602897644043,ok,
O=C(/C=C/c1ccc(-c2ccc(Cl)cc2)o1)c1ccc(-c2ccc([N+](=O)[O-])cc2)o1,O,O=C1/C=C/c2ccc(-c3ccc(Cl)cc3)o2~O~c2([N+](=O)[O-])ccc(cc2)-c2ccc1o2,-6.069221496582031,ok,
Cc1cc([N+](=O)[O-])ccc1-c1ccc(C=C2SC(=S)N(Cc3ccccc3)C2=O)o1,O,Cc1cc2([N+](=O)[O-])~O~o3c(C=C4SC(=S)N(Cc5ccccc5)C4=O)ccc3-c1cc2,-6.9774489402771,ok,
CCN1CCN(c2ccc(/N=C/c3cc([N+](=O)[O-])ccc3O)cc2)CC1,O,CCN1CCN(c2ccc(/N=C/c3cc4([N+](=O)[O-])~O~Oc3cc4)cc2)CC1,-3.324418783187866,ok,
[C]OC(=O)C1=C(C(=O)O[C])SC(=C2C(=S)C([C])([C])N(C(=O)[C][C][C]3[C][C][C][C][C]3)c3cc([C])c([C])cc32)S1,O,[C]OC(=O)C1=C(C2(=O)~O~O2[C])SC(=C2C(=S)C([C])([C])N(C(=O)[C][C][C]3[C][C][C][C][C]3)c3cc([C])c([C])cc32)S1,-4.8179121017456055,ok,
[C][C][C]N([C][C][C])c1ccc([C]=C2C(=O)[N]C(=S)[N]C2=O)cc1,O,[C][C][C]N1([C][C][C])~O~C2(=O)[N]C(=S)[N]C(=O)C2=[C]c2ccc1cc2,-4.562884330749512,ok,
O=C(O)c1ccc(Nc2cc(N3CCCCC3)c3noc4c3c2C(=O)c2ccccc2-4)cc1,O,O=C1c2ccccc2-c2onc3c(N4CCCCC4)cc(Nc4ccc(C5(=O)~O~O5)cc4)c1c23,-4.741379737854004,ok,
COc1cc([N+](=O)[O-])ccc1-c1ccc(/C=C2/C(=O)N(c3ccccc3)N=C2C(F)(F)F)o1,O,CO1~O~C(F)(F)(F)C2=NN(c3ccccc3)C(=O)/C2=C/c2ccc(o2)-c2ccc([N+](=O)[O-])cc21,-5.378178596496582,ok,
Cc1nc(-c2ccc(C(F)(F)F)cc2)sc1C(=O)/C=C/C=C/c1ccc(N(C)C)cc1,O,Cc1nc2sc1C(=O)/C=C/C=C/c1ccc(cc1)N(C)(C)~O~C(F)(F)(F)c1ccc-2cc1,-7.314515113830566,ok,
"CN(C)C1=CC=C(\C=C\C=C\C(=O)C2=C(C)N=C(S2)C2=CC=C(C=C2)C(F)(F)F)C=C1 |c:13,16,22,24,31,t:3,5,20|",O,Cc1nc2sc1C(=O)C=CC=Cc1ccc(cc1)N(C)(C)~O~C(F)(F)(F)c1ccc-2cc1,-7.048018932342529,ok,
Cc1ccsc1/C=C1\Oc2c(ccc([O-])c2C[NH+]2CC(C)CC(C)C2)C1=O,O,Cc1ccsc1/C=C1\Oc2c3ccc(c2C[NH+]2CC(C)CC(C)C2)[O-]~O~C13=O,-4.040101051330566,ok,
CCOC(=O)CCN1C(=CC=C2SC(=S)N(CC)C2=O)Sc2ccc(OC)cc21,O,CCOC1(=O)~O~O(C)c2ccc3c(c2)N(CC1)C(=CC=C1SC(=S)N(CC)C1=O)S3,-6.4946699142456055,ok,
O=C(O)c1ccc(N2C(=O)/C(=C/c3ccc(-c4ccc(Br)cc4)o3)C=C2c2ccccc2)cc1,O,O=C1/C(=C/c2ccc(-c3ccc(Br)cc3)o2)C=C(c2ccccc2)N1c1ccc(C2(=O)~O~O2)cc1,-4.836452484130859,ok,
O=C1/C(=C/C=C2/Sc3ccc(-c4ccccc4)cc3N2CCCS(=O)(=O)O)SC(=S)N1c1ccccc1,O,O=C12~O~N3(CCCS(=O)(=O)O)/C(=C\C=C\1SC(=S)N2c1ccccc1)Sc1ccc(-c2ccccc2)cc13,-5.126506328582764,ok,
CC1=C(C#N)c2nc(N)c(C#N)c(C)c2/C1=C\c1ccc(-c2cccc(Br)c2)o1,O,CC1=C(C#N)c2nc3(N)~O~o4c(ccc4-c4cccc(Br)c4)/C=C/1c2c(C)c3C#N,-6.61412239074707,ok,
O=C1C(=Cc2ccc(-c3cc(C(F)(F)F)cc(C(F)(F)F)c3)o2)SC(=S)N1Cc1ccccc1,O,O=C1C(=Cc2ccc3o2~O~C(F)(F)(F)c2cc-3cc(C(F)(F)F)c2)SC(=S)N1Cc1ccccc1,-9.204785346984863,ok,
Cc1ccc(NC(=O)/C=C(\C#N)c2ccc(-c3cccc([N+](=O)[O-])c3)o2)cc1,O,Cc1ccc(NC(=O)/C=C(\C#N)c2ccc3o2~O~c2([N+](=O)[O-])cccc-3c2)cc1,-6.354496002197266,ok,
COc1ccccc1C=CC=C1N=C(C=Cc2cccc([N+](=O)[O-])c2)OC1=O,O,CO1~O~C2(=O)OC(C=Cc3cccc([N+](=O)[O-])c3)=NC2=CC=Cc2ccccc21,-4.920509338378906,ok,
CCOCCCNc1cc(N(C)CCO)c2noc3c2c1C(=O)c1ccccc1-3,O,CCOCCCNc1cc2c3noc4c3c1C(=O)(~O~OCCN2C)c1ccccc1-4,-3.9282066822052,ok,
O=[N+]([O-])c1ccc(N2CCOCC2)c(/C=N/c2ccc(-c3ccccc3)cc2)c1,O,O=[N+]([O-])c12~O~O3CCN(CC3)c(cc1)c(/C=N/c1ccc(-c3ccccc3)cc1)c2,-4.584303379058838,ok,
[C]N1C(=O)C(=C2[C][C][C][C]2)c2cc(OS(=O)N3[C][C][C][C][C][C]3)ccc21,O,[C]N1C(=O)C(=C2[C][C][C][C]2)c2cc(O3~O~S3(=O)N3[C][C][C][C][C][C]3)ccc21,-3.7057816982269287,ok,
CCCSC1=NC(=Cc2ccc(-c3ccc([N+](=O)[O-])cc3Cl)o2)C(=O)S1,O,CCCSC1=NC(=Cc2ccc3o2~O~c2([N+](=O)[O-])ccc-3c(Cl)c2)C(=O)S1,-6.320549488067627,ok,
N#CC(=Cc1ccc(N2CCOCC2)o1)c1cccc([N+](=O)[O-])c1,O,N#CC1=Cc2ccc(N3CCOCC3)o2~O~c2([N+](=O)[O-])cccc1c2,-5.272780418395996,ok,
COc1cc(C(C)=CC(C)=Cc2ccc([N+](=O)[O-])cc2)oc(=O)c1C,O,CC(=Cc1ccc([N+](=O)[O-])cc1)C=C(C)c1cc2c(C)c(=O)(~O~O2C)o1,-5.566642761230469,ok,
[O-][n+]1c2c([n+]([O-])c3cc(N4CCCC4)c(F)cc31)CCCC2,O,[O-][n+]1c2c([n+]3c4cc(N5CCCC5)c(F)cc41~O~[O-]3)CCCC2,-4.394177436828613,ok,
[C]N1C(=O)C(=[C]c2ccc(N3[C][C][C][C]3)o2)C(=O)N([C])C1=S,O,[C]N1C(=O)C2=[C]c3ccc(N4[C][C][C][C]4)o3~O~C2(=O)N([C])C1=S,-4.429790496826172,ok,
CC(=O)O/C(C=C(C#N)C#N)=C\C=C\N(C(C)=O)c1ccccc1,O,CC(=O)N(/C=C/C=C(/C=C(C#N)C#N)O1~O~C1(C)=O)c1ccccc1,-4.693363666534424,ok,
O=C1/C(=C/C=C/c2ccco2)SC(=S)N1c1ccc(F)c(Cl)c1,O,O=C12~O~o3cccc3/C=C/C=C/1SC(=S)N2c1ccc(F)c(Cl)c1,-6.658740997314453,ok,
COc1cccc(Nc2cc(N3CCC(C)CC3)c3noc4c3c2C(=O)c2ccccc2-4)c1,O,CC1CCN(c2cc3c4c5c(onc25)-c2ccccc2C4(=O)~O~O(C)c2cccc(c2)N3)CC1,-5.675282955169678,ok,
O=C1OC(c2cccc(Br)c2)=N/C1=C\C=C\c1ccc([N+](=O)[O-])cc1,O,O=[N+]([O-])c1ccc(/C=C/C=C2\N=C(c3cccc(Br)c3)O3~O~C23=O)cc1,-4.368717670440674,ok,
COc1ccc(-c2cc(-c3cccc([N+](=O)[O-])c3)c3c(N)c(C(=O)Nc4ccc(C)cc4)sc3n2)cc1,O,Cc1ccc(NC(=O)c2sc3nc4cc(c3c2N)-c2cccc([N+](=O)[O-])(~O~O(C)c3ccc-4cc3)c2)cc1,-5.385191917419434,ok,
O=C(/C=C/c1cccc([N+](=O)[O-])c1)Nc1ccc(N2CCCC2)cc1,O,O=C1/C=C/c2cccc([N+](=O)[O-])(~O~N3(CCCC3)c3ccc(cc3)N1)c2,-4.984403133392334,ok,
CN1/C(=C/C=N/c2ccc([N+](=O)[O-])cc2)C(C)(C)c2ccccc21,O,CC1(C)/C2=C\C=N\c3ccc([N+](=O)[O-])(~O~N2(C)c2ccccc21)cc3,-5.038003444671631,ok,
COc1ccc(NC(=O)C=Cc2ccc(-c3ccccc3[N+](=O)[O-])o2)cc1,O,CO1~O~c2([N+](=O)[O-])ccccc2-c2ccc(o2)C=CC(=O)Nc2ccc1cc2,-5.801048278808594,ok,
COc1ccc(N2CN=c3s/c(=C\C=C\c4ccccc4)c(=O)n3C2)cc1OC,O,COc1cc2ccc1O(C)~O~c1(=O)/c(=C/C=C/c3ccccc3)sc3n1CN2CN=3,-4.222527503967285,ok,
[C](/[C]=[C]/c1cc(-c2ccccc2)[o+]c(-c2ccccc2)c1)=C1c2ccccc2Oc2ccccc21,O,[C]1=C2c3ccccc3O(~O~c3(-c4ccccc4)cc(cc(-c4ccccc4)[o+]3)/[C]=[C]/1)c1ccccc12,-9.419717788696289,ok,
O=C1C(=Cc2ccc(-c3cccc(F)c3)o2)SC(=S)N1CC1CCCO1,O,O=C12~O~o3c(ccc3-c3cccc(F)c3)C=C1SC(=S)N2CC1CCCO1,-7.502315521240234,ok,
[Na+].[Na+].[O-]c1c(I)cc2c(Oc3c(I)c([O-])c(I)cc3C22OC(=O)c3c2c(Cl)c(Cl)c(Cl)c3Cl)c1I,O,O=C1OC2(c3cc(I)c([O-])c(I)c3Oc3c2cc(I)c([O-]~O~[Na+])c3I)c2c(Cl)c(Cl)c(Cl)c(Cl)c21.[Na+],-1.4389245510101318,ok,
COc1cc(/C=C2\Oc3c(ccc([O-])c3C[NH+]3CCCCC3C)C2=O)cc(OC)c1OC,O,COc1cc(/C=C2\Oc3c4ccc(c3C[NH+]3CCCCC3C)[O-]~O~C24=O)cc(OC)c1OC,-3.878290891647339,ok,
[N]C(=C(C#N)C#N)/C(=[C]/c1ccc(-c2ccc(Br)cc2)o1)C#N,O,[N]C1=C(C#N)(C#N)~O~o2c(ccc2-c2ccc(Br)cc2)/[C]=C/1C#N,-6.202304840087891,ok,
O=C1C(=Cc2ccc(-c3ccc(Br)cc3)o2)C=C(c2ccccc2)N1c1ccc(F)cc1,O,O=C12~O~o3c(ccc3-c3ccc(Br)cc3)C=C1C=C(c1ccccc1)N2c1ccc(F)cc1,-6.328222751617432,ok,
CC1CC(C)CN(CCNc2cc(N3CC(C)CC(C)C3)c3noc4c3c2C(=O)c2ccccc2-4)C1,O,CC1CC(C)CN(CCN2~O~C3(=O)c4ccccc4-c4onc5c(N6CC(C)CC(C)C6)cc2c3c45)C1,-5.0152459144592285,ok,
CCCCCN1C(=O)C(=Cc2ccc(-c3cccc(F)c3)o2)SC1=S,O,CCCCCN1C(=S)SC2=Cc3ccc(-c4cccc(F)c4)o3~O~C21=O,-7.5144195556640625,ok,
CC1=CC(=C(c2ccc(N)c(C)c2)c2ccc(N)c(C)c2)C=CC1=N,O,CC1=CC2=C(c3ccc(N)c(C)c3)c3ccc(c(C)c3)N~O~C1(=N)C=C2,-5.089208602905273,ok,
CN(c1ccccc1)c1ccc(C=Cc2nc3ccc([N+](=O)[O-])cc3s2)cc1[N+](=O)[O-],O,CN1(c2ccccc2)~O~c2([N+](=O)[O-])cc(C=Cc3nc4ccc([N+](=O)[O-])cc4s3)ccc21,-5.722675800323486,ok,
CCOc1ccc2c(c1)/C(=C1/SC(C(=O)OC)=C(c3ccccc3)S1)C(=S)C(C)(C)N2,O,CCO1~O~C(=O)(OC)C2=C(c3ccccc3)S/C(=C3/C(=S)C(C)(C)Nc4ccc1cc43)S2,-7.259840965270996,ok,
"CN(C)\C=C\C1=[N+]([O-])C2=CC=CC=C2[N+]([O-])=C1C(C)=O |c:5,10,12,16,t:8|",O,CC(=O)c12~O~[O-][n+](c1C=CN(C)C)c1ccccc1[n+]2[O-],-3.1821324825286865,ok,
Cc1cc([N+](=O)[O-])ccc1-c1ccc(/C=C(\C#N)c2ccc([N+](=O)[O-])cc2)o1,O,Cc1cc2([N+](=O)[O-])~O~o3c(/C=C(\C#N)c4ccc([N+](=O)[O-])cc4)ccc3-c1cc2,-6.531843185424805,ok,
CCCCC(=O)N1c2ccc(OC)cc2-c2c(s[s+]c2SC(C)=O)C1(C)C,O,CCCCC(=O)N1c2ccc3cc2-c2c(s[s+](~O~O3C)c2SC(C)=O)C1(C)C,-7.843207359313965,ok,
CSc1ccc(C2=C/C(=C3/N=C(c4ccco4)OC3=O)c3ccccc3O2)cc1,O,CSc1ccc(C2=C/C(=C3/N=C4OC3(=O)~O~o3cccc34)c3ccccc3O2)cc1,-4.695958137512207,ok,
COC(=O)c1ccc2c(c1)[N+](C)=C(/C=C/c1ccc(OC)c(OC)c1)C2(C)C,O,COc1cc2ccc1O(C)~O~C(=O)(OC)c1ccc3c(c1)[N+](C)=C(/C=C/2)C3(C)C,-5.235095024108887,ok,
Cc1ccc(N2C(=O)/C(=C/c3ccc(-c4ccc(Cl)c(Cl)c4)o3)C=C2c2ccccc2)cc1[N+](=O)[O-],O,Cc1ccc2cc1([N+](=O)[O-])~O~o1c(ccc1-c1ccc(Cl)c(Cl)c1)/C=C1\C=C(c3ccccc3)N2C1=O,-6.910211086273193,ok,
CCOC(=O)C1=C(NC(=O)c2ccccc2)SC(=Cc2ccc(-c3ccc([N+](=O)[O-])cc3)o2)C1=O,O,CCO1~O~C1(=O)C1=C(NC(=O)c2ccccc2)SC(=Cc2ccc(-c3ccc([N+](=O)[O-])cc3)o2)C1=O,-5.576568603515625,ok,
N#C/C(=C\c1ccc(-c2c(Cl)cccc2Cl)o1)c1nc(-c2cccc([N+](=O)[O-])c2)cs1,O,N#C/C1=C\c2ccc(-c3c(Cl)cccc3Cl)o2~O~c2([N+](=O)[O-])cccc(c2)-c2csc1n2,-7.481494903564453,ok,
COc1ccc(N2C(=O)/C(=C/c3ccc(-c4cccc([N+](=O)[O-])c4)o3)SC2=S)cc1,O,CO1~O~C2(=O)/C(=C/c3ccc(-c4cccc([N+](=O)[O-])c4)o3)SC(=S)N2c2ccc1cc2,-6.007237434387207,ok,
CCN1C(=O)/C(=C\c2cc(C)n(-c3ccc(NC4CCCC4)c([N+](=O)[O-])c3)c2C)c2cc(S(=O)(=O)N3CCOCC3)ccc21,O,CCN1C(=O)/C2=C\c3cc(C)n(c3C)-c3ccc(NC4CCCC4)c([N+](=O)[O-])(~O~O4CCN(CC4)S(=O)(=O)c4ccc1c2c4)c3,-5.568674564361572,ok,
COC(=O)c1ccc(-c2ccc(/C=C(\C#N)C(=O)N3CCN(c4ccccc4)CC3)o2)cc1,O,CO1~O~C1(=O)c1ccc(-c2ccc(/C=C(\C#N)C(=O)N3CCN(c4ccccc4)CC3)o2)cc1,-4.18793249130249,ok,
COc1ccccc1/C=C/C=C1\Oc2c(ccc([O-])c2C[NH+]2CCCC2)C1=O,O,COc1ccccc1/C=C/C=C1\Oc2c3ccc(c2C[NH+]2CCCC2)[O-]~O~C13=O,-3.662334680557251,ok,
Cc1cc([N+](=O)[O-])ccc1-c1ccc(C=NN2CCOCC2)o1,O,Cc1cc2([N+](=O)[O-])~O~o3c(C=NN4CCOCC4)ccc3-c1cc2,-4.633256912231445,ok,
COc1ccc(OC)c(/C=C/c2sc3ccccc3[n+]2C)c1,O,COc1ccc2cc1/C=C/c1(~O~O2C)sc2ccccc2[n+]1C,,failed,Featurization failed: RDKit could not parse Smiles_Merged
COc1ccc2c(c1)-c1c(ss/c1=N\c1ccc([N+](=O)[O-])cc1OC)C(C)(C)N2,O,COc1cc2([N+](=O)[O-])~O~O(C)c3ccc4c(c3)-c3c(ss/c3=N\c1cc2)C(C)(C)N4,-5.741903305053711,ok,
CCN1C(=O)/C(=C/c2ccc(-c3ccc(Br)cc3)o2)N(CC)C1=S,O,CCN1C(=S)N(CC)C2(=O)~O~o3c(ccc3-c3ccc(Br)cc3)/C=C\12,-6.591731071472168,ok,
CCCCNc1c(OC)ccc2c1C(=O)c1ccccc1C2=O,O,CCCCNc1c2ccc3c1C(=O)(~O~O2C)c1ccccc1C3=O,-6.2461981773376465,ok,
CSc1cccc(N2C(=O)C(=Cc3ccc(-c4ccc(C(=O)O)cc4C)o3)SC2=S)c1,O,CSc1cccc(N2C(=O)C(=Cc3ccc(-c4ccc(C5(=O)~O~O5)cc4C)o3)SC2=S)c1,-4.287158966064453,ok,
O=C(O)CCCCCN1C(=O)C(=Cc2ccc(-c3ccc(C(=O)O)cc3)o2)SC1=S,O,O=C1CCCCCN2C(=O)C(=Cc3ccc(o3)-c3ccc(cc3)C(=O)(O)~O~O1)SC2=S,-4.571622848510742,ok,
CN(C)c1ccc(-c2nc3ccc4ccccc4c3c3c2C(=O)c2ccccc2-3)cc1,O,CN1(C)~O~C2(=O)c3ccccc3-c3c2c(nc2ccc4ccccc4c32)-c2ccc1cc2,-5.600323677062988,ok,
NOS(=O)c1ccc(-c2ccc(C=C3SC(=S)N(Cc4ccccc4)C3=O)o2)cc1,O,NOS(=O)c1ccc(-c2ccc3o2~O~C2(=O)C(=C3)SC(=S)N2Cc2ccccc2)cc1,-5.626978874206543,ok,
CCOc1ccc(/C=C2/C(C)=C(C#N)c3nc(N)c(C#N)c(C)c32)cc1OCC,O,CCOc12~O~O(CC)c1ccc(/C=C1/C(C)=C(C#N)c3nc(N)c(C#N)c(C)c31)c2,-5.523605823516846,ok,
O=C1Nc2ccccc2/C1=N/N=C/c1cc(Br)ccc1O,O,O=C12~O~Oc3ccc(Br)cc3/C=N/N=C\1c1ccccc1N2,-5.48635196685791,ok,
COc1ccc(Oc2cc(NC(C)C)c3c4c(onc24)-c2ccccc2C3=O)cc1,O,CC(C)Nc1cc2c3noc4c3c1C(=O)(~O~O(C)c1ccc(cc1)O2)c1ccccc1-4,-5.61456823348999,ok,
O=[N+]([O-])c1ccc(/C=[N+](\[O-])[C@@H]2CCCC[C@@H]2/[N+]([O-])=C/c2ccc([N+](=O)[O-])o2)o1,O,O=[N+]([O-])c1ccc(/C=[N+](\[O-])[C@H]2CCCC[C@H]2/[N+]2=C/c3ccc([N+](=O)[O-])(~O~[O-]2)o3)o1,-3.4449543952941895,ok,
CC1=C(c2ccccc2)SS/C1=C1\SSC(c2ccccc2)=C1C,O,CC1=C(c2ccccc2)SSC1=C12~O~c3ccc(cc3)C(=C1C)SS2,-8.084285736083984,ok,
CCOCCCNc1cc(N2CCN(C3CCCCC3)CC2)c2noc3c2c1C(=O)c1ccccc1-3,O,CCOCCCN1~O~C2(=O)c3ccccc3-c3onc4c(N5CCN(C6CCCCC6)CC5)cc1c2c34,-4.657378673553467,ok,
CN(C)c1ccc(/C=C/C=C2/C(=O)NC(=O)N(c3ccc(Br)cc3)C2=O)cc1,O,CN1(C)~O~C2(=O)NC(=O)/C(=C/C=C/c3ccc1cc3)C(=O)N2c1ccc(Br)cc1,-5.7467265129089355,ok,
COC(=O)c1ccc(C=CC(=O)c2ccc(N3CCOCC3)cc2)o1,O,CO1~O~C1(=O)c1ccc(C=CC(=O)c2ccc(N3CCOCC3)cc2)o1,-5.031298637390137,ok,
CCCN(CCC)c1ccc(/C=C2\S/C(=N\c3ccc(CC)cc3)N(c3ccc(CC)cc3)C2=O)cc1,O,CCCN1(CCC)~O~C2(=O)/C(=C/c3ccc1cc3)S/C(=N\c1ccc(CC)cc1)N2c1ccc(CC)cc1,-6.781557083129883,ok,
CCOc1ccccc1/C=C1\Oc2c(ccc([O-])c2C[NH+]2CCCCC2C)C1=O,O,CCOc1ccccc1/C=C1\Oc2c3ccc(c2C[NH+]2CCCCC2C)[O-]~O~C13=O,-3.547691583633423,ok,
Cc1ccc(C(=O)O)cc1-c1ccc(C=C2C(=O)c3ccccc3C2=O)o1,O,Cc1ccc(C2(=O)~O~O2)cc1-c1ccc(C=C2C(=O)c3ccccc3C2=O)o1,-4.8587799072265625,ok,
COc1cccc(Nc2cc(N3CCC4(CC3)OCCO4)c3noc4c3c2C(=O)c2ccccc2-4)c1,O,CO1~O~C2(=O)c3ccccc3-c3onc4c(N5CCC6(CC5)OCCO6)cc(c2c34)Nc2cccc1c2,-5.681748390197754,ok,
CCCCCCCCCCCCN1C(=O)C(=Cc2ccc(-c3cccc(F)c3)o2)SC1=S,O,CCCCCCCCCCCCN1C(=S)SC2=Cc3ccc(-c4cccc(F)c4)o3~O~C21=O,-8.413847923278809,ok,
Cc1noc(/C=C/c2ccc(N3CCCCC3)o2)c1[N+](=O)[O-],O,Cc1noc2c1([N+](=O)[O-])~O~o1c(ccc1N1CCCCC1)/C=C/2,-4.6453142166137695,ok,
O=[N+]([O-])c1ccc(/C=C/c2cc(-c3ccc4ccccc4n3)nc3ccc4ccccc4c23)cc1,O,[O-][N+]1=O~O~c12ccc(/C=C/c1cc(-c3ccc4ccccc4n3)nc3ccc4ccccc4c13)cc2,,failed,Featurization failed: RDKit could not parse Smiles_Merged
N#CC(C#N)=Cc1ccc(N2CCc3ccccc3C2)o1,O,N#CC(C#N)=Cc1ccc2(N3CCc4ccccc4C3)~O~o12,-5.556946754455566,ok,
O=C1N=C(N2CCN(c3ccccc3)CC2)SC1=Cc1ccc(-c2ccccc2[N+](=O)[O-])o1,O,O=[N+]([O-])c1ccccc1-c1ccc2o1~O~C1(=O)N=C(N3CCN(c4ccccc4)CC3)SC1=C2,-4.438387870788574,ok,
O=C(O)c1ccc(-c2ccc(C=C3SC(=S)N(C4CCCCC4)C3=O)o2)cc1,O,O=C1C(=Cc2ccc(-c3ccc(C4(=O)~O~O4)cc3)o2)SC(=S)N1C1CCCCC1,-5.000432014465332,ok,
COc1ccc2c(c1)C(=O)C(=Cc1ccc([N+](=O)[O-])cc1)CC2,O,CO1~O~c2([N+](=O)[O-])ccc(cc2)C=C2CCc3ccc1cc3C2=O,-5.522837162017822,ok,
N#CC(C#N)=C1[C]Sc2sc(=S)sc2S[C]1,O,N#CC1=C2[C]Sc3sc(=S)(~O~N#C1)sc3S[C]2,-6.015291213989258,ok,
CC[NH+](CC)Cc1c([O-])ccc2c1O/C(=C\c1cccc(OC)c1OC)C2=O,O,CC[NH+](CC)Cc1c2ccc3c1O/C(=C\c1cccc(OC)c1OC)C3(=O)~O~[O-]2,-4.237505912780762,ok,
[C]N1C(=O)C(=C2[C][C][C][C]2)c2cc(OS(=O)N3[C][C]N([C]4[C][C][C][C][C]4)[C][C]3)ccc21,O,[C]N1C(=O)C(=C2[C][C][C][C]2)c2cc(O3~O~S3(=O)N3[C][C]N([C]4[C][C][C][C][C]4)[C][C]3)ccc21,-3.2823381423950195,ok,
CCn1cc(/C=C2/Oc3c(ccc([O-])c3C[NH+]3CCCC(C)C3)C2=O)c2ccccc21,O,CCn1cc(/C=C2/Oc3c4ccc(c3C[NH+]3CCCC(C)C3)[O-]~O~C24=O)c2ccccc21,-3.201929807662964,ok,
Cc1ccc(N2C(=O)C(=Cc3ccc(-c4cccc(C(F)(F)F)c4)o3)SC2=S)cc1,O,Cc1ccc(N2C(=O)C(=Cc3ccc4o3~O~C(F)(F)(F)c3cccc-4c3)SC2=S)cc1,-7.685739994049072,ok,
O=C(/C=C/c1ccc(-c2ccc(Br)cc2)o1)c1ccc(-c2ccc([N+](=O)[O-])cc2)s1,O,O=C1/C=C/c2ccc(-c3ccc(Br)cc3)o2~O~c2([N+](=O)[O-])ccc(cc2)-c2ccc1s2,-6.581794738769531,ok,
Nc1c(NCCO)cc(Nc2cccc(F)c2)c2c1C(=O)c1ccccc1C2=O,O,O=C1c2ccccc2C2(=O)~O~Nc3c(NCCO)cc(Nc4cccc(F)c4)c1c32,-5.7854108810424805,ok,
O=C1C(=Cc2ccc(-c3ccc(Br)cc3)o2)C=C(c2ccccc2)N1c1ccc(Cl)cc1Cl,O,O=C12~O~o3c(ccc3-c3ccc(Br)cc3)C=C1C=C(c1ccccc1)N2c1ccc(Cl)cc1Cl,-6.804105758666992,ok,
COC(=O)c1ccc(-c2ccc(C=C3C(=O)c4ccccc4C3=O)o2)cc1,O,CO1~O~C1(=O)c1ccc(-c2ccc(C=C3C(=O)c4ccccc4C3=O)o2)cc1,-5.5890793800354,ok,
Cc1cc([N+](=O)[O-])ccc1-n1c(C)cc(/C=C2\C(=O)N(C)c3ccc(S(=O)(=O)N4CCOCC4)cc32)c1C,O,Cc1cc2([N+](=O)[O-])~O~O3CCN(CC3)S(=O)(=O)c3ccc4c(c3)/C(=C/c3cc(C)n(c3C)-c1cc2)C(=O)N4C,-5.134166717529297,ok,
O=C(Nc1ccc(-c2cn3c(n2)CCCC3)cc1)c1ccc([N+](=O)[O-])cc1Cl,O,O=C1Nc2ccc(cc2)-c2cn3(~O~c4([N+](=O)[O-])ccc1c(Cl)c4)c(n2)CCCC3,-5.756740570068359,ok,
O=C(Nc1ccc(N2CCOCC2)cc1)c1ccc(-c2cccc([N+](=O)[O-])c2)o1,O,O=[N+]([O-])c1cccc(-c2ccc3o2~O~C3(=O)Nc2ccc(N3CCOCC3)cc2)c1,-5.5457305908203125,ok,
CCn1cc(/C=C2/Oc3c(ccc([O-])c3C[NH+]3CCCC3)C2=O)c2cc(OC)ccc21,O,CCn1cc(/C=C2/Oc3c4ccc(c3C[NH+]3CCCC3)[O-]~O~C24=O)c2cc(OC)ccc21,-3.30361008644104,ok,
O=c1oc2ccccc2c2c1N=S=N2,O,O=c12~O~o1c1ccccc1c1c2N=S=N1,-3.962878704071045,ok,
O=C(C=CC=Cc1ccccc1)C(C(=O)c1ccccc1)=C1SCCCCS1,O,O=C1(c2ccccc2)~O~O=C(C=CC=Cc2ccccc2)C1=C1SCCCCS1,-4.908918857574463,ok,
C=CCN1C(=O)C(=Cc2ccc(-c3ccc(C(=O)OCCCC)cc3)o2)SC1=S,O,C=CCN1C(=O)C(=Cc2ccc(-c3ccc(C4(=O)~O~O4CCCC)cc3)o2)SC1=S,-6.1685967445373535,ok,
O=C1[N]c2ccc(S(=O)(=O)[N][C]c3ccc4c(c3)O[C]O4)cc2C1=C1[C][C][C][C]1,O,O=C1[N]c2ccc(S(=O)(=O)[N][C]c3ccc4c(c3)O[C]3~O~O43)cc2C1=C1[C][C][C][C]1,-4.276974678039551,ok,
O=C1N/C(=N\c2ccc(Cl)cc2)S/C1=C\c1ccc(N2CCCCC2)o1,O,O=C12~O~o3c(ccc3N3CCCCC3)/C=C/1S/C(=N/c1ccc(Cl)cc1)N2,-6.632774353027344,ok,
O=[N+]([O-])c1ccc(C=NN(c2ccccc2)c2ccccc2)o1,O,O=[N+]([O-])c12~O~o1c(C=NN(c1ccccc1)c1ccccc1)cc2,-4.491784572601318,ok,
CN(c1ccccc1)c1ccc(/C=C2\SC(=S)N(c3cccc(F)c3)C2=O)cc1,O,CN1(c2ccccc2)~O~C2(=O)/C(=C/c3ccc1cc3)SC(=S)N2c1cccc(F)c1,-5.984473705291748,ok,
Cc1cc([N+](=O)[O-])ccc1/N=C/c1ccc(Br)s1,O,Cc1cc2(~O~O=[N+]2[O-])ccc1/N=C/c1ccc(Br)s1,,failed,Featurization failed: RDKit could not parse Smiles_Merged
COc1cc([N+](=O)[O-])ccc1-c1ccc(C=C2C(=O)ON=C2c2ccccc2)o1,O,CO1~O~C2(=O)ON=C(c3ccccc3)C2=Cc2ccc(o2)-c2ccc([N+](=O)[O-])cc21,-4.594939231872559,ok,
COc1cc([N+](=O)[O-])ccc1-c1ccc(C=C2NC(=S)NC2=O)o1,O,CO1~O~C2(=O)NC(=S)NC2=Cc2ccc(o2)-c2ccc([N+](=O)[O-])cc21,-6.037572383880615,ok,
Cc1cc(/C=C2\SC(=O)N(Cc3ccc(F)cc3)C2=O)c(C)n1-c1ccc(N(C)C)cc1,O,Cc1cc2c(C)n1-c1ccc(cc1)N(C)(C)~O~C1(=O)S/C(=C\2)C(=O)N1Cc1ccc(F)cc1,-5.612829685211182,ok,
Nc1c(N2CCCC2)cc(Nc2ccc(Cl)cc2)c2c1C(=O)c1ccccc1C2=O,O,O=C1c2ccccc2C2(=O)~O~Nc3c(N4CCCC4)cc(Nc4ccc(Cl)cc4)c1c32,-5.5260009765625,ok,
COc1cc([N+](=O)[O-])ccc1/N=c1\ssc2c1-c1cc(C)ccc1NC2(C)C,O,Cc1ccc2c(c1)-c1c(ss/c1=N\c1ccc3([N+](=O)[O-])~O~O(C)c1c3)C(C)(C)N2,-7.2701616287231445,ok,
O=C1/C(=C\c2ccc(-c3ccc([N+](=O)[O-])cc3)o2)NC(=S)N1c1ccccc1,O,O=[N+]([O-])c1ccc(-c2ccc3o2~O~C2(=O)/C(=C\3)NC(=S)N2c2ccccc2)cc1,-6.759892463684082,ok,
CCC(C=C1Sc2ccc(OC)cc2N1CC)=C1N=C(c2ccccc2)OC1=O,O,CCC1=C2N=C(c3ccccc3)OC2(=O)~O~O(C)c2ccc3c(c2)N(CC)C(=C1)S3,-4.655747413635254,ok,
Cc1cc(-c2ccc(C=C3Sc4ccccc4C3=O)o2)ccc1Cl,O,Cc1cc(-c2ccc3o2~O~C2(=O)C(=C3)Sc3ccccc32)ccc1Cl,-7.023545742034912,ok,
C=CCN1C(=O)C(=Cc2ccc(-c3ccc(C)c(Cl)c3)o2)SC1=S,O,C=CCN1C(=S)SC2=Cc3ccc(-c4ccc(C)c(Cl)c4)o3~O~C21=O,-7.057745456695557,ok,
O=C1C(=Cc2ccc(-c3cccc([N+](=O)[O-])c3)o2)SC(=S)N1C1CCS(=O)(=O)C1,O,O=C1C(=Cc2ccc3o2~O~c2([N+](=O)[O-])cccc-3c2)SC(=S)N1C1CCS(=O)(=O)C1,-6.004070281982422,ok,
CC1CCN(c2cc(NCc3ccccc3)c3c4c(onc24)-c2ccccc2C3=O)CC1,O,CC1CCN(c2cc3c4c5c(onc25)-c2ccccc2C4(=O)~O~N3Cc2ccccc2)CC1,-4.972198486328125,ok,
Cn1cccc1/C=C1/Oc2cc(OCc3ccccc3)ccc2C1=O,O,Cn1cccc1/C=C1/Oc2cc3ccc2C1(=O)~O~O3Cc1ccccc1,-4.883943557739258,ok,
CCN1C=C/C(=C/c2ccc3ccc(C)cc3[n+]2C)c2ccccc21,O,CCN12~O~c34cc(C)ccc3ccc([n+]4C)/C=C(/C=C1)c1ccccc12,-6.273684978485107,ok,
[C]Oc1ccccc1N1[C][C]N([C][C]N2C(=O)[C]C(=C3c4ccccc4-c4ccccc43)C2=O)[C][C]1,O,[C]O1~O~C2(=O)C(=C3c4ccccc4-c4ccccc43)[C]C(=O)N2[C][C]N2[C][C]N([C][C]2)c2ccccc21,-3.8559303283691406,ok,
O=C(Nc1ccc(-c2ccc(N3CCOCC3)nn2)cc1)c1ccc(Cl)cc1Cl,O,O=C1(c2ccc(Cl)cc2Cl)~O~O2CCN(CC2)c2ccc(nn2)-c2ccc(cc2)N1,-5.530406951904297,ok,
[C]c1ccc(N2C(=O)[C]3[C]([C]4[C]=[C][C]3C4=C3[C][C][C][C][C]3)C2=O)cc1[C],O,[C]c1ccc(N2C(=O)[C]3[C]4[C]=[C][C]([C]3C23~O~O=3)C4=C2[C][C][C][C][C]2)cc1[C],-2.7159183025360107,ok,
COc1cccc(C=Nn2c3c(c4nc5ccccc5nc42)C(=O)[NH+](CCC2=CCCCC2)[C-](C)N3)c1,O,C[C-]1Nc2c3c4nc5ccccc5nc4n2N=Cc2cccc(c2)O(C)~O~C3(=O)[NH+]1CCC1=CCCCC1,-3.7433152198791504,ok,
CN(C)S(=O)(=O)c1ccc(-c2ccc(C=CC(=O)c3cccc(N4CCOCC4)c3)o2)cc1,O,CN(C)S1(=O)(=O)~O~o2c(C=CC(=O)c3cccc(N4CCOCC4)c3)ccc2-c2ccc1cc2,-6.01319694519043,ok,
CC1(C)CC(=O)C2=C(C1)C1=Nc3ccccc3C1=C2,O,CC1(C)CC2=C(C=C3C2=Nc2ccccc23)C2(~O~O=2)C1,-2.9242708683013916,ok,
CCCN1C(=O)/C(=C/C=C2\N(CC)c3ccc(-c4ccccc4)cc3C2(C)C)SC1=S,O,CCCN1C(=S)SC2=CC=C3C(C)(C)c4cc(-c5ccccc5)ccc4N3(CC)~O~C21=O,-6.685760021209717,ok,
Cc1ccc(-[n+]2c3ccccc3nc3ccc(N4CCOCC4)cc32)cc1,O,Cc1ccc(-[n+]2c3ccccc3nc3ccc4cc32~O~O2CCN4CC2)cc1,-4.667971611022949,ok,
CCN1C(=O)/C(=C/C(C)=C2/Sc3cc(/C=C/c4ccccc4)ccc3N2CC)SC1=S,O,CCN1C(=S)S/C2=C\C(C)=C3\Sc4cc(/C=C/c5ccccc5)ccc4N3(CC)~O~C21=O,-6.3052754402160645,ok,
Cc1ccc(N2C(=O)/C(=C\c3ccc(N4CCCCC4)o3)C(=O)N(c3ccccc3)C2=S)cc1C,O,Cc1ccc(N2C(=S)N(c3ccccc3)C(=O)/C3=C/c4ccc(N5CCCCC5)o4~O~C32=O)cc1C,-5.976199626922607,ok,
CCCN1CCN(c2cc(Nc3ccc(F)cc3)c3c4c(onc24)-c2ccccc2C3=O)CC1,O,CCCN1CCN2(~O~C3(=O)c4ccccc4-c4onc5c2cc(Nc2ccc(F)cc2)c3c45)CC1,-5.3577423095703125,ok,
O=[N+]([O-])C(=Cc1ccc(-c2ccc(Br)cc2)o1)c1ccccc1,O,O=[N+]([O-])C1(c2ccccc2)~O~o2c(ccc2-c2ccc(Br)cc2)C=1,-6.291949272155762,ok,
Cc1ccc(/N=C2/NC(=O)/C(=C/c3ccc(N4CCCC4)o3)S2)cc1,O,Cc1ccc(/N=C2/NC3(=O)~O~o4c(ccc4N4CCCC4)/C=C/3S2)cc1,-6.005383491516113,ok,
O=C1/C(=N/Nc2ccc(/N=N/c3ccccc3)cc2)C(c2ccccc2)=NN1c1ccc([N+](=O)[O-])cc1,O,O=[N+]([O-])c1ccc(N2N=C(c3ccccc3)C3=NN(c4ccc(/N=N/c5ccccc5)cc4)~O~C32=O)cc1,-3.7973310947418213,ok,
COc1ccc2c(c1)NC(C)(C)c1s[s+]c(SCc3ccc([N+](=O)[O-])cc3)c1-2,O,CO1~O~[s+]2sc3c(c2SCc2ccc([N+](=O)[O-])cc2)-c2ccc1cc2NC3(C)C,-8.725971221923828,ok,
CCN(CC)c1ccc(/C=C(\C#N)c2nc(-c3ccc(C)cc3)cs2)cc1,O,CCN1(CC)~O~c2(nc(-c3ccc(C)cc3)cs2)/C(C#N)=C/c2ccc1cc2,,failed,Featurization failed: RDKit could not parse Smiles_Merged
O=S(=O)(Nc1nc2ccccc2nc1Nc1ccc2c(c1)N=S=N2)c1ccccc1,O,O=S1(=O)(c2ccccc2)~O~N(c2ccc3c(c2)N=S=N3)c2nc3ccccc3nc2N1,-4.244015216827393,ok,
CC1CC(C)CN(c2cc(Nc3ccccc3C(=O)O)c3c4c(onc24)-c2ccccc2C3=O)C1,O,CC1CC(C)CN(c2cc(Nc3ccccc3C3(=O)~O~O3)c3c4c(onc24)-c2ccccc2C3=O)C1,-4.35494327545166,ok,
CC1=C(C#N)C(=O)N(C2CCS(=O)(=O)C2)C(=O)/C1=C/c1ccc(-c2ccccc2[N+](=O)[O-])o1,O,CC1=C(C#N)C(=O)N(C2CCS(=O)(=O)C2)C(=O)/C1=C/c1ccc2o1~O~c1([N+](=O)[O-])ccccc1-2,-5.4436492919921875,ok,
N#CC(C#N)=C(N)/C(C#N)=C/c1ccc(-c2ccc([N+](=O)[O-])cc2)o1,O,N#CC(C#N)=C(N)/C(C#N)=C/c1ccc2o1~O~c1([N+](=O)[O-])ccc-2cc1,-5.327425956726074,ok,
CCN1C(=O)/C(=C(\C=C2/Sc3cc(OC)ccc3N2CC)c2ccccc2)S/C1=N\c1ccc(/C=C/c2ccccc2)cc1,O,CCN1/C2=C/C(c3ccccc3)=C3/S/C(=N\c4ccc(/C=C/c5ccccc5)cc4)N(CC)C3(=O)~O~O(C)c3ccc1c(c3)S2,-6.20836877822876,ok,
Cc1cc([O-])c(C[NH+]2CCCCCC2)c2c1C(=O)/C(=C/c1cccnc1)O2,O,Cc1cc2c(C[NH+]3CCCCCC3)c3c1C(=O)(~O~[O-]2)/C(=C/c1cccnc1)O3,-3.0944736003875732,ok,
CCOc1ccc(C2=CC(=Cc3ccc(N(C)C)cc3)C(=O)O2)cc1,O,CCO1~O~C2(=O)OC(=CC2=Cc2ccc(N(C)C)cc2)c2ccc1cc2,-5.314138412475586,ok,
COc1cccc(Nc2cc(N(C)C)c(N)c3c2C(=O)c2ccccc2C3=O)c1,O,CN(C)c1cc2c3c(c1N)C(=O)(~O~O(C)c1cccc(c1)N2)c1ccccc1C3=O,-5.665874004364014,ok,
Cc1[nH]c2ccc(F)cc2c1/C=C/c1cccc(C)[n+]1C,O,Cc1cccc2(~O~[nH]3c(C)c(c4cc(F)ccc43)/C=C/2)[n+]1C,,failed,Featurization failed: RDKit could not parse Smiles_Merged
COc1ccc2c(c1)OCC(C=C1SC(=S)N(c3cccnc3)C1=O)=C2,O,CO1~O~C2(=O)C(=CC3=Cc4ccc1cc4OC3)SC(=S)N2c1cccnc1,-5.121262550354004,ok,
COCCN1C(=O)C(=Cc2ccc(-c3ccccc3Cl)o2)SC1=S,O,COCCN1C(=S)SC2=Cc3ccc(-c4ccccc4Cl)o3~O~C21=O,-7.370906829833984,ok,
CCN(CC)c1ccc(/C=N/C(C#N)=C(/N)C#N)cc1,O,CCN(CC)c1ccc(/C=N/C2(C#N)~O~NC=2C#N)cc1,-4.555641174316406,ok,
O=C1OC2(c3ccccc31)c1cc(I)c([O-])c(I)c1Oc1c2cc(I)c([O-])c1I.[Na+].[Na+],O,O=C1OC2(c3ccccc31)c1cc(I)c([O-])c(I)c1Oc1c2cc(I)c([O-]~O~[Na+])c1I.[Na+],-1.111683964729309,ok,
CCN1C(=O)/C(=C\C=C2/Sc3c(ccc4ccccc34)N2CCO)OC1=S,O,CCN1C(=S)O2~O~C1(=O)/C2=C\C=C1/Sc2c(ccc3ccccc23)N1CCO,-5.369435787200928,ok,
CC1=C(C#N)c2nc(N)c(C#N)c(C)c2/C1=C/c1cn(CC(=O)Nc2ccc(C)cc2)c2ccccc12,O,CC1=C(C#N)c2nc3c(C#N)c(C)c2/C1=C/c1cn(c2ccccc12)CC(=O)(Nc1ccc(C)cc1)~O~N3,-5.148038864135742,ok,
CCCCCN1/C(=C/c2ccc(N(C)C)cc2)C(=O)c2ccccc2S1(=O)=O,O,CCCCCN1/C2=C/c3ccc(cc3)N(C)(C)~O~S1(=O)(=O)c1ccccc1C2=O,-5.964963912963867,ok,
O=C1/C(=C/C=C/c2ccco2)SC(=S)N1c1ccc(Cl)c(Cl)c1,O,O=C12~O~o3cccc3/C=C/C=C/1SC(=S)N2c1ccc(Cl)c(Cl)c1,-6.768661022186279,ok,
O=C1c2ccccc2C(=O)c2c(NCC(O)CO)cccc21,O,O=C1c2ccccc2C2(=O)~O~OCC(O)CNc3cccc1c32,-4.1099934577941895,ok,
O=C(NN=CC1=C(N2CCOCC2)C(=Cc2ccc([N+](=O)[O-])cc2)CC1)c1ccco1,O,O=[N+]([O-])c1ccc(C=C2CCC(C=NNC3(=O)~O~o4cccc43)=C2N2CCOCC2)cc1,-5.67989444732666,ok,
[C]OC(=O)C1=C(C(=O)O[C])SC(=C2C(=S)C([C])([C])N(C(=O)[C]=[C]c3ccc(O[C])cc3)c3ccccc32)S1,O,[C]OC(=O)C1=C2SC(=C3C(=S)C([C])([C])N(C(=O)[C]=[C]c4ccc(cc4)O([C])~O~C2(=O)O[C])c2ccccc23)S1,-5.588472843170166,ok,
CCCC(C(=O)O)N1C(=O)C(=Cc2ccc(-c3ccc([N+](=O)[O-])cc3)o2)SC1=S,O,CCCC(N1C(=O)C(=Cc2ccc(-c3ccc([N+](=O)[O-])cc3)o2)SC1=S)C1(=O)~O~O1,-4.835325717926025,ok,
COc1cccc(/N=C2\C=Cc3noc4c3c2c(O)c2ccccc24)c1,O,COc1cccc(/N=C2\C=Cc3noc45~O~Oc(c2c34)c2ccccc25)c1,-5.44667911529541,ok,
COc1ccc(Nc2cc(NCC(OC)OC)c3noc4c3c2C(=O)c2ccccc2-4)cc1,O,COC(CNc1cc2c3c4c(onc14)-c1ccccc1C3(=O)~O~O(C)c1ccc(cc1)N2)OC,-5.5725908279418945,ok,
CCNc1cc(N2CCC3(CC2)OCCO3)c2noc3c2c1C(=O)c1ccccc1-3,O,CCN1~O~C2(=O)c3ccccc3-c3onc4c(N5CCC6(CC5)OCCO6)cc1c2c34,-4.9604811668396,ok,
CC1CCCCN1c1cc(Nc2ccc3c(c2)OCCO3)c2c3c(onc13)-c1ccccc1C2=O,O,CC1CCCCN1c1cc2c3c4c(onc14)-c1ccccc1C3(=O)~O~O1CCOc3cc(ccc31)N2,-5.62985897064209,ok,
CC1CC(C)(C)N2C(=O)C(=C(C#N)C#N)c3cccc1c32,O,CC1CC(C)(C)N23~O~C2(=O)C(=C(C#N)C#N)c2cccc1c23,-5.544595241546631,ok,
O=C1C(=Cc2ccc(-c3ccc([N+](=O)[O-])cc3)o2)NC(=S)N1c1ccccc1,O,O=[N+]([O-])c1ccc(-c2ccc3o2~O~C2(=O)C(=C3)NC(=S)N2c2ccccc2)cc1,-6.759892463684082,ok,
O=C1C(=Cc2ccc(-c3ccc([N+](=O)[O-])cc3)o2)SC(=S)N1c1ccc([N+](=O)[O-])cc1,O,O=[N+]([O-])c1ccc(-c2ccc3o2~O~C2(=O)C(=C3)SC(=S)N2c2ccc([N+](=O)[O-])cc2)cc1,-6.632367134094238,ok,
Cc1ccc2nc(N3CCOCC3)c(/C=C3\N=C(c4ccccc4)OC3=O)cc2c1,O,Cc1ccc2nc(N3CCOCC3)c(/C=C3\N=C(c4ccccc4)O4~O~C34=O)cc2c1,-3.182563543319702,ok,
[C]OC(=O)C1=C(C(=O)O[C])SC(=C2C(=S)C([C])([C])N(C(=O)[C]=[C]c3ccc(O[C])cc3)c3c([C])cccc32)S1,O,[C]OC(=O)C1=C2SC(=C3C(=S)C([C])([C])N(C(=O)[C]=[C]c4ccc(cc4)O([C])~O~C2(=O)O[C])c2c([C])cccc23)S1,-5.564937114715576,ok,
COc1ccc(N2C(=O)C(=Cc3ccc(-c4cc([N+](=O)[O-])ccc4Cl)o3)SC2=S)cc1,O,CO1~O~C2(=O)C(=Cc3ccc(-c4cc([N+](=O)[O-])ccc4Cl)o3)SC(=S)N2c2ccc1cc2,-6.4464311599731445,ok,
CCOC(=O)C1=C(Nc2ccc(OC)cc2)S/C(=C\c2ccc(-c3ccccc3C(=O)O)o2)C1=O,O,CCOC1(=O)~O~O(C)c2ccc(cc2)NC2=C1C(=O)/C(=C/c1ccc(-c3ccccc3C(=O)O)o1)S2,-6.538077354431152,ok,
Cc1cc([O-])c(C[NH+]2CC(C)CC(C)C2)c2c1C(=O)/C(=C/c1cc3ccccc3o1)O2,O,Cc1cc2c(C[NH+]3CC(C)CC(C)C3)c3c1C(=O)(~O~[O-]2)/C(=C/c1cc2ccccc2o1)O3,-3.8686416149139404,ok,
CN(C)c1ccc(C=N/N=C2/NC(=O)C(=Cc3ccc([N+](=O)[O-])cc3)S2)cc1,O,CN1(C)~O~c2([N+](=O)[O-])ccc(cc2)C=C2S/C(=N\N=Cc3ccc1cc3)NC2=O,-4.620588779449463,ok,
O=C1OC2(CCCCC2)OC(=O)C1=Cc1ccc(N2CCN(c3ccccc3)CC2)o1,O,O=C1OC2(CCCCC2)OC2(=O)~O~o3c(ccc3N3CCN(c4ccccc4)CC3)C=C12,-4.919608116149902,ok,
N#CC(=Cc1ccc(N2CCCCC2)o1)C(=O)c1cc2ccccc2o1,O,N#CC(=Cc1ccc(N2CCCCC2)o1)C1(=O)~O~o2c1cc1ccccc12,-5.920594692230225,ok,
CN(C)c1ccc(/C=C2\N=C(c3ccccc3)OC2=O)c(Cl)c1,O,CN(C)c1ccc(/C=C2\N=C(c3ccccc3)O3~O~C23=O)c(Cl)c1,-4.342911243438721,ok,
O=C1OC(C2=CC=CC=C2)=N/C1=C\C(C=C3)=C(Cl)C=C3N(C)C,O,CN(C)c1ccc(/C=C2\N=C(c3ccccc3)O3~O~C23=O)c(Cl)c1,-4.342911243438721,ok,
CC1Oc2ccccc2C=C1C=C1SC(=S)N(Cc2ccco2)C1=O,O,CC1C2=Cc3ccccc3O1~O~C1(=O)C(=C2)SC(=S)N1Cc1ccco1,-6.149672508239746,ok,
CCN1/C(=C\C(=C/c2sc3ccccc3[n+]2CC)SC)Sc2ccccc21,O,CC[n+]1c2ccccc2sc12~O~N1(CC)C(=CC(SC)=C2)Sc2ccccc21,,failed,Featurization failed: RDKit could not parse Smiles_Merged
Nc1c(C(=O)c2ccc(F)cc2)sc2nc3c(cc12)N1CCC3CC1,O,O=C1(c2ccc(F)cc2)~O~Nc2c1sc1nc3c(cc21)N1CCC3CC1,-4.436836242675781,ok,
"NC1=C(SC2=NC3=C(C=C12)N1CCC3CC1)C(=O)C1=CC=C(F)C=C1 |c:6,27,t:1,4,8,22,24|",O,O=C1(c2ccc(F)cc2)~O~Nc2c1sc1nc3c(cc21)N1CCC3CC1,-4.436835765838623,ok,
CCN(CC)c1ccc(NC(=S)NC(=O)c2cccc([N+](=O)[O-])c2)cc1,O,CCN1(CC)~O~c2([N+](=O)[O-])cccc(c2)C(=O)NC(=S)Nc2ccc1cc2,-6.052691459655762,ok,
O=C1/C(=C/c2ccco2)Oc2c1ccc([O-])c2C[NH+]1CCCC1,O,O=C12~O~[O-]c3ccc1c(c3C[NH+]1CCCC1)O/C2=C\c1ccco1,-3.840028762817383,ok,
CCOc1cc2c(cc1/C=C1/C(C)=C(C#N)c3nc(N)c(C#N)c(C)c31)OCO2,O,CCO1~O~C2Oc3cc(/C=C4/C(C)=C(C#N)c5nc(N)c(C#N)c(C)c54)c1cc3O2,-5.29379415512085,ok,
CC1=C(C#N)c2nc(N)c(C#N)c(C)c2/C1=C/c1ccc(Br)s1,O,CC1=C(C#N)c2nc3(~O~N3)c(C#N)c(C)c2/C1=C/c1ccc(Br)s1,,failed,Featurization failed: RDKit could not parse Smiles_Merged
CN1/C(=C/C=N\c2cccc(C(=O)O)c2)C(C)(C)c2ccccc21,O,CN1/C(=C/C=N\c2cccc(C3(=O)~O~O3)c2)C(C)(C)c2ccccc21,-3.3584072589874268,ok,
Cc1ccc2[nH]c(C)c(/C=C/c3cccc(C)[n+]3C)c2c1,O,Cc1ccc2c(c1)c1c(C)[nH]2~O~c2(cccc(C)[n+]2C)C=C1,,failed,Featurization failed: RDKit could not parse Smiles_Merged
CN(C)c1ccc(C=C2N=C(C=Cc3cccc([N+](=O)[O-])c3)OC2=O)cc1,O,CN(C)c1ccc(C=C2N=C(C=Cc3cccc([N+](=O)[O-])c3)O3~O~C23=O)cc1,-3.978935956954956,ok,
O=C1[N]C(=S)[N]C(=O)C1=[C]c1ccc2c(c1)[C][C]N2[C][C][C]Cl,O,O=C1[N]C(=S)[N]C2(=O)~O~N3([C][C][C]Cl)[C][C]c4cc(ccc43)[C]=C12,-4.485755443572998,ok,
COc1cccc(/C=N/n2c3c(c4nc5ccccc5nc42)C(=O)[NH+](CCc2ccccc2)[CH-]N3)c1,O,CO1~O~C2(=O)c3c(n(c4nc5ccccc5nc34)/N=C/c3cccc1c3)N[CH-][NH+]2CCc1ccccc1,-3.0219085216522217,ok,
CN(C)c1ccc(/C=N/N(CCC#N)C2=NS(=O)(=O)c3ccccc32)cc1,O,CN1(C)~O~S2(=O)(=O)N=C(c3ccccc32)N(CCC#N)/N=C/c2ccc1cc2,-4.411151885986328,ok,
Cc1ccc(C)c(/N=C2/c3ccccc3-c3nc4ccccc4cc32)c1,O,Cc1ccc(C)c(/N2~O~c34nc5ccccc5cc3\C=2c2ccccc2-4)c1,-5.514694690704346,ok,
O=C1Nc2ccc(Br)cc2/C1=N/N=C/c1ccccc1O,O,O=C12~O~Oc3ccccc3/C=N/N=C\1c1cc(Br)ccc1N2,-5.48581600189209,ok,
CCN1C(=O)C(=C2C(=O)N3c4c(cc(OC(=O)c5cccs5)cc42)C(C)=CC3(C)C)SC1=S,O,CCN1C(=O)C(=C2C(=O)N3c4c(cc(O5~O~C5(=O)c5cccs5)cc42)C(C)=CC3(C)C)SC1=S,-6.357972145080566,ok,
CN(C)c1ccc(/C=C2\CCC(C3=CCCC3)=C2N2CCOCC2)cc1,O,CN(C)c1ccc(/C=C2\CCC(C3=CCCC3)=C2N2CCO3~O~C3C2)cc1,-4.652695655822754,ok,
Nc1c(C(=O)NC2CCCCC2)c2nc3ccccc3nc2n1/N=C/c1ccco1,O,Nc1c2c3nc4ccccc4nc3n1/N=C/c1ccco1~O~C2(=O)NC1CCCCC1,-2.5731613636016846,ok,
COc1cccc2ccc(/C=C3\SC(=S)N(c4ccc(NC(C)=O)cc4)C3=O)nc12,O,CC(=O)Nc1ccc(N2C(=S)S/C3=C\c4ccc5cccc(c5n4)O(C)~O~C32=O)cc1,-6.5612711906433105,ok,
Cc1ccc(Sc2c(N)c3c(c(N)c2Sc2ccc(C)cc2)C(=O)c2ccccc2C3=O)cc1,O,Cc1ccc(Sc2c(N)c3c4c(c2Sc2ccc(C)cc2)N~O~C3(=O)c2ccccc2C4=O)cc1,-5.089576721191406,ok,
COc1cccc(Nc2cc(N3CC(C)CC(C)C3)c3noc4c3c2C(=O)c2ccccc2-4)c1,O,CC1CC(C)CN(c2cc3c4c5c(onc25)-c2ccccc2C4(=O)~O~O(C)c2cccc(c2)N3)C1,-5.657440185546875,ok,
CC(C)Nc1cc(N2CCCCC2)c2noc3c2c1C(=O)c1ccccc1-3,O,CC(C)N1~O~C2(=O)c3ccccc3-c3onc4c(N5CCCCC5)cc1c2c34,-4.530138969421387,ok,
CN(C)c1ccc(C2=NC(=Cc3ccc([N+](=O)[O-])cc3)C(=O)O2)cc1,O,CN(C)c1ccc(C2=NC(=Cc3ccc([N+](=O)[O-])cc3)C3(=O)~O~O23)cc1,-3.9018914699554443,ok,
CCOc1ccc([N+](=O)[O-])cc1C=Cc1ccc2cccc(O)c2n1,O,CCOc1ccc2([N+](=O)[O-])~O~Oc3cccc4ccc(nc34)C=Cc1c2,-4.5083909034729,ok,
COc1cc(OC)c(OC)cc1/C=C1\Oc2c(ccc([O-])c2C[NH+]2CCCCC2)C1=O,O,COc1cc(OC)c(OC)cc1/C=C1\Oc2c3ccc(c2C[NH+]2CCCCC2)[O-]~O~C13=O,-3.880707025527954,ok,
CN(C)S(=O)(=O)c1ccc(-c2ccc(/C=C/C(=O)c3ccc(N4CCOCC4)cc3)o2)cc1,O,CN(C)S1(=O)(=O)~O~o2c(/C=C/C(=O)c3ccc(N4CCOCC4)cc3)ccc2-c2ccc1cc2,-6.105626583099365,ok,
Cc1ccc(N2C(=O)C(=Cc3ccc([N+](=O)[O-])cc3)C=C2c2ccccc2)c(C)c1,O,Cc1ccc(N23~O~c4([N+](=O)[O-])ccc(cc4)C=C(C=C2c2ccccc2)C3=O)c(C)c1,-4.77036190032959,ok,
CC1CCCN(CCNc2cc(N(C)C)c3noc4c3c2C(=O)c2ccccc2-4)C1,O,CC1CCCN(CCN2~O~C3(=O)c4ccccc4-c4onc5c(N(C)C)cc2c3c45)C1,-4.997049808502197,ok,
CCc1ccc(NC2NC(=O)C(=Cc3ccc(-c4cccc(C(=O)O)c4)o3)S2)cc1,O,CCc1ccc(NC2NC(=O)C(=Cc3ccc(-c4cccc(C5(=O)~O~O5)c4)o3)S2)cc1,-5.093512058258057,ok,
O=C1/C(=C/C=C/c2ccccc2)Oc2c1ccc([O-])c2C[NH+]1CCCC1,O,O=C12~O~[O-]c3ccc1c(c3C[NH+]1CCCC1)O/C2=C\C=C\c1ccccc1,-3.5822417736053467,ok,
COCC[NH+]1[CH-]Nc2c(c3nc4ccccc4nc3n2/N=C/c2ccccc2C)C1=O,O,COCC[NH+]1[CH-]N2~O~C1(=O)c1c2n(/N=C/c2ccccc2C)c2nc3ccccc3nc12,-2.9301726818084717,ok,
O=C(O)CCN1C(=O)C(=Cc2ccc(-c3cccc(F)c3)o2)SC1=S,O,O=C1C(=Cc2ccc(-c3cccc(F)c3)o2)SC(=S)N1CCC1(=O)~O~O1,-4.5387420654296875,ok,
C=CCN1C(=O)/C(=C\c2ccc(-c3ccc([N+](=O)[O-])cc3)o2)SC1=S,O,C=CCN1C(=O)/C(=C\c2ccc3o2~O~c2([N+](=O)[O-])ccc-3cc2)SC1=S,-6.636043548583984,ok,
CCOc1cccc(N2C(=O)/C(=C\c3ccc(-c4ccc([N+](=O)[O-])cc4)o3)C(=O)NC2=S)c1,O,CCO1~O~C2(=O)/C(=C\c3ccc(-c4ccc([N+](=O)[O-])cc4)o3)C(=O)NC(=S)N2c2cccc1c2,-5.929645538330078,ok,
CCOC(=O)C1=C(Nc2ccc(OC)cc2OC)S/C(=C/c2ccc([N+](=O)[O-])cc2)C1=O,O,CCOC1(=O)~O~O(C)c2ccc(c(OC)c2)NC2=C1C(=O)/C(=C\c1ccc([N+](=O)[O-])cc1)S2,-6.185044288635254,ok,
Cc1ccc(-c2n[n+]3c([O-])c(-c4ccccc4)sc3c3ccccc23)cc1,O,Cc1ccc(-c2n[n+]3c4c(-c5ccccc5)sc3(~O~[O-]4)c3ccccc23)cc1,-5.160667419433594,ok,
CC1=C(C#N)c2nc(N)c(C#N)c(C)c2/C1=C\c1cn(CC(=O)Nc2ccc(C)cc2)c2ccccc12,O,CC1=C(C#N)c2nc3c(C#N)c(C)c2/C1=C\c1cn(c2ccccc12)CC(=O)(Nc1ccc(C)cc1)~O~N3,-5.068248748779297,ok,
CCN1C(=O)C(=C2C=Cc3cc(OC)ccc3N2CC)SC1=S,O,CCN1C2=C3SC(=S)N(CC)C3(=O)~O~O(C)c3ccc1c(c3)C=C2,-6.103597164154053,ok,
CCN1C=Cc2ccccc2/C1=C\C1=C/C(=C/c2sc3ccc(C)cc3[n+]2CC)CC(C)(C)C1,O,CC[n+]1c2cc(C)ccc2sc12~O~N1(CC)C=Cc3ccccc3/C1=C\C1=C/C(=C/2)CC(C)(C)C1,,failed,Featurization failed: RDKit could not parse Smiles_Merged
O=S(=O)([O-])CCC[n+]1c(/C=C/c2cn(-c3ccccc3)nc2-c2cccs2)sc2ccccc21,O,O=S1(=O)CCC[n+]2c3ccccc3sc2(/C=C/c2cn(-c3ccccc3)nc2-c2cccs2)~O~[O-]1,-4.074250221252441,ok,
N#CC(=Cc1ccc(-c2ccc([N+](=O)[O-])cc2Br)o1)c1nnc2n1CCCCC2,O,N#CC(=Cc1ccc2o1~O~c1([N+](=O)[O-])ccc-2c(Br)c1)c1nnc2n1CCCCC2,-6.091962814331055,ok,
CCc1nnc(S)n1/N=C/c1ccc(-c2ccc([N+](=O)[O-])cc2)o1,O,CCc1nnc(S)n1/N=C/c1ccc2o1~O~c1([N+](=O)[O-])ccc-2cc1,-5.522451877593994,ok,
O=C1/C(=C/c2ccc(-c3ccc([N+](=O)[O-])cc3)o2)SC(=S)N1Cc1cccnc1,O,O=C1/C(=C/c2ccc3o2~O~c2([N+](=O)[O-])ccc-3cc2)SC(=S)N1Cc1cccnc1,-6.324891090393066,ok,
O=C1c2ccccc2-c2onc3c(N4CCC5(CC4)OCCO5)cc(NCCO)c1c23,O,O=C12~O~OCCNc3cc(N4CCC5(CC4)OCCO5)c4noc(c4c31)-c1ccccc12,-4.03840446472168,ok,
CN(C)c1ccc(C=C(C#N)C#N)cc1Br,O,CN1(C)~O~C(C#N)(C#N)=Cc2ccc1c(Br)c2,-5.210299015045166,ok,
O=C(Nc1ccc(/N=N/c2ccccc2)cc1)c1ccc(N2C(=O)c3ccc(C(=O)Nc4ccc(/N=N/c5ccccc5)cc4)cc3C2=O)cc1,O,O=C(Nc1ccc(/N=N/c2ccccc2)cc1)c1ccc2c(c1)C1(=O)~O~N(c3ccc(/N=N/c4ccccc4)cc3)C(=O)c3ccc(cc3)N1C2=O,-5.223839282989502,ok,
COC(=O)c1ccccc1-c1ccc(C=C2SC(=S)N(C)C2=O)o1,O,CN1C(=O)C(=Cc2ccc(-c3ccccc3C3(=O)~O~O3C)o2)SC1=S,-5.891116142272949,ok,
Cc1cccc(Nc2cc(N3CCCCC3C)c3noc4c3c2C(=O)c2ccccc2-4)c1,O,Cc1cccc(Nc2cc3c4noc5c4c2C(=O)(~O~N32CCCCC2C)c2ccccc2-5)c1,-5.5699262619018555,ok,
CCN(CC)c1ccc(/C=C2\S/C(=N\c3ccc(Cl)cc3)NC2=O)o1,O,CCN(CC)c1ccc2o1~O~C1(=O)N/C(=N/c3ccc(Cl)cc3)S/C1=C\2,-6.768030166625977,ok,
C(=NN=Cc1cccnc1)C1=C(N2CCOCC2)C(=Cc2ccccc2)CC1,O,C(=NN=Cc1cccnc1)C1=C(N2CCO3~O~C3C2)C(=Cc2ccccc2)CC1,-3.065783977508545,ok,
CCN1C(=c2sc(=C3SC(=S)N(C)C3=O)n(-c3ccccc3)c2=O)C=Cc2ccccc21,O,CCN12~O~c3(=O)c(sc(=C4SC(=S)N(C)C4=O)n3-c3ccccc3)=C1C=Cc1ccccc12,-6.393913745880127,ok,
CN1CCN(CCCNc2cc3c4c(c(NCCCN5CCN(C)CC5)cc5c4c2C(=O)N(CCCN2CCOCC2)C5=O)C(=O)N(CCCN2CCOCC2)C3=O)CC1,O,CN1CCN(CCCNc2cc3c4c5c(cc6c4c2C(=O)N(CCCN2CCOCC2)C6=O)N(CCCN2CCN(C)CC2)~O~C5(=O)N(CCCN2CCOCC2)C3=O)CC1,-4.564573287963867,ok,
Cc1cc([N+](=O)[O-])ccc1-c1ccc(C=C(C#N)C(=O)NC2CCCCC2)o1,O,Cc1cc2([N+](=O)[O-])~O~o3c(C=C(C#N)C(=O)NC4CCCCC4)ccc3-c1cc2,-6.881576061248779,ok,
CCN1C(=O)/C(=C\c2ccc(N3CCOCC3)o2)S/C1=N\c1ccc(F)cc1,O,CCN1/C(=N/c2ccc(F)cc2)S/C2=C/c3ccc(N4CCOCC4)o3~O~C21=O,-5.530961513519287,ok,
Cc1cc(N(CCO)CCO)ccc1N=Nc1ccc([N+](=O)[O-])cc1S(=O)(=O)C(F)(F)F,O,Cc1cc2ccc1N=Nc1ccc([N+](=O)[O-])cc1S(=O)(=O)C(F)(F)(F)~O~OCCN2CCO,-2.897477149963379,ok,
COc1ccc(C2=C([N+](=O)[O-])/C(=C/N3CCCCC3)N=C2)cc1,O,CO1~O~C2([N+](=O)[O-])=C(C=N/C2=C\N2CCCCC2)c2ccc1cc2,-4.539309501647949,ok,
O=[N+]([O-])C1=C(C=N/C1=C\N2CCCCC2)C(C=C3)=CC=C3OC,O,CO1~O~C2([N+](=O)[O-])=C(C=N/C2=C\N2CCCCC2)c2ccc1cc2,-4.539309978485107,ok,
O=C(Nc1ccc(-c2csc(N3CCOCC3)n2)cc1)c1ccc(Cl)c([N+](=O)[O-])c1,O,O=C1Nc2ccc(cc2)-c2csc(n2)N2CCO(~O~c3([N+](=O)[O-])cc1ccc3Cl)CC2,-5.357656478881836,ok,
O=C1C(=Cc2ccc(-c3ccccc3[N+](=O)[O-])o2)SC(=S)N1c1ccc2c(c1)OCO2,O,O=C1C(=Cc2ccc3o2~O~c2([N+](=O)[O-])ccccc2-3)SC(=S)N1c1ccc2c(c1)OCO2,-5.636845588684082,ok,
CC1CC(C)C[NH+](Cc2c([O-])ccc3c2O/C(=C\c2cc4cc(Br)ccc4o2)C3=O)C1,O,CC1CC(C)C[NH+](Cc2c3ccc4c2O/C(=C\c2cc5cc(Br)ccc5o2)C4(=O)~O~[O-]3)C1,-3.661278009414673,ok,
CCN(CC)c1ccc(C=C2S/C(=N\c3ccc(Br)cc3)NC2=O)o1,O,CCN(CC)c1ccc2o1~O~C1(=O)N/C(=N/c3ccc(Br)cc3)SC1=C2,-6.669767379760742,ok,
CCOc1ccc(N2CN=c3s/c(=C4\C(=O)Nc5ccc(OCC)cc54)c(=O)n3C2)cc1,O,CCOc1ccc2c(c1)/C(=c1/sc3n4c1(=O)~O~O(CC)c1ccc(cc1)N(CN=3)C4)C(=O)N2,-5.193349838256836,ok,
CC1=NN(c2ccc(C)c(C)c2)C(=O)/C1=C\C=C\c1ccc([N+](=O)[O-])o1,O,CC1=NN(c2ccc(C)c(C)c2)C(=O)/C1=C\C=C\c1ccc2([N+](=O)[O-])~O~o12,-4.306733131408691,ok,
O=C(Nc1ccc(-c2ccc(NC(=O)c3ccc(S(=O)(=O)N4CCCC4)cc3)cc2)cc1)c1ccc(S(=O)(=O)N2CCCC2)cc1,O,O=C(Nc1ccc(-c2ccc(N3~O~C3(=O)c3ccc(S(=O)(=O)N4CCCC4)cc3)cc2)cc1)c1ccc(S(=O)(=O)N2CCCC2)cc1,-6.212385177612305,ok,
COc1cc(/C=C2\CCC/C(=C/c3ccc(N(C)C)cc3)C2=O)ccc1OC(F)F,O,CN(C)c1ccc(/C=C2/CCC/C(=C\c3ccc4c(c3)O(C)~O~C(F)(F)O4)C2=O)cc1,-7.049660682678223,ok,
CO/N=C1C(=C2\C(=O)Nc3cc(Cl)c(Cl)cc32)\Nc2ccccc2\1,O,CO1~O~C2(=O)Nc3cc(Cl)c(Cl)cc3C2=C2Nc3ccccc3C2=N1,-6.607126235961914,ok,
CCOC(=O)C1CCCN(c2cc(NCCOC)c3c4c(onc24)-c2ccccc2C3=O)C1,O,CCO1~O~C1(=O)C1CCCN(c2cc(NCCOC)c3c4c(onc24)-c2ccccc2C3=O)C1,-4.822135925292969,ok,
CCOC(=O)C1CCCN(c2cc(Nc3ccc(F)cc3)c3c4c(onc24)-c2ccccc2C3=O)C1,O,CCO1~O~C1(=O)C1CCCN(c2cc(Nc3ccc(F)cc3)c3c4c(onc24)-c2ccccc2C3=O)C1,-5.156260967254639,ok,
O=C1[N]c2ccc(OS(=O)N3[C][C]c4ccccc43)cc2C1=C1[C][C][C][C]1,O,O=C1[N]c2ccc(O3~O~S3(=O)N3[C][C]c4ccccc43)cc2C1=C1[C][C][C][C]1,-3.633543014526367,ok,
O=C1OC2(CCCCC2)OC(=O)C1=Cc1ccc(-c2ccc(C(=O)O)cc2)o1,O,O=C1OC2(CCCCC2)OC2(=O)~O~OC(=O)c3ccc(cc3)-c3ccc(o3)C=C12,-5.709745407104492,ok,
CC1=C(C#N)C(=O)N(C2CCS(=O)(=O)C2)C(=O)C1=Cc1ccc(-c2ccc(Cl)cc2)o1,O,CC1=C(C#N)C2(=O)~O~o3c(ccc3-c3ccc(Cl)cc3)C=C1C(=O)N2C1CCS(=O)(=O)C1,-5.896156311035156,ok,
N#CC(C#N)=C1/C(=[C]/c2ccc3c(c2)O[C]O3)C(=O)c2ccccc21,O,N#CC(C#N)=C1/C(=[C]/c2ccc3c(c2)O[C]2~O~O32)C(=O)c2ccccc21,-5.351034164428711,ok,
Cc1ccc(N2C(=O)C(=Cc3ccc(N4CCCCC4)o3)C(=O)N(c3ccccc3)C2=S)cc1C,O,Cc1ccc(N2C(=S)N(c3ccccc3)C(=O)C3=Cc4ccc(N5CCCCC5)o4~O~C32=O)cc1C,-5.976199626922607,ok,
COc1ccccc1-c1csc(/C(C#N)=C2\C=CC=CN2C)n1,O,CN1C=CC=C/C1=C(/C#N)c12~O~O(C)c3ccccc3-c(cs1)n2,-5.814006328582764,ok,
CC(O)(C(=O)N/N=C1/c2ccccc2-c2nc3ccccc3nc21)c1ccccc1,O,CC1(c2ccccc2)O~O~C1(=O)N/N=C1/c2ccccc2-c2nc3ccccc3nc21,-3.2251765727996826,ok,
Cc1ccc(N2C(=O)C(=Cc3ccc(-c4cccc(C(F)(F)F)c4)o3)N(C)C2=S)cc1C,O,Cc1ccc(N2C(=O)C(=Cc3ccc4o3~O~C(F)(F)(F)c3cccc-4c3)N(C)C2=S)cc1C,-7.54545783996582,ok,
Cc1ccc(Sc2ccc(Nc3cc(S(=O)(=O)[O-])c(N)c4c3C(=O)c3ccccc3C4=O)cc2)c(C)c1,O,Cc1ccc(Sc2ccc(Nc3cc4c(N)c5c3C(=O)c3ccccc3C5(=O)~O~[O-]S4(=O)=O)cc2)c(C)c1,-5.186814308166504,ok,
CCOc1ccc2c(c1)C(=C1SC(=S)N(Cc3ccc(OC)cc3)C1=O)C(=O)N2,O,CCOc1ccc2c(c1)C(=C1SC(=S)N3Cc4ccc(cc4)O(C)~O~C13=O)C(=O)N2,-6.633144378662109,ok,
[C]N([C])c1ccc(/[C]=N/N=C2c3ccccc3-c3ccccc32)cc1,O,[C]N1(c2ccc(/[C]=N/N=C3c4ccccc4-c4ccccc43)cc2)~O~[C]1,-4.673138618469238,ok,
CCOc1ccc(N2C(=O)NC(=O)/C(=C/c3cc4c5c(c3)CCCN5CCC4)C2=O)cc1,O,CCO1~O~C2(=O)NC(=O)/C(=C/c3cc4c5c(c3)CCCN5CCC4)C(=O)N2c2ccc1cc2,-6.148186683654785,ok,
CN(C)c1ccc(N=Nc2ccc(S(=O)O[O-])cc2)cc1,O,CN(C)c1ccc(N=Nc2ccc(S3(=O)~O~[O-]O3)cc2)cc1,-2.5379812717437744,ok,
CCN1C(=CC(=O)C=Cc2ccc([N+](=O)[O-])cc2)Sc2ccccc21,O,CCN12~O~c3([N+](=O)[O-])ccc(cc3)C=CC(=O)C=C1Sc1ccccc12,-4.899808883666992,ok,
Cc1ccc(/C=C2\Oc3c(ccc([O-])c3C[NH+]3CCOCC3)C2=O)o1,O,Cc1ccc(/C=C2\Oc3c4ccc(c3C[NH+]3CCOCC3)[O-]~O~C24=O)o1,-4.60280704498291,ok,
CC1CCN(c2cc(Nc3ccc4c(c3)OCO4)c3c4c(onc24)-c2ccccc2C3=O)CC1,O,CC1CCN(c2cc(Nc3ccc4c(c3)OC3~O~O43)c3c4c(onc24)-c2ccccc2C3=O)CC1,-5.545008659362793,ok,
CCNc1cc(NCC)c2noc3c2c1C(=O)c1ccccc1-3,O,CCNc1cc2c3c4c(onc14)-c1ccccc1C3(=O)~O~N2CC,-5.476512908935547,ok,
CCN(CC)c1ccc(/C=N/N(CCC#N)C2=NS(=O)(=O)c3ccccc32)cc1,O,CCN1(CC)~O~S2(=O)(=O)N=C(c3ccccc32)N(CCC#N)/N=C/c2ccc1cc2,-4.258581638336182,ok,
O=C1C(=CC=Cc2ccccc2)SC(=S)N1CNc1ccccc1,O,O=C12~O~N(c3ccccc3)CN1C(=S)SC2=CC=Cc1ccccc1,-5.790040493011475,ok,
CN1CCN(c2cc(Nc3ccc(F)cc3)c3c(c2N)C(=O)c2ccccc2C3=O)CC1,O,CN1CCN(c2cc(Nc3ccc(F)cc3)c3c4c2N~O~C4(=O)c2ccccc2C3=O)CC1,-5.07838249206543,ok,
O=[N+]([O-])c1ccc(-c2ccc(C(=S)N3CCOCC3)o2)cc1,O,O=[N+]([O-])c12~O~o3c(C(=S)N4CCOCC4)ccc3-c(cc1)cc2,-6.31419563293457,ok,
CC[N+]1=C(/C=C2/Sc3cc([N+](=O)[O-])ccc3N2C)SCC1,O,CC[N+]1=C(/C=C2/Sc3cc4([N+](=O)[O-])~O~N2(C)c3cc4)SCC1,-4.115243911743164,ok,
Cc1ccc(Nc2cc(Nc3ccc(C)cc3)c3c(c2Nc2ccc(C)cc2)C(=O)c2ccccc2C3=O)cc1,O,Cc1ccc(Nc2cc3c4c(c2Nc2ccc(C)cc2)C(=O)(~O~N3c2ccc(C)cc2)c2ccccc2C4=O)cc1,-6.286380767822266,ok,
CCCCOC(=O)c1ccc(-c2ccc(C=C(C#N)C#N)o2)cc1,O,CCCCO1~O~C1(=O)c1ccc(-c2ccc(C=C(C#N)C#N)o2)cc1,-5.64433479309082,ok,
CC(=O)N/N=C1/c2ccccc2-c2nc3ccccc3nc21,O,CC1(N/N=C2/c3ccccc3-c3nc4ccccc4nc32)~O~O=1,-2.9527928829193115,ok,
CC1=C(C#N)c2nc(N)c(C#N)c(C)c2/C1=C/c1ccc(-c2cccc(C(=O)O)c2)o1,O,CC1=C(C#N)c2nc(N)c(C#N)c(C)c2/C1=C/c1ccc(-c2cccc(C3(=O)~O~O3)c2)o1,-4.26104736328125,ok,
O=C(Nc1ccc(-c2ccc(N3CCOCC3)nn2)cc1)c1ccc(Cl)c([N+](=O)[O-])c1,O,O=C1Nc2ccc(cc2)-c2ccc(nn2)N2CCO(~O~c3([N+](=O)[O-])cc1ccc3Cl)CC2,-4.880804061889648,ok,
"O=C1C(=CC2=CN=C(S2)N2CCCCC2)C(=O)C2=CC=CC=C12 |c:6,21,t:4,19,23|",O,O=C1C2=Cc3cnc(s3)N3(~O~C2(=O)c2ccccc21)CCCCC3,-5.745960712432861,ok,
O=C1/C(=C/c2ccc(-c3cc(Cl)ccc3Cl)o2)C=C(c2ccccc2)N1c1ccc(-c2ccccc2)cc1,O,O=C12~O~o3c(ccc3-c3cc(Cl)ccc3Cl)/C=C/1C=C(c1ccccc1)N2c1ccc(-c2ccccc2)cc1,-6.84984016418457,ok,
CC1=C(C#N)c2nc(N)c(C#N)c(C)c2C1=Cc1ccccc1[N+](=O)[O-],O,CC1=C(C#N)c2nc3c(C#N)c(C)c2C1=Cc1ccccc1([N+](=O)[O-])~O~N3,-5.3376240730285645,ok,
CCOCCCNc1cc(N2CCN(C)CC2)c2noc3c2c1C(=O)c1ccccc1-3,O,CCOCCCN1~O~C2(=O)c3ccccc3-c3onc4c(N5CCN(C)CC5)cc1c2c34,-4.272377967834473,ok,
CCOc1ccc(N2C(=O)/C(=C\c3ccc(N(CC)CC)cc3OCc3ccc(Cl)cc3Cl)SC2=S)cc1,O,CCN(CC)c1ccc(/C=C2/SC(=S)N3c4ccc(cc4)O(CC)~O~C23=O)c(OCc2ccc(Cl)cc2Cl)c1,-7.334108829498291,ok,
ClC(/C(C=C/1Br)=C(C#N)/C2=CC=C(OC)C=C2)=CC1=N/O,O,CO1~O~c12ccc(/C(C#N)=C1\C=C(Br)/C(=N/O)C=C1Cl)cc2,,failed,Featurization failed: RDKit could not parse Smiles_Merged
COc1ccc(/C(C#N)=C2\C=C(Br)/C(=N/O)C=C2Cl)cc1,O,CO1~O~c12ccc(/C(C#N)=C1\C=C(Br)/C(=N/O)C=C1Cl)cc2,,failed,Featurization failed: RDKit could not parse Smiles_Merged
O=C1/C(=C/c2ccc(-c3ccc(Br)cc3)o2)C=C(c2ccccc2)N1c1ccc(Cl)cc1,O,O=C12~O~o3c(ccc3-c3ccc(Br)cc3)/C=C/1C=C(c1ccccc1)N2c1ccc(Cl)cc1,-6.526493072509766,ok,
Cc1ccc(N2C(=O)C(=Cc3ccc(N(C)C)o3)C(=O)N(C)C2=S)cc1,O,Cc1ccc(N2C(=S)N(C)C(=O)C3=Cc4ccc(N(C)C)o4~O~C32=O)cc1,-5.177194118499756,ok,
N#CC(=Cc1ccc(-c2ccc([N+](=O)[O-])cc2)o1)c1ccccn1,O,N#CC(=Cc1ccc2o1~O~c1([N+](=O)[O-])ccc-2cc1)c1ccccn1,-5.736813068389893,ok,
COc1cc([N+](=O)[O-])ccc1-c1ccc(C=C2C(=O)N(c3ccccc3)N=C2C(F)(F)F)o1,O,CO1~O~C(F)(F)(F)C2=NN(c3ccccc3)C(=O)C2=Cc2ccc(o2)-c2ccc([N+](=O)[O-])cc21,-5.341774940490723,ok,
COC(=O)c1cccc(N2C(=O)/C(=C/c3ccc(-c4ccc(Cl)c(Cl)c4)o3)C=C2c2ccccc2)c1,O,CO1~O~C1(=O)c1cccc(N2C(=O)/C(=C/c3ccc(-c4ccc(Cl)c(Cl)c4)o3)C=C2c2ccccc2)c1,-5.655865669250488,ok,
[N-]=[N+]=Nc1ccc2c(c1)C(=O)c1cc(N=[N+]=[N-])ccc1-2,O,[N-]=[N+]=Nc1ccc2c(c1)C1(~O~O=1)c1cc(N=[N+]=[N-])ccc1-2,-3.771589756011963,ok,
O=C1/C(=C/c2ccc(-c3cc(Cl)ccc3Cl)o2)C=C(c2ccccc2)N1c1ccccc1O,O,O=C12~O~Oc3ccccc3N1C(c1ccccc1)=C/C2=C\c1ccc(-c2cc(Cl)ccc2Cl)o1,-4.575908184051514,ok,
CCOC(=O)N1CCN(c2cc(NCCO)c3c(c2N)C(=O)c2ccccc2C3=O)CC1,O,CCO1~O~C1(=O)N1CCN(c2cc(NCCO)c3c(c2N)C(=O)c2ccccc2C3=O)CC1,-4.818962097167969,ok,
O=[N+]([O-])c1ccc(-c2cs/c(=N/c3ccccc3)n2-c2ccccc2)cc1,O,O=[N+]([O-])c12~O~n3(-c4ccccc4)c(cs/c3=N/c3ccccc3)-c(cc1)cc2,-5.498565673828125,ok,
O=C1c2c(n(/N=C/c3cccc(Cl)c3)c3nc4ccccc4nc23)N[CH-][NH+]1CCc1ccccc1,O,O=C12~O~N([CH-][NH+]1CCc1ccccc1)c1c2c2nc3ccccc3nc2n1/N=C/c1cccc(Cl)c1,-3.9926233291625977,ok,
COc1cccc(N2C(=O)c3cccc4c(N5CCOCC5)ccc(c34)C2=O)c1,O,CO1~O~C2(=O)c3ccc(N4CCOCC4)c4cccc(c34)C(=O)N2c2cccc1c2,-5.467761516571045,ok,
CC(C)c1ccc(C2=CC(=Cc3ccc(N(C)C)cc3)C(=O)O2)cc1,O,CC(C)c1ccc(C2=CC(=Cc3ccc(N(C)C)cc3)C3(=O)~O~O23)cc1,-5.418692588806152,ok,
COc1cc(C=O)cc(C=CC2=[N+](C)c3ccccc3C2(C)C)c1[O-],O,COc1cc(C=O)cc2c1[O-]~O~c13ccccc1C(C)(C)C(=[N+]3C)C=C2,-3.4545438289642334,ok,
COC(=O)c1ccc2c(C)cc(/C=C/c3ccc(N(C)C)cc3)[n+](C)c2c1,O,Cc1cc(/C=C/c2ccc(N(C)C)cc2)[n+](C)c2cc(C3(=O)~O~O3C)ccc12,-4.667514324188232,ok,
CC1=C(C#N)c2nc(N)c(C#N)c(C)c2/C1=C\c1ccc(OCc2ccccc2)cc1,O,CC1=C(C#N)c2nc3(N)~O~O(Cc4ccccc4)c4ccc(cc4)/C=C/1c2c(C)c3C#N,-6.355208396911621,ok,
O=C1/C(=C/c2ccc(-c3ccc(Br)cc3)o2)C=C(c2ccccc2)N1c1ccccc1Br,O,O=C12~O~o3c(ccc3-c3ccc(Br)cc3)/C=C/1C=C(c1ccccc1)N2c1ccccc1Br,-6.480591297149658,ok,
Cc1ccc(-c2csc(/C(C#N)=C/C=C/c3ccc([N+](=O)[O-])cc3)n2)cc1C,O,Cc1ccc(-c2csc(/C(C#N)=C/C=C/c3ccc4(~O~O=[N+]4[O-])cc3)n2)cc1C,,failed,Featurization failed: RDKit could not parse Smiles_Merged
CCOc1ccc(/N=C/c2ccc3c(c2N)C(=O)c2ccccc2C3=O)cc1,O,CCO1~O~C2(=O)c3ccccc3C(=O)c3ccc(c(N)c32)/C=N/c2ccc1cc2,-5.177964210510254,ok,
CSC1=NSC2=NC(=O)/C(=C/c3coc4ccc([O-])cc4c3=O)C(=[NH2+])N12,O,CSC1=NSC2=NC(=O)/C3=C/c4coc5ccc(cc5c4=O)[O-]~O~C3(=[NH2+])N12,-4.425893783569336,ok,
COC(=O)CCCN1C(=O)C(=Cc2ccc(-c3ccccc3F)o2)SC1=S,O,CO1~O~C1(=O)CCCN1C(=O)C(=Cc2ccc(-c3ccccc3F)o2)SC1=S,-5.939231872558594,ok,
Cc1cc(C(=O)O)ccc1-c1ccc(C=C2C(=O)c3ccccc3C2=O)o1,O,Cc1cc(C2(=O)~O~O2)ccc1-c1ccc(C=C2C(=O)c3ccccc3C2=O)o1,-4.8601250648498535,ok,
c1ccc2nc3c(cc(N4CCOCC4)c4ccccc43)nc2c1,O,c1ccc2nc34~O~O5CCN(CC5)c(cc3nc2c1)c1ccccc14,-4.032153129577637,ok,
O=c1c2cccc3cccc(c32)c2nc3ccc4c5c(ccc(c35)n12)CC4,O,c1cc2cccc3c2c(c1)c1nc2ccc4c5c(ccc(c25)n1c31~O~O=1)CC4,-3.7086827754974365,ok,
CCOC(=O)N1CCN(C(=O)CCN2C(=O)C(=CC=Cc3ccccc3)SC2=S)CC1,O,CCO1~O~C1(=O)N1CCN(C(=O)CCN2C(=O)C(=CC=Cc3ccccc3)SC2=S)CC1,-5.466187953948975,ok,
O=C1/C(=C/c2cccnc2)Oc2c1ccc([O-])c2C[NH+]1CCCCCC1,O,O=C12~O~[O-]c3ccc1c(c3C[NH+]1CCCCCC1)O/C2=C\c1cccnc1,-3.236720323562622,ok,
CN1/C(=C/C=N/c2cc(S(=O)(=O)N3CCCCCC3)ccc2Cl)C(C)(C)c2ccccc21,O,CC1(C)/C2=C\C=N\c3cc(ccc3Cl)S(=O)(=O)(N3CCCCCC3)~O~N2(C)c2ccccc21,-5.992618560791016,ok,
Oc1ccc(/C=C2\CCCc3c(-c4ccccc4)cc(-c4ccccc4)[o+]c32)cc1,O,C1=C2\CCCc3c(-c4ccccc4)cc(-c4ccccc4)(~O~Oc4ccc/1cc4)[o+]c32,-9.153132438659668,ok,
O=C(O)c1ccccc1Nc1cc(N2CCC3(CC2)OCCO3)c2noc3c2c1C(=O)c1ccccc1-3,O,O=C1c2ccccc2-c2onc3c(N4CCC5(CC4)OCCO5)cc(Nc4ccccc4C4(=O)~O~O4)c1c23,-4.2234206199646,ok,
COc1ccc(N2CCN(c3cc(Nc4ccc(C(=O)O)cc4)c4c5c(onc35)-c3ccccc3C4=O)CC2)cc1,O,CO1~O~C(=O)(O)c2ccc(cc2)Nc2cc(c3noc4c3c2C(=O)c2ccccc2-4)N2CCN(CC2)c2ccc1cc2,-4.668317794799805,ok,
O=C1/C(=C\c2ccc(-c3ccc([N+](=O)[O-])cc3Cl)o2)SC(=S)N1CCCN1CCOCC1,O,O=C1/C(=C\c2ccc3o2~O~c2([N+](=O)[O-])ccc-3c(Cl)c2)SC(=S)N1CCCN1CCOCC1,-7.370940208435059,ok,
CN1/C(=C/C=N/c2cc(S(=O)(=O)N3CCCCC3)ccc2Cl)C(C)(C)c2ccccc21,O,CC1(C)/C2=C\C=N\c3cc(ccc3Cl)S(=O)(=O)(N3CCCCC3)~O~N2(C)c2ccccc21,-5.847869396209717,ok,
CC1=C(C#N)c2nc(N)c(C#N)c(C)c2/C1=C/c1ccc([N+](=O)[O-])cc1,O,CC1=C(C#N)c2nc3c(C#N)c(C)c2/C1=C/c1ccc([N+](=O)[O-])(~O~N3)cc1,-5.2201762199401855,ok,
CC1=C(C#N)c2nc(N)c(C#N)c(C)c2/C1=C/c1cccs1,O,CC1=C(C#N)c2nc3(~O~N3)c(C#N)c(C)c2/C1=C/c1cccs1,,failed,Featurization failed: RDKit could not parse Smiles_Merged
O=C1[N]c2ccc(OS(=O)N3[C][C]N([C]4[C][C][C][C][C]4)[C][C]3)cc2C1=C1[C][C][C][C]1,O,O=C1[N]c2ccc(O3~O~S3(=O)N3[C][C]N([C]4[C][C][C][C][C]4)[C][C]3)cc2C1=C1[C][C][C][C]1,-2.6990842819213867,ok,
CC1CCC(Nc2cc3c4c(ccc5c4c2C(=O)N(c2ccccc2)C5=O)C(=O)N(c2ccccc2)C3=O)CC1,O,CC1CCC(N2~O~C3(=O)c4c2cc2c5c(ccc(c45)C(=O)N3c3ccccc3)C(=O)N(c3ccccc3)C2=O)CC1,-5.998509883880615,ok,
CCN(CC)S(=O)(=O)c1ccc(-c2ccc(C=CC(=O)c3ccc(S(=O)(=O)N4CCCC4)cc3)o2)cc1,O,CCN(CC)S(=O)(=O)c1ccc(-c2ccc3o2~O~S(=O)(=O)(N2CCCC2)c2ccc(cc2)C(=O)C=C3)cc1,-6.816447734832764,ok,
Cc1ccc2c(c1)[n+]([O-])c1c([n+]2[O-])CCCC1,O,Cc1ccc2[n+]3c4c([n+]([O-])c2(~O~[O-]3)c1)CCCC4,-4.104572296142578,ok,
CCc1c(C)[nH]c(C=C2C=C(C)[NH+]=C2C)c1C,O,CCc1c(C)c2[nH](~O~C3(C)=[NH+]C(C)=CC3=C2)c1C,-5.721869468688965,ok,
O=C1C2=[N+]([O-])C3CCCCCC3[N+]([O-])=C2c2ccccc21,O,O=C1c2ccccc2C2=[N+]3[O-]~O~C12=[N+]([O-])C1CCCCCC13,-3.4735450744628906,ok,
O=[N+]([O-])c1ccc(O)c(/C=C/c2ccc3cccc(O)c3n2)c1,O,O=[N+]([O-])c12~O~Oc(cc1)c(/C=C/c1ccc3cccc(O)c3n1)c2,-3.8469154834747314,ok,
O=C1/C(=C/c2ccc(-c3ccc(Br)cc3)o2)C=C(c2ccccc2)N1c1cccc(Cl)c1Cl,O,O=C12~O~o3c(ccc3-c3ccc(Br)cc3)/C=C/1C=C(c1ccccc1)N2c1cccc(Cl)c1Cl,-6.8055806159973145,ok,
Cc1ccc(C(=O)c2c(C3=CNC(=S)NC3c3ccccc3)oc3cc(C#N)c(C#N)cc23)cc1,O,Cc1ccc(C2(=O)~O~o3c(C4=CNC(=S)NC4c4ccccc4)c2c2cc(C#N)c(C#N)cc23)cc1,-7.196467399597168,ok,
Cc1sc(N2CCCCC2)[s+]c1SCCC(=O)O,O,Cc1sc2(N3CCCCC3)~O~OC(=O)CCSc1[s+]2,-5.352121353149414,ok,
Cc1cc([O-])c(C[NH+]2CCCCCC2)c2c1C(=O)/C(=C/c1cc3ccccc3o1)O2,O,Cc1cc2c(C[NH+]3CCCCCC3)c3c1C(=O)(~O~[O-]2)/C(=C/c1cc2ccccc2o1)O3,-3.120844602584839,ok,
O=C1C(=CC2=Cc3ccccc3OC2)SC(=S)N1Cc1ccc(F)cc1,O,O=C12~O~O3CC(=Cc4ccccc43)C=C1SC(=S)N2Cc1ccc(F)cc1,-6.344108581542969,ok,
Cc1ccc(C=Nn2c3c(c4nc5ccccc5nc42)C(=O)[NH+](CCC2=CCCCC2)[CH-]N3)cc1,O,Cc1ccc(C=Nn2c3c(c4nc5ccccc5nc42)C2(=O)~O~N3[CH-][NH+]2CCC2=CCCCC2)cc1,-3.6615183353424072,ok,
CC1CC(C)C[NH+](Cc2c([O-])ccc3c2O/C(=C\c2c[nH]c4ccccc24)C3=O)C1,O,CC1CC(C)C[NH+](Cc2c3ccc4c2O/C(=C\c2c[nH]c5ccccc25)C4(=O)~O~[O-]3)C1,-4.301526069641113,ok,
COc1ccc(CN2C(=O)C(=Cc3ccc(-c4ccc(Cl)cc4Cl)o3)SC2=S)cc1,O,CO1~O~C2(=O)C(=Cc3ccc(-c4ccc(Cl)cc4Cl)o3)SC(=S)N2Cc2ccc1cc2,-6.9630279541015625,ok,
CCNc1cc(N(C)CCO)c2noc3c2c1C(=O)c1ccccc1-3,O,CCNc1cc2c3noc4c3c1C(=O)(~O~OCCN2C)c1ccccc1-4,-3.844616174697876,ok,
O=C(Nc1ccc(-c2ccc(N3CCOCC3)nn2)cc1)c1cc([N+](=O)[O-])ccc1Cl,O,O=C1Nc2ccc(cc2)-c2ccc(nn2)N2CCO(~O~c3([N+](=O)[O-])ccc(Cl)c1c3)CC2,-4.991194725036621,ok,
O=C(O)CCN1C(=O)C(=Cc2ccc(-c3ccc(Cl)c(Cl)c3)o2)SC1=S,O,O=C1C(=Cc2ccc(-c3ccc(Cl)c(Cl)c3)o2)SC(=S)N1CCC1(=O)~O~O1,-5.032023906707764,ok,
O=[N+]([O-])c1ccc(O)c(C=Nc2cc(C(F)(F)F)ccc2N2CCOCC2)c1,O,O=[N+]([O-])c1ccc2c(c1)C=Nc1cc(ccc1N1CCOCC1)C(F)(F)(F)~O~O2,-2.883953332901001,ok,
O=C(C=Cc1ccc(-c2cccc(Cl)c2Cl)o1)c1ccc(N2CCOCC2)cc1,O,O=C1(c2ccc(N3CCOCC3)cc2)~O~o2c(ccc2-c2cccc(Cl)c2Cl)C=C1,-6.295153617858887,ok,
CN1C(=O)/C(=C/C=C2/Sc3ccccc3N2CCO)SC1=S,O,CN1C(=S)S/C2=C\C=C3\Sc4ccccc4N3CCO~O~C21=O,-4.318381309509277,ok,
COC(=O)c1oc2cc(C#N)c(C#N)cc2c1C(=O)c1ccc(C)cc1,O,Cc1ccc(C(=O)c2c(C3(=O)~O~O3C)oc3cc(C#N)c(C#N)cc23)cc1,-5.044155120849609,ok,
COc1cc(/C=C2\CC/C(=C\c3cc(OC)c(O)c(OC)c3)C2=O)cc(OC)c1O,O,COc1cc(/C=C2\CC/C(=C\c3cc(OC)c4(~O~O4)c(OC)c3)C2=O)cc(OC)c1O,,failed,Featurization failed: RDKit could not parse Smiles_Merged
COc1cccc(-c2csc(/C(C#N)=C/c3ccc(N(C)C)cc3)n2)c1,O,CN(C)c1ccc(/C=C(\C#N)c23~O~O(C)c4cccc(c4)-c(cs2)n3)cc1,-5.904027462005615,ok,
COc1ccc(N(C)C(=O)c2ccc3c(c2NCCO)C(=O)c2ccccc2C3=O)cc1,O,CN1c2ccc(cc2)O(C)~O~C1(=O)c1ccc2c(c1NCCO)C(=O)c1ccccc1C2=O,-6.194729328155518,ok,
Nc1ccccc1Sc1ccc2c3c(cccc13)C(=O)OC2=O,O,O=C1OC2(=O)~O~Nc3ccccc3Sc3ccc2c2c1cccc32,-5.781744956970215,ok,
CCCCCCN1CNc2c(c3nc4ccccc4nc3n2/N=C/c2ccco2)C1=O,O,CCCCCCN1CNc2c3c4nc5ccccc5nc4n2/N=C/c2ccco2~O~C31=O,-3.3274312019348145,ok,
COc1cccc2c1N(C(=O)/C=C/c1ccc([N+](=O)[O-])cc1)C(C)(C)c1ssc(=S)c1-2,O,CO1~O~c2([N+](=O)[O-])ccc(cc2)/C=C/C(=O)N2c3c(cccc31)-c1c(ssc1=S)C2(C)C,-7.175502300262451,ok,
Cc1ccccc1N1C(=O)C(=Cc2ccc(-c3ccc([N+](=O)[O-])cc3Cl)o2)SC1=S,O,Cc1ccccc1N1C(=O)C(=Cc2ccc3o2~O~c2([N+](=O)[O-])ccc-3c(Cl)c2)SC1=S,-7.047338485717773,ok,
Cc1ccc(N2C(=O)C(=Cc3ccc(-c4cccc(Cl)c4)o3)SC2=S)cc1,O,Cc1ccc(N2C(=S)SC3=Cc4ccc(-c5cccc(Cl)c5)o4~O~C32=O)cc1,-7.161542892456055,ok,
COc1ccc(NC(=O)c2ccc3c(c2S(C)(=O)=O)C(=O)c2ccccc2C3=O)cc1,O,CO1~O~C(=O)(c2ccc3c(c2S(C)(=O)=O)C(=O)c2ccccc2C3=O)Nc2ccc1cc2,-6.578368186950684,ok,
CN(C)c1ccc(/C=C/C=C2\C(=O)NC(=O)N(c3ccc(F)cc3)C2=O)cc1,O,CN1(C)~O~C2(=O)NC(=O)/C(=C\C=C\c3ccc1cc3)C(=O)N2c1ccc(F)cc1,-5.701582431793213,ok,
O=[N+]([O-])c1ccc(C=CN2CCCN(S(=O)(=O)c3ccc(F)cc3)CC2)o1,O,O=[N+]([O-])c12~O~o1c(C=CN1CCCN(S(=O)(=O)c3ccc(F)cc3)CC1)cc2,-5.221030235290527,ok,
COCCNc1cc(NCc2ccccc2)c2noc3c2c1C(=O)c1ccccc1-3,O,CO1~O~C2(=O)c3ccccc3-c3onc4c(NCc5ccccc5)cc(c2c34)NCC1,-5.70433235168457,ok,
[C][C][C][C]N1[C][C]c2cc([C]=C3C(=O)[N]C(=S)[N]C3=O)ccc21,O,[C][C][C][C]N12~O~C3(=O)[N]C(=S)[N]C(=O)C3=[C]c3ccc1c(c3)[C][C]2,-4.045324325561523,ok,
O=C1c2ccccc2C(=O)c2c(NCCCO)cccc21,O,O=C1c2ccccc2C2(=O)~O~OCCCNc3cccc1c32,-4.571239471435547,ok,
Cc1ccc(Nc2cc(N3CCCC3)c3noc4c3c2C(=O)c2ccccc2-4)cc1,O,Cc1ccc(Nc2cc3c4noc5c4c2C(=O)(~O~N32CCCC2)c2ccccc2-5)cc1,-5.610590934753418,ok,
CC[n+]1c(/C=C2\C=CC=CN2C)ccc2cc(C)ccc21,O,CC[n+]1c2ccc3cc(C)ccc31~O~N1(C)C=CC=C/C1=C\2,-5.341155052185059,ok,
COc1cc([N+](=O)[O-])ccc1-c1ccc(C=C2SC(=S)N(C3CCCCC3)C2=O)o1,O,CO1~O~c2([N+](=O)[O-])ccc(-c3ccc(C=C4SC(=S)N(C5CCCCC5)C4=O)o3)c1c2,-6.935698509216309,ok,
[C]C(=O)[N][C]c1ccc(-c2csc(C(C#N)=C3[C][C][C][C][C]3)n2)cc1,O,[C]C1([N][C]c2ccc(-c3csc(C(C#N)=C4[C][C][C][C][C]4)n3)cc2)~O~O=1,-3.76399827003479,ok,
O=C(O)c1ccc(Nc2cc(N3CCN(c4cccc(C(F)(F)F)c4)CC3)c3noc4c3c2C(=O)c2ccccc2-4)cc1,O,O=C1O~O~C(F)(F)(F)c2cccc(c2)N2CCN(CC2)c2cc(c3c4c(onc24)-c2ccccc2C3=O)Nc2ccc1cc2,-3.2838008403778076,ok,
CSC1=C(C(SC)=[S+]S1)C2=CC=CC=C2.[I-],O,CSc1s[s+](~O~[I-])c(SC)c1-c1ccccc1,-6.739133834838867,ok,
Cc1ccc(Nc2c(-c3ccc([N+](=O)[O-])cc3)nc3cc(C)ccn23)cc1,O,Cc1ccc(N2~O~c3([N+](=O)[O-])ccc(cc3)-c3nc4cc(C)ccn4c32)cc1,-5.524948596954346,ok,
CCN1C(=O)/C(=C/C=C/c2ccco2)C(=O)NC1=S,O,CCN1C(=S)NC(=O)/C2=C\C=C\c3ccco3~O~C21=O,-4.730445384979248,ok,
N#Cc1cc(Sc2ccc(Cl)cc2)c(N2CCCCC2)cc1C#N,O,N#Cc1cc(Sc2ccc(Cl)cc2)c2cc1C(#N)~O~N21CCCCC1,-6.592096328735352,ok,
COc1ccc(Nc2ccc(C=C3C(=O)OC4(CCCCC4)OC3=O)o2)cc1,O,CO1~O~C2(=O)OC3(CCCCC3)OC(=O)C2=Cc2ccc(o2)Nc2ccc1cc2,-6.130553245544434,ok,
O=[N+]([O-])c1ccc2c(c1)C=C1CCCC=C1O2,O,O=[N+]([O-])c12~O~O3C4=CCCCC4=Cc(c1)c3cc2,-4.394054412841797,ok,
COc1ccc(C=Cc2cc(-c3ccccc3)cc(-c3ccccc3)[o+]2)cc1OC,O,COc1cc2ccc1O(C)~O~c1(-c3ccccc3)cc(-c3ccccc3)cc([o+]1)C=C2,-8.60577392578125,ok,
CCN(CC)c1ccc2nc3c4ccccc4c(=Nc4ccncc4)cc-3oc2c1,O,CCN(CC)c1ccc2nc3c4ccccc4c(=Nc4ccncc4)cc-34~O~o4c2c1,-4.310969352722168,ok,
O=C1/C(=C/C=C/c2ccccc2)Oc2c1ccc([O-])c2C[NH+]1CCOCC1,O,O=C12~O~[O-]c3ccc1c(c3C[NH+]1CCOCC1)O/C2=C\C=C\c1ccccc1,-4.353333473205566,ok,
Cc1ccc(Nc2cc(N3CCN(c4ccccc4)CC3)c3noc4c3c2C(=O)c2ccccc2-4)cc1,O,Cc1ccc(Nc2cc3c4noc5c4c2C(=O)(~O~N2(c4ccccc4)CCN3CC2)c2ccccc2-5)cc1,-3.8805830478668213,ok,
CCN(CC)c1ccc(/N=N/c2ccc(OC(C)=O)cc2)cc1,O,CCN(CC)c1ccc(/N=N/c2ccc(O3~O~C3(C)=O)cc2)cc1,-5.185499668121338,ok,
Cc1ccc(N2C(=O)C(=Cc3ccc(-c4ccc([N+](=O)[O-])cc4)o3)C(=O)N(c3ccccc3)C2=S)cc1C,O,Cc1ccc(N2C(=S)N(c3ccccc3)C(=O)C3=Cc4ccc(-c5ccc([N+](=O)[O-])cc5)o4~O~C32=O)cc1C,-5.838753700256348,ok,
COc1cc(/C=C2/C(C)=C(C#N)c3nc(N)c(C#N)c(C)c32)cc2c1OCO2,O,CC1=C(C#N)c2nc(N)c(C#N)c(C)c2/C1=C\c1cc2c3c(c1)O(C)~O~C(O2)O3,-5.223692893981934,ok,
CC[N+](CC)(CCOc1ccc2c(c1)C(=O)c1cc(OCC[N+](CC)(CC)CC(N)=O)ccc1-2)CC(N)=O,O,CC[N+](CC)(CCO1~O~C(N)(=O)C[N+](CC)(CC)CCOc2ccc3c(c2)C(=O)c2cc1ccc2-3)CC(N)=O,-4.281189918518066,ok,
Cc1c(-c2ccccc2)[o+]c2ccccc2c1/C=C(/NCc1ccccc1)c1ccccc1,O,Cc1c2c3ccccc3[o+]c1(-c1ccccc1)~O~N(Cc1ccccc1)/C(c1ccccc1)=C/2,-9.583609580993652,ok,
CN(C)c1ccc(/C=C/C(=O)c2cc([N+](=O)[O-])ccc2O)cc1,O,CN(C)c1ccc(/C=C/C(=O)c2cc3([N+](=O)[O-])~O~Oc2cc3)cc1,-3.7226898670196533,ok,
CCN1C(=Cc2sc3ccccc3[n+]2CCCS(=O)(=O)[O-])C=Cc2ccc(C)cc21,O,CCN1C(=Cc23~O~[O-]S(=O)(=O)CCC[n+]2c2ccccc2s3)C=Cc2ccc(C)cc21,-3.8216469287872314,ok,
O=[N+]([O-])c1ccc2c(C=Nc3cccc4nsnc34)c(O)ccc2c1,O,O=[N+]([O-])c12~O~Oc3ccc(c1)c(cc2)c3C=Nc1cccc2nsnc12,-4.963230133056641,ok,
CCC1=CC(=O)C=C(CC)C1=O,O,CCC1=CC2=O~O~C1(=O)C(CC)=C2,-2.8970675468444824,ok,
O=C(C(CC)=C1)C(CC)=CC1=O,O,CCC1=CC2=O~O~C1(=O)C(CC)=C2,-2.8970673084259033,ok,
CC(C)Nc1cc(N2CCCCCC2)c2noc3c2c1C(=O)c1ccccc1-3,O,CC(C)N1~O~C2(=O)c3ccccc3-c3onc4c(N5CCCCCC5)cc1c2c34,-4.6076178550720215,ok,
O=C1c2cc(OS(=O)N3CCCCC3)ccc2-c2ccc(S(=O)(=O)N3CCCCC3)cc21,O,O=C1c2cc(O3~O~S3(=O)N3CCCCC3)ccc2-c2ccc(S(=O)(=O)N3CCCCC3)cc21,-5.984899520874023,ok,
COc1ccc(Nc2cc(N3CCN(c4ccccn4)CC3)c3noc4c3c2C(=O)c2ccccc2-4)cc1,O,CO1~O~C2(=O)c3ccccc3-c3onc4c(N5CCN(c6ccccn6)CC5)cc(c2c34)Nc2ccc1cc2,-3.53143048286438,ok,
CN(C)c1ccc(/C=N/n2c(N)c(S(=O)(=O)c3cccs3)c3nc4ccccc4nc32)cc1,O,CN(C)c1ccc(/C=N/n2c3c(c4nc5ccccc5nc42)S(=O)(=O)(c2cccs2)~O~N3)cc1,-3.859668493270874,ok,
CCN1C(=O)/C(=C\c2cc(C)n(CCOC)c2C)c2cc(S(=O)(=O)N3CCOCC3)ccc21,O,CCN1c2ccc(S(=O)(=O)N3CCOCC3)cc2/C2=C/c3cc(C)n(c3C)CCO(C)~O~C21=O,-5.202441692352295,ok,
N#C/C(N)=C(C#N)/N=C/c1cc([N+](=O)[O-])ccc1Sc1ccccn1,O,N#CC1=C(\C#N)N~O~c2([N+](=O)[O-])ccc(Sc3ccccn3)c(c2)\C=N\1,-4.409617900848389,ok,
O=C1c2ccccc2-c2onc3c(N4CCN(C5CCCCC5)CC4)cc(NCc4ccco4)c1c23,O,O=C12~O~o3cccc3CNc3cc(N4CCN(C5CCCCC5)CC4)c4noc(c4c31)-c1ccccc12,-4.774971961975098,ok,
N#Cc1ccc(-c2ccc(/C=C3/S/C(=N\C4CCCCC4)N(C4CCCCC4)C3=O)o2)cc1,O,N#Cc1ccc(-c2ccc3o2~O~C2(=O)/C(=C\3)S/C(=N\C3CCCCC3)N2C2CCCCC2)cc1,-7.309006690979004,ok,
O=c1c2ccccc2c(=O)c2c1c(NCCCO)cc1oc3ccccc3[nH]c12,O,O=c1c2ccccc2c2(=O)~O~o3c4ccccc4[nH]c4c3cc(NCCCO)c1c42,-6.832379341125488,ok,
COc1ccc(N2C(=O)/C(=C/c3ccc(-c4ccc(C(=O)O)cc4)o3)SC2=S)cc1,O,CO1~O~C(=O)(O)c2ccc(cc2)-c2ccc(o2)/C=C2\SC(=S)N(C2=O)c2ccc1cc2,-5.915079116821289,ok,
CSc1ccc(C2=C/C(=C3/N=C(c4ccco4)OC3=O)c3cc(Br)ccc3O2)cc1,O,CSc1ccc(C2=C/C(=C3/N=C4OC3(=O)~O~o3cccc34)c3cc(Br)ccc3O2)cc1,-4.8525390625,ok,
Cc1c(-c2ccccc2)[o+]c2ccccc2c1C=Cc1ccc(NCc2ccccc2)cc1,O,Cc1c2c3ccccc3[o+]c1(-c1ccccc1)~O~N(Cc1ccccc1)c1ccc(cc1)C=C2,-9.697996139526367,ok,
O=C(CCl)N[C@@H](Cc1ccccc1)C(=O)N1C/C(=C\c2ccc([N+](=O)[O-])cc2)C(=O)/C(=C/c2ccc([N+](=O)[O-])cc2)C1,O,O=C1/C(=C/c2ccc([N+](=O)[O-])cc2)CN2C/C1=C\c1ccc([N+](=O)[O-])(~O~N(C(=O)CCl)[C@@H](Cc3ccccc3)C2=O)cc1,-4.928485870361328,ok,
NS(=O)(=O)c1ccc(-c2ccc(C=C3COc4ccccc4C3=O)o2)cc1,O,NS1(=O)(=O)~O~O2CC(=Cc3ccc(o3)-c3ccc1cc3)C(=O)c1ccccc12,-5.242490768432617,ok,
O=C1c2ccccc2C(=O)c2c1ccc1n[se]nc21,O,,,failed,"Pre-condition Violation
	bond already exists
	Violation occurred on line 334 in file Code/GraphMol/RWMol.cpp
	Failed Expression: !(boost::edge(atomIdx1, atomIdx2, d_graph).second)
	RDKIT: 2022.09.5
	BOOST: 1_78
"
CCCCOC(=O)c1cccc(-c2ccc(/C=C3\C(=O)N(CCO)C(=O)C(C#N)=C3C)o2)c1,O,CCCCO1~O~C1(=O)c1cccc(-c2ccc(/C=C3\C(=O)N(CCO)C(=O)C(C#N)=C3C)o2)c1,-5.280764579772949,ok,
O=C(Nc1ccc2nc(N3CCOCC3)sc2c1)c1ccc(S(=O)(=O)NCc2ccco2)cc1,O,O=C1(Nc2ccc3nc(N4CCOCC4)sc3c2)~O~o2cccc2CNS(=O)(=O)c2ccc1cc2,-6.142882823944092,ok,
CCOc1ccc(N2C(=O)C(=Cc3ccc(-c4ccc([N+](=O)[O-])cc4Cl)o3)C(=O)NC2=S)cc1,O,CCO1~O~c2([N+](=O)[O-])ccc(c(Cl)c2)-c2ccc(o2)C=C2C(=O)NC(=S)N(C2=O)c2ccc1cc2,-6.354285717010498,ok,
CNC1CCc2cc(OC)c(OC)c(OC)c2-c2ccc(=[N+]3CCN(c4ccccc4OC)CC3)c([O-])cc21,O,CNC1CCc2cc(OC)c3(OC)~O~[O-]c4cc1c(ccc4=[N+]1CCN(c4ccccc4OC)CC1)-c2c3OC,-2.8202357292175293,ok,
Cc1cc([O-])c(C[NH+]2CCCCCC2)c2c1C(=O)/C(=C/c1cc3cc(Br)ccc3o1)O2,O,Cc1cc2c(C[NH+]3CCCCCC3)c3c1C(=O)(~O~[O-]2)/C(=C/c1cc2cc(Br)ccc2o1)O3,-2.9394121170043945,ok,
CCCCC1=C(C)c2nc1cc1[nH]c(c(C)c1CCCC)c(-c1ccccc1)c1nc(cc3[nH]c(c(C)c3CCCC)c2-c2ccccc2)C(CCCC)=C1C,O,CCCCC1=C(C)c2nc1cc1[nH]c(c(C)c1CCCC)c(-c1ccccc1)c13~O~[nH]4c(cc(n1)C(CCCC)=C3C)c(CCCC)c(C)c4c2-c1ccccc1,-7.371800422668457,ok,
COc1ccc(N2C(=O)/C(=C/c3ccc(-c4ccc([N+](=O)[O-])cc4C)o3)C(=O)NC2=S)cc1,O,Cc1cc([N+](=O)[O-])ccc1-c1ccc(/C=C2\C(=O)NC(=S)N3c4ccc(cc4)O(C)~O~C23=O)o1,-6.035446643829346,ok,
c1ccc(-c2nn3c4cc(N5CCCC5)ccc4nc3c3ccccc23)cc1,O,c1ccc(-c2nn3c4cc5ccc4nc3(~O~N53CCCC3)c3ccccc23)cc1,-5.190951347351074,ok,
C=CCN1C=CC=C/C1=C/C=C/C1=[N+](C)c2ccccc2C1(C)C,O,C=CCN12~O~c34ccccc3C(C)(C)C(=[N+]4C)/C=C/C=C\1C=CC=C2,-4.662374496459961,ok,
CCNc1ccc2ccccc2c1/N=N/c1ccc(/N=N/c2ccccc2)cc1,O,CCN1~O~c2(/N=N/c3ccc(/N=N/c4ccccc4)cc3)c1ccc1ccccc12,-4.409816265106201,ok,
CCN(CC)c1ccc(C=C2C(=O)N(C)C(=S)N(C)C2=O)o1,O,CCN(CC)c1ccc2o1~O~C1(=O)C(=C2)C(=O)N(C)C(=S)N1C,-3.8186933994293213,ok,
Cc1ccc(N2C(=O)/C(=C/c3ccc(-c4ccc(Br)cc4)o3)C=C2c2ccccc2)cc1[N+](=O)[O-],O,Cc1ccc2cc1([N+](=O)[O-])~O~o1c(ccc1-c1ccc(Br)cc1)/C=C1\C=C(c3ccccc3)N2C1=O,-6.303073883056641,ok,
O=C1c2ccccc2C(=O)c2c1ccc(C(=O)N1CCN(c3ccccn3)CC1)c2NCCO,O,O=C1c2ccccc2C(=O)c2c1ccc1c2NCCO~O~C1(=O)N1CCN(c2ccccn2)CC1,-4.263616561889648,ok,
O=C1N=C(N2CCN(c3cccc(Cl)c3)CC2)S/C1=C/c1ccc(-c2cc(Cl)ccc2Cl)o1,O,O=C12~O~o3c(ccc3-c3cc(Cl)ccc3Cl)/C=C\1SC(N1CCN(c3cccc(Cl)c3)CC1)=N2,-5.584122657775879,ok,
CC1CC[NH+](Cc2c([O-])ccc3c2O/C(=C\c2ccco2)C3=O)CC1,O,CC1CC[NH+](Cc2c3ccc4c2O/C(=C\c2ccco2)C4(=O)~O~[O-]3)CC1,-3.896752119064331,ok,
CC1=C(C#N)c2nc(N)c(C#N)c(C)c2C1=Cc1ccc(Sc2nc3ccccc3[nH]2)o1,O,CC1=C(C#N)c2nc(N)c(C#N)c(C)c2C1=Cc1ccc2o1~O~c1(nc3ccccc3[nH]1)S2,,failed,Featurization failed: RDKit could not parse Smiles_Merged
O=C1c2ccccc2C(=O)c2c(NCc3cccnc3)cccc21,O,O=C1c2ccccc2C2(=O)~O~N(Cc3cccnc3)c3cccc1c32,-5.405675888061523,ok,
O=C1C(=Cc2cccc3c2OCO3)CCCC1=Cc1cccc2c1OCO2,O,O=C1C(=Cc2cccc3c2OCO3)CCCC1=Cc1cccc2c1OC1~O~O21,-4.865537643432617,ok,
O=C1c2c(n(/N=C/c3cccc(Cl)c3)c3nc4ccccc4nc23)N[CH-][NH+]1c1ccccc1,O,O=C12~O~N([CH-][NH+]1c1ccccc1)c1c2c2nc3ccccc3nc2n1/N=C/c1cccc(Cl)c1,-4.250581741333008,ok,
CN(C)c1ccc2c(c1)CC/C2=C\c1cc(-c2ccccc2)cc(-c2ccccc2)[n+]1C,O,C[n+]1c2cc(-c3ccccc3)cc1(-c1ccccc1)~O~N(C)(C)c1ccc3c(c1)CC/C3=C\2,-6.4979777336120605,ok,
[C]N([C])c1ccc(C(=NSc2ccccc2[N+](=O)[O-])c2ccc(N([C])[C])cc2)cc1,O,[C]N([C])c1ccc(C2=NSc3ccccc3([N+](=O)[O-])~O~N([C])([C])c3ccc2cc3)cc1,-5.707620620727539,ok,
O=[N+]([O-])c1cccc(/C2=N/c3ccc(Br)cc3/C(c3cccc([N+](=O)[O-])c3)=N\c3ccc(Br)cc32)c1,O,O=[N+]([O-])c1cccc(/C2=N/c3ccc(Br)cc3/C(c3cccc4(~O~O=[N+]4[O-])c3)=N\c3ccc(Br)cc32)c1,,failed,Featurization failed: RDKit could not parse Smiles_Merged
COC(=O)c1ccc2c(ccc(C=Cc3ccc(N(C)C)cc3)[n+]2C)c1,O,CN(C)c1ccc(C=Cc2ccc3cc(C4(=O)~O~O4C)ccc3[n+]2C)cc1,-4.736454963684082,ok,
Cc1ccc(S(=O)(=O)N2CCCC2)cc1C(=O)Nc1ccc2nc(N3CCOCC3)sc2c1,O,Cc1ccc(S(=O)(=O)N2CCCC2)cc1C1(=O)~O~O2CCN(CC2)c2nc3ccc(cc3s2)N1,-5.603479862213135,ok,
CCOc1ccc(N2CN=c3sc(=C4C(=O)Nc5ccc(OC)cc54)c(=O)n3C2)cc1,O,CCOc1ccc(N2CN=c3sc4c(=O)(~O~O(C)c5ccc6c(c5)C=4C(=O)N6)n3C2)cc1,-5.446110248565674,ok,
CC(C)n1c(-c2ccc([N+](=O)[O-])cc2)cs/c1=N\c1ccccc1,O,CC(C)n12~O~c3([N+](=O)[O-])ccc(cc3)-c1cs/c2=N\c1ccccc1,-5.784649848937988,ok,
CCCCCCCCNc1ccc(NC(=O)C2CCC(C(C)(C)C)CC2)c2c1C(=O)c1ccccc1C2=O,O,CCCCCCCCN1~O~C(=O)(C2CCC(C(C)(C)C)CC2)Nc2ccc1c1c2C(=O)c2ccccc2C1=O,-6.343769550323486,ok,
CCOC(=O)c1ccc(-c2ccc(/C=C3/C=C(c4ccccc4)N(c4ccc5ncccc5c4)C3=O)o2)cc1,O,CCO1~O~C1(=O)c1ccc(-c2ccc(/C=C3/C=C(c4ccccc4)N(c4ccc5ncccc5c4)C3=O)o2)cc1,-5.306583404541016,ok,
Cc1ccc(-c2ccc(C=C3Sc4ccccc4C3=O)o2)c([N+](=O)[O-])c1,O,Cc1ccc2c([N+](=O)[O-])(~O~o3c(C=C4Sc5ccccc5C4=O)ccc3-2)c1,-6.4301300048828125,ok,
COc1ccc(NC(=O)c2ccc3c(c2SC)C(=O)c2ccccc2C3=O)cc1,O,CSc1c(C2(=O)~O~O(C)c3ccc(cc3)N2)ccc2c1C(=O)c1ccccc1C2=O,-6.527137756347656,ok,
CCN1C(=O)/C(=C/c2ccc(-c3ccc(Cl)c(C(F)(F)F)c3)o2)NC1=S,O,CCN1C(=O)/C(=C/c2ccc3o2~O~C(F)(F)(F)c2cc-3ccc2Cl)NC1=S,-7.445924758911133,ok,
O=C1C(=Cc2ccc(-c3ccc(Br)cc3)o2)SC(=S)N1c1ccc([N+](=O)[O-])cc1,O,O=[N+]([O-])c1ccc(N2C(=S)SC3=Cc4ccc(-c5ccc(Br)cc5)o4~O~C32=O)cc1,-6.818408966064453,ok,
O=C1c2ccccc2S(=O)(=O)c2cc(C(=O)N(c3ccc(Cl)c(Cl)c3)c3nc4ccccc4s3)ccc21,O,O=C1(N(c2ccc(Cl)c(Cl)c2)c2nc3ccccc3s2)~O~O=C2c3ccccc3S(=O)(=O)c3cc1ccc32,-5.2264814376831055,ok,
O=C1C(=Cc2ccc(-c3cccc([N+](=O)[O-])c3)o2)SC(=S)N1c1ccc(Cl)cc1Cl,O,O=[N+]([O-])c1cccc(-c2ccc3o2~O~C2(=O)C(=C3)SC(=S)N2c2ccc(Cl)cc2Cl)c1,-7.418566703796387,ok,
COc1cc([N+](=O)[O-])ccc1-c1ccc(C=C2SC(=S)N(c3cccc(Cl)c3)C2=O)o1,O,CO1~O~c2([N+](=O)[O-])ccc(-c3ccc(C=C4SC(=S)N(c5cccc(Cl)c5)C4=O)o3)c1c2,-6.3946990966796875,ok,
O=C1c2ccccc2C(=O)c2cc([OH+]S([O-])=NCCCCc3ccccc3)ccc21,O,O=C1c2ccccc2C(=O)c2cc3(~O~[O-]S(=NCCCCc4ccccc4)[OH+]3)ccc21,,failed,Featurization failed: RDKit could not parse Smiles_Merged
CCc1ccc(N=C2SC(=Cc3ccc(-c4cccc([N+](=O)[O-])c4)o3)C(=O)N2C2CCCCC2)cc1,O,CCc1ccc(N=C2SC(=Cc3ccc4o3~O~c3([N+](=O)[O-])cccc-4c3)C(=O)N2C2CCCCC2)cc1,-7.166783332824707,ok,
CC1=C(C#N)c2nc(N)c(C#N)c(C)c2C1=Cc1cc([N+](=O)[O-])ccc1Cl,O,CC1=C(C#N)c2nc3c(C#N)c(C)c2C1=Cc1cc([N+](=O)[O-])(~O~N3)ccc1Cl,-5.787439823150635,ok,
COc1ccc(Nc2cc(N3CCN(c4ccccc4)CC3)c3noc4c3c2C(=O)c2ccccc2-4)cc1,O,CO1~O~C2(=O)c3ccccc3-c3onc4c(N5CCN(c6ccccc6)CC5)cc(c2c34)Nc2ccc1cc2,-4.016617298126221,ok,
Nc1c(NCCO)cc(Nc2ccccc2)c2c1C(=O)c1ccccc1C2=O,O,O=C1c2ccccc2C2(=O)~O~Nc3c(NCCO)cc(Nc4ccccc4)c1c32,-5.774801254272461,ok,
COc1ccc(-c2c/c(=N\c3ccccc3)c3cc([N+](=O)[O-])ccc3o2)cc1,O,CO1~O~c2([N+](=O)[O-])ccc3oc(c/c(=N\c4ccccc4)c3c2)-c2ccc1cc2,-5.5121049880981445,ok,
CCC(C)/[NH+]=c1/ccc2c(cc1[O-])[C@@H](NC(C)=O)CCc1cc(OC)c(OC)c(OC)c1-2,O,CCC(C)/[NH+]=c1/ccc2c3cc1[O-]~O~C(C)(=O)N[C@H]3CCc1cc(OC)c(OC)c(OC)c1-2,-4.0531182289123535,ok,
O=S(=O)(c1ccc(/N=N/c2ccc(O)c3ccccc23)cc1)N1CCCC1,O,O=S1(=O)(N2CCCC2)~O~Oc2ccc(c3ccccc23)/N=N/c2ccc1cc2,-3.110626697540283,ok,
CN(C)c1ccc(/C=C2/C(=O)c3ccccc3S(=O)(=O)N2Cc2ccncc2)s1,O,CN1(C)~O~S2(=O)(=O)c3ccccc3C(=O)/C(=C/c3ccc1s3)N2Cc1ccncc1,-5.538809776306152,ok,
Cc1cccc(C2=NC(=Cc3ccc(-c4ccc([N+](=O)[O-])cc4)o3)C(=O)O2)c1,O,Cc1cccc(C2=NC3=Cc4ccc(-c5ccc([N+](=O)[O-])cc5)o4~O~C3(=O)O2)c1,-5.227295875549316,ok,
CCOC(/C=C1/Sc2ccccc2N1CC)=C1/SC(=S)N(CC)C1=O,O,CCN1/C(=C\C2=C3/SC(=S)N(CC)C3(=O)~O~O2CC)Sc2ccccc21,-6.958702564239502,ok,
O=C1[N]c2ccc(S(=O)(=O)[N][C][C]3[C][C][C]O3)cc2C1=C1[C][C][C][C]1,O,O=C12~O~O3[C][C][C][C]3[C][N]S(=O)(=O)c3ccc(c(c3)C1=C1[C][C][C][C]1)[N]2,-4.000081539154053,ok,
CC1CC(C)C[NH+](Cc2c([O-])ccc3c2O/C(=C\c2cccs2)C3=O)C1,O,CC1CC(C)C[NH+](Cc2c3ccc4c2O/C(=C\c2cccs2)C4(=O)~O~[O-]3)C1,-4.143353462219238,ok,
CCOC(=O)C1CCN(c2cc(NCc3ccco3)c3c4c(onc24)-c2ccccc2C3=O)CC1,O,CCOC1(=O)~O~o2cccc2CNc2cc(c3noc4c3c2C(=O)c2ccccc2-4)N2CCC1CC2,-5.628830432891846,ok,
COc1ccc2c(c1)C(c1ccc([N+](=O)[O-])cc1)=NNC(c1cccs1)=N2,O,CO1~O~c2([N+](=O)[O-])ccc(cc2)C2=NNC(c3cccs3)=Nc3ccc1cc32,-6.796989440917969,ok,
COc1ccc(CN2C(=O)[C@@H]3CCCN3c3ccc([N+](=O)[O-])cc3/C2=C(/C#N)NC(C)(C)C)cc1,O,CO1~O~c2([N+](=O)[O-])ccc3c(c2)/C(=C(/C#N)NC(C)(C)C)N(Cc2ccc1cc2)C(=O)[C@@H]1CCCN31,-6.033538818359375,ok,
CC(C)[N+]1=C2C=CC=CC=C2SC12C([N+](=O)[O-])=CC(=[N+]([O-])[O-])C=C2[N+](=O)[O-],O,CC(C)[N+]1=C2C=CC=CC=C2SC123~O~[O-][N+]([O-])=C(C=C2[N+](=O)[O-])C=C3[N+](=O)[O-],-3.687248945236206,ok,
O=C(C[N+]1=C(NC2CCCCC2)CCCC1)c1ccccc1,O,c1ccc(C2=O~O~C3(NC4CCCCC4)=[N+](CCCC3)C2)cc1,-4.014920234680176,ok,
CCN(CC)c1ccc(/C=N/c2ccc(/N=N/c3ccccc3)cc2)c(O)c1,O,CCN(CC)c1ccc(/C=N/c2ccc(/N=N/c3ccccc3)cc2)c2(~O~O2)c1,,failed,Featurization failed: RDKit could not parse Smiles_Merged
O=C(C=Cc1ccc(-c2ccc(Cl)c(Cl)c2)o1)c1cccc(N2CCOCC2)c1,O,O=C1(c2cccc(N3CCOCC3)c2)~O~o2c(ccc2-c2ccc(Cl)c(Cl)c2)C=C1,-6.29476261138916,ok,
Cc1cc2nc3ccc(N(C)C)cc3nc2cc1N=Cc1ccc(Cl)cc1Cl,O,Cc1cc2nc3ccc4cc3nc2(~O~N4(C)C)cc1N=Cc1ccc(Cl)cc1Cl,-6.045485973358154,ok,
COc1ccccc1N1C(=O)S/C(=C\C=C\c2ccco2)C1=O,O,CO1~O~C2(=O)S/C(=C\C=C\c3ccco3)C(=O)N2c2ccccc21,-5.40145206451416,ok,
O=C1c2cc(S(=O)(=O)N3CCN(c4ccccn4)CC3)ccc2-c2ccc(S(=O)(=O)N3CCN(c4ccccn4)CC3)cc21,O,O=C1c2cc(S(=O)(=O)N3CCN(c4ccccn4)CC3)ccc2-c2ccc(S3(=O)(=O)~O~N4(c5ccccn5)CCN3CC4)cc21,-4.689319610595703,ok,
O=C(C=Cc1ccc(-c2ccccc2Cl)o1)c1cccc(N2CCOCC2)c1,O,O=C1(c2cccc(N3CCOCC3)c2)~O~o2c(ccc2-c2ccccc2Cl)C=C1,-5.865329265594482,ok,
CCn1cc(/C=C2/Oc3c(ccc([O-])c3C[NH+](CC)CC)C2=O)c2ccccc21,O,CCn1cc(/C=C2/Oc3c4ccc(c3C[NH+](CC)CC)[O-]~O~C24=O)c2ccccc21,-4.058841705322266,ok,
O=C(O)CCN1C(=O)C(=Cc2ccc(-c3ccccc3)o2)SC1=S,O,O=C1C(=Cc2ccc(-c3ccccc3)o2)SC(=S)N1CCC1(=O)~O~O1,-4.536853313446045,ok,
COCCNc1cc(N2CCC3(CC2)OCCO3)c2noc3c2c1C(=O)c1ccccc1-3,O,CO1~O~C2(=O)c3ccccc3-c3onc4c(N5CCC6(CC5)OCCO6)cc(c2c34)NCC1,-5.257814407348633,ok,
CCNc1cc(N(CC)CCO)c2noc3c2c1C(=O)c1ccccc1-3,O,CCNc1cc2c3noc4c3c1C(=O)(~O~OCCN2CC)c1ccccc1-4,-3.8562071323394775,ok,
O=C(O)CCN1C(=O)C(=CC2=Cc3ccccc3OC2)SC1=S,O,O=C1C2=CC3=Cc4ccccc4O(~O~C(=O)(O)CCN1C(=S)S2)C3,-5.548530578613281,ok,
CCn1cc(/C=C2/Oc3c(ccc([O-])c3C[NH+]3CCCCCC3)C2=O)c2ccccc21,O,CCn1cc(/C=C2/Oc3c4ccc(c3C[NH+]3CCCCCC3)[O-]~O~C24=O)c2ccccc21,-3.1021509170532227,ok,
CCCCC(CC)CN1C(=O)/C(=C\c2ccc(-c3cccc(Cl)c3Cl)o2)SC1=S,O,CCCCC(CC)CN1C(=S)S/C2=C/c3ccc(-c4cccc(Cl)c4Cl)o3~O~C21=O,-8.427260398864746,ok,
CN(C)c1ccc(/C=C/c2cc(-c3ccccc3)[n+](C)c(-c3ccccc3)c2)cc1,O,C[n+]1c(-c2ccccc2)cc2cc1(-c1ccccc1)~O~N(C)(C)c1ccc(cc1)/C=C/2,-6.291584014892578,ok,
CCOC(=O)c1ccccc1-c1c2ccc(N(C)C)cc2[o+]c2cc(N(C)C)ccc12.[O-][Cl+3]([O-])([O-])[O-],O,CCO1~O~c23cc(N(C)C)ccc2c(c2ccc(N(C)C)cc2[o+]3)-c2ccccc2C1=O.[O-][Cl+3]([O-])([O-])[O-],-8.256905555725098,ok,
O=C1C(=Cc2ccc(-c3ccc(Cl)c(Cl)c3)o2)SC(=S)N1CC1CCCO1,O,O=C12~O~o3c(ccc3-c3ccc(Cl)c(Cl)c3)C=C1SC(=S)N2CC1CCCO1,-8.014775276184082,ok,
CCCOC(=O)c1cccc(-c2ccc(C=C3C(=O)N(CCO)C(=O)C(C#N)=C3C)o2)c1,O,CCCO1~O~C1(=O)c1cccc(-c2ccc(C=C3C(=O)N(CCO)C(=O)C(C#N)=C3C)o2)c1,-5.2145915031433105,ok,
O=[N+]([O-])c1ccc(-c2cs/c(=N/N=C/c3ccccc3Cl)n2-c2ccccc2)cc1,O,O=[N+]([O-])c12~O~n3(-c4ccccc4)c(cs/c3=N/N=C/c3ccccc3Cl)-c(cc1)cc2,-5.615497589111328,ok,
O=C(O)CN1C(=O)C(=Cc2ccc(-c3cccc4c3C(=O)c3ccccc3C4=O)o2)SC1=S,O,O=C1c2ccccc2C(=O)c2c1cccc2-c1ccc(C=C2SC(=S)N(CC3(=O)~O~O3)C2=O)o1,-5.446994781494141,ok,
COc1cc(/C(C)=C\C=C\C=C\C=C\c2[nH]ccc2Cl)oc(=O)c1C,O,C/C(=C/C=C/C=C/C=C/c1[nH]ccc1Cl)c1cc2c(C)c(=O)(~O~O2C)o1,-4.737562656402588,ok,
O=C1N/C(=N\c2ccc(Cl)cc2)S/C1=C\c1ccc(N2CCCC2)o1,O,O=C12~O~o3c(ccc3N3CCCC3)/C=C/1S/C(=N/c1ccc(Cl)cc1)N2,-6.502386093139648,ok,
COCCN1C(=O)C(=Cc2ccc(-c3cccc(Cl)c3Cl)o2)SC1=S,O,COCCN1C(=S)SC2=Cc3ccc(-c4cccc(Cl)c4Cl)o3~O~C21=O,-7.805353164672852,ok,
O=C(O)c1ccc(-c2ccc(C=C3SC(=S)N(c4ccc([N+](=O)[O-])cc4)C3=O)o2)cc1,O,O=C1C(=Cc2ccc(-c3ccc(C4(=O)~O~O4)cc3)o2)SC(=S)N1c1ccc([N+](=O)[O-])cc1,-4.484987258911133,ok,
Cc1ccc(-c2csc(/C(C#N)=C/c3ccc(N(C)C)cc3)n2)cc1,O,Cc1ccc(-c2csc3(~O~N(C)(C)c4ccc(cc4)/C=C/3C#N)n2)cc1,,failed,Featurization failed: RDKit could not parse Smiles_Merged
O=C(Nc1ccc(-c2csc(N3CCOCC3)n2)cc1)c1ccc(C(F)(F)F)cc1,O,O=C1Nc2ccc(cc2)-c2csc(n2)N2CCO(~O~C(F)(F)(F)c3ccc1cc3)CC2,-6.266358375549316,ok,
CCOC(=O)C1=C(c2ccccc2)S/C(=C2/C(=S)C(C)(C)Nc3cc(OCC)ccc32)S1,O,CCOC1(=O)~O~O(CC)c2ccc3c(c2)NC(C)(C)C(=S)/C3=C2/SC(c3ccccc3)=C1S2,-7.640488624572754,ok,
CS(=O)(=O)N1CCCc2cc(C(=O)Nc3ccc4nc(N5CCOCC5)sc4c3)ccc21,O,CS(=O)(=O)N1CCCc2cc(C3(=O)~O~O4CCN(CC4)c4nc5ccc(cc5s4)N3)ccc21,-5.623557090759277,ok,
CN1/C(=C\C=N/c2ccc(C(=O)O)cc2)C(C)(C)c2ccccc21,O,CN1/C(=C\C=N/c2ccc(C3(=O)~O~O3)cc2)C(C)(C)c2ccccc21,-3.3718135356903076,ok,
CCOc1ccc(Nc2cc(N3CCN(c4ccccc4F)CC3)c3noc4c3c2C(=O)c2ccccc2-4)cc1,O,CCO1~O~C2(=O)c3ccccc3-c3onc4c(N5CCN(c6ccccc6F)CC5)cc(c2c34)Nc2ccc1cc2,-4.030269622802734,ok,
CC1=C(C#N)c2nc(N)c(C#N)c(C)c2/C1=C\c1ccsc1,O,CC1=C(C#N)c2nc3(~O~N3)c(C#N)c(C)c2/C1=C\c1ccsc1,,failed,Featurization failed: RDKit could not parse Smiles_Merged
O=[N+]([O-])c1ccc2sc(C=Cc3csc(-c4ccco4)n3)nc2c1,O,O=[N+]([O-])c12~O~o3cccc3-c3nc(cs3)C=Cc3nc(c1)c(cc2)s3,-6.130666732788086,ok,
COC(=O)C1=C(C)N(c2ccc(C)c(C)c2)C(=Cc2ccc(-c3cccc([N+](=O)[O-])c3)o2)C1=O,O,CC1=C(C2(=O)~O~O2C)C(=O)C(=Cc2ccc(-c3cccc([N+](=O)[O-])c3)o2)N1c1ccc(C)c(C)c1,-4.740241527557373,ok,
CCN1c2ccccc2Sc2cc(C=CC34NC(=O)CN3c3ccccc3C4(C)C)ccc21,O,CCN12~O~C3(=O)CN4c5ccccc5C(C)(C)C4(C=Cc4ccc1c(c4)Sc1ccccc12)N3,-4.806940078735352,ok,
O=C1/C(=C\c2cc(/N=N/c3cccc(C(F)(F)F)c3)ccc2O)SC(=S)N1C1CCCCC1,O,O=C1/C(=C\c2cc3ccc2O~O~C(F)(F)(F)c2cccc(c2)/N=N/3)SC(=S)N1C1CCCCC1,-4.782882213592529,ok,
CCN1C(=O)C(=Cc2ccc(-c3ccccc3Cl)o2)SC1=S,O,CCN1C(=S)SC2=Cc3ccc(-c4ccccc4Cl)o3~O~C21=O,-7.099730491638184,ok,
O=[N+]([O-])c1ccc(-c2nsc3c(N4CCCC4)ncnc23)cc1,O,O=[N+]([O-])c12~O~N3(CCCC3)c3ncnc4c(nsc34)-c(cc1)cc2,-3.826866626739502,ok,
[O-]c1c(-c2ccccc2)sc2c3ccccc3c(-c3ccccc3)n[n+]12,O,c1ccc(-c2sc34~O~[O-]c2[n+]3nc(-c2ccccc2)c2ccccc24)cc1,-5.176133155822754,ok,
CN(C)c1ccc(/C=C2\N=C(c3ccc(Cl)cc3Cl)OC2=O)cc1,O,CN(C)c1ccc(/C=C2\N=C(c3ccc(Cl)cc3Cl)O3~O~C23=O)cc1,-4.799321174621582,ok,
c1ccc(-c2c3cc4ccccc4cc3c(-c3ccccc3)c3cc4ccccc4cc23)cc1,O,c1ccc(-c2c3cc4ccccc4cc3c3(~O~c4ccc-3cc4)c3cc4ccccc4cc23)cc1,,failed,Featurization failed: RDKit could not parse Smiles_Merged
O=C1C(=Cc2ccc(-c3ccc([N+](=O)[O-])cc3Cl)o2)SC(=S)N1c1cccc(Cl)c1,O,O=C1C(=Cc2ccc3o2~O~c2([N+](=O)[O-])ccc-3c(Cl)c2)SC(=S)N1c1cccc(Cl)c1,-7.271091461181641,ok,
COc1ccc(-c2nc(/N=C/c3ccc(OC)c(OC)c3)sc2-c2ccc([N+](=O)[O-])cc2)cc1,O,COc1ccc(/C=N/c2nc3c(s2)-c2ccc([N+](=O)[O-])(~O~O(C)c4ccc-3cc4)cc2)cc1OC,-5.2671003341674805,ok,
O=S(=O)(c1ccc(/N=N/c2ccc(O)c3ccccc23)cc1)N1CCCCC1,O,O=S1(=O)(N2CCCCC2)~O~Oc2ccc(c3ccccc23)/N=N/c2ccc1cc2,-3.1784369945526123,ok,
O=c1c(=CC=Cc2ccccc2)sc2n1CN(c1ccc(Br)cc1)CN=2,O,O=c12~O~N3(c4ccc(Br)cc4)CN=c(sc1=CC=Cc1ccccc1)n2C3,-4.352382659912109,ok,
O=C1N=C(N2CCN(c3ccccc3)CC2)SC1=Cc1ccc(-c2ccc(Br)cc2)o1,O,O=C12~O~o3c(ccc3-c3ccc(Br)cc3)C=C1SC(N1CCN(c3ccccc3)CC1)=N2,-4.565077304840088,ok,
CCN(CC)c1ccc(/C=C2\S/C(=N\c3ccc(F)cc3)NC2=O)o1,O,CCN(CC)c1ccc2o1~O~C1(=O)N/C(=N/c3ccc(F)cc3)S/C1=C\2,-6.621637344360352,ok,
O=C1C(=Cc2ccc(-c3c(Cl)cccc3Cl)o2)SC(=S)N1CCS(=O)(=O)O,O,O=C1C2=Cc3ccc(-c4c(Cl)cccc4Cl)o3~O~S(=O)(=O)(O)CCN1C(=S)S2,-6.570346832275391,ok,
O=C1/C(=C\c2ccc(-c3cccc([N+](=O)[O-])c3)o2)SC(=S)N1CC1CCCO1,O,O=C1/C(=C\c2ccc3o2~O~c2([N+](=O)[O-])cccc-3c2)SC(=S)N1CC1CCCO1,-7.405910015106201,ok,
COc1ccc(N2CCN(c3cc(NCC(C)C)c4c(c3N)C(=O)c3ccccc3C4=O)CC2)cc1,O,CC(C)CNc1cc2c(N)c3c1C(=O)c1ccccc1C3(=O)~O~O(C)c1ccc(cc1)N1CCN2CC1,-4.1584153175354,ok,
CCN1C(=c2sc(=C3C(=O)c4ccccc4C3=O)n(CC)c2=O)C=Cc2ccccc21,O,CCn1c(=C2C(=O)c3ccccc3C2=O)sc2c1(=O)~O~N1(CC)C=2C=Cc2ccccc21,-6.116695880889893,ok,
CCOc1ccc(-c2ccc(C=C3SC(=S)N(CC)C3=O)o2)c([N+](=O)[O-])c1,O,CCN1C(=O)C(=Cc2ccc(-c3ccc4cc3([N+](=O)[O-])~O~O4CC)o2)SC1=S,-6.596973419189453,ok,
O=C1/C(=C/c2ccc([N+](=O)[O-])cc2)C=C(c2ccccc2)N1c1ccccc1Br,O,O=C1/C2=C/c3ccc([N+](=O)[O-])(~O~N1(c1ccccc1Br)C(c1ccccc1)=C2)cc3,-4.939873695373535,ok,
CCCCNc1cc(N2CCC(C)CC2)c2noc3c2c1C(=O)c1ccccc1-3,O,CCCCN1~O~C2(=O)c3ccccc3-c3onc4c(N5CCC(C)CC5)cc1c2c34,-5.11833381652832,ok,
CCOc1ccc2c(c1)C(=c1sc3n(c1=O)CN(c1ccc(C)cc1)CN=3)C(=O)N2,O,CCO1~O~c2(=O)c(sc3n2CN(c2ccc(C)cc2)CN=3)=C2C(=O)Nc3ccc1cc32,-5.260251045227051,ok,
CC(=O)Nc1ccc(/N=C/c2ccc([N+](=O)[O-])s2)cc1,O,CC(=O)N1~O~c2([N+](=O)[O-])ccc(s2)/C=N/c2ccc1cc2,-4.678646087646484,ok,
O=c1c2cc(O)cc3cccc(c32)c2nc3ccc4c5c(ccc(c35)n12)CC4,O,O=c12~O~Oc3cc4cccc(c4c1c3)c1nc3ccc4c5c(ccc(c35)n12)CC4,-5.024631977081299,ok,
[C]N([C])c1ccc([C]=[C]C2=[C]C(=C(C#N)C#N)c3ccccc3O2)s1,O,[C]N([C])c1ccc([C]=[C]C23~O~O2c2ccccc2C(=C(C#N)C#N)[C]=3)s1,-6.429172515869141,ok,
CCCCN1C(=O)/C(=C/c2ccc(-c3cccc(C(=O)O)c3)o2)NC1=S,O,CCCCN1C(=O)/C(=C/c2ccc(-c3cccc(C4(=O)~O~O4)c3)o2)NC1=S,-4.98030948638916,ok,
CCOc1ccc(/C=N/n2c3c(c4nc5ccccc5nc42)C(=O)N(CCOC)CN3)cc1,O,CCO1~O~C2(=O)c3c(n(c4nc5ccccc5nc34)/N=C/c3ccc1cc3)NCN2CCOC,-3.12876296043396,ok,
CCOC(=O)c1ccc(-c2ccc(C=C3C(=O)OC4(CCCCC4)OC3=O)o2)cc1,O,CCO1~O~C2(=O)OC3(CCCCC3)OC(=O)C2=Cc2ccc(o2)-c2ccc(cc2)C1=O,-6.160730838775635,ok,
O=C(O)CCCN1C(=O)C(=Cc2ccc(-c3ccc(C(=O)O)cc3)o2)SC1=S,O,O=C1CCCN2C(=O)C(=Cc3ccc(o3)-c3ccc(cc3)C(=O)(O)~O~O1)SC2=S,-4.3559651374816895,ok,
CN(C)c1ccc(/C=N/c2ccc(/N=C/c3ccc(N(C)C)cc3)cc2)cc1,O,CN(C)c1ccc(/C=N/c2ccc3(~O~N(C)(C)c4ccc(cc4)/C=N/3)cc2)cc1,,failed,Featurization failed: RDKit could not parse Smiles_Merged
Nc1c(/N=N/c2cccc([N+](=O)[O-])c2)ccc2nonc12,O,O=[N+]([O-])c12~O~Nc3c(ccc4nonc34)/N=N/c(ccc1)c2,-3.552988290786743,ok,
CC1=[N+](C)c2ccc3ccccc3c2C1(C)C,O,CC1=[N+]2(C)~O~c23ccc2ccccc2c3C1(C)C,-5.435537338256836,ok,
Cc1ccccc1/N=C1\C=C(N2CCOCC2)c2noc3c2c1c(O)c1ccccc13,O,Cc1ccccc1/N=C1\C=C(N2CCOCC2)c2noc34~O~Oc(c1c23)c1ccccc14,-4.436546325683594,ok,
[C][C]([C])[N]S(=O)(=O)c1ccc2c(c1)C(=C1[C][C][C][C]1)C(=O)[N]2,O,[C][C]([C])[N]S(=O)(=O)c1ccc2c(c1)C(=C1[C][C][C][C]1)C1(~O~O=1)[N]2,-2.9254980087280273,ok,
CCCN1CCN(c2cc(Nc3ccc(C(=O)OC)cc3)c3c4c(onc24)-c2ccccc2C3=O)CC1,O,CCCN1CCN(c2cc(Nc3ccc(C4(=O)~O~O4C)cc3)c3c4c(onc24)-c2ccccc2C3=O)CC1,-4.894023895263672,ok,
CCOC(=O)C1=C(Nc2ccccc2)SC(=Cc2ccc(-c3ccc([N+](=O)[O-])cc3Cl)o2)C1=O,O,CCO1~O~C1(=O)C1=C(Nc2ccccc2)SC(=Cc2ccc(-c3ccc([N+](=O)[O-])cc3Cl)o2)C1=O,-5.7667436599731445,ok,
CC1CC(C)CN(c2cc(NCCO)c3c4c(onc24)-c2ccccc2C3=O)C1,O,CC1CC(C)CN(c2cc3c4c5c(onc25)-c2ccccc2C4(=O)~O~OCCN3)C1,-3.9365975856781006,ok,
O=c1c(=CC=Cc2ccccc2)sc2n1CN(c1ccc(Cl)cc1)CN=2,O,O=c12~O~N3(c4ccc(Cl)cc4)CN=c(sc1=CC=Cc1ccccc1)n2C3,-4.651063919067383,ok,
COc1ccc(-c2ccc(C=C3SC(=S)N(N4CCOCC4)C3=O)o2)cc1,O,CO1~O~C2(=O)C(=Cc3ccc(o3)-c3ccc1cc3)SC(=S)N2N1CCOCC1,-5.845458030700684,ok,
CCN(CC)c1ccc(N=Nc2ccc(NC(C)=O)cc2)cc1,O,CCN1(CC)~O~C(C)(=O)Nc2ccc(cc2)N=Nc2ccc1cc2,-3.5081026554107666,ok,
COc1cc([N+](=O)[O-])ccc1-c1ccc(/C=C2/SC(=S)N(C)C2=O)o1,O,CN1C(=O)/C(=C\c2ccc(-c3ccc4([N+](=O)[O-])~O~O(C)c3c4)o2)SC1=S,-6.1402764320373535,ok,
O=C(O)CCCNc1cc(N2CCC3(CC2)OCCO3)c2noc3c2c1C(=O)c1ccccc1-3,O,O=C1c2ccccc2-c2onc3c(N4CCC5(CC4)OCCO5)cc(NCCCC4(=O)~O~O4)c1c23,-4.350543975830078,ok,
CCN1C(=O)/C(=C2\C=Cc3cc(OC)ccc3N2C)SC1=S,O,CCN1C(=S)S/C2=C3/C=Cc4cc(ccc4N3C)O(C)~O~C21=O,-5.719475746154785,ok,
COCCNC(=S)Nc1ccc2nc3c4ccccc4c4ccccc4c3nc2c1,O,CO1~O~C(=S)(Nc2ccc3nc4c5ccccc5c5ccccc5c4nc3c2)NCC1,-5.441760540008545,ok,
CCOc1ccccc1/C=C1\Oc2c(ccc([O-])c2C[NH+](CC)CC)C1=O,O,CCOc1ccccc1/C=C1\Oc2c3ccc(c2C[NH+](CC)CC)[O-]~O~C13=O,-4.077558517456055,ok,
CCOc1ccc(N2C(=O)/C(=C/c3ccc(-c4ccc(Cl)c(Cl)c4)o3)NC2=S)cc1,O,CCO1~O~C2(=O)/C(=C/c3ccc(-c4ccc(Cl)c(Cl)c4)o3)NC(=S)N2c2ccc1cc2,-7.0804290771484375,ok,
CCCC[n+]1c(/C=C/c2ccc(N(C)C)cc2)sc2ccc(OC)cc21,O,CCCC[n+]1c2cc3ccc2sc1(/C=C/c1ccc(N(C)C)cc1)~O~O3C,-6.714810371398926,ok,
CCOc1ccc2c(c1)-c1c(ssc1=S)C(C)(C)N2C(=O)/C=C/c1ccc([N+](=O)[O-])cc1,O,CCO1~O~c2([N+](=O)[O-])ccc(cc2)/C=C/C(=O)N2c3ccc1cc3-c1c(ssc1=S)C2(C)C,-7.443757057189941,ok,
COc1ccccc1N1C(=O)C(=Cc2ccc(-c3cccc(C(=O)O)c3)o2)SC1=S,O,CO1~O~C(=O)(O)c2cccc(c2)-c2ccc(o2)C=C2SC(=S)N(C2=O)c2ccccc21,-5.945277690887451,ok,
N#C/C(=C\c1ccc([N+](=O)[O-])cc1)c1nc(-c2ccco2)cs1,O,N#C/C1=C\c2ccc([N+](=O)[O-])(~O~o3cccc3-c3csc1n3)cc2,-5.860840797424316,ok,
O=C(C=CC=Cc1ccccc1)C(C(=O)c1ccccc1)=C1SCCCS1,O,O=C1(c2ccccc2)~O~O=C(C=CC=Cc2ccccc2)C1=C1SCCCS1,-4.784601211547852,ok,
O=C1OC(c2ccc(I)cc2)=NC1=CC=Cc1cccc([N+](=O)[O-])c1,O,O=[N+]([O-])c1cccc(C=CC=C2N=C(c3ccc(I)cc3)O3~O~C23=O)c1,-4.361150741577148,ok,
COc1ccc(OC)c(/C=C2\Oc3c(ccc([O-])c3C[NH+]3CC(C)CC(C)C3)C2=O)c1,O,COc1ccc(OC)c(/C=C2\Oc3c4ccc(c3C[NH+]3CC(C)CC(C)C3)[O-]~O~C24=O)c1,-4.229427337646484,ok,
CC1=C(C#N)C(=O)N(CCc2ccccc2)C(=O)/C1=C/c1ccc(-c2ccc(S(=O)(=O)Nc3nccs3)cc2)o1,O,CC1=C(C#N)C2(=O)~O~o3c(ccc3-c3ccc(S(=O)(=O)Nc4nccs4)cc3)/C=C\1C(=O)N2CCc1ccccc1,-6.501520156860352,ok,
[C]OC(=O)C1=C(S[C]c2ccc(F)cc2)SC(=C2C(=O)[C][C](c3ccccc3)[C]C2=O)S1,O,[C]O1~O~C1(=O)C1=C(S[C]c2ccc(F)cc2)SC(=C2C(=O)[C][C](c3ccccc3)[C]C2=O)S1,-5.3965044021606445,ok,
O=C1/C(=C\c2ccc(-c3ccc([N+](=O)[O-])cc3)o2)SC(=S)N1Cc1ccco1,O,O=C1/C2=C\c3ccc(o3)-c3ccc([N+](=O)[O-])(~O~o4cccc4CN1C(=S)S2)cc3,-6.524406433105469,ok,
CN(C)c1ccc(/C=c2/sc3nc(-c4ccc([N+](=O)[O-])cc4)cn3c2=O)cc1,O,CN1(C)~O~c2(=O)/c(sc3nc(-c4ccc([N+](=O)[O-])cc4)cn32)=C\c2ccc1cc2,-5.229913711547852,ok,
Cc1cc([N+](=O)[O-])ccc1-c1ccc(C=C2SC(=S)N(C3CCCCC3)C2=O)o1,O,Cc1cc2([N+](=O)[O-])~O~o3c(C=C4SC(=S)N(C5CCCCC5)C4=O)ccc3-c1cc2,-7.526795387268066,ok,
COc1ccc(N2C(=O)/C(=C\c3ccc(N(C)c4ccccc4)cc3)SC2=S)cc1,O,CN(c1ccccc1)c1ccc(/C=C2/SC(=S)N3c4ccc(cc4)O(C)~O~C23=O)cc1,-5.855508804321289,ok,
CN1CCN(c2cc(NCc3ccco3)c3c4c(onc24)-c2ccccc2C3=O)CC1,O,CN1CCN(c2cc3c4c5c(onc25)-c2ccccc2C4(=O)~O~o2cccc2CN3)CC1,-4.434121131896973,ok,
N#C/C(=C\c1ccc(-c2ccc([N+](=O)[O-])cc2)o1)c1nc(-c2cccs2)cs1,O,N#C/C(=C\c1ccc2o1~O~c1([N+](=O)[O-])ccc-2cc1)c1nc(-c2cccs2)cs1,-6.985179901123047,ok,
O=C1N=C(N2CCN(c3cccc(C(F)(F)F)c3)CC2)S/C1=C\c1ccc(-c2ccccc2[N+](=O)[O-])o1,O,O=C1N=C2S/C1=C\c1ccc(-c3ccccc3[N+](=O)[O-])o1~O~C(F)(F)(F)c1cccc(c1)N1CCN2CC1,-5.46684455871582,ok,
CCN1CCN(c2ccc(Nc3ccnc4c3ccc3nsnc34)cc2)CC1,O,CCN1CCN2(~O~c34nsnc3ccc3c(ccnc34)Nc3ccc2cc3)CC1,-4.581874847412109,ok,
COc1ccc(C2=NC(=Cc3ccc(-c4ccc([N+](=O)[O-])cc4)o3)C(=O)O2)cc1,O,CO1~O~C2(=O)OC(=NC2=Cc2ccc(-c3ccc([N+](=O)[O-])cc3)o2)c2ccc1cc2,-4.499348163604736,ok,
CCn1c(=O)/c(=C\C=C2/SC=C(c3ccccc3)N2CCCS(=O)(=O)[O-])s/c1=C\c1scc(-c2ccccc2)[n+]1CCCS(=O)(=O)[O-],O,CCn1/c(=C/c2scc(-c3ccccc3)[n+]2CCCS(=O)(=O)[O-])s\c2c1(=O)~O~[O-]S(=O)(=O)CCCN1C(c3ccccc3)=CS/C1=C\C=2,-4.93527889251709,ok,
O=[N+]([O-])c1ccc(-c2csc(/C=C/c3ccc4c(c3)OCO4)n2)cc1,O,O=[N+]([O-])c12~O~O3COc4cc(ccc43)/C=C/c3nc(cs3)-c(cc1)cc2,-5.5660481452941895,ok,
COc1ccc(N2CCN(c3cc(NC(C)C)c4c5c(onc35)-c3ccccc3C4=O)CC2)cc1,O,CC(C)Nc1cc2c3noc4c3c1C(=O)(~O~O(C)c1ccc(cc1)N1CCN2CC1)c1ccccc1-4,-3.963887929916382,ok,
COc1ccc2c(c1)-c1c(s[s+]c1SC(C)=O)C(C)(C)N2,O,CC(=O)Sc1c2c3s[s+]1~O~O(C)c1ccc(c-2c1)NC3(C)C,-7.234429836273193,ok,
C=CCN1C(=O)C(=Cc2ccc(-c3ccc4c(c3)C(=O)c3ccccc3C4=O)o2)C(C)=C(C#N)C1=O,O,C=CCN1C(=O)C2=Cc3ccc(-c4ccc5c(c4)C(=O)c4ccccc4C5=O)o3~O~C1(=O)C(C#N)=C2C,-6.525260925292969,ok,
CC1(C)OC(=CC=CC(=O)C=C(N)c2ccccc2)C=C(c2ccccc2)O1,O,CC12(C)~O~O1C(=CC=CC(=O)C=C(N)c1ccccc1)C=C(c1ccccc1)O2,-4.980162620544434,ok,
Cc1ccc(N2C(=O)/C(=C\C=C\c3ccco3)SC2=S)c(C)c1,O,Cc1ccc(N2C(=S)S/C3=C/C=C/c4ccco4~O~C32=O)c(C)c1,-6.504411697387695,ok,
N=C1NC(=Cc2ccc([N+](=O)[O-])cc2)c2s/c(=N\c3ccccc3)[nH]c2N1,O,N=C1Nc2[nH]/c(=N/c3ccccc3)sc2C2=Cc3ccc([N+](=O)[O-])(~O~N12)cc3,-6.7609477043151855,ok,
CC1CCCC[NH+]1Cc1c([O-])ccc2c1O/C(=C\c1c(F)cccc1Cl)C2=O,O,CC1CCCC[NH+]1Cc1c2ccc3c1O/C(=C\c1c(F)cccc1Cl)C3(=O)~O~[O-]2,-3.466481924057007,ok,
Cc1cc([N+](=O)[O-])ccc1-c1ccc(/C=C2\NC(=S)NC2=O)o1,O,Cc1cc([N+](=O)[O-])ccc1-c1ccc2o1~O~C1(=O)NC(=S)N/C1=C\2,-6.550699234008789,ok,
CCN(CC)S(=O)(=O)c1ccc(O)c(N=Cc2ccc(N(C)c3ccccc3)cc2)c1,O,CCN(CC)S1(=O)(=O)~O~Oc2ccc1cc2N=Cc1ccc(N(C)c2ccccc2)cc1,-3.633638620376587,ok,
O=C(C=Cc1ccc(-c2ccc([N+](=O)[O-])cc2)o1)c1ccc(S(=O)(=O)N2CCCC2)cc1,O,O=C(C=Cc1ccc2o1~O~c1([N+](=O)[O-])ccc-2cc1)c1ccc(S(=O)(=O)N2CCCC2)cc1,-6.064720153808594,ok,
CC1=C(C#N)C(=O)N(C2CCS(=O)(=O)C2)C(=O)C1=Cc1ccc(-c2ccc(F)cc2)o1,O,CC1=C(C#N)C2(=O)~O~o3c(ccc3-c3ccc(F)cc3)C=C1C(=O)N2C1CCS(=O)(=O)C1,-5.860414505004883,ok,
O=C1OC(c2cccs2)=NC1=Cc1ccc(-c2ccc([N+](=O)[O-])cc2Cl)o1,O,O=[N+]([O-])c1ccc(-c2ccc3o2~O~C2(=O)OC(c4cccs4)=NC2=C3)c(Cl)c1,-6.049696445465088,ok,
CCN(CC)c1ccc(C=C2CCC(C=NN=c3sc4ccccc4n3C)=C2N2CCOCC2)cc1,O,CCN(CC)c1ccc(C=C2CCC3=C2N2CCO(~O~c4(sc5ccccc5n4C)=NN=C3)CC2)cc1,-3.7232091426849365,ok,
CC1(C)C2CCC1(CS(=O)(=O)O)C(=O)C2=Cc1ccc(C=C2C(=O)C3(CS(=O)(=O)O)CCC2C3(C)C)cc1,O,CC1(C)C2CCC1(CS(=O)(=O)O)C(=O)C2=Cc1ccc(C=C2C3=O~O~S(=O)(=O)(O)CC34CCC2C4(C)C)cc1,-5.1011881828308105,ok,
CCOc1cc(C=C2CCC(=Cc3cc(OCC)c(O)c([N+](=O)[O-])c3)C2=O)cc([N+](=O)[O-])c1O,O,CCOc1cc(C=C2CCC(=Cc3cc(OCC)c4c([N+](=O)[O-])(~O~O4)c3)C2=O)cc([N+](=O)[O-])c1O,-5.086069583892822,ok,
CCOC(=O)c1ccc(-c2ccc(C=C3SC(=S)N(Cc4ccco4)C3=O)o2)cc1,O,CCOC1(=O)~O~o2cccc2CN2C(=O)C(=Cc3ccc(o3)-c3ccc1cc3)SC2=S,-6.956878662109375,ok,
CC(=Cc1ccc([N+](=O)[O-])cc1)C=C1COC(c2oc(O)c(C)c(=O)c2C)C1,O,CC(=Cc1ccc([N+](=O)[O-])cc1)C=C1COC(c2oc3(~O~O3)c(C)c(=O)c2C)C1,,failed,Featurization failed: RDKit could not parse Smiles_Merged
COc1cc(/C=C2/SC(N3CC[NH+](c4cccc(C(F)(F)F)c4)CC3)=NC2=O)ccc1[O-],O,COc1cc2ccc1[O-]~O~C(F)(F)(F)c1cccc(c1)[NH+]1CCN(CC1)C1=NC(=O)/C(=C\2)S1,-2.7376296520233154,ok,
CCCCCCCCOc1ccc2nc3c(nc2c1)C(=O)c1ccccc1C3=O,O,CCCCCCCCO1~O~C2(=O)c3ccccc3C(=O)c3nc4ccc1cc4nc32,-5.788473606109619,ok,
COc1cc([N+](=O)[O-])ccc1-c1ccc(/C=N/c2sc3c(c2C#N)CCCC3)o1,O,CO1~O~c2([N+](=O)[O-])ccc(-c3ccc(/C=N/c4sc5c(c4C#N)CCCC5)o3)c1c2,-6.6334733963012695,ok,
CN(C)c1ccc(Nc2cc(N3CCC(=O)CC3)c3noc4c3c2C(=O)c2ccccc2-4)cc1,O,CN1(C)~O~C2(=O)c3ccccc3-c3onc4c(N5CCC(=O)CC5)cc(c2c34)Nc2ccc1cc2,-5.3908538818359375,ok,
O=[N+]([O-])c1cccc(/C=N/c2ccccc2N2CCCC2)c1O,O,O=[N+]([O-])c12~O~Oc1c(/C=N/c1ccccc1N1CCCC1)ccc2,-4.098204612731934,ok,
O=C1/C(=C/c2ccc(-c3ccc(Br)cc3)o2)C=C(c2ccccc2)N1c1ccc(O)cc1,O,O=C12~O~Oc3ccc(cc3)N1C(c1ccccc1)=C/C2=C\c1ccc(-c2ccc(Br)cc2)o1,-5.504488945007324,ok,
O=C1c2ccccc2C(=O)c2c1ccc1[nH]c(-c3c(F)cccc3F)nc21,O,O=C1c2ccccc2C2(=O)~O~[nH]3c(-c4c(F)cccc4F)nc4c2c1ccc43,-6.951958656311035,ok,
COCC[NH+]1[CH-]Nc2c(c3nc4ccccc4nc3n2/N=C/c2cccnc2)C1=O,O,COCC[NH+]1[CH-]N2~O~C1(=O)c1c2n(/N=C/c2cccnc2)c2nc3ccccc3nc12,-2.4161970615386963,ok,
"[O-][N+](=O)C1=CC=C(\C=C2/N3CCC(CC3)C2=O)C=C1 |c:19,t:3,5|",O,O=C1C2=Cc3ccc([N+](=O)[O-])(~O~N24CCC1CC4)cc3,-4.616940021514893,ok,
CCN1/C(=C\C(N)=C/c2sc3ccccc3[n+]2CCCS(=O)(=O)[O-])Sc2ccccc21,O,CCN1/C(=C\C(N)=C/c23~O~[O-]S(=O)(=O)CCC[n+]2c2ccccc2s3)Sc2ccccc21,-3.5087838172912598,ok,
CCN(CC)c1ccc(/C=C2\S/C(=N/c3ccc(F)cc3)NC2=O)o1,O,CCN(CC)c1ccc2o1~O~C1(=O)N/C(=N\c3ccc(F)cc3)S/C1=C\2,-6.8410468101501465,ok,
O=C(Nc1ccc(N2CCOCC2)c2nonc12)c1ccccc1,O,O=C1(c2ccccc2)~O~O2CCN(CC2)c2ccc(c3nonc23)N1,-4.595685958862305,ok,
CCOc1ccc(OCC)c(N2C(=O)NC(=O)/C(=C\c3ccc(N4CCCC4)o3)C2=O)c1,O,CCOc1ccc2cc1N1C(=O)/C(=C/c3ccc(N4CCCC4)o3)C(=O)NC1(=O)~O~O2CC,-5.665823936462402,ok,
O=C1c2ccccc2-c2nc3cc4ccccc4cc3n21,O,c1ccc2c(c1)-c1nc3cc4ccccc4cc3n1C21~O~O=1,-3.8218324184417725,ok,
CC1=CC(=C2C(=O)c3ccccc3C2=O)N(Cc2ccccc2)c2ccccc21,O,CC1=CC2=C3C(=O)c4ccccc4C3(=O)~O~N2(Cc2ccccc2)c2ccccc21,-5.59921407699585,ok,
CCC1(C)NC(=O)N(N=Cc2ccc(N(C)c3ccccc3)cc2)C1=O,O,CCC1(C)NC2(=O)~O~N(C)(c3ccccc3)c3ccc(cc3)C=NN2C1=O,-4.040112018585205,ok,
Cc1cc(/C=C/c2ccc3cc(N(C)C)ccc3[n+]2C)c(C)n1-c1ccccc1.Cc1cc(/C=C/c2ccc3cc(N(C)C)ccc3[n+]2C)c(C)n1-c1ccccc1.O=C([O-])c1cc2ccccc2c(Cc2c(O)c(C(=O)[O-])cc3ccccc23)c1O,O,Cc1cc(/C=C/c2ccc3cc(N(C)C)ccc3(~O~O=C([O-])c3cc4ccccc4c(Cc4c(O)c(C(=O)[O-])cc5ccccc45)c3O)[n+]2C)c(C)n1-c1ccccc1.Cc1cc(/C=C/c2ccc3cc(N(C)C)ccc3[n+]2C)c(C)n1-c1ccccc1,-5.65732479095459,ok,
CN(c1ccccc1)c1ccc(/C=C2/SC(=S)N(c3ccccc3)C2=O)cc1,O,CN1(c2ccccc2)~O~C2(=O)/C(=C\c3ccc1cc3)SC(=S)N2c1ccccc1,-5.799178600311279,ok,
COc1ccc(NC(=O)/C(C#N)=c2/s/c(=C/c3ccc(-c4ccc([N+](=O)[O-])cc4)o3)c(=O)n2-c2ccccc2)cc1,O,CO1~O~c2(=O)/c(=C\c3ccc(-c4ccc([N+](=O)[O-])cc4)o3)s/c(n2-c2ccccc2)=C(\C#N)C(=O)Nc2ccc1cc2,-6.210589408874512,ok,
[C][C]N([C][C])c1ccc([C]=C2C(=O)N([C])C(=S)N([C])C2=O)c([O])c1,O,[C][C]N1([C][C])~O~C2(=O)C(=[C]c3ccc1cc3[O])C(=O)N([C])C(=S)N2[C],-5.164910316467285,ok,
O=C1Nc2ccccc2/C1=N/N=C/c1cccc(O)c1,O,O=C12~O~Oc3cccc(c3)/C=N/N=C\1c1ccccc1N2,-2.934875965118408,ok,
CCN1C(=CC=C2SC(=S)N(C)C2=O)C(C)(C)c2cc(-c3ccccc3)ccc21,O,CCN12~O~C3(=O)C(=CC=C1C(C)(C)c1cc(-c4ccccc4)ccc12)SC(=S)N3C,-6.209835052490234,ok,
CN1CCCc2cc(/C=N/n3c(S)nnc3C(F)(F)F)ccc21,O,CN12~O~C(F)(F)(F)c3nnc(S)n3/N=C/c3ccc1c(c3)CCC2,-4.794007778167725,ok,
Nc1c(C(=O)NC2CCCC2)c2nc3ccccc3nc2n1/N=C/c1cccc([N+](=O)[O-])c1,O,O=C(NC1CCCC1)c1c2n(c3nc4ccccc4nc13)/N=C/c1cccc([N+](=O)[O-])(~O~N2)c1,-3.338871955871582,ok,
CCCN1C(=O)/C(=C/c2ccc(-c3cccc(Cl)c3)o2)SC1=S,O,CCCN1C(=S)S/C2=C\c3ccc(-c4cccc(Cl)c4)o3~O~C21=O,-7.254551887512207,ok,
CN(C)c1ccc(-c2nc3c[n+](CC(N)=O)ccn3c2NC2CCCCC2)cc1,O,CN1(C)~O~C(N)(=O)C[n+]2ccn3c(NC4CCCCC4)c(nc3c2)-c2ccc1cc2,-2.475929021835327,ok,
CC1=CC(C)(C)N(C)c2ccc(C(=S)N3CCCCC3)cc21,O,CC1=CC(C)(C)N2(C)~O~C(=S)(N3CCCCC3)c3ccc2c1c3,-6.276740074157715,ok,
CCN1C(=O)C(=Cc2ccc(-c3cccc(Cl)c3Cl)o2)SC1=S,O,CCN1C(=S)SC2=Cc3ccc(-c4cccc(Cl)c4Cl)o3~O~C21=O,-7.524998188018799,ok,
O=C1NC(=S)N(CCC2=CCCCC2)C(=O)/C1=C\c1cc2c3c(c1)CCCN3CCC2,O,O=C1NC(=S)N(CCC2=CCCCC2)C2(=O)~O~N34CCCc5cc(cc(c53)CCC4)/C=C/12,-6.652117729187012,ok,
Cc1ccc2c(c1)-c1nc3ccccc3cc1/C2=N\c1ccccc1,O,Cc1ccc2c(c1)-c13~O~N(/c4ccccc4)=C\2c1cc1ccccc1n3,-5.435823917388916,ok,
CCOC(=O)c1ccc(-c2ccc(/C=C3/C(C)=C(C#N)c4nc(N)c(C#N)c(C)c43)o2)cc1,O,CCO1~O~C1(=O)c1ccc(-c2ccc(/C=C3/C(C)=C(C#N)c4nc(N)c(C#N)c(C)c43)o2)cc1,-4.587456703186035,ok,
COc1ccc(N2CCN(c3cc(Nc4cccc(F)c4)c4c5c(onc35)-c3ccccc3C4=O)CC2)cc1,O,CO1~O~C2(=O)c3ccccc3-c3onc4c(cc(Nc5cccc(F)c5)c2c34)N2CCN(CC2)c2ccc1cc2,-3.9681262969970703,ok,
CCNc1ccc2noc3c2c1C(=O)c1ccccc1-3,O,CCN1~O~C2(=O)c3ccccc3-c3onc4ccc1c2c34,-5.322595119476318,ok,
CCOC(=O)C1CCCN(c2cccc3c2C(=O)c2ccccc2C3=O)C1,O,CCO1~O~C1(=O)C1CCCN(c2cccc3c2C(=O)c2ccccc2C3=O)C1,-5.393172264099121,ok,
O=C(O)c1cccc(N2C(=O)/C(=C\C=C\c3ccco3)SC2=S)c1,O,O=C1/C(=C\C=C\c2ccco2)SC(=S)N1c1cccc(C2(=O)~O~O2)c1,-4.439906597137451,ok,
O=C1C(=Cc2ccc(-c3ccc([N+](=O)[O-])cc3Cl)o2)SC(=S)N1C1CCCC1,O,O=C1C(=Cc2ccc3o2~O~c2([N+](=O)[O-])ccc-3c(Cl)c2)SC(=S)N1C1CCCC1,-7.600073337554932,ok,
CCN(CC)c1ccc(C(=O)c2ccc(N(CC)CC)cc2)cc1,O,CCN(CC)c1ccc(C2(=O)~O~N(CC)(CC)c3ccc2cc3)cc1,-5.803132057189941,ok,
CN1C(=S)N(C2CCCCC2)C(=O)/C1=C/c1ccc(-c2cccc(C(=O)O)c2)o1,O,CN1C(=S)N(C2CCCCC2)C(=O)/C1=C/c1ccc(-c2cccc(C3(=O)~O~O3)c2)o1,-4.918088912963867,ok,
Cc1ccc(N2C(=O)/C(=C/c3ccc(-c4ccc(Br)cc4)o3)C=C2c2ccccc2)c(C)c1,O,Cc1ccc(N2C(c3ccccc3)=C/C3=C\c4ccc(-c5ccc(Br)cc5)o4~O~C32=O)c(C)c1,-6.262232780456543,ok,
COc1cccc(C2=N/C(=C\c3ccc(N(C)C)cc3)C(=O)O2)c1,O,CN(C)c1ccc(/C=C2\N=C3OC2(=O)~O~O(C)c2cccc3c2)cc1,-4.339605808258057,ok,
CCOC(=O)C1CCCN(c2cc(Nc3ccc4c(c3)OCO4)c3c4c(onc24)-c2ccccc2C3=O)C1,O,CCO1~O~C1(=O)C1CCCN(c2cc(Nc3ccc4c(c3)OCO4)c3c4c(onc24)-c2ccccc2C3=O)C1,-5.002745151519775,ok,
C=CCNC(=O)c1c(N)n(N=Cc2ccc(N(C)C)cc2)c2nc3ccccc3nc12,O,C=CCNC1(=O)~O~Nc2c1c1nc3ccccc3nc1n2N=Cc1ccc(N(C)C)cc1,-2.3567965030670166,ok,
O=C1/C(=C\c2ccc(-c3ccc([N+](=O)[O-])cc3Cl)o2)SC(=S)N1Cc1ccccc1,O,O=C1/C(=C\c2ccc3o2~O~c2([N+](=O)[O-])ccc-3c(Cl)c2)SC(=S)N1Cc1ccccc1,-7.284668922424316,ok,
O=C1/C(=C/c2ccc(-c3ccc(Br)cc3)o2)C=C(c2ccccc2)N1c1ccc(Cl)c(Cl)c1,O,O=C12~O~o3c(ccc3-c3ccc(Br)cc3)/C=C/1C=C(c1ccccc1)N2c1ccc(Cl)c(Cl)c1,-6.803205490112305,ok,
Cc1ccc(Sc2ccc(/C=C(\C#N)c3ccc([N+](=O)[O-])cc3)o2)cc1,O,Cc1ccc(Sc2ccc3o2~O~c2([N+](=O)[O-])ccc(cc2)/C(C#N)=C/3)cc1,-6.600929260253906,ok,
CCN1C(=O)/C(=C\c2cn(CC(C)C)c3ccccc23)c2cc(S(=O)(=O)N3CCOCC3)ccc21,O,CCN1c2ccc3cc2/C(=C/c2cn(CC(C)C)c4ccccc24)C1(=O)~O~O1CCN(CC1)S3(=O)=O,-5.427488327026367,ok,
"[O-][N+](=O)C1=C(\C=C\C2=NC3=C(C=CC=C3C3=C2CCS3)C(F)(F)F)C=CC=C1 |c:3,11,13,16,27,29,t:7,9|",O,O=[N+]1[O-]~O~C(F)(F)(F)c2cccc3c4c(c(nc23)C=Cc2ccccc21)CCS4,-4.117449760437012,ok,
CCOc1ccc(Nc2cc(N3CCN(c4ccccn4)CC3)c3noc4c3c2C(=O)c2ccccc2-4)cc1,O,CCO1~O~C2(=O)c3ccccc3-c3onc4c(N5CCN(c6ccccn6)CC5)cc(c2c34)Nc2ccc1cc2,-3.5253539085388184,ok,
CCOC(=O)c1ccc(-c2ccc(/C=C(/C#N)C(=O)Nc3ccc(N(C)C)cc3)o2)cc1,O,CCO1~O~C1(=O)c1ccc(-c2ccc(/C=C(/C#N)C(=O)Nc3ccc(N(C)C)cc3)o2)cc1,-5.2599334716796875,ok,
O=C1/C(=C\C=C\c2ccco2)SC(=S)N1c1cccc(C(F)(F)F)c1,O,O=C1/C2=C\C=C\c3ccco3~O~C(F)(F)(F)c3cccc(c3)N1C(=S)S2,-6.732656478881836,ok,
CC(=O)N(c1cccc(C(F)(F)F)c1)c1nc(C=Cc2nc3ccc([N+](=O)[O-])cc3s2)cs1,O,CC1=O~O~C(F)(F)(F)c2cccc(c2)N1c1nc(C=Cc2nc3ccc([N+](=O)[O-])cc3s2)cs1,-6.212392807006836,ok,
O=C1N=C(N2CCN(c3ccccc3)CC2)S/C1=C\c1ccc(-c2ccc(Cl)c(Cl)c2)o1,O,O=C12~O~o3c(ccc3-c3ccc(Cl)c(Cl)c3)/C=C/1SC(N1CCN(c3ccccc3)CC1)=N2,-5.152189254760742,ok,
NS(=O)(=O)c1ccc2c(c1)C(=Cc1ccc(-c3ccc([N+](=O)[O-])cc3Br)o1)C(=O)N2,O,NS(=O)(=O)c1ccc2c(c1)C(=Cc1ccc3o1~O~c1([N+](=O)[O-])ccc-3c(Br)c1)C(=O)N2,-6.071219444274902,ok,
COc1cccc(Nc2cc(N3CCN(C)CC3)c(N)c3c2C(=O)c2ccccc2C3=O)c1,O,CN1CCN(c2cc3c4c(c2N)C(=O)(~O~O(C)c2cccc(c2)N3)c2ccccc2C4=O)CC1,-4.638186454772949,ok,
CC1=C(C#N)C(=O)N(CC(C)C)C(=O)/C1=C/c1ccc(-c2ccc(Cl)cc2)o1,O,CC1=C(C#N)C2(=O)~O~o3c(ccc3-c3ccc(Cl)cc3)/C=C\1C(=O)N2CC(C)C,-7.235783576965332,ok,
O=C1Nc2ccc(Br)cc2C1=NN=CC1=C(N2CCOCC2)C(=Cc2ccccc2)CC1,O,O=C12~O~O3CCN(CC3)C3=C(C=NN=C1c1cc(Br)ccc1N2)CCC3=Cc1ccccc1,-3.6916592121124268,ok,
CC(C)C(NC(=O)C12CC3CC(CC(C3)C1)C2)C(=O)NN=CC1=C(N2CCOCC2)C(=Cc2ccc([N+](=O)[O-])cc2)CC1,O,CC(C)C(NC(=O)C12CC3CC(CC(C3)C1)C2)C(=O)NN=CC1=C2C(=Cc3ccc([N+](=O)[O-])(~O~O4CCN2CC4)cc3)CC1,-6.528289318084717,ok,
CN(C)c1ccc(/N=N/c2ccc(S(=O)(=O)NCCCCCCN)cc2)cc1,O,CN1(C)~O~S(=O)(=O)(NCCCCCCN)c2ccc(cc2)/N=N/c2ccc1cc2,-2.9339709281921387,ok,
CC1=C(C#N)C(=O)N(C2CCS(=O)(=O)C2)C(=O)C1=Cc1ccc(-c2ccccc2[N+](=O)[O-])o1,O,CC1=C(C#N)C(=O)N(C2CCS(=O)(=O)C2)C(=O)C1=Cc1ccc2o1~O~c1([N+](=O)[O-])ccccc1-2,-5.447432518005371,ok,
C=CC1=C(C)c2cc3[nH]c(c4c5nc(cc6[nH]c(cc1n2)c(C)c6CC)C(C)=C5C(=O)C4)C(CCC(=O)O)[C@@H]3C,O,C=CC1=C(C)c2cc3[nH]c(c4c5nc(cc6[nH]c(cc1n2)c(C)c6CC)C(C)=C5C(=O)C4)C(CCC1(=O)~O~O1)[C@@H]3C,-4.215044975280762,ok,
[N]C(=C(C#N)C#N)/C(=[C]/c1ccc(-c2ccc(Cl)cc2)o1)C#N,O,[N]C1=C(C#N)(C#N)~O~o2c(ccc2-c2ccc(Cl)cc2)/[C]=C/1C#N,-6.338591575622559,ok,
CCN1C(=O)C(=Cc2ccc(-c3ccccc3C(=O)O)o2)N(CC)C1=S,O,CCN1C(=O)C(=Cc2ccc(-c3ccccc3C3(=O)~O~O3)o2)N(CC)C1=S,-4.589808940887451,ok,
CC1CC(C)CN(CCNc2cc(N3CCCCC3)c3noc4c3c2C(=O)c2ccccc2-4)C1,O,CC1CC(C)CN(CCN2~O~C3(=O)c4ccccc4-c4onc5c(N6CCCCC6)cc2c3c45)C1,-5.01028299331665,ok,
O=C1ON=C(c2ccccc2)C1=Cc1ccc(-c2ccc([N+](=O)[O-])cc2Br)o1,O,O=[N+]([O-])c1ccc(-c2ccc3o2~O~C2(=O)ON=C(c4ccccc4)C2=C3)c(Br)c1,-5.664512634277344,ok,
Cc1cccc2cc(/C=C3\N=C(c4ccccc4)OC3=O)c(N3CCOCC3)nc12,O,Cc1cccc2cc(/C=C3\N=C(c4ccccc4)O4~O~C34=O)c(N3CCOCC3)nc12,-3.1543068885803223,ok,
CCN1C(=O)/C(=C/c2ccc(-c3cccc(Cl)c3C)o2)N(CC)C1=S,O,CCN1C(=S)N(CC)C2(=O)~O~o3c(ccc3-c3cccc(Cl)c3C)/C=C\12,-6.827547073364258,ok,
Cc1cc(N2CCCCC2)c2c(n1)C(N1CCCCC1)=CC(=O)C2=O,O,Cc1cc2c3c(n1)C(N1CCCCC1)=CC(=O)C3(=O)~O~N21CCCCC1,-4.865944862365723,ok,
CN1c2ccc(/C=C3/SC(=S)NC3=O)cc2C(C)(c2ccc(Cl)cc2)CC1(C)C,O,CC1(c2ccc(Cl)cc2)CC(C)(C)N2(C)~O~C3(=O)NC(=S)S/C3=C/c3ccc2c1c3,-7.413528919219971,ok,
O=C(Nc1ccc(-c2cccs2)c(F)c1)C(=O)N1C2CCCC1CC2,O,O=C1C(=O)(Nc2ccc(-c3cccs3)c(F)c2)~O~N12C1CCCC2CC1,-6.240717887878418,ok,
CC1=C(C#N)c2nc(N)c(C#N)c(C)c2/C1=C\c1ccc(-c2ccccc2C(=O)O)o1,O,CC1=C(C#N)c2nc(N)c(C#N)c(C)c2/C1=C\c1ccc(-c2ccccc2C2(=O)~O~O2)o1,-4.232365131378174,ok,
O=C1C(=Cc2ccc(-c3ccc(Cl)c(Cl)c3)o2)C=C(c2ccccc2)N1c1cccc(I)c1,O,O=C12~O~o3c(ccc3-c3ccc(Cl)c(Cl)c3)C=C1C=C(c1ccccc1)N2c1cccc(I)c1,-6.865952014923096,ok,
N#Cc1cc(Sc2ccc(Cl)cc2)c(N2CCCCCC2)cc1C#N,O,N#Cc1cc(Sc2ccc(Cl)cc2)c2cc1C(#N)~O~N21CCCCCC1,-6.752680778503418,ok,
CN(c1nc2nonc2nc1NC1CCCC1)C1CCOCC1,O,CN1c2nc3(~O~O4CCC1CC4)nonc3nc2NC1CCCC1,-4.288083553314209,ok,
N#CC(=Cc1ccc(N2CCOCC2)o1)C(=O)N1CCOCC1,O,N#CC1=Cc2ccc(N3CCOCC3)o2~O~C1(=O)N1CCOCC1,-4.250031471252441,ok,
CCN(CC)c1ccc(/C=N/c2ccc(NC(C)=C3C(=O)c4ccccc4C3=O)cc2)cc1,O,CCN1(CC)~O~C2(=O)C(=C(C)Nc3ccc(cc3)/N=C/c3ccc1cc3)C(=O)c1ccccc12,-5.912319660186768,ok,
Cc1cccc(-c2c(O)c3ccccc3c3nc4ccccc4nc23)c1,O,Cc1cccc(-c2c3nc4ccccc4nc3c3ccccc3c23~O~O3)c1,,failed,Featurization failed: RDKit could not parse Smiles_Merged
O=C1c2ccccc2C(=O)c2c(NCCN3CCOCC3)cccc21,O,O=C1c2ccccc2C2(=O)~O~N(CCN3CCOCC3)c3cccc1c32,-5.373044967651367,ok,
CCOc1ccc(Nc2ccc3noc4c3c2C(=O)c2ccccc2-4)cc1,O,CCO1~O~C2(=O)c3ccccc3-c3onc4ccc(c2c34)Nc2ccc1cc2,-6.450571060180664,ok,
COc1ccc(C(=O)c2c(/C=C/N(C)C)oc3cc(C#N)c(C#N)cc23)cc1,O,CN(C)/C=C/c1oc2cc(C#N)c(C#N)cc2c1C1(=O)~O~O(C)c2ccc1cc2,-5.873852729797363,ok,
O=C1/C(=C/c2ccc(-c3ccc(Br)cc3)o2)C=C(c2ccccc2)N1c1ccc(Br)cc1,O,O=C12~O~o3c(ccc3-c3ccc(Br)cc3)/C=C/1C=C(c1ccccc1)N2c1ccc(Br)cc1,-6.497879505157471,ok,
O=[N+]([O-])c1ccc2c(/C=N/c3ccc(O)c(-c4nc5ccccc5s4)c3)c(O)ccc2c1,O,O=[N+]([O-])c12~O~Oc3ccc(c1)c(cc2)c3/C=N/c1ccc(O)c(-c2nc3ccccc3s2)c1,-5.634029388427734,ok,
"NC(=S)C1=CC=C(S1)C1=NC=CC=C1 |c:5,11,13,t:3,9|",O,S=C1(c2ccc(-c3ccccn3)s2)~O~N1,-4.786961555480957,ok,
O=C1/C(=C/c2ccc(-c3cccc(Cl)c3)o2)SC(=S)N1CC1CCCO1,O,O=C12~O~o3c(ccc3-c3cccc(Cl)c3)/C=C/1SC(=S)N2CC1CCCO1,-7.627738952636719,ok,
O=C1C(=Cc2ccc(-c3cccc(C(F)(F)F)c3)o2)SC(=S)N1Cc1cccnc1,O,O=C1C(=Cc2ccc3o2~O~C(F)(F)(F)c2cccc-3c2)SC(=S)N1Cc1cccnc1,-7.260695934295654,ok,
CC1=C(C#N)c2nc(N)c(C#N)c(C)c2C1=Cc1ccc(-c2ccccc2C(=O)O)o1,O,CC1=C(C#N)c2nc(N)c(C#N)c(C)c2C1=Cc1ccc(-c2ccccc2C2(=O)~O~O2)o1,-4.27022647857666,ok,
CC[NH+](CC)Cc1c([O-])ccc2c1O/C(=C\c1cccc(OC)c1)C2=O,O,CC[NH+](CC)Cc1c2ccc3c1O/C(=C\c1cccc(OC)c1)C3(=O)~O~[O-]2,-4.2275590896606445,ok,
CCCC(=O)Sc1[s+]sc2c1-c1cc(C)ccc1NC2(C)C,O,CCCC(=O)Sc1c2c3s[s+]1~O~N(c1ccc(C)cc1-2)C3(C)C,-8.005186080932617,ok,
O=C(O)CCCCCN1C(=O)/C(=C\c2ccc(-c3ccc([N+](=O)[O-])cc3Cl)o2)SC1=S,O,O=C1/C(=C\c2ccc(-c3ccc([N+](=O)[O-])cc3Cl)o2)SC(=S)N1CCCCCC1(=O)~O~O1,-5.412607192993164,ok,
COc1ccc(CN2CCN(c3cc(Nc4ccc(N(C)C)cc4)c4c5c(onc35)-c3ccccc3C4=O)CC2)c(OC)c1OC,O,COc1c(CN2CCN(c3cc(Nc4ccc(N(C)C)cc4)c4c5c(onc35)-c3ccccc3C4=O)CC2)ccc2c1(OC)~O~O2C,-4.297861099243164,ok,
[N]C(=C(C#N)C#N)/C(C#N)=C(\[C]=[C]/c1ccc(Cl)cc1)[C]1[C][C]1,O,[N]C1=C(C#N)(C#N)~O~N#C/C1=C(/[C]=[C]\c1ccc(Cl)cc1)[C]1[C][C]1,-5.560513496398926,ok,
O=C1c2ccccc2-c2onc3c(N4CCN(CCOc5ccc(Cl)cc5)CC4)cc(NCCO)c1c23,O,O=C12~O~O(c3ccc(Cl)cc3)CCN3CCN(CC3)c3cc(NCCO)c1c1c(onc31)-c1ccccc12,-4.357730865478516,ok,
CC(=Cc1ccc(C=C(C)C=C2N=C(c3cccc([N+](=O)[O-])c3)C(=O)O2)cc1)C=C1N=C(c2cccc([N+](=O)[O-])c2)C(=O)O1,O,CC(=Cc1ccc(C=C(C)C=C2N=C(c3cccc([N+](=O)[O-])c3)C3(=O)~O~O23)cc1)C=C1N=C(c2cccc([N+](=O)[O-])c2)C(=O)O1,-3.893615245819092,ok,
CC(C)(C)N1COc2ccc3c4c(oc3c2C1)C(=O)c1ccccc1C4=O,O,CC(C)(C)N1Cc2c3ccc4c5c(oc24)C(=O)(~O~O3C1)c1ccccc1C5=O,-5.693404674530029,ok,
CN1C/C(=C/c2ccc([N+](=O)[O-])cc2)C(=O)/C(=C/c2ccc([N+](=O)[O-])cc2)C1,O,CN12~O~c3([N+](=O)[O-])ccc(cc3)/C=C(/C1)C(=O)/C(=C/c1ccc([N+](=O)[O-])cc1)C2,-5.235063552856445,ok,
O=[N+]([O-])c1ccc(-c2nc3ccc4ccccc4c3c3c2CCC3)cc1,O,[O-][N+]1=O~O~c12ccc(-c1nc3ccc4ccccc4c3c3c1CCC3)cc2,,failed,Featurization failed: RDKit could not parse Smiles_Merged
[C]Oc1cc(-c2csc(C(C#N)=C3[C][C][C][C][C]3)n2)cc(O[C])c1O[C],O,[C]Oc1cc(-c2csc(C(C#N)=C3[C][C][C][C][C]3)n2)cc2c1O[C]~O~O2[C],-5.446904182434082,ok,
CCN1C(=O)/C(=C2/C=Cc3ccccc3N2CC)S/C1=N\c1ccc(N2CCOCC2)cc1,O,CCN1/C(=C2/S/C3=N\c4ccc(cc4)N4CCO(~O~C2(=O)N3CC)CC4)C=Cc2ccccc21,-4.25388240814209,ok,
COc1ccccc1N1C(=O)/C(=C/c2ccc(-c3cc(Cl)ccc3Cl)o2)C=C1c1ccccc1,O,CO1~O~C2(=O)/C(=C/c3ccc(-c4cc(Cl)ccc4Cl)o3)C=C(c3ccccc3)N2c2ccccc21,-6.162072658538818,ok,
N#C/C(=C\c1ccc(-c2ccc([N+](=O)[O-])cc2Br)o1)c1nc2ccccc2s1,O,N#C/C(=C\c1ccc2o1~O~c1([N+](=O)[O-])ccc-2c(Br)c1)c1nc2ccccc2s1,-6.991189002990723,ok,
COc1cccc(Nc2cc(N(C)CCO)c(N)c3c2C(=O)c2ccccc2C3=O)c1,O,CN(CCO)c1cc2c3c(c1N)C(=O)(~O~O(C)c1cccc(c1)N2)c1ccccc1C3=O,-5.414134979248047,ok,
CCc1ccc(N2C(=O)NC(=O)/C(=C\c3ccc(N4CCCCC4)o3)C2=O)cc1,O,CCc1ccc(N2C(=O)/C3=C/c4ccc(N5CCCCC5)o4~O~C2(=O)NC3=O)cc1,-6.040024757385254,ok,
O=C1/C(=C/C=C/c2ccco2)SC(=S)N1c1ccc(O)cc1,O,O=C12~O~Oc3ccc(cc3)N1C(=S)S/C2=C\C=C\c1ccco1,-5.733069896697998,ok,
CCCN1C(=O)C(=CC=C2Sc3ccc(Cl)cc3N2C)SC1=S,O,CCCN1C(=S)SC2=CC=C3Sc4ccc(Cl)cc4N3(C)~O~C21=O,-6.571534156799316,ok,
Cc1ccc(/N=C2/c3ccccc3-c3nc4ccccc4cc32)cc1,O,Cc1ccc(/N2~O~c34nc5ccccc5cc3\C=2c2ccccc2-4)cc1,-5.427375793457031,ok,
CC[NH+](CC)Cc1c([O-])ccc2c1O/C(=C\c1ccccc1Br)C2=O,O,CC[NH+](CC)Cc1c2ccc3c1O/C(=C\c1ccccc1Br)C3(=O)~O~[O-]2,-3.9796700477600098,ok,
Cc1cccc(N2C(=O)/C(=C/c3ccc(-c4ccc(Cl)c(Cl)c4)o3)C=C2c2ccccc2)c1,O,Cc1cccc(N2C(c3ccccc3)=C/C3=C\c4ccc(-c5ccc(Cl)c(Cl)c5)o4~O~C32=O)c1,-6.739660263061523,ok,
Cc1cccc(Nc2cc(NCCO)c(N)c3c2C(=O)c2ccccc2C3=O)c1,O,Cc1cccc(Nc2cc(NCCO)c3c4c2C(=O)c2ccccc2C4(=O)~O~N3)c1,-5.744858741760254,ok,
COc1cccc(N(C(=O)CCC2CCCC2)c2nc(-c3ccc([N+](=O)[O-])cc3)cs2)c1,O,CO1~O~c2([N+](=O)[O-])ccc(cc2)-c2csc(n2)N(C(=O)CCC2CCCC2)c2cccc1c2,-6.3934478759765625,ok,
Cc1ccc(Nc2cc(N3CCCC(C)C3)c3noc4c3c2C(=O)c2ccccc2-4)cc1,O,Cc1ccc(Nc2cc3c4noc5c4c2C(=O)(~O~N32CCCC(C)C2)c2ccccc2-5)cc1,-5.732856750488281,ok,
Cc1ccc(N2C(=O)/C(=C/c3ccc(-c4cc(Cl)ccc4Cl)o3)C=C2c2ccccc2)cc1[N+](=O)[O-],O,Cc1ccc2cc1([N+](=O)[O-])~O~o1c(ccc1-c1cc(Cl)ccc1Cl)/C=C1\C=C(c3ccccc3)N2C1=O,-6.922359943389893,ok,
CC(C)(C)C1CCc2c(sc(/N=C/c3ccc([N+](=O)[O-])s3)c2C#N)C1,O,CC(C)(C)C1CCc2c(sc(/N=C/c3ccc4(~O~O=[N+]4[O-])s3)c2C#N)C1,,failed,Featurization failed: RDKit could not parse Smiles_Merged
CC1=C(C#N)c2nc(N)c(C#N)c(C)c2/C1=C\c1ccc(-c2cc(C(=O)O)ccc2Cl)o1,O,CC1=C(C#N)c2nc(N)c(C#N)c(C)c2/C1=C\c1ccc(-c2cc(C3(=O)~O~O3)ccc2Cl)o1,-4.582686424255371,ok,
COC(=O)c1ccc(C=C(C#N)C#N)cc1,O,CO1~O~C1(=O)c1ccc(C=C(C#N)C#N)cc1,-4.542531490325928,ok,
CCN(CC)c1ccc(/C=N/c2cc([N+](=O)[O-])ccc2C)cc1,O,CCN1(CC)~O~c2([N+](=O)[O-])ccc(C)c(c2)/N=C/c2ccc1cc2,-4.941002368927002,ok,
CCOCCCNc1cc(N2CCC(C(=O)OCC)CC2)c2noc3c2c1C(=O)c1ccccc1-3,O,CCOCCCNc1cc(N2CCC(C3(=O)~O~O3CC)CC2)c2noc3c2c1C(=O)c1ccccc1-3,-5.363781929016113,ok,
O=[N+]([O-])c1ccccc1C=Cc1nc2ccc(Oc3ccccc3)cc2c2c1CCS2,O,O=[N+]([O-])c12~O~O(c3ccccc3)c3ccc4nc(c5c(c4c3)SCC5)C=Cc1cccc2,-5.588347434997559,ok,
C[n+]1ccc(/C=C\c2ccco2)c2ccccc21,O,C[n+]1ccc2c3ccccc31~O~o1cccc1/C=C\2,-4.788596153259277,ok,
CCN(CC)c1c(-c2c(N(CC)CC)c(=O)c2=O)c(=O)c1=O,O,CCN(CC)c1c2c(=O)c1(=O)~O~N(CC)(CC)c1c-2c(=O)c1=O,-3.4751226902008057,ok,
CCN1/C(=C\C=C2/S/C(=N\Cc3ccccc3)N(C)C2=O)Sc2ccccc21,O,CCN12~O~C3(=O)/C(=C/C=C\1Sc1ccccc12)S/C(=N\Cc1ccccc1)N3C,-4.842319488525391,ok,
O=C1/C(=C/c2ccc(-c3ccc([N+](=O)[O-])cc3)o2)NC(=S)N1c1ccccc1,O,O=[N+]([O-])c1ccc(-c2ccc3o2~O~C2(=O)/C(=C/3)NC(=S)N2c2ccccc2)cc1,-6.759892463684082,ok,
C(=C1CCCCC2C1=NN(c1ccccc1)C2c1ccc(-c2ccccc2)o1)c1ccc(-c2ccccc2)o1,O,C1=C2CCCCC3C2=NN(c2ccccc2)C3c2ccc(-c3ccccc3)o2~O~c2(-c3ccccc3)ccc1o2,-5.870787620544434,ok,
CCOc1ccc(N2C(=O)C(=Cc3ccc(-c4ccc(Br)cc4)o3)SC2=S)cc1,O,CCO1~O~C2(=O)C(=Cc3ccc(-c4ccc(Br)cc4)o3)SC(=S)N2c2ccc1cc2,-6.5411481857299805,ok,
O=[N+]([O-])c1ccc(-c2nc3ccccn3c2NC2CCCCC2)o1,O,O=[N+]([O-])c12~O~o1c(-c1nc3ccccn3c1NC1CCCCC1)cc2,-5.095069885253906,ok,
C=CC[NH+]1[CH-]Nc2c(c3nc4ccccc4nc3n2/N=C/c2cccc(OC)c2OC)C1=O,O,C=CC[NH+]1[CH-]Nc2c3c4nc5ccccc5nc4n2/N=C/c2cccc(c2OC)O(C)~O~C31=O,-2.664855718612671,ok,
CSC1=N/C(=C\c2ccc(-c3ccc([N+](=O)[O-])cc3)o2)C(=O)S1,O,CSC1=N/C(=C\c2ccc3o2~O~c2([N+](=O)[O-])ccc-3cc2)C(=O)S1,-5.240793228149414,ok,
COc1ccc(Nc2cc(N3CCN(c4ccccc4F)CC3)c3noc4c3c2C(=O)c2ccccc2-4)cc1,O,CO1~O~C2(=O)c3ccccc3-c3onc4c(N5CCN(c6ccccc6F)CC5)cc(c2c34)Nc2ccc1cc2,-3.95890736579895,ok,
COC(=O)COC(=O)c1c2c(nc3ccccc13)C(=Cc1ccc([N+](=O)[O-])cc1)CCC2,O,CO1~O~C1(=O)COC(=O)c1c2c(nc3ccccc13)C(=Cc1ccc([N+](=O)[O-])cc1)CCC2,-4.889050006866455,ok,
Nc1cc(N)c2c(c1)C(=O)c1ccccc1C2=O,O,Nc1cc2cc3c1C(=O)(~O~N2)c1ccccc1C3=O,-4.8714752197265625,ok,
COc1ccc(-n2c(C)cc(C=C3C(=O)c4ccccc4C3=O)c2C)cc1,O,Cc1cc2c(C)n1-c1ccc(cc1)O(C)~O~C1(=O)C(=C2)C(=O)c2ccccc21,-5.810470104217529,ok,
Nc1c(C(=O)NC2CCCCC2)c2nc3ccccc3nc2n1/N=C/c1cccs1,O,O=C1(NC2CCCCC2)~O~Nc2c1c1nc3ccccc3nc1n2/N=C/c1cccs1,-2.7972323894500732,ok,
O=C1OCc2cc(-c3ccc(C=C4Sc5ccccc5C4=O)o3)ccc21,O,O=C1C(=Cc2ccc(-c3ccc4c(c3)CO3~O~C43=O)o2)Sc2ccccc21,-5.682941436767578,ok,
CN(c1ccccc1)c1ccc(/C=C2/SC(=S)N(c3ccc(Cl)cc3)C2=O)cc1,O,CN1(c2ccccc2)~O~C2(=O)/C(=C\c3ccc1cc3)SC(=S)N2c1ccc(Cl)cc1,-6.186980247497559,ok,
O=c1c(=CC=Cc2ccccc2)sc2n1CN(c1ccc(I)cc1)CN=2,O,O=c12~O~N3(c4ccc(I)cc4)CN=c(sc1=CC=Cc1ccccc1)n2C3,-4.417078971862793,ok,
CN(C)c1ccc(/C=C2\CCc3c2nc2ccccc2c3C(=O)OCC(=O)NC2CC2)cc1,O,CN(C)c1ccc(/C=C2\CCc3c2nc2ccccc2c3C2(=O)~O~O2CC(=O)NC2CC2)cc1,-4.950521469116211,ok,
C=CCNC(=O)c1c(N)n(-c2ccc(N(C)C)cc2)c2nc3ccccc3nc12,O,C=CCNC1(=O)~O~Nc2c1c1nc3ccccc3nc1n2-c1ccc(N(C)C)cc1,-2.8376986980438232,ok,
CC1N(C)c2cc3c(cc2C1(C)C)P(=Nc1cccc([N+](=O)[O-])c1)(N1CCOCC1)OC(c1ccco1)=N3,O,CC1N(C)c2cc3c(cc2C1(C)C)P1(N2CCOCC2)=Nc2cccc([N+](=O)[O-])(~O~o4cccc4C(=N3)O1)c2,-3.4772896766662598,ok,
[K+].F[B-](F)(F)c1cncc2cc(ccc12)C(F)(F)F,O,F[B-](F)(F~O~[K+])c1cncc2cc(C(F)(F)F)ccc12,-2.819448232650757,ok,
Cc1ccc(/C=C2\CC/C(=C\c3ccc(C)o3)C2=O)o1,O,Cc1ccc(/C=C2\CC/C3=C\c4ccc(C)o4~O~C23=O)o1,-5.239008903503418,ok,
COc1cc([N+](=O)[O-])ccc1-c1ccc(/C=C(/C#N)c2ccc(C#N)cc2)o1,O,CO1~O~c2([N+](=O)[O-])ccc(-c3ccc(/C=C(/C#N)c4ccc(C#N)cc4)o3)c1c2,-5.917579650878906,ok,
CCOC(=O)N1CCN(c2cc(Nc3ccc(N(C)C)cc3)c3c4c(onc24)-c2ccccc2C3=O)CC1,O,CCO1~O~C1(=O)N1CCN(c2cc(Nc3ccc(N(C)C)cc3)c3c4c(onc24)-c2ccccc2C3=O)CC1,-4.568482398986816,ok,
O=C1N=C(N2CCN(c3cccc(Cl)c3)CC2)S/C1=C/c1ccc(-c2cccc(C(F)(F)F)c2)o1,O,O=C1N=C(N2CCN(c3cccc(Cl)c3)CC2)S/C1=C/c1ccc2o1~O~C(F)(F)(F)c1cccc-2c1,-6.336496353149414,ok,
CCN1C(=O)/C(=C2\C=Cc3cc(C)ccc3N2CC)SC1=S,O,CCN1C(=S)S/C2=C3/C=Cc4cc(C)ccc4N3(CC)~O~C21=O,-6.42982292175293,ok,
O=C1C(=Cc2ccc([N+](=O)[O-])cc2)SC(=S)N1c1cccc(O)c1,O,O=[N+]([O-])c1ccc(C=C2SC(=S)N3c4cccc(c4)O~O~C23=O)cc1,-4.019509315490723,ok,
O=C1c2ccccc2-c2onc3c(N4CCC5(CC4)OCCO5)cc(Nc4ccc(F)cc4)c1c23,O,O=C12~O~N3(CCC4(CC3)OCCO4)c3cc(Nc4ccc(F)cc4)c1c1c(onc31)-c1ccccc12,-5.842533111572266,ok,
C=COC(=O)c1sc2nc(-c3cccs3)ccc2c1N,O,C=CO1~O~C1(=O)c1sc2nc(-c3cccs3)ccc2c1N,-4.85723876953125,ok,
CCCN1C(=O)/C(=C/c2ccc(-c3ccc([N+](=O)[O-])cc3)o2)NC1=S,O,CCCN1C(=S)N/C2=C\c3ccc(-c4ccc([N+](=O)[O-])cc4)o3~O~C21=O,-6.887946128845215,ok,
CC1=C(C#N)c2nc(N)c(C#N)c(C)c2/C1=C\c1ccc(C(C)C)cc1,O,CC1=C(C#N)c2nc3(~O~N3)c(C#N)c(C)c2/C1=C\c1ccc(C(C)C)cc1,,failed,Featurization failed: RDKit could not parse Smiles_Merged
O=C1N=C(N2CCN(c3ccccc3)CC2)SC1=Cc1ccc(-c2ccccc2)o1,O,O=C12~O~o3c(ccc3-c3ccccc3)C=C1SC(N1CCN(c3ccccc3)CC1)=N2,-4.447718143463135,ok,
O=[N+]([O-])c1ccc(-c2ccc(Cc3ccc(-c4ccc([N+](=O)[O-])cc4)o3)o2)cc1,O,O=[N+]([O-])c1ccc(-c2ccc3o2~O~c2([N+](=O)[O-])ccc(cc2)-c2ccc(o2)C3)cc1,-5.970025539398193,ok,
CC1CCCC[NH+]1Cc1c([O-])ccc2c1O/C(=C/c1cn(C)c3ccccc13)C2=O,O,CC1CCCC[NH+]1Cc1c2ccc3c1O/C(=C/c1cn(C)c4ccccc14)C3(=O)~O~[O-]2,-3.2270407676696777,ok,
FC(F)(F)C1=CC(N=NC2=CC=C(N(CC)CC)C=C2)=CC=C1C#N,O,CCN1(CC)~O~C(F)(F)(F)c2cc(ccc2C#N)N=Nc2ccc1cc2,-5.020573139190674,ok,
CCN(CC)c1ccc(N=Nc2ccc(C#N)c(C(F)(F)F)c2)cc1,O,CCN1(CC)~O~C(F)(F)(F)c2cc(ccc2C#N)N=Nc2ccc1cc2,-5.020573139190674,ok,
O=C1C(=Cc2cc3ccccc3nc2N2CCOCC2)C(=O)c2ccccc21,O,O=C1C2=Cc3cc4ccccc4nc3N3CCO(~O~C2(=O)c2ccccc21)CC3,-4.929975509643555,ok,
CCOC(=O)C1CCCN(c2cc(Nc3c(C)cc(C)cc3C)c3c4c(onc24)-c2ccccc2C3=O)C1,O,CCO1~O~C1(=O)C1CCCN(c2cc(Nc3c(C)cc(C)cc3C)c3c4c(onc24)-c2ccccc2C3=O)C1,-4.951766490936279,ok,
CC(=O)N(c1nc(C=C2COc3ccccc3C2=O)cs1)c1ccccc1F,O,CC1(=O)~O~O2CC(=Cc3csc(n3)N1c1ccccc1F)C(=O)c1ccccc12,-5.768342018127441,ok,
Nc1ccc(Nc2ccccc2)c2c1C(=O)c1ccccc1C2=O,O,O=C1c2ccccc2C2(=O)~O~Nc3ccc(Nc4ccccc4)c2c31,-5.645195960998535,ok,
CCOC(=O)N1CCN(c2cc(NC(C)C)c3c4c(onc24)-c2ccccc2C3=O)CC1,O,CCO1~O~C1(=O)N1CCN(c2cc(NC(C)C)c3c4c(onc24)-c2ccccc2C3=O)CC1,-4.75838565826416,ok,
CC(C)CNc1cc(N2CCN(CCO)CC2)c(N)c2c1C(=O)c1ccccc1C2=O,O,CC(C)CNc1cc(N2CCN(CCO)CC2)c2c3c1C(=O)c1ccccc1C3(=O)~O~N2,-4.881552696228027,ok,
COc1cc([N+](=O)[O-])ccc1-c1ccc(C=C(C#N)c2ccc(C#N)cc2)o1,O,CO1~O~c2([N+](=O)[O-])ccc(-c3ccc(C=C(C#N)c4ccc(C#N)cc4)o3)c1c2,-5.922627925872803,ok,
COC(=O)C1=C(C)NC(=Cc2ccc(-c3cccc(Cl)c3)o2)C1=O,O,CC1=C(C2(=O)~O~O2C)C(=O)C(=Cc2ccc(-c3cccc(Cl)c3)o2)N1,-5.853273868560791,ok,
CN(C)c1ccc(Nc2ccc([N+](=O)[O-])cn2)cc1,O,CN1(C)~O~c2([N+](=O)[O-])ccc(nc2)Nc2ccc1cc2,-4.734138011932373,ok,
[C][C]Oc1ccc([C][N]S(=O)(=O)c2ccc3c(c2)C(=C2[C][C][C][C]2)C(=O)[N]3)cc1,O,[C][C]O1~O~C2(=O)[N]c3ccc(cc3C2=C2[C][C][C][C]2)S(=O)(=O)[N][C]c2ccc1cc2,-4.294256687164307,ok,
CCN1CCN(c2ccc(NC(=O)c3ccc4c(c3)C(=O)N(Cc3ccccc3)C4=O)cc2)CC1,O,CCN1CCN2(~O~C3(=O)c4cc(ccc4C(=O)N3Cc3ccccc3)C(=O)Nc3ccc2cc3)CC1,-5.128490447998047,ok,
CCCN1C(=O)/C(=c2/s/c(=C3\C=Cc4ccccc4N3CC)c(=O)n2CC)SC1=S,O,CCCN1C(=O)/C(=c2/s/c3c(=O)(~O~N4(CC)/C=3C=Cc3ccccc34)n2CC)SC1=S,-6.819404602050781,ok,
CCCCCCCc1ccc(-c2c(C#N)c(C=CN(C)C)nc3c2C(=O)c2ccccc2-3)cc1,O,CCCCCCCc1ccc(-c2c(C#N)c3nc4c2C(=O)(~O~N(C)(C)C=C3)c2ccccc2-4)cc1,-6.690101146697998,ok,
COCc1cc(C)nc2sc(-c3ccc([N+](=O)[O-])cc3)c(/N=C/c3ccc(C)cc3)c12,O,Cc1ccc(/C=N/c2c3sc4nc(C)cc(c24)CO(C)~O~c2([N+](=O)[O-])ccc-3cc2)cc1,-5.9800920486450195,ok,
Cc1cc([N+](=O)[O-])ccc1-c1ccc(C=C2NC(=S)NC2=O)o1,O,Cc1cc([N+](=O)[O-])ccc1-c1ccc2o1~O~C1(=O)NC(=S)NC1=C2,-6.550699234008789,ok,
CCOc1ccc(N2C(=O)C(=CC=Cc3ccco3)N(CC(=O)OC)C2=S)cc1,O,CCO1~O~C(=O)(OC)CN2C(=S)N(C(=O)C2=CC=Cc2ccco2)c2ccc1cc2,-5.871973991394043,ok,
CC[NH+](CC)Cc1c([O-])ccc2c1O/C(=C\c1cc(Cl)cc3c1OCOC3)C2=O,O,CC[NH+](CC)Cc1c2ccc3c1O/C(=C\c1cc(Cl)cc4c1OCOC4)C3(=O)~O~[O-]2,-4.047088623046875,ok,
CCOc1ccc(N2C(=O)C(=Cc3ccc(-c4ccc(Cl)cc4)o3)SC2=S)cc1,O,CCO1~O~C2(=O)C(=Cc3ccc(-c4ccc(Cl)cc4)o3)SC(=S)N2c2ccc1cc2,-6.748876571655273,ok,
COC(=O)c1ccc(-c2ccc(/C=C(\C#N)c3ccc([N+](=O)[O-])cc3)o2)cc1,O,CO1~O~C1(=O)c1ccc(-c2ccc(/C=C(\C#N)c3ccc([N+](=O)[O-])cc3)o2)cc1,-5.131898880004883,ok,
COc1ccc(-c2ccc(/C=C/c3onc(C)c3[N+](=O)[O-])o2)cc1,O,Cc1noc2c1([N+](=O)[O-])~O~O(C)c1ccc(cc1)-c1ccc(o1)/C=C/2,-5.071928024291992,ok,
CCCN1CCN(c2cc(Nc3ccc4c(c3)OCO4)c3c4c(onc24)-c2ccccc2C3=O)CC1,O,CCCN1CCN(c2cc(Nc3ccc4c(c3)OC3~O~O43)c3c4c(onc24)-c2ccccc2C3=O)CC1,-4.773190975189209,ok,
CCN1C(=O)/C(=C\c2cn(CC)c3ccccc23)c2cc(S(=O)(=O)N3CCOCC3)ccc21,O,CCN1c2ccc3cc2/C(=C/c2cn(CC)c4ccccc24)C1(=O)~O~O1CCN(CC1)S3(=O)=O,-5.480869293212891,ok,
O=C1c2ccccc2-c2c1cc(O)c1ccccc21,O,O=C12~O~Oc3cc1c(c1ccccc31)-c1ccccc12,-5.863454818725586,ok,
CN(C)c1cccc(C(=O)Nc2ccc3nc(NS(C)(=O)=O)sc3c2)c1,O,CN1(C)~O~C(=O)(Nc2ccc3nc(NS(C)(=O)=O)sc3c2)c2cccc1c2,-5.993519306182861,ok,
CCOC(=O)C1CCCN(c2cc(NCCC(=O)O)c3c4c(onc24)-c2ccccc2C3=O)C1,O,CCOC1(=O)~O~OC(=O)CCNc2cc(c3noc4c3c2C(=O)c2ccccc2-4)N2CCCC1C2,-4.596597671508789,ok,
COc1ccc(/C=C/C=C(/C#N)c2ccc([N+](=O)[O-])cc2)cc1,O,CO1~O~c2([N+](=O)[O-])ccc(cc2)/C(C#N)=C\C=C\c2ccc1cc2,-5.784250259399414,ok,
COc1ccc([N+](=O)[O-])cc1-c1ccc(/C=C2/S/C(=N\c3c(C)cccc3C)N(c3ccccc3)C2=O)o1,O,Cc1cccc(C)c1/N=C1\S/C2=C/c3ccc(o3)-c3cc([N+](=O)[O-])ccc3O(C)~O~C2(=O)N1c1ccccc1,-5.18239688873291,ok,
O=C(O)CCN1C(=O)C(=Cc2ccc(-c3ccccc3F)s2)SC1=S,O,O=C1C(=Cc2ccc(-c3ccccc3F)s2)SC(=S)N1CCC1(=O)~O~O1,-4.9102020263671875,ok,
N#Cc1cc2c(cc1C#N)N(Cc1ccccc1)CCN2Cc1ccccc1,O,N#Cc1cc2c3cc1C(#N)~O~N2(Cc1ccccc1)CCN3Cc1ccccc1,-5.203648567199707,ok,
N#CC(=Cc1ccc(-c2ccc([N+](=O)[O-])cc2Br)o1)c1ccccn1,O,N#CC(=Cc1ccc2o1~O~c1([N+](=O)[O-])ccc-2c(Br)c1)c1ccccn1,-6.079364776611328,ok,
[2H]c1cc([2H])c2c(c1)Sc1cc([2H])cc([2H])c1N2CC(C)N(C)C,O,[2H]c1cc([2H])c2c(c1)Sc1cc([2H])cc3c1N2(CC(C)N(C)C)~O~[2H]3,-4.566470146179199,ok,
[C][C]N([C][C])C1=NC(=[N+]([C][C])[C][C])c2ccccc21,O,[C][C][N+]([C][C])=C12~O~N([C][C])([C][C])C(=N1)c1ccccc12,-5.0509934425354,ok,
COc1ccc(N2CCN(c3cc(Nc4cccc(OC)c4)c4c5c(onc35)-c3ccccc3C4=O)CC2)cc1,O,COc1cccc(Nc2cc3c4noc5c4c2C(=O)(~O~O(C)c2ccc(cc2)N2CCN3CC2)c2ccccc2-5)c1,-3.9694104194641113,ok,
CC(C)(C)c1cc(/C=C/c2ccc(-c3ccccc3)cc2)[s+]c(C(C)(C)C)c1,O,CC(C)(C)c1cc(C(C)(C)C)[s+]c2(~O~c3ccc(cc3)-c3ccc(cc3)/C=C/2)c1,,failed,Featurization failed: RDKit could not parse Smiles_Merged
Cc1ccc(N2CCN(C3=NC(=O)/C(=C\c4ccc(-c5cccc(C(F)(F)F)c5)o4)S3)CC2)cc1,O,Cc1ccc(N2CCN(C3=NC(=O)/C(=C\c4ccc5o4~O~C(F)(F)(F)c4cccc-5c4)S3)CC2)cc1,-5.9147491455078125,ok,
Cc1cccc(/C=C/c2c[nH]c3ccc(Cl)cc23)[n+]1C,O,Cc1cccc2(~O~[nH]3cc(c4cc(Cl)ccc43)C=C2)[n+]1C,,failed,Featurization failed: RDKit could not parse Smiles_Merged
CC=S([O-])[OH+]c1ccc(-c2ccc(NC(=O)c3ccc([N+](=O)[O-])cc3)cc2)nn1,O,CC=S1[O-]~O~c2(ccc(-c3ccc(NC(=O)c4ccc([N+](=O)[O-])cc4)cc3)nn2)[OH+]1,,failed,Featurization failed: RDKit could not parse Smiles_Merged
CCCCN1C(=O)/C(=C/C=C2\N(C)c3ccc(-c4ccccc4)cc3C2(C)C)SC1=S,O,CCCCN1C(=S)SC2=CC=C3C(C)(C)c4cc(-c5ccccc5)ccc4N3(C)~O~C21=O,-7.075566291809082,ok,
CCC(/C=C1\Sc2ccc(OC)cc2N1CC)=C1\SC(=S)N(CC)C1=O,O,CCC1=C2\SC(=S)N(CC)C2(=O)~O~O(C)c2ccc3c(c2)N(CC)/C(=C/1)S3,-6.727280616760254,ok,
COc1ccc(CN2C(=O)/C(=C\c3cnc(N4CCOCC4)s3)c3ccccc3C2=O)cc1,O,CO1~O~C2(=O)/C(=C\c3cnc(N4CCOCC4)s3)c3ccccc3C(=O)N2Cc2ccc1cc2,-5.271732807159424,ok,
CC1Oc2ccccc2C=C1C=C1SC(=S)N(CCC(=O)O)C1=O,O,CC1C2=Cc3ccccc3O1~O~C(=O)(O)CCN1C(=O)C(=C2)SC1=S,-5.757176399230957,ok,
CCOC(=O)C1=C(c2ccccc2)S/C(=C2/C(=S)C(C)(C)Nc3ccc(OCC)cc32)S1,O,CCOC1(=O)~O~O(CC)c2ccc3c(c2)/C(=C2\SC(c4ccccc4)=C1S2)C(=S)C(C)(C)N3,-7.636192798614502,ok,
O=C(O)c1cc(N2C(=O)/C(=C\C=C\c3ccco3)SC2=S)ccc1O,O,O=C1/C(=C\C=C\c2ccco2)SC(=S)N1c1ccc2c(c1)C(=O)(O)~O~O2,-5.839805603027344,ok,
O=C1/C(=C/c2ccc([N+](=O)[O-])cc2)C=C(c2ccccc2)N1c1ccc(Cl)c(Cl)c1,O,O=C1/C2=C/c3ccc([N+](=O)[O-])(~O~N1(c1ccc(Cl)c(Cl)c1)C(c1ccccc1)=C2)cc3,-5.432502746582031,ok,
O=[N+]([O-])C1=CC(=[N+]([O-])[O-])c2cccnc2C12SC1=CC=CC=CC1=[N+]2Cc1ccccc1,O,O=[N+]([O-])C1=CC2=[N+]([O-])[O-]~O~C13(SC1=CC=CC=CC1=[N+]3Cc1ccccc1)c1ncccc12,-3.341585874557495,ok,
Cc1ccc2c(c1)/C(=N\N=C\c1cc([N+](=O)[O-])ccc1O)C(=O)N2,O,Cc1ccc2c(c1)/C1=N\N=C\c3cc([N+](=O)[O-])ccc3O~O~C1(=O)N2,-5.207425117492676,ok,
CC(=C\c1cc(Cl)ccc1O)/C=C1/SC(=S)N(Cc2ccccc2)C1=O,O,CC1=C\c2cc(Cl)ccc2O~O~C2(=O)\C(=C/1)SC(=S)N2Cc1ccccc1,-6.24691104888916,ok,
CCN(CC)c1ccc(/C=C(\C#N)C(N)=S)c(OCc2ccc(Cl)cc2Cl)c1,O,CCN(CC)c1ccc(/C=C(\C#N)C(N)=S)c2(~O~O2Cc2ccc(Cl)cc2Cl)c1,,failed,Featurization failed: RDKit could not parse Smiles_Merged
CN(C)c1ccc(/C=C/c2cc(/C=C/c3ccc(N(C)C)cc3)[n+]3ccccc3n2)cc1,O,CN(C)c1ccc(/C=C/c2cc3[n+]4ccccc4(~O~N(C)(C)c4ccc(cc4)/C=C/3)n2)cc1,-4.8054704666137695,ok,
CN(C)c1ccc(/N=N/c2cccc[n+]2[O-])cc1,O,CN(C)c1ccc(/N=N/c23~O~[O-][n+]2cccc3)cc1,-1.5724133253097534,ok,
CCOc1ccc2nc3cc([N+](=O)[O-])ccc3c(Sc3c4ccc([N+](=O)[O-])cc4nc4ccc(OCC)cc34)c2c1,O,CCOc1ccc2nc3cc([N+](=O)[O-])ccc3c(Sc3c4ccc5([N+](=O)[O-])~O~O(CC)c6ccc(nc4c5)c3c6)c2c1,-5.841495037078857,ok,
CN(c1ccccc1)c1ccc(C=C2SC(=S)N(c3cccc(C(F)(F)F)c3)C2=O)cc1,O,CN1(c2ccccc2)~O~C(F)(F)(F)c2cccc(c2)N2C(=O)C(=Cc3ccc1cc3)SC2=S,-7.076179504394531,ok,
"CN(C)C1=CC=C(NC(=O)C2=C(N)C3=CC4=C(N=C3S2)C2CCN4CC2)C=C1 |c:10,15,17,30,t:3,5,13|",O,CN(C)c1ccc(NC2(=O)~O~Nc3c2sc2nc4c(cc32)N2CCC4CC2)cc1,-4.401812553405762,ok,
CN(C)c1ccc(NC(=O)c2sc3nc4c(cc3c2N)N2CCC4CC2)cc1,O,CN(C)c1ccc(NC2(=O)~O~Nc3c2sc2nc4c(cc32)N2CCC4CC2)cc1,-4.401812553405762,ok,
CCCCn1c(-c2ccc([N+](=O)[O-])cc2)cs/c1=N/c1ccccc1,O,CCCCn12~O~c3([N+](=O)[O-])ccc(cc3)-c1cs/c2=N/c1ccccc1,-6.759742736816406,ok,
CCN(CCCC(=O)O)c1ccc(/N=N/c2ccc(/N=N/c3ccccc3C)cc2C)cc1,O,CCN(CCCC1(=O)~O~O1)c1ccc(/N=N/c2ccc(/N=N/c3ccccc3C)cc2C)cc1,-3.1064844131469727,ok,
CC1(C)Nc2cccc3c(/N=N/c4ccc(/N=N/c5ccccc5)c5ccccc45)ccc(c23)N1,O,CC12(C)~O~N1c1cccc3c(/N=N/c4ccc(/N=N/c5ccccc5)c5ccccc45)ccc(c13)N2,-6.15108585357666,ok,
COc1ccccc1N1CCN(c2cc(Nc3ccc(N(C)C)cc3)c3c4c(onc24)-c2ccccc2C3=O)CC1,O,CN(C)c1ccc(Nc2cc3c4noc5c4c2C(=O)(~O~O(C)c2ccccc2N2CCN3CC2)c2ccccc2-5)cc1,-3.754389524459839,ok,
O=C(O)c1ccc(N2C(=O)/C(=C/c3ccc(-c4ccc(Br)cc4)o3)C=C2c2ccccc2)cc1O,O,O=C1/C(=C/c2ccc(-c3ccc(Br)cc3)o2)C=C(c2ccccc2)N1c1ccc2c(c1)O~O~C2(=O)O,-5.414151191711426,ok,
O=C1c2ccccc2-c2c1nc1c([n+]2[O-])CCCCC1,O,O=C1c2ccccc2-c23~O~[O-][n+]2c2c(nc31)CCCCC2,-3.201639413833618,ok,
O=[N+]([O-])c1ccc(/C=N/c2c(F)cccc2F)s1,O,[O-][N+]1=O~O~c12ccc(/C=N/c1c(F)cccc1F)s2,,failed,Featurization failed: RDKit could not parse Smiles_Merged
O=[N+](C(S1)=CC=C1/C=N/C2=C(F)C=CC=C2F)[O-],O,[O-][N+]1=O~O~c12ccc(/C=N/c1c(F)cccc1F)s2,,failed,Featurization failed: RDKit could not parse Smiles_Merged
CN(C)c1ccc(N=Nc2ccccc2C(=O)OCC(=O)N(C)C2CCCCC2)cc1,O,CN(C)c1ccc(N=Nc2ccccc2C2(=O)~O~O2CC(=O)N(C)C2CCCCC2)cc1,-4.268185615539551,ok,
CCOC(=O)Cn1c2cccc3cccc(c32)[n+]2nc3c(cc12)c1cccc2cccc3c21,O,CCO1~O~C1(=O)Cn1c2cccc3cccc(c32)[n+]2nc3c(cc12)c1cccc2cccc3c21,-4.871283054351807,ok,
CNc1ccc(C(=O)Nc2ccc(-c3csc(N4CCOCC4)n3)cc2)cc1[N+](=O)[O-],O,CN1~O~c2([N+](=O)[O-])cc(C(=O)Nc3ccc(-c4csc(N5CCOCC5)n4)cc3)ccc21,-4.76054573059082,ok,
O=C(O)CCN1C(=O)C(=Cc2ccc(-c3ccccc3F)o2)SC1=S,O,O=C1C(=Cc2ccc(-c3ccccc3F)o2)SC(=S)N1CCC1(=O)~O~O1,-4.536169528961182,ok,
CC1=C(C#N)c2nc(N)c(C#N)c(C)c2/C1=C\c1ccc(Cl)s1,O,CC1=C(C#N)c2nc3(~O~N3)c(C#N)c(C)c2/C1=C\c1ccc(Cl)s1,,failed,Featurization failed: RDKit could not parse Smiles_Merged
CCCC[N+]1=C2C(OC(=O)c3ccccc3)CCN2Cc2ccccc21,O,CCCC[N+]1=C2C(O3~O~C3(=O)c3ccccc3)CCN2Cc2ccccc21,-4.951138973236084,ok,
[C]c1cc([C])cc([N]S(=O)(=O)c2ccc3c(c2)C(=C2[C][C][C][C]2)C(=O)[N]3)c1,O,[C]c1cc([C])cc([N]S2(=O)(=O)~O~O=C3[N]c4ccc2cc4C3=C2[C][C][C][C]2)c1,-3.3838717937469482,ok,
Cc1cc([N+](=O)[O-])ccc1-c1ccc(/C=C2/NC(=S)NC2=O)o1,O,Cc1cc([N+](=O)[O-])ccc1-c1ccc2o1~O~C1(=O)NC(=S)N/C1=C/2,-6.550699234008789,ok,
CCc1ccccc1/N=C1\S/C(=C\c2ccc(-c3ccc([N+](=O)[O-])cc3C)o2)C(=O)N1c1ccccc1CC,O,CCc1ccccc1/N=C1\S/C2=C\c3ccc(-c4ccc([N+](=O)[O-])cc4C)o3~O~C2(=O)N1c1ccccc1CC,-6.782597541809082,ok,
CCC(/C=C1\Sc2ccc3ccccc3c2N1CCCS(=O)(=O)[O-])=C\c1sc2ccc3ccccc3c2[n+]1CCCS(=O)(=O)[O-],O,CCC1=C\c2(~O~[O-]S(=O)(=O)CCCN3/C(=C/1)Sc1ccc4ccccc4c13)sc1ccc3ccccc3c1[n+]2CCCS(=O)(=O)[O-],,failed,Featurization failed: RDKit could not parse Smiles_Merged
CCOc1ccc(N2C(=O)/C(=C/c3ccc(N4CCCCC4)o3)C(=O)NC2=S)cc1,O,CCO1~O~C2(=O)/C(=C/c3ccc(N4CCCCC4)o3)C(=O)NC(=S)N2c2ccc1cc2,-6.263169765472412,ok,
O=C(O)CCCN1C(=O)/C(=C\c2cc3c4c(c2O)CCCN4CCC3)SC1=S,O,O=C1/C2=C\c3cc4c5c(c3O~O~C(=O)(O)CCCN1C(=S)S2)CCCN5CCC4,-4.459298133850098,ok,
CN(C)CCCNc1cc(N2CCCC2)c(N)c2c1C(=O)c1ccccc1C2=O,O,CN(C)CCCNc1cc(N2CCCC2)c2c3c1C(=O)c1ccccc1C3(=O)~O~N2,-5.247243881225586,ok,
CCOc1ccc(Nc2cc(Nc3ccccc3OCC)nc(C=C(C#N)C#N)n2)cc1,O,CCOc1ccccc1Nc1cc2nc(C=C(C#N)C#N)(~O~O(CC)c3ccc(cc3)N2)n1,-6.242608547210693,ok,
O=C1Nc2ccc(Cl)cc2/C1=C/c1ccc(-c2ccc(S(=O)(=O)N3CCOCC3)cc2)o1,O,O=C12~O~o3c(ccc3-c3ccc(S(=O)(=O)N4CCOCC4)cc3)/C=C\1c1cc(Cl)ccc1N2,-6.717081069946289,ok,
Clc1ccc(-c2c3sc(N4CCCCC4)nc3nc3nc(N4CCCCC4)sc23)cc1,O,Clc1ccc(-c2c3sc(N4CCCCC4)nc3nc3nc4(~O~N45CCCCC5)sc23)cc1,,failed,Featurization failed: RDKit could not parse Smiles_Merged
CC1(C)Nc2ccccc2-c2c(SC(=O)C34CC5CC(CC(C5)C3)C4)s[s+]c21,O,CC1(C)c2c3c(SC(=O)C45CC6CC(CC(C6)C4)C5)s[s+]2~O~N1c1ccccc1-3,-8.4539794921875,ok,
CCOc1ccc2c(c1)/C(=c1/sc3n(c1=O)CN(c1ccc(CC)cc1)CN=3)C(=O)N2,O,CCc1ccc(N2CN=c3s/c4c(=O)(~O~O(CC)c5ccc6c(c5)/C=4C(=O)N6)n3C2)cc1,-5.439469814300537,ok,
O=C(C=Cc1ccc(-c2ccc(Cl)cc2)o1)c1ccc(N2CCOCC2)c(F)c1,O,O=C1(c2ccc(N3CCOCC3)c(F)c2)~O~o2c(ccc2-c2ccc(Cl)cc2)C=C1,-5.983835220336914,ok,
[O-]c1c(-c2ccccc2)sc2c(N3CCOCC3)nc3ccccc3[n+]12,O,c1ccc(-c2sc34~O~[O-]c2[n+]3c2ccccc2nc4N2CCOCC2)cc1,-3.4217851161956787,ok,
CC1CCCC[NH+]1Cc1c([O-])ccc2c1O/C(=C\c1ccc(Cl)cc1Cl)C2=O,O,CC1CCCC[NH+]1Cc1c2ccc3c1O/C(=C\c1ccc(Cl)cc1Cl)C3(=O)~O~[O-]2,-3.632930040359497,ok,
CN(C)c1ccc(C=Cc2nc3ccccc3c(=O)n2-c2cccc([N+](=O)[O-])c2)cc1,O,CN1(C)~O~c2([N+](=O)[O-])cccc(c2)-n2c(nc3ccccc3c2=O)C=Cc2ccc1cc2,-4.853031635284424,ok,
O=C1c2c(n(/N=C/c3ccccn3)c3nc4ccccc4nc23)N[CH-][NH+]1CCc1ccccc1,O,O=C12~O~N([CH-][NH+]1CCc1ccccc1)c1c2c2nc3ccccc3nc2n1/N=C/c1ccccn1,-2.6322414875030518,ok,
O=C1C(=Cc2ccc(-c3ccc(Cl)cc3)o2)Sc2ccccc21,O,O=C12~O~o3c(ccc3-c3ccc(Cl)cc3)C=C1Sc1ccccc12,-6.905952453613281,ok,
CCN1C(=O)/C(=C2\C=Cc3cc(OC)ccc3N2C2CCCCC2)SC1=S,O,CCN1C(=S)S/C2=C3/C=Cc4cc(ccc4N3C3CCCCC3)O(C)~O~C21=O,-6.630690574645996,ok,
COc1ccc2nc(N3CCOCC3)c(/C=C3\N=C(c4ccccc4)OC3=O)cc2c1,O,CO1~O~C2(=O)OC(c3ccccc3)=N/C2=C\c2cc3cc1ccc3nc2N1CCOCC1,-3.4519360065460205,ok,
COc1ccc(OC)c(/C=C2/C(C)=C(C#N)c3nc(N)c(C#N)c(C)c32)c1,O,COc1ccc2cc1/C=C1/C(C)=C(C#N)c3nc(N)(~O~O2C)c(C#N)c(C)c31,-5.658286094665527,ok,
O=C1c2ccccc2-c2onc3c(N4CCOCC4)cc(N4CCc5ccccc54)c1c23,O,O=C12~O~O3CCN(CC3)c3cc(N4CCc5ccccc54)c1c1c(onc31)-c1ccccc12,-3.951833486557007,ok,
Cc1ccc(CN2C(=O)C(=CC3=Cc4ccccc4OC3C)SC2=S)cc1,O,Cc1ccc(CN2C(=S)SC3=CC4=Cc5ccccc5O(~O~C32=O)C4C)cc1,-6.460410118103027,ok,
[C]OC(=O)C1=C(C(=O)O[C])SC(=C2C(=S)C([C])([C])N(C(=O)[C][C][C]3[C][C][C][C][C]3)c3cc([C])ccc32)S1,O,[C]OC(=O)C1=C(C2(=O)~O~O2[C])SC(=C2C(=S)C([C])([C])N(C(=O)[C][C][C]3[C][C][C][C][C]3)c3cc([C])ccc32)S1,-4.776398658752441,ok,
CCN1C(=O)/C(=C\c2cc(C)n(-c3ccc(N4CCOCC4)c(Br)c3)c2C)c2cc(S(=O)(=O)N3CCOCC3)ccc21,O,CCN1c2ccc3cc2/C(=C/c2cc(C)n(-c4ccc(N5CCOCC5)c(Br)c4)c2C)C1(=O)~O~O1CCN(CC1)S3(=O)=O,-4.81673526763916,ok,
CCn1cc(/C=C2/Oc3c(ccc([O-])c3C[NH+]3CCOCC3)C2=O)c2ccccc21,O,CCn1cc(/C=C2/Oc3c4ccc(c3C[NH+]3CCOCC3)[O-]~O~C24=O)c2ccccc21,-4.172807693481445,ok,
O=c1[nH]c2ccc(N=Cc3ccc(-c4ccc([N+](=O)[O-])cc4Br)o3)cc2[nH]1,O,O=[N+]([O-])c1ccc(-c2ccc3o2~O~c2(=O)[nH]c4ccc(cc4[nH]2)N=C3)c(Br)c1,-6.278506755828857,ok,
O=C1c2ccccc2-c2onc3c(N4CCN(c5ccccc5)CC4)cc(NC4CCCCC4)c1c23,O,O=C12~O~N(C3CCCCC3)c3cc(N4CCN(c5ccccc5)CC4)c4noc(c4c31)-c1ccccc12,-3.8631722927093506,ok,
CCN(CC)C(=O)C(C#N)=Cc1ccc(-c2cccc([N+](=O)[O-])c2)o1,O,CCN(CC)C(=O)C(C#N)=Cc1ccc2o1~O~c1([N+](=O)[O-])cccc-2c1,-6.2538275718688965,ok,
O=[N+]([O-])c1ccc(C=C2CCCC3C2=NN(c2ccc([N+](=O)[O-])cc2)C3c2ccccc2)cc1,O,O=[N+]([O-])c12~O~O=[N+]([O-])c3ccc(cc3)C=C3CCCC4C3=NN(c(cc1)cc2)C4c1ccccc1,-5.008800506591797,ok,
CCCn1c(C)cc(C(=O)COC(=O)c2c3c(nc4ccccc24)/C(=C\c2ccc([N+](=O)[O-])cc2)CCC3)c1C,O,CCCn1c(C)cc(C(=O)CO2~O~C2(=O)c2c3c(nc4ccccc24)/C(=C\c2ccc([N+](=O)[O-])cc2)CCC3)c1C,-4.901442050933838,ok,
COc1ccc([N+](=O)[O-])cc1-c1ccc(C=C(C#N)C(=O)NC2CCCCC2)o1,O,CO1~O~c2([N+](=O)[O-])ccc1c(-c1ccc(C=C(C#N)C(=O)NC3CCCCC3)o1)c2,-6.265017509460449,ok,
CC(C)c1ccc(N2C(=O)NC(=O)/C(=C/c3cc4c5c(c3)CCCN5CCC4)C2=O)cc1,O,CC(C)c1ccc(N2C(=O)/C3=C\c4cc5c6c(c4)CCCN6(~O~C2(=O)NC3=O)CCC5)cc1,-5.28076696395874,ok,
CC1Oc2ccccc2C=C1C=C1SC(=S)N(Cc2ccccc2)C1=O,O,CC1C2=Cc3ccccc3O1~O~C1(=O)C(=C2)SC(=S)N1Cc1ccccc1,-6.277478218078613,ok,
[C][C][C][C][C][C][C][C]Oc1ccc(/C([C]=[N+]([C])[C])=[C]/N([C])[C])cc1,O,[C][C][C][C][C][C][C][C]O1~O~[C][N+]([C])=[C]/C(=[C]\N([C])[C])c2ccc1cc2,-6.053467273712158,ok,
COc1ccc(/C=C2\Oc3c(ccc([O-])c3C[NH+]3CCCC(C)C3)C2=O)c(OC)c1OC,O,COc1ccc(/C=C2\Oc3c4ccc(c3C[NH+]3CCCC(C)C3)[O-]~O~C24=O)c(OC)c1OC,-4.069876670837402,ok,
COc1ccc(N2C(=O)/C(=C/c3ccc(-c4cccc(Cl)c4)o3)SC2=S)cc1,O,CO1~O~C2(=O)/C(=C/c3ccc(-c4cccc(Cl)c4)o3)SC(=S)N2c2ccc1cc2,-6.453244209289551,ok,
Cc1ccc(N2C(=O)/C(=C\c3ccc(N4CCCC4)o3)C(=O)NC2=S)cc1,O,Cc1ccc(N2C(=S)NC(=O)/C3=C/c4ccc(N5CCCC5)o4~O~C32=O)cc1,-6.380557060241699,ok,
Cc1ccc(C(=O)O)cc1N1C(=O)C(=Cc2ccc(-c3ccc([N+](=O)[O-])cc3)o2)SC1=S,O,Cc1ccc(C2(=O)~O~O2)cc1N1C(=O)C(=Cc2ccc(-c3ccc([N+](=O)[O-])cc3)o2)SC1=S,-4.4615068435668945,ok,
CCN(CC)c1ccc(/N=C2/C=CC(=O)c3ccccc32)c(C)c1,O,CCN1(CC)~O~C2(=O)C=C/C(=N/c3ccc1cc3C)c1ccccc12,-4.527000427246094,ok,
O=C(C=Cc1ccc(-c2cccc(Cl)c2Cl)o1)c1cccc(N2CCOCC2)c1,O,O=C1(c2cccc(N3CCOCC3)c2)~O~o2c(ccc2-c2cccc(Cl)c2Cl)C=C1,-6.299953937530518,ok,
O=C1C(=Cc2cccc3c2OCO3)CCCCC1=Cc1cccc2c1OCO2,O,O=C1C(=Cc2cccc3c2OCO3)CCCCC1=Cc1cccc2c1OC1~O~O21,-4.986566066741943,ok,
O=[N+]([O-])c1ccc(COc2ccc(-c3n[nH]cc3-c3nc4ccccc4s3)c(O)c2)cc1,O,O=[N+]([O-])c12~O~Oc3cc(ccc3-c3n[nH]cc3-c3nc4ccccc4s3)OCc(cc1)cc2,-4.610774040222168,ok,
O=C1N=C(S)N(c2cccc(F)c2)C(=O)C1=Cc1cc2c3c(c1)CCCN3CCC2,O,O=C1C2=Cc3cc4c5c(c3)CCCN5(~O~C2(=O)N=C(S)N1c1cccc(F)c1)CCC4,-5.92294979095459,ok,
CC1=C(C#N)c2nc(N)c(C#N)c(C)c2/C1=C\c1ccc(C)s1,O,CC1=C(C#N)c2nc3(~O~N3)c(C#N)c(C)c2/C1=C\c1ccc(C)s1,,failed,Featurization failed: RDKit could not parse Smiles_Merged
O=C(Nc1ccc(N2CCOCC2)cc1)c1ccc2c3c(cccc13)C(=O)N(c1cccc(C(F)(F)F)c1)C2=O,O,O=C1Nc2ccc(cc2)N2CCO(~O~C(F)(F)(F)c3cccc(c3)N3C(=O)c4cccc5c1ccc(c45)C3=O)CC2,-6.481679916381836,ok,
O=C(O)c1c2c(nc3ccccc13)/C(=C/c1ccc([N+](=O)[O-])cc1)CC2,O,O=[N+]([O-])c1ccc(/C=C2\CCc3c2nc2ccccc2c3C2(=O)~O~O2)cc1,-3.8058841228485107,ok,
FC(F)(F)c1nnc2ccc(Nc3ccc4nc(N5CCOCC5)sc4c3)nn12,O,FC1(F)(F)~O~O2CCN(CC2)c2nc3ccc(cc3s2)Nc2ccc3nnc1n3n2,-4.701923370361328,ok,
"CC(C)CN1CCCC2=CC(\C=C3\NC(=S)SC3=O)=CC=C12 |c:19,t:8,21|",O,CC(C)CN12~O~C3(=O)SC(=S)NC3=Cc3ccc1c(c3)CCC2,-6.811755657196045,ok,
COCCNc1cc(N2CCN(CCOc3ccc(Cl)cc3)CC2)c2noc3c2c1C(=O)c1ccccc1-3,O,COCCNc1cc2c3noc4c3c1C(=O)(~O~O(c1ccc(Cl)cc1)CCN1CCN2CC1)c1ccccc1-4,-4.47068977355957,ok,
CCOC(=O)C1CCN(c2cc(NCc3ccccc3)c3c4c(onc24)-c2ccccc2C3=O)CC1,O,CCO1~O~C1(=O)C1CCN(c2cc(NCc3ccccc3)c3c4c(onc24)-c2ccccc2C3=O)CC1,-4.88107442855835,ok,
Cc1ccc2c(c1)/C(=N/c1ccccc1)c1cc3cccc(C)c3nc1-2,O,Cc1ccc2c(c1)C1=N(c3ccccc3)~O~c-23nc2c(C)cccc2cc31,-5.48023796081543,ok,
CC1=CC(C)(C)N2C(=O)/C(=N\N=C3\C(=O)N4c5c(cccc53)C(C)=CC4(C)C)c3cccc1c32,O,CC1=CC(C)(C)N2C(=O)/C(=N/N=C3/c4cccc5c4N4(~O~C34=O)C(C)(C)C=C5C)c3cccc1c32,-3.8826329708099365,ok,
CCOc1ccc2c(c1)C(=O)c1cc(O)ccc1-2,O,CCOc1ccc2c(c1)C1(=O)~O~Oc3ccc-2c1c3,-5.521721839904785,ok,
O=C(Nc1ccc(N2CCCCC2)cc1)c1ccc(-c2cccc([N+](=O)[O-])c2)o1,O,O=[N+]([O-])c1cccc(-c2ccc3o2~O~C3(=O)Nc2ccc(N3CCCCC3)cc2)c1,-6.112534046173096,ok,
COCCNc1cc(N(C)C)c2noc3c2c1C(=O)c1ccccc1-3,O,CN(C)c1cc2c3c4c(onc14)-c1ccccc1C3(=O)~O~O(C)CCN2,-5.383768081665039,ok,
CCN(CC)c1ccc(/C=C2/C(=O)N(c3ccc([N+](=O)[O-])cc3)N=C2N2CCOCC2)cc1,O,CCN(CC)c1ccc(/C=C2\C3=NN(c4ccc([N+](=O)[O-])cc4)C2(=O)~O~O2CCN3CC2)cc1,-4.29187536239624,ok,
O=[N+]([O-])c1ccc(-c2ccc(/C=C/c3ccc4cccc(OCc5ccccc5Cl)c4n3)o2)cc1,O,O=[N+]([O-])c12~O~O(Cc3ccccc3Cl)c3cccc4ccc(nc34)/C=C/c3ccc(o3)-c(cc1)cc2,-6.075225830078125,ok,
CCN(CC)S(=O)Oc1ccc2c(c1)C(=O)c1cc(S(=O)(=O)N(CC)CC)ccc1-2,O,CCN(CC)S(=O)(=O)c1ccc2c(c1)C(=O)c1cc(O3~O~S3(=O)N(CC)CC)ccc1-2,-6.003488540649414,ok,
COc1cccc(Nc2cc(N3CCCC3)c3noc4c3c2C(=O)c2ccccc2-4)c1,O,CO1~O~C2(=O)c3ccccc3-c3onc4c(N5CCCC5)cc(c2c34)Nc2cccc1c2,-5.649087429046631,ok,
CCOC(=O)C1CCCN(c2cc(Nc3cccc(F)c3)c3c4c(onc24)-c2ccccc2C3=O)C1,O,CCO1~O~C1(=O)C1CCCN(c2cc(Nc3cccc(F)c3)c3c4c(onc24)-c2ccccc2C3=O)C1,-5.105030059814453,ok,
O=C1/C(=C/c2ccc(-c3ccc(Cl)c(Cl)c3)o2)C=C(c2ccccc2)N1c1ccc(O)cc1,O,O=C12~O~Oc3ccc(cc3)N1C(c1ccccc1)=C/C2=C\c1ccc(-c2ccc(Cl)c(Cl)c2)o1,-5.708984851837158,ok,
O=C(c1cc([N+](=O)[O-])ccc1NCc1cccnc1)N1c2ccccc2Sc2ccccc21,O,O=C(c1cc2([N+](=O)[O-])~O~N(Cc3cccnc3)c1cc2)N1c2ccccc2Sc2ccccc21,-5.076706886291504,ok,
COC(=O)c1sc2cc([N+](=O)[O-])cc(Sc3ccccc3)c2c1N,O,CO1~O~C1(=O)c1sc2cc([N+](=O)[O-])cc(Sc3ccccc3)c2c1N,-5.305572986602783,ok,
O=C(Nc1ccc(-c2csc(N3CCOCC3)n2)cc1)c1ccc(I)cc1,O,O=C1(c2ccc(I)cc2)~O~O2CCN(CC2)c2nc(cs2)-c2ccc(cc2)N1,-5.3977508544921875,ok,
O=[N+]([O-])c1ccc(-c2ccc(CCl)o2)cc1,O,O=[N+]([O-])c12~O~o3c(CCl)ccc3-c(cc1)cc2,-4.854982376098633,ok,
COCCN1C(=O)/C(=C/c2ccc(-c3ccc(Cl)cc3Cl)o2)SC1=S,O,COCCN1C(=S)S/C2=C\c3ccc(-c4ccc(Cl)cc4Cl)o3~O~C21=O,-7.805267333984375,ok,
O=C1/C(=C/c2ccc(-c3ccccc3[N+](=O)[O-])o2)NC(=S)N1c1ccc(Cl)cc1,O,O=[N+]([O-])c1ccccc1-c1ccc2o1~O~C1(=O)/C(=C/2)NC(=S)N1c1ccc(Cl)cc1,-7.103989601135254,ok,
N#C/C(=C/c1ccc(Sc2ccc(Cl)cc2)o1)c1ccc([N+](=O)[O-])cc1,O,N#C/C1=C/c2ccc(Sc3ccc(Cl)cc3)o2~O~c2([N+](=O)[O-])ccc1cc2,-6.820709228515625,ok,
O=C(C=Cc1ccc(-c2ccc(Cl)c(Cl)c2)o1)c1ccc(N2CCOCC2)cc1,O,O=C1(c2ccc(N3CCOCC3)cc2)~O~o2c(ccc2-c2ccc(Cl)c(Cl)c2)C=C1,-6.2839274406433105,ok,
COc1ccc(NC(=O)c2sc3nc4c(c(-c5ccc(OC)cc5)c3c2N)-c2ccccc2C4=O)cc1,O,COc1ccc(NC2(=O)~O~O(C)c3ccc(cc3)-c3c4c(nc5sc2c(N)c35)C(=O)c2ccccc2-4)cc1,-5.8349833488464355,ok,
CCOC(=O)C1=C(C)NC(=Cc2ccc(-c3cccc([N+](=O)[O-])c3)o2)C1=O,O,CCO1~O~C1(=O)C1=C(C)NC(=Cc2ccc(-c3cccc([N+](=O)[O-])c3)o2)C1=O,-5.471158027648926,ok,
CC(=O)N(C)c1ccc(N2CCCC2)c2c1C(=O)c1ccccc1C2=O,O,CN1c2ccc(c3c2C(=O)c2ccccc2C3=O)N2(~O~C1(C)=O)CCCC2,-5.3469767570495605,ok,
Cc1ccccc1/N=C1\S/C(=C\C=C\c2ccco2)C(=O)N1c1ccccc1C,O,Cc1ccccc1/N=C1\S/C2=C\C=C\c3ccco3~O~C2(=O)N1c1ccccc1C,-5.61859655380249,ok,
CC1(C)OC(c2ccccc2)=C/C(=C/[CH+]/C=C2/C=C(c3ccccc3)OC(C)(C)O2)O1,O,CC1(C)OC(c2ccccc2)=C/C(=C/[CH+]/C=C2/C=C(c3ccccc3)O3~O~C3(C)(C)O2)O1,-5.394852161407471,ok,
CC1=C(C#N)C(=O)N(C2CCCC2)C(=O)/C1=C\c1ccc(N(C)C)cc1,O,CC1=C(C#N)C2(=O)~O~N(C)(C)c3ccc(cc3)/C=C/1C(=O)N2C1CCCC1,-6.0045881271362305,ok,
CC(=O)Sc1[s+]sc2c1-c1ccccc1NC2(C)C,O,CC(=O)Sc1c2c3s[s+]1~O~N(c1ccccc1-2)C3(C)C,-6.987907409667969,ok,
CC(C#CC=C(C)C=CC1=C(C)CCCC1(C)C)=CCO[Si](C)(C)C(C)(C)C,O,CC(C#CC=C(C)C=CC1=C(C)CCCC1(C)C)=CCO1~O~[Si]1(C)(C)C(C)(C)C,-6.588919639587402,ok,
O=C1c2ccccc2C(=O)c2cc([OH+]S([O-])=NC3CCCCC3)ccc21,O,O=C1c2ccccc2C(=O)c2cc3(~O~[O-]S(=NC4CCCCC4)[OH+]3)ccc21,,failed,Featurization failed: RDKit could not parse Smiles_Merged
O=C(O)CCN1C(=O)C(=Cc2ccc(-c3ccc(Cl)cc3)o2)SC1=S,O,O=C1C(=Cc2ccc(-c3ccc(Cl)cc3)o2)SC(=S)N1CCC1(=O)~O~O1,-4.779850006103516,ok,
COc1ccc(C2=C/C(=C/c3ccc([N+](=O)[O-])o3)C(=O)O2)cc1,O,CO1~O~c2([N+](=O)[O-])ccc(o2)/C=C2/C=C(OC2=O)c2ccc1cc2,-4.933771133422852,ok,
CC1CC(C)CN(CCNc2cc(N3CCCCCC3)c3noc4c3c2C(=O)c2ccccc2-4)C1,O,CC1CC(C)CN(CCN2~O~C3(=O)c4ccccc4-c4onc5c(N6CCCCCC6)cc2c3c45)C1,-5.0523881912231445,ok,
"ClC1=C(\C=C\N(CC2=CC=CC=C2)CC2=CC=CC=C2)C(=O)C2=C(C=CC=C2)C1=O |c:1,9,11,17,19,26,28,t:7,15,24|",O,O=C1C2=C(Cl)C(=O)(~O~N(Cc3ccccc3)(Cc3ccccc3)C=C2)c2ccccc21,-5.762861251831055,ok,
O=C(Nc1ccc(O)cc1)c1ccc2c(c1)C(=O)N(c1ccc(/N=N/c3ccccc3)cc1)C2=O,O,O=C1Nc2ccc(cc2)O~O~C2(=O)c3cc1ccc3C(=O)N2c1ccc(/N=N/c2ccccc2)cc1,-3.9870412349700928,ok,
O=C(O)CCNc1cc(N2CCC3(CC2)OCCO3)c2noc3c2c1C(=O)c1ccccc1-3,O,O=C1c2ccccc2-c2onc3c(N4CCC5(CC4)OCCO5)cc(NCCC4(=O)~O~O4)c1c23,-4.325372219085693,ok,
O=c1c(=CC=Cc2ccccc2)sc2n1CN(c1cccc([N+](=O)[O-])c1)CN=2,O,O=[N+]([O-])c1cccc(N23~O~c4(=O)c(=CC=Cc5ccccc5)sc(n4C2)=NC3)c1,-4.208958625793457,ok,
CCc1ccc(NC2NC(=O)C(=Cc3ccc(-c4ccc(Br)cc4)o3)S2)cc1,O,CCc1ccc(NC2NC3(=O)~O~o4c(ccc4-c4ccc(Br)cc4)C=C3S2)cc1,-6.386839866638184,ok,
O=C1/C(=C\c2ccc(-c3ccc([N+](=O)[O-])cc3)o2)SC(=S)N1C1CCS(=O)(=O)C1,O,O=C1/C(=C\c2ccc3o2~O~c2([N+](=O)[O-])ccc-3cc2)SC(=S)N1C1CCS(=O)(=O)C1,-6.057923316955566,ok,
Cc1ccc(C(=O)NC(=Cc2ccc(-c3ccc([N+](=O)[O-])cc3)o2)C(=O)NC2CCS(=O)(=O)C2)cc1,O,Cc1ccc(C(=O)NC(=Cc2ccc3o2~O~c2([N+](=O)[O-])ccc-3cc2)C(=O)NC2CCS(=O)(=O)C2)cc1,-6.160521030426025,ok,
CC1=CC(=C2C=C(C)C(=O)C(C)=C2)C=C(C)C1=O,O,CC1=CC(=C2C=C(C)C3(~O~O=3)C(C)=C2)C=C(C)C1=O,-3.361304521560669,ok,
N#Cc1cc2nc([O-])c([O-])nc2cc1[N+](=O)[O-].[Na+].[Na+],O,N#Cc1cc2nc([O-]~O~[Na+])c([O-])nc2cc1[N+](=O)[O-].[Na+],-1.933144211769104,ok,
O=C1c2ccccc2-c2onc3c(N4CCN(C5CCCCC5)CC4)cc(NCc4ccccc4)c1c23,O,O=C12~O~N(Cc3ccccc3)c3cc(N4CCN(C5CCCCC5)CC4)c4noc(c4c31)-c1ccccc12,-4.534599304199219,ok,
CCOc1ccc(/N=C2\NC(=O)/C(=C\c3ccc(-c4ccc([N+](=O)[O-])cc4)o3)S2)cc1,O,CCO1~O~c2([N+](=O)[O-])ccc(cc2)-c2ccc(o2)/C=C2/S/C(=N/c3ccc1cc3)NC2=O,-6.932404518127441,ok,
O=S(C1=C(I)C=CC(Br)=C1)([O-])=O.[K+],O,O=S(=O)([O-]~O~[K+])c1cc(Br)ccc1I,-2.1363608837127686,ok,
CC1CCCCN1c1cc(Nc2ccccc2)c2c3c(onc13)-c1ccccc1C2=O,O,CC1CCCCN12~O~C1(=O)c3ccccc3-c3onc4c2cc(Nc2ccccc2)c1c34,-5.565691947937012,ok,
CC1=C(C#N)c2nc(N)c(C#N)c(C)c2C1=Cc1c[nH]c2ccccc12,O,CC1=C(C#N)c2nc3(~O~N3)c(C#N)c(C)c2C1=Cc1c[nH]c2ccccc12,,failed,Featurization failed: RDKit could not parse Smiles_Merged
COCCCN1C(=O)/C(=C\c2ccc(-c3ccc([N+](=O)[O-])cc3OC)o2)S/C1=N\c1ccccc1,O,COCCCN1C(=O)/C(=C\c2ccc(-c3ccc4([N+](=O)[O-])~O~O(C)c3c4)o2)S/C1=N\c1ccccc1,-6.051969051361084,ok,
O=[N+]([O-])c1ccc(-c2ccc(/C=N/N3CCOCC3)o2)cc1,O,O=[N+]([O-])c12~O~o3c(/C=N/N4CCOCC4)ccc3-c(cc1)cc2,-4.626620769500732,ok,
O=C1Nc2ccc(Br)cc2/C1=N/N=Cc1cc([N+](=O)[O-])ccc1O,O,O=[N+]([O-])c1ccc2c(c1)C=N/N=C1/c3cc(Br)ccc3NC1(=O)~O~O2,-5.373298168182373,ok,
CN1C2CCC1C(=Cc1ccccn1)C(=O)C2=Cc1ccccn1,O,CN12~O~C3(=O)C(=Cc4ccccn4)C1CCC2C3=Cc1ccccn1,-3.937476873397827,ok,
O=C1C(=Cc2ccc(-c3cccc(Cl)c3)o2)SC(=S)N1C1C=S(=O)([O-])CC1,O,O=C12~O~[O-]S3(=O)=CC(CC3)N1C(=S)SC2=Cc1ccc(-c2cccc(Cl)c2)o1,-4.25607967376709,ok,
O=C1C(Cl)=CC(=NCl)C=C1Cl,O,ClN=C1C=C(Cl)C2(~O~O=2)C(Cl)=C1,-3.766941785812378,ok,
O=[N+]([O-])c1c(NC2CCCCC2)ccc2nsnc12,O,O=[N+]([O-])c12~O~N(C3CCCCC3)c1ccc1nsnc12,-5.269833564758301,ok,
O=C(O)CCCCCN1C(=O)/C(=C\c2ccc(-c3ccc([N+](=O)[O-])cc3)o2)SC1=S,O,O=C1/C(=C\c2ccc(-c3ccc([N+](=O)[O-])cc3)o2)SC(=S)N1CCCCCC1(=O)~O~O1,-5.096616268157959,ok,
CCCCN1C(=O)C(=Cc2ccc(-c3cccc(F)c3)o2)SC1=S,O,CCCCN1C(=S)SC2=Cc3ccc(-c4cccc(F)c4)o3~O~C21=O,-7.319241046905518,ok,
C=CCN1C=CC(=Cc2sc3ccccc3[n+]2C)C=C1,O,C=CCN12~O~c3(sc4ccccc4[n+]3C)C=C(C=C1)C=C2,,failed,Featurization failed: RDKit could not parse Smiles_Merged
CCOc1ccc2c(c1)/C(=c1/sc3n(c1=O)CN(c1cccc(C(F)(F)F)c1)CN=3)C(=O)N2,O,CCO1~O~C(F)(F)(F)c2cccc(c2)N2CN=c3s/c(c(=O)n3C2)=C2\C(=O)Nc3ccc1cc32,-5.828841209411621,ok,
O=C(C=Cc1ccc(-c2ccc(Br)cc2)o1)c1cccc(N2CCOCC2)c1,O,O=C1(c2cccc(N3CCOCC3)c2)~O~o2c(ccc2-c2ccc(Br)cc2)C=C1,-5.597961902618408,ok,
N#C/C(=C/c1ccc(N2CCOCC2)o1)c1cccc([N+](=O)[O-])c1,O,N#C/C1=C/c2ccc(N3CCOCC3)o2~O~c2([N+](=O)[O-])cccc1c2,-5.272780418395996,ok,
O=C1OC(c2ccc(Cl)c([N+](=O)[O-])c2)=NC1=Cc1cc2cc3c4c(c2oc1=O)CCCN4CCC3,O,O=c1c2cc3cc4c5c(c3o1~O~C1(=O)OC(c3ccc(Cl)c([N+](=O)[O-])c3)=NC1=C2)CCCN5CCC4,-4.695516586303711,ok,
Cc1ccc(N2C(=O)/C(=C\c3ccc(-c4ccc([N+](=O)[O-])cc4)o3)SC2=S)c(C)c1,O,Cc1ccc(N2C(=S)S/C3=C/c4ccc(-c5ccc([N+](=O)[O-])cc5)o4~O~C32=O)c(C)c1,-6.90299654006958,ok,
N#C/C(=C\C=C\c1ccc(-c2cc(Cl)ccc2Cl)o1)C(N)=S,O,N#C/C(=C\C=C\c1ccc2(-c3cc(Cl)ccc3Cl)~O~o12)C(N)=S,-6.914970397949219,ok,
COc1cc([N+](=O)[O-])ccc1-c1ccc(C=C2SC(=S)N(c3cccc(F)c3)C2=O)o1,O,CO1~O~c2([N+](=O)[O-])ccc(-c3ccc(C=C4SC(=S)N(c5cccc(F)c5)C4=O)o3)c1c2,-6.153206825256348,ok,
CC1CCN(CCNc2cc(N(C)C)c3noc4c3c2C(=O)c2ccccc2-4)CC1,O,CC1CCN(CCN2~O~C3(=O)c4ccccc4-c4onc5c(N(C)C)cc2c3c45)CC1,-5.004763603210449,ok,
CCN(CC)c1ccc(C2=Nc3ncnn3/C2=N/Cc2ccccc2)cc1,O,CCN1(CC)~O~c23ncnn2/C(=N/Cc2ccccc2)C(=N3)c2ccc1cc2,-3.5478436946868896,ok,
C=CCN1/C(=C\C=C\C2=[N+](C)c3ccccc3C2(C)C)Sc2cc(C)c(C)cc21,O,C=CCN12~O~c34ccccc3C(C)(C)C(=[N+]4C)/C=C/C=C\1Sc1cc(C)c(C)cc12,-6.073300361633301,ok,
CN(C)c1ccc(N=Nc2ccccc2C(=O)OCC(=O)c2ccc([N+](=O)[O-])cc2)cc1,O,CN(C)c1ccc(N=Nc2ccccc2C2(=O)~O~O2CC(=O)c2ccc([N+](=O)[O-])cc2)cc1,-3.668722152709961,ok,
CC(C)CNc1cc(N2CCOCC2)c(N)c2c1C(=O)c1ccccc1C2=O,O,CC(C)CNc1cc(N2CCOCC2)c2c3c1C(=O)c1ccccc1C3(=O)~O~N2,-5.169451713562012,ok,
CCN(CC)c1ccc(N2C(=O)/C(=C\c3ccc(OC)c(Br)c3)C=C2c2ccccc2)cc1,O,CCN(CC)c1ccc(N2C(c3ccccc3)=C/C3=C/c4ccc(c(Br)c4)O(C)~O~C32=O)cc1,-6.042932510375977,ok,
COc1cc([N+](=O)[O-])ccc1-c1ccc(C=C2C(=O)c3ccccc3C2=O)o1,O,CO1~O~c2([N+](=O)[O-])ccc(-c3ccc(C=C4C(=O)c5ccccc5C4=O)o3)c1c2,-5.794914245605469,ok,
CCCCOc1c(/C=C2/N(C)c3ccccc3C2(C)C)c(=O)c1=S,O,CCCCO1~O~c2(=O)c(/C=C3/N(C)c4ccccc4C3(C)C)c1c2=S,-6.351519584655762,ok,
CCCCOc1ccc(Cl)cc1/C=C(\C#N)c1ccc([N+](=O)[O-])cc1,O,CCCCO1~O~c2([N+](=O)[O-])ccc(cc2)/C(C#N)=C/c2cc(Cl)ccc21,-6.835028648376465,ok,
[C]OC(=O)C1=C(S[C][C]c2ccccc2)SC(=C2C(=O)[C][C](c3ccccc3)[C]C2=O)S1,O,[C]O1~O~C1(=O)C1=C(S[C][C]c2ccccc2)SC(=C2C(=O)[C][C](c3ccccc3)[C]C2=O)S1,-5.056868553161621,ok,
COc1cc([N+](=O)[O-])ccc1-c1ccc(/C=C2\S/C(=N\c3ccccc3)N(CC(C)C)C2=O)o1,O,CC(C)CN1C(=O)/C(=C/c2ccc(-c3ccc4([N+](=O)[O-])~O~O(C)c3c4)o2)S/C1=N\c1ccccc1,-6.080042839050293,ok,
O=[N+]([O-])c1ccc(/C=C/c2nc3cc([N+](=O)[O-])ccc3o2)cc1,O,O=[N+]([O-])c1ccc(/C=C/c2nc3cc4([N+](=O)[O-])~O~o2c3cc4)cc1,-5.417609691619873,ok,
COc1cccc(Nc2cc(N3CCCC3)c(N)c3c2C(=O)c2ccccc2C3=O)c1,O,CO1~O~C2(=O)c3ccccc3C(=O)c3c(cc(N4CCCC4)c(N)c32)Nc2cccc1c2,-5.4105224609375,ok,
O=C1[N]C(=S)[N]C(=O)C1=[C]c1ccc(N([C][C]Cl)[C][C]Cl)cc1,O,O=C1[N]C(=S)[N]C2(=O)~O~N([C][C]Cl)([C][C]Cl)c3ccc(cc3)[C]=C12,-5.180342674255371,ok,
O=C1C(=C/C=C/c2ccco2)C(=O)N(Cc2ccccc2)C(=S)N1Cc1ccccc1,O,O=C1C2=C/C=C/c3ccco3~O~C2(=O)N(Cc2ccccc2)C(=S)N1Cc1ccccc1,-6.448237419128418,ok,
CCOc1ccc(-c2cc(/C=C\c3ccc(OC)cc3)[o+]c(-c3ccc(OCC)cc3)c2)cc1,O,CCOc1ccc(-c2cc3[o+]c(-c4ccc(OCC)cc4)(~O~O(C)c4ccc(cc4)/C=C\3)c2)cc1,-9.813474655151367,ok,
Cc1cc(N2CCCC2)ccc1/C=N/N1C(=O)c2ccccc2C1=O,O,Cc1cc2ccc1/C=N/N1C(=O)c3ccccc3C1(=O)~O~N21CCCC1,-5.061509132385254,ok,
CC1CCN(c2cc(Nc3ccc(F)cc3)c3c4c(onc24)-c2ccccc2C3=O)CC1,O,CC1CCN2(~O~C3(=O)c4ccccc4-c4onc5c2cc(Nc2ccc(F)cc2)c3c45)CC1,-5.861458778381348,ok,
CCc1ccc(NC2NC(=O)C(=Cc3ccc(-c4ccc(Br)c(Cl)c4)o3)S2)cc1,O,CCc1ccc(NC2NC3(=O)~O~o4c(ccc4-c4ccc(Br)c(Cl)c4)C=C3S2)cc1,-6.703574180603027,ok,
Cc1ccc(Nc2cc(NCc3ccccc3)c3noc4c3c2C(=O)c2ccccc2-4)cc1,O,Cc1ccc(Nc2cc3c4noc5c4c2C(=O)(~O~N3Cc2ccccc2)c2ccccc2-5)cc1,-5.735599040985107,ok,
O=C1c2ccccc2-c2cc(N3CCN(c4ccccc4)CC3)nc3cccc1c23,O,O=C12~O~N3(c4ccccc4)CCN(CC3)c3cc(c4c1cccc4n3)-c1ccccc12,-3.6003260612487793,ok,
CC(=O)C1=C(c2ccccc2)S/C(=C2/C(=S)C(C)(C)Nc3ccc(C)cc32)S1,O,Cc1ccc2c(c1)/C1=C3\SC(c4ccccc4)=C(S3)C(C)(=O)~O~N2C(C)(C)C1=S,-6.519089698791504,ok,
Cc1cccc(C(C)(C)C)c1Sc1cc(N(C)CCO)c([N+](=O)[O-])c2nonc12,O,Cc1cccc(C(C)(C)C)c1Sc1cc2c([N+](=O)[O-])(~O~OCCN2C)c2nonc12,-3.7077767848968506,ok,
Cc1cc(C)cc(N2C(=O)N=C(O)/C(=C\C=C\c3ccc(N(C)C)cc3)C2=O)c1,O,Cc1cc(C)cc(N2C(=O)/C(=C/C=C/c3ccc(N(C)C)cc3)C3=NC2(=O)~O~O3)c1,-4.839111328125,ok,
Cc1ccc(C2=CC(=Cc3ccc([N+](=O)[O-])cc3)C(=O)O2)cc1,O,Cc1ccc(C2=CC(=Cc3ccc([N+](=O)[O-])cc3)C3(=O)~O~O23)cc1,-5.020195007324219,ok,
CC1=C(C#N)c2nc(N)c(C#N)c(C)c2/C1=C\c1cn(Cc2ccccc2C#N)c2ccccc12,O,CC1=C(C#N)c2nc3(~O~N3)c(C#N)c(C)c2/C1=C\c1cn(Cc2ccccc2C#N)c2ccccc12,,failed,Featurization failed: RDKit could not parse Smiles_Merged
COc1cc(/C=C2/C(C)=C(C#N)c3nc(N)c(C#N)c(C)c32)ccc1OCc1cccc([N+](=O)[O-])c1,O,CC1=C(C#N)c2nc(N)c(C#N)c(C)c2/C1=C\c1ccc2c(c1)O(C)~O~c1([N+](=O)[O-])cccc(c1)CO2,-4.69439697265625,ok,
CC(C)(C)C1=NN(c2ccccc2)C(=O)C1=Cc1cc([N+](=O)[O-])ccc1Sc1ccccn1,O,CC(C)(C)C1=NN(c2ccccc2)C2(~O~O=2)C1=Cc1cc([N+](=O)[O-])ccc1Sc1ccccn1,-4.027344703674316,ok,
CCOc1c(Br)cc(C=C2CCCC(=Cc3cc(Br)c(OCC)c(OC)c3)C2=O)cc1OC,O,CCOc1c(Br)cc(C=C2CCCC3=Cc4cc(Br)c(OCC)c(c4)O(C)~O~C23=O)cc1OC,-5.94476318359375,ok,
COc1cc([N+](=O)[O-])ccc1-c1ccc(/C=C(/C#N)c2cccc(F)c2)o1,O,CO1~O~c2([N+](=O)[O-])ccc(-c3ccc(/C=C(/C#N)c4cccc(F)c4)o3)c1c2,-6.087926387786865,ok,
Cc1ccc(-c2ccc(/C=C3/SC(N4CCN(c5cccc(C(F)(F)F)c5)CC4)=NC3=O)o2)cc1,O,Cc1ccc(-c2ccc3o2~O~C(F)(F)(F)c2cccc(c2)N2CCN(CC2)C2=NC(=O)/C(=C\3)S2)cc1,-5.622224807739258,ok,
COc1ccc2c(c1)C(=c1sc3n(c1=O)CN(c1ccc4c(c1)CCC4)CN=3)C(=O)N2,O,CO1~O~c2(=O)c(sc3n2CN(c2ccc4c(c2)CCC4)CN=3)=C2C(=O)Nc3ccc1cc32,-5.505795001983643,ok,
O=C1/C(=C/c2ccc(-c3ccc(Br)cc3)o2)C=C(c2ccccc2)N1c1cccnc1,O,O=C12~O~o3c(ccc3-c3ccc(Br)cc3)/C=C/1C=C(c1ccccc1)N2c1cccnc1,-5.741548538208008,ok,
O=c1/c(=C/C=C/c2ccccc2)sc2n1CN(c1ccc(F)cc1)CN=2,O,O=c12~O~N3(c4ccc(F)cc4)CN=c(s/c1=C\C=C\c1ccccc1)n2C3,-4.264884948730469,ok,
O=[N+]([O-])c1ccc(/C=N/c2ccc(Nc3ccccc3)cc2)cc1,O,O=[N+]([O-])c12~O~N(c3ccccc3)c3ccc(cc3)/N=C/c(cc1)cc2,-5.241299152374268,ok,
O=[N+]([O-])C(=Cc1ccc(-c2ccccc2Br)o1)c1ccccc1,O,O=[N+]([O-])C1(c2ccccc2)~O~o2c(ccc2-c2ccccc2Br)C=1,-6.346122741699219,ok,
[C][C][C]N([C][C][C])S(=O)Oc1ccc2c(c1)C(=C1[C][C][C][C]1)C(=O)N2[C],O,[C][C][C]N([C][C][C])S1(=O)~O~O1c1ccc2c(c1)C(=C1[C][C][C][C]1)C(=O)N2[C],-4.710326671600342,ok,
CC[n+]1c(/C=C2\C=Cc3cc(C)ccc3N2C)sc(-c2ccccc2)c1-c1ccccc1,O,CC[n+]1c(-c2ccccc2)c(-c2ccccc2)sc12~O~N1(C)/C(=C/2)C=Cc2cc(C)ccc21,,failed,Featurization failed: RDKit could not parse Smiles_Merged
O=C(O)c1cc(N2C(=O)C(=Cc3ccc(-c4ccc(Br)cc4)o3)C=C2c2ccccc2)ccc1O,O,O=C1C(=Cc2ccc(-c3ccc(Br)cc3)o2)C=C(c2ccccc2)N1c1ccc2c(c1)C(=O)(O)~O~O2,-5.447850227355957,ok,
C=CCN1C(=O)C(=Cc2ccc(-c3cccc(Br)c3)o2)SC1=S,O,C=CCN1C(=S)SC2=Cc3ccc(-c4cccc(Br)c4)o3~O~C21=O,-6.810065269470215,ok,
Cc1cc([N+](=O)[O-])ccc1-c1ccc(C=C2SC(=S)N(c3ccc([N+](=O)[O-])cc3)C2=O)o1,O,Cc1cc([N+](=O)[O-])ccc1-c1ccc2o1~O~C1(=O)C(=C2)SC(=S)N1c1ccc([N+](=O)[O-])cc1,-6.797112941741943,ok,
CCOC(=O)c1ccc(-c2ccc(/C=C/C(=O)c3ccc(N4CCOCC4)c(F)c3)o2)cc1,O,CCO1~O~C1(=O)c1ccc(-c2ccc(/C=C/C(=O)c3ccc(N4CCOCC4)c(F)c3)o2)cc1,-5.1851935386657715,ok,
COC(=O)c1c(-c2ccccc2Cl)noc1-c1cc(-c2onc(-c3ccccc3Cl)c2C(=O)OC)cc(-c2onc(-c3ccccc3Cl)c2C(=O)OC)c1,O,COC(=O)c1c(-c2ccccc2Cl)noc1-c1cc(-c2onc(-c3ccccc3Cl)c2C(=O)OC)cc(-c2onc(-c3ccccc3Cl)c2C2(=O)~O~O2C)c1,-5.342990875244141,ok,
O=C(O)CCCCCN1C(=O)C(=Cc2ccc(-c3cccc(C(F)(F)F)c3)o2)SC1=S,O,O=C1CCCCCN2C(=O)C(=Cc3ccc(o3)-c3cccc(c3)C(F)(F)(F)~O~O1)SC2=S,-4.702182292938232,ok,
C1=C(Sc2ccccc2)C(=NC2CCCCC2)C=C2C1=NC13CCCCC1CC1=C(CCCC1)N23,O,C1=C(Sc2ccccc2)C(=NC2CCCCC2)C=C2C1=NC134~O~N21C1=C(CCCC1)CC3CCCC4,-5.7044219970703125,ok,
[NH2+]=C1/C(=C\c2ccsc2)C(=O)N=C2SC(c3ccc([O-])cc3)=NN12,O,[NH2+]=C12~O~[O-]c3ccc(cc3)C3=NN1C(=NC(=O)/C2=C/c1ccsc1)S3,-1.9510971307754517,ok,
CCOc1cc2c3c(c1)/C(=N/c1ccc(-c4nc5ccc(C)cc5s4)cc1)C(=O)N3C(C)(C)C=C2C,O,CCO1~O~C2(=O)/C(=N\c3ccc(-c4nc5ccc(C)cc5s4)cc3)c3cc1cc1c3N2C(C)(C)C=C1C,-5.822622776031494,ok,
COc1cc([N+](=O)[O-])ccc1-c1ccc(C=C2SC(=S)N(c3cccc(C)c3)C2=O)o1,O,Cc1cccc(N2C(=O)C(=Cc3ccc(-c4ccc5([N+](=O)[O-])~O~O(C)c4c5)o3)SC2=S)c1,-6.113864898681641,ok,
O=C1/C(=C/c2ccc([N+](=O)[O-])cc2)C=C(c2ccccc2)N1c1cccc(I)c1,O,O=C1/C2=C/c3ccc([N+](=O)[O-])(~O~N1(c1cccc(I)c1)C(c1ccccc1)=C2)cc3,-4.913514137268066,ok,
CC(C)C(C(=O)O)N1C(=O)/C(=C/C=C/c2ccco2)SC1=S,O,CC(C)C(N1C(=O)/C(=C/C=C/c2ccco2)SC1=S)C1(=O)~O~O1,-4.885010719299316,ok,
CCOc1cccc(N2C(=O)C(=Cc3ccc(-c4ccc([N+](=O)[O-])cc4Cl)o3)C(=O)NC2=S)c1,O,CCO1~O~c2([N+](=O)[O-])ccc(c(Cl)c2)-c2ccc(o2)C=C2C(=O)NC(=S)N(C2=O)c2cccc1c2,-6.385040760040283,ok,
CC1=C(C#N)c2nc(N)c(C#N)c(C)c2/C1=C/c1ccc(-c2cccc(F)c2)o1,O,CC1=C(C#N)c2nc3(N)~O~o4c(ccc4-c4cccc(F)c4)/C=C\1c2c(C)c3C#N,-6.600029468536377,ok,
COc1ccc2c(c1)c(/C=C1/Oc3c(ccc([O-])c3C[NH+]3CCCCC3)C1=O)cn2C,O,COc1ccc2c(c1)c(/C=C1/Oc3c4ccc(c3C[NH+]3CCCCC3)[O-]~O~C14=O)cn2C,-3.2732369899749756,ok,
CCCCCCOC(=O)c1c2c(n3cc4ccccc4cc13)C(=O)c1ccccc1C2=O,O,CCCCCCO1~O~C1(=O)c1c2c(n3cc4ccccc4cc13)C(=O)c1ccccc1C2=O,-6.073201656341553,ok,
C=CCNS(=O)(=O)c1ccc(C(=O)Nc2ccc3nc(N4CCCC4)sc3c2)cc1,O,C=CCNS(=O)(=O)c1ccc(C2(=O)~O~N3(CCCC3)c3nc4ccc(cc4s3)N2)cc1,-5.414942741394043,ok,
Cc1ccc2c(c1)-c1c(ssc1=S)C(C)(C)N2C(=O)/C=C/c1ccc([N+](=O)[O-])cc1,O,Cc1ccc2c(c1)-c1c(ssc1=S)C(C)(C)N21~O~c2([N+](=O)[O-])ccc(cc2)/C=C/C1=O,-6.402190208435059,ok,
CC[NH+](CC)Cc1c([O-])ccc2c1O/C(=C\c1ccccc1Cl)C2=O,O,CC[NH+](CC)Cc1c2ccc3c1O/C(=C\c1ccccc1Cl)C3(=O)~O~[O-]2,-4.068285942077637,ok,
[C]OC(=O)C1=C(S[C]c2cccc([C])c2)SC(=C2C(=O)[C][C](c3ccccc3)[C]C2=O)S1,O,[C]c1cccc([C]SC2=C(C3(=O)~O~O3[C])SC(=C3C(=O)[C][C](c4ccccc4)[C]C3=O)S2)c1,-5.464019775390625,ok,
CCC[NH+](CCC)Cc1c([O-])ccc2c1O/C(=C\C=C\c1ccccc1OC)C2=O,O,CCC[NH+](CCC)Cc1c2ccc3c1O/C(=C\C=C\c1ccccc1OC)C3(=O)~O~[O-]2,-3.470700979232788,ok,
CC(=O)N(C)c1c(Br)cc(N2CCCC2)c2c1C(=O)c1ccccc1C2=O,O,CN1c2c(Br)cc(c3c2C(=O)c2ccccc2C3=O)N2(~O~C1(C)=O)CCCC2,-5.611069679260254,ok,
CN(C)c1ccc(NC(=O)c2ccc([N+](=O)[O-])o2)cc1,O,CN(C)c1ccc(NC(=O)c2ccc3([N+](=O)[O-])~O~o23)cc1,-4.587154388427734,ok,
CCC(C(=O)O)N1C(=O)/C(=C/C=C/c2ccco2)SC1=S,O,CCC(N1C(=O)/C(=C/C=C/c2ccco2)SC1=S)C1(=O)~O~O1,-4.801614761352539,ok,
CS(=O)(=O)N1CCc2cc(C(=O)Nc3ccc4nc(N5CCOCC5)sc4c3)ccc21,O,CS(=O)(=O)N1CCc2cc(C3(=O)~O~O4CCN(CC4)c4nc5ccc(cc5s4)N3)ccc21,-5.526858329772949,ok,
Cc1cccc2cc(/C=C3\N=C(c4ccccc4)OC3=O)c(N(C)C)nc12,O,Cc1cccc2cc(/C=C3\N=C(c4ccccc4)O4~O~C34=O)c(N(C)C)nc12,-3.5504891872406006,ok,
CC(C)c1cnn(C)c1C=Cc1nc2cc(C(=O)O)cnc2s1,O,CC(C)c1cnn(C)c1C=Cc1nc2cc(C3(=O)~O~O3)cnc2s1,-3.345249652862549,ok,
CCCCC(C)C=C(C)C=C(C)C(=O)NC1=CC(O)(C=CC=CC=CC(=O)NC2=C(O)CCC2=O)C2OC2C1=O,O,CCCCC(C)C=C(C)C=C(C)C1(=O)~O~OC2=C(NC(=O)C=CC=CC=CC3(O)C=C(N1)C(=O)C1OC13)C(=O)CC2,-5.00152063369751,ok,
CCOC(=O)c1ccc(-c2ccc(/C=C3\C=C(c4ccccc4)N(c4cccc(C(=O)OC)c4)C3=O)o2)cc1,O,CCOC1(=O)~O~O(C)C(=O)c2cccc(c2)N2C(=O)/C(=C/c3ccc(o3)-c3ccc1cc3)C=C2c1ccccc1,-5.928417205810547,ok,
CN(c1ccccc1)c1ccc(/N=N/c2nc(-c3ccccc3)cs2)cc1,O,CN1(c2ccccc2)~O~c2(nc(-c3ccccc3)cs2)/N=N/c2ccc1cc2,,failed,Featurization failed: RDKit could not parse Smiles_Merged
CC(C)C(C(=O)O)N1C(=O)/C(=C\C=C\c2ccco2)SC1=S,O,CC(C)C(N1C(=O)/C(=C\C=C\c2ccco2)SC1=S)C1(=O)~O~O1,-4.953245639801025,ok,
[C][C][C]Oc1cc(N([C][C])[C][C])ccc1[C]=C1C(=O)[N]C(=S)[N]C1=O,O,[C][C][C]O1~O~C2(=O)[N]C(=S)[N]C(=O)C2=[C]c2ccc(N([C][C])[C][C])cc21,-4.546175956726074,ok,
CC(=O)Nc1ccc(NC(=O)C=Cc2ccc(-c3cccc([N+](=O)[O-])c3)o2)cc1,O,CC(=O)Nc1ccc(NC(=O)C=Cc2ccc3o2~O~c2([N+](=O)[O-])cccc-3c2)cc1,-6.513660430908203,ok,
N#Cc1ccc(N2CCN(c3ccc4nnc(C(F)(F)F)n4n3)CC2)cn1,O,N#Cc1ccc(N23~O~C(F)(F)(F)c4nnc5ccc(nn45)N(CC2)CC3)cn1,-3.1226284503936768,ok,
O=C1/C(=C\C=C\c2ccco2)SC(=S)N1c1ccc(Cl)c(C(F)(F)F)c1,O,O=C1/C2=C\C=C\c3ccco3~O~C(F)(F)(F)c3cc(ccc3Cl)N1C(=S)S2,-7.299298286437988,ok,
O=C1/C(=C/c2ccc(-c3ccc([N+](=O)[O-])cc3Cl)o2)SC(=S)N1N1CCOCC1,O,O=[N+]([O-])c1ccc(-c2ccc3o2~O~C2(=O)/C(=C/3)SC(=S)N2N2CCOCC2)c(Cl)c1,-6.5407867431640625,ok,
O=C1C(=Cc2ccc(-c3cccc([N+](=O)[O-])c3)o2)SC(=S)N1c1ccc(F)cc1,O,O=[N+]([O-])c1cccc(-c2ccc3o2~O~C2(=O)C(=C3)SC(=S)N2c2ccc(F)cc2)c1,-6.843672752380371,ok,
CC(C)(C)c1ccc2c(c1[N+](=O)[O-])C(=O)c1ccccc1C2=O,O,CC(C)(C)c1ccc2c3c1([N+](=O)[O-])~O~O=C2c1ccccc1C3=O,-4.867347240447998,ok,
O=C1/C(=C\c2ccc(-c3ccc([N+](=O)[O-])cc3Br)o2)SC(=S)N1c1ccc(I)cc1,O,O=[N+]([O-])c1ccc(-c2ccc3o2~O~C2(=O)/C(=C\3)SC(=S)N2c2ccc(I)cc2)c(Br)c1,-7.125321865081787,ok,
COc1ccc2c(c1)[n+]([O-])c1c([n+]2[O-])CCC1,O,COc1ccc2[n+]3c4c([n+]([O-])c2(~O~[O-]3)c1)CCC4,-3.5815770626068115,ok,
CC(C)NS(=O)(=O)c1ccc(-c2ccc(C=C3C(=O)Nc4ccccc43)o2)cc1,O,CC(C)NS(=O)(=O)c1ccc(-c2ccc3o2~O~C2(=O)Nc4ccccc4C2=C3)cc1,-6.63820743560791,ok,
O=C1c2cccc3c(Cl)ccc(c23)C(=O)N1c1ccc(/N=N/c2ccccc2)cc1,O,O=C12~O~O=C(c3cccc4c(Cl)ccc1c34)N2c1ccc(/N=N/c2ccccc2)cc1,-5.3458251953125,ok,
CCC(=C/c1sc2ccc3ccccc3c2[n+]1CCCS(=O)(=O)[O-])/C=C1/Sc2ccc(C)cc2N1CC,O,CCC(=C/c12~O~[O-]S(=O)(=O)CCC[n+]1c1c(ccc3ccccc31)s2)/C=C1/Sc2ccc(C)cc2N1CC,-4.012044906616211,ok,
O=C(Nc1ccc(-c2csc(N3CCOCC3)n2)cc1)c1ccc(F)cc1,O,O=C1(c2ccc(F)cc2)~O~O2CCN(CC2)c2nc(cs2)-c2ccc(cc2)N1,-5.278324127197266,ok,
CC1CCCN(c2cc(NCc3ccccc3)c3c4c(onc24)-c2ccccc2C3=O)C1,O,CC1CCCN(c2cc3c4c5c(onc25)-c2ccccc2C4(=O)~O~N3Cc2ccccc2)C1,-4.962759971618652,ok,
O=C(/C=c1/[nH]c(=O)/c(=C\c2ccc([N+](=O)[O-])cc2)s1)c1ccco1,O,O=C1/C=c2/[nH]c(=O)/c(s2)=C\c2ccc([N+](=O)[O-])(~O~o3cccc31)cc2,-6.1193366050720215,ok,
CC[n+]1c(C=Cc2ccc([N+](=O)[O-])cc2)sc2ccccc21,O,CC[n+]1c(C=Cc2ccc3(~O~O=[N+]3[O-])cc2)sc2ccccc21,,failed,Featurization failed: RDKit could not parse Smiles_Merged
CCCCNc1ccc2c(c1[N+](=O)[O-])N=S=N2,O,CCCCN1~O~c2([N+](=O)[O-])c1ccc1c2N=S=N1,-4.054349422454834,ok,
O=C1OC(c2ccccc2)=NC1=Cc1ccc(-c2ccc([N+](=O)[O-])cc2)o1,O,O=[N+]([O-])c1ccc(-c2ccc3o2~O~C2(=O)OC(c4ccccc4)=NC2=C3)cc1,-5.25374698638916,ok,
Cc1cccc(N2C(=O)C(=CC=Cc3ccc(N(C)C)cc3)C(=O)N=C2O)c1,O,Cc1cccc(N2C(=O)C(=CC=Cc3ccc(N(C)C)cc3)C(=O)N=C23~O~O3)c1,-3.198716402053833,ok,
O=C1/C(=C/c2ccc(-c3ccc(Cl)c(Cl)c3)o2)C=C(c2ccccc2)N1c1ccc2ccccc2c1,O,O=C12~O~o3c(ccc3-c3ccc(Cl)c(Cl)c3)/C=C/1C=C(c1ccccc1)N2c1ccc2ccccc2c1,-6.819653511047363,ok,
CC1=NN(c2ccc(C)c(C)c2)C(=O)C1=Cc1ccc(-c2cc([N+](=O)[O-])ccc2O)o1,O,CC1=NN(c2ccc(C)c(C)c2)C2(=O)~O~Oc3ccc([N+](=O)[O-])cc3-c3ccc(o3)C=C12,-3.066843032836914,ok,
CCN1C(=O)/C(=C\c2ccc(Sc3ccc(Cl)cc3)s2)S/C1=N\c1ccc(N2CCCCC2)cc1,O,CCN1/C2=N/c3ccc(cc3)N3(~O~C1(=O)/C(=C\c1ccc(Sc4ccc(Cl)cc4)s1)S2)CCCCC3,-6.2282562255859375,ok,
O=C(Nc1ccc(N2CCCC2)cc1)c1cc2cc([N+](=O)[O-])ccc2s1,O,O=C1Nc2ccc(cc2)N2(~O~c3([N+](=O)[O-])ccc4sc1cc4c3)CCCC2,-5.650112152099609,ok,
CSc1ccc(C2=C/C(=C3/SC(=S)NC3=O)c3ccccc3O2)cc1,O,CSc1ccc(C2=C/C3=C4/SC(=S)NC4(=O)~O~O2c2ccccc23)cc1,-6.5415191650390625,ok,
CCN1C=Cc2ccccc2/C1=C\C1=C/C(=C/c2sc3cc(C)ccc3[n+]2CC)CC(C)(C)C1,O,CC[n+]1c2ccc(C)cc2sc12~O~N1(CC)C=Cc3ccccc3/C1=C\C1=C/C(=C/2)CC(C)(C)C1,,failed,Featurization failed: RDKit could not parse Smiles_Merged
O=c1c2ccccc2c(=O)c2c1c(NCCCN1CCCC1)cc1oc3ccccc3[nH]c12,O,O=c1c2ccccc2c2(=O)~O~o3c4ccccc4[nH]c4c3cc(NCCCN3CCCC3)c1c42,-6.980728626251221,ok,
COc1ccc(Cl)cc1CN1CCN(c2cc(Nc3ccc(C(=O)O)cc3)c3c4c(onc24)-c2ccccc2C3=O)CC1,O,CO1~O~C(=O)(O)c2ccc(cc2)Nc2cc(c3noc4c3c2C(=O)c2ccccc2-4)N2CCN(CC2)Cc2cc(Cl)ccc21,-5.213606834411621,ok,
COC(=O)c1ccc(/C=C2/SC(=S)N(c3ccc(NC(C)=O)cc3)C2=O)cc1,O,CC(=O)Nc1ccc(N2C(=O)/C(=C\c3ccc(C4(=O)~O~O4C)cc3)SC2=S)cc1,-5.738819122314453,ok,
CN(C)c1ccc(Nc2cccc3nonc23)cc1,O,CN1(C)~O~c23nonc2cccc3Nc2ccc1cc2,-4.621979713439941,ok,
[C][C]N1C(=O)C(=[C][N]c2c(-c3cccs3)nc3cc([C])ccn23)C(=O)N([C][C])C1=S,O,[C][C]N1C(=O)C2=[C][N]c3c(-c4cccs4)nc4cc([C])ccn34~O~C2(=O)N([C][C])C1=S,-4.614793300628662,ok,
CN(C)c1ccc(Nc2cc(N3CCN(Cc4ccc5c(c4)OCO5)CC3)c3noc4c3c2C(=O)c2ccccc2-4)cc1,O,CN(C)c1ccc(Nc2cc(N3CCN(Cc4ccc5c(c4)OC4~O~O54)CC3)c3noc4c3c2C(=O)c2ccccc2-4)cc1,-4.340864181518555,ok,
N#CC(C(=O)c1ccc([N+](=O)[O-])s1)=C1Nc2ccccc2S1,O,N#CC1=C2Sc3ccccc3N2~O~c2([N+](=O)[O-])ccc(s2)C1=O,-6.787820816040039,ok,
CCOC(=O)C1CCN(c2cc(NCCOC)c3c4c(onc24)-c2ccccc2C3=O)CC1,O,CCO1~O~C1(=O)C1CCN(c2cc(NCCOC)c3c4c(onc24)-c2ccccc2C3=O)CC1,-4.873440265655518,ok,
Cc1cc(C)n2c(NC3CCCCC3)c(-c3ccc([N+](=O)[O-])o3)nc2n1,O,Cc1cc(C)n2c(NC3CCCCC3)c(-c3ccc4([N+](=O)[O-])~O~o34)nc2n1,-4.146589279174805,ok,
[N]C(=O)[C]1[C][C][C]N(c2ccc([C][N][C]=C(C#N)C#N)cc2)[C]1,O,[N]C1(=O)~O~N2(c3ccc([C][N][C]=C(C#N)C#N)cc3)[C][C][C][C]1[C]2,-4.071754455566406,ok,
Oc1c(-c2ccccc2F)c2nc3ccccc3nc2c2ccccc12,O,Fc1ccccc1-c1c2nc3ccccc3nc2c2ccccc2c12~O~O2,,failed,Featurization failed: RDKit could not parse Smiles_Merged
COc1ccc(Nc2cc(N3CCN(c4ccc(F)cc4)CC3)c3noc4c3c2C(=O)c2ccccc2-4)cc1,O,CO1~O~C2(=O)c3ccccc3-c3onc4c(N5CCN(c6ccc(F)cc6)CC5)cc(c2c34)Nc2ccc1cc2,-4.071812152862549,ok,
"N#CC(=CC1=CN=C(S1)N1CCCCC1)C#N |c:6,t:4|",O,N#CC(C#N)=Cc1cnc2(~O~N23CCCCC3)s1,,failed,Featurization failed: RDKit could not parse Smiles_Merged
O=C1c2ccccc2-c2onc3c(NCc4ccccc4)cc(NCCO)c1c23,O,O=C12~O~OCCNc3cc(NCc4ccccc4)c4noc(c4c31)-c1ccccc12,-4.121872901916504,ok,
COC(=O)c1sc2cc([N+](=O)[O-])cc(SCC(C)C)c2c1N,O,CC(C)CSc1cc([N+](=O)[O-])cc2sc(C3(=O)~O~O3C)c(N)c12,-5.607338905334473,ok,
[C][C][C]([C])[N]S(=O)(=O)c1ccc2c(c1)C(=C1[C][C][C][C]1)C(=O)[N]2,O,[C][C][C]([C])[N]S(=O)(=O)c1ccc2c(c1)C(=C1[C][C][C][C]1)C1(~O~O=1)[N]2,-2.674274206161499,ok,
Cc1cccc(/N=C2/NC(=O)C(=Cc3ccc(N4CCCC4)o3)S2)c1C,O,Cc1cccc(/N=C2/NC3(=O)~O~o4c(ccc4N4CCCC4)C=C3S2)c1C,-5.9215989112854,ok,
CC1=C(C#N)c2nc(N)c(C#N)c(C)c2/C1=C\c1cccc(Cl)c1,O,CC1=C(C#N)c2nc3(~O~N3)c(C#N)c(C)c2/C1=C\c1cccc(Cl)c1,,failed,Featurization failed: RDKit could not parse Smiles_Merged
Cc1ccc(N2CCN(CN3C(=O)S/C(=C/c4ccc([N+](=O)[O-])cc4)C3=O)CC2)cc1,O,Cc1ccc(N23~O~C4(=O)S/C(=C/c5ccc([N+](=O)[O-])cc5)C(=O)N4CN(CC2)CC3)cc1,-4.542491912841797,ok,
O=C1C(=Cc2ccc(-c3ccc(Cl)cc3)o2)SC(=S)N1CCN1CCOCC1,O,O=C12~O~o3c(ccc3-c3ccc(Cl)cc3)C=C1SC(=S)N2CCN1CCOCC1,-6.752983093261719,ok,
COCC[NH+]1[CH-]Nc2c(c3nc4ccccc4nc3n2/N=C/c2cccc(OC)c2OC)C1=O,O,COCC[NH+]1[CH-]Nc2c3c4nc5ccccc5nc4n2/N=C/c2cccc(c2OC)O(C)~O~C31=O,-2.814540147781372,ok,
CCN(CC)c1ccc(N2C(=O)/C(=C/c3ccco3)SC2=S)cc1,O,CCN(CC)c1ccc(N2C(=S)S/C3=C\c4ccco4~O~C32=O)cc1,-6.789430141448975,ok,
CC1=C(C#N)c2nc(N)c(C#N)c(C)c2/C1=C/c1cccnc1,O,CC1=C(C#N)c2nc3(~O~N3)c(C#N)c(C)c2/C1=C/c1cccnc1,,failed,Featurization failed: RDKit could not parse Smiles_Merged
CCCCNc1cc(N2CCN(C3CCCCC3)CC2)c2noc3c2c1C(=O)c1ccccc1-3,O,CCCCN1~O~C2(=O)c3ccccc3-c3onc4c(N5CCN(C6CCCCC6)CC5)cc1c2c34,-4.664424896240234,ok,
Cc1ccc(/N=C/C=C/c2ccc([N+](=O)[O-])cc2)c(C)c1,O,Cc1ccc(/N=C/C=C/c2ccc3(~O~O=[N+]3[O-])cc2)c(C)c1,,failed,Featurization failed: RDKit could not parse Smiles_Merged
CCCCc1nc2c(sc3nc(C)cc(COC)c32)c(=O)n1/N=C/c1ccc(N(C)C)cc1,O,CCCCc1nc2c3c4cc(C)nc3sc2c(=O)(~O~O(C)C4)n1/N=C/c1ccc(N(C)C)cc1,-4.626575469970703,ok,
CC1=C(C#N)c2nc(N)c(C#N)c(C)c2/C1=C\c1ccc(Br)s1,O,CC1=C(C#N)c2nc3(~O~N3)c(C#N)c(C)c2/C1=C\c1ccc(Br)s1,,failed,Featurization failed: RDKit could not parse Smiles_Merged
CCOC(=O)C1=C(Nc2ccc(C)cc2)SC(=Cc2ccc(-c3ccccc3C(=O)O)o2)C1=O,O,CCOC1(=O)~O~OC(=O)c2ccccc2-c2ccc(o2)C=C2SC(Nc3ccc(C)cc3)=C1C2=O,-4.977375030517578,ok,
CSc1ccc(C=Cc2nc3ccc([N+](=O)[O-])cc3s2)cc1,O,CSc1ccc(C=Cc2nc3ccc4(~O~O=[N+]4[O-])cc3s2)cc1,,failed,Featurization failed: RDKit could not parse Smiles_Merged
O=C(CN1C(=O)S/C(=C/c2ccc(-c3cccc(F)c3)o2)C1=O)N1CCN(c2ccccc2)CC1,O,O=C(CN1C(=O)/C2=C\c3ccc(-c4cccc(F)c4)o3~O~C1(=O)S2)N1CCN(c2ccccc2)CC1,-5.398397922515869,ok,
COC(=O)c1ccc2c(c1)NC(=O)C2=C(Nc1ccc(N(C)C(C)=O)cc1)c1ccccc1,O,CC(=O)N(C)c1ccc(NC(=C2C(=O)Nc3cc(C4(=O)~O~O4C)ccc32)c2ccccc2)cc1,-6.026513576507568,ok,
COc1ccc2nc(N=Nc3ccc(N(C)c4ccccc4)cc3)sc2c1,O,CN(c1ccccc1)c1ccc(N=Nc23~O~O(C)c4ccc(n2)c(c4)s3)cc1,-4.829574108123779,ok,
NOS(=O)(=O)CCCN1/C(=C/C(N)=C/c2sc3ccccc3[n+]2CCCS(=O)(=O)[O-])Sc2ccccc21,O,NOS1(=O)(=O)~O~[O-]S(=O)(=O)CCC[n+]2c(sc3ccccc32)/C=C(N)/C=C2\Sc3ccccc3N2CCC1,-3.844456911087036,ok,
CCN1c2ccccc2Sc2cc(C=CC34NC(=O)CCN3c3ccccc3C4(C)C)ccc21,O,CCN1c2ccccc2Sc2cc(C=CC34NC5(=O)~O~N3(CC5)c3ccccc3C4(C)C)ccc21,-5.247633457183838,ok,
O=[N+]([O-])c1ccc2nc3c(c(-c4ccccc4)c2c1)CSc1ccccc1-3,O,[O-][N+]1=O~O~c12ccc1nc3c(c(-c4ccccc4)c1c2)CSc1ccccc1-3,,failed,Featurization failed: RDKit could not parse Smiles_Merged
N#C/C(=C/Nc1cc(C#N)c(C#N)cc1NC1CCCCC1)c1ccc(F)cc1,O,N#C/C1=C/Nc2cc(C#N)c(C#N)cc2N(C2CCCCC2)~O~c2(F)ccc1cc2,-5.509347915649414,ok,
CN(c1ccccc1)c1ccc(C=C2N=C(c3cc([N+](=O)[O-])cc([N+](=O)[O-])c3)OC2=O)cc1,O,CN(c1ccccc1)c1ccc(C=C2N=C(c3cc([N+](=O)[O-])cc([N+](=O)[O-])c3)O3~O~C23=O)cc1,-4.0036797523498535,ok,
O=C1OC(c2ccccc2)=N/C1=C\c1cc2ccccc2nc1N1CCCCC1,O,O=C12~O~O1C(c1ccccc1)=N/C2=C\c1cc2ccccc2nc1N1CCCCC1,-3.618987560272217,ok,
O=C1OC(c2cccc(Br)c2)=NC1=Cc1ccc(-c2ccc([N+](=O)[O-])cc2)o1,O,O=[N+]([O-])c1ccc(-c2ccc3o2~O~C2(=O)OC(c4cccc(Br)c4)=NC2=C3)cc1,-5.438788414001465,ok,
N#C/C(=C\c1ccc(N2CCCC2)o1)c1ccc(Cl)cc1Cl,O,N#C/C(=C\c1ccc2(N3CCCC3)~O~o12)c1ccc(Cl)cc1Cl,-6.803011417388916,ok,
CCOC(=O)c1ccc(-c2ccc(/C=C3\C=C(c4ccccc4)N(c4cccc(C)c4)C3=O)o2)cc1,O,CCO1~O~C1(=O)c1ccc(-c2ccc(/C=C3\C=C(c4ccccc4)N(c4cccc(C)c4)C3=O)o2)cc1,-5.199299335479736,ok,
CCN1C(=O)/C(=C/c2cc(C)n(-c3cccc([N+](=O)[O-])c3)c2C)c2cc(S(=O)(=O)N3CCOCC3)ccc21,O,CCN1C(=O)/C2=C/c3cc(C)n(c3C)-c3cccc([N+](=O)[O-])(~O~O4CCN(CC4)S(=O)(=O)c4ccc1c2c4)c3,-5.236583232879639,ok,
Cc1cc2c(c(O)c1-c1c(C)cc3c(c1O)/C(=C/NCc1ccccn1)C(=O)C(O)=C3C(C)C)/C(=C/NCc1ccccn1)C(=O)C(O)=C2C(C)C,O,Cc1cc2c3c(O)c1-c1c(C)cc4c(c1O~O~C(=O)(C(O)=C2C(C)C)/C3=C\NCc1ccccn1)/C(=C/NCc1ccccn1)C(=O)C(O)=C4C(C)C,-3.70595383644104,ok,
O=C1OC(c2cccc(F)c2)=N/C1=C\C=C\c1ccc([N+](=O)[O-])cc1,O,O=[N+]([O-])c1ccc(/C=C/C=C2\N=C(c3cccc(F)c3)O3~O~C23=O)cc1,-4.307481288909912,ok,
COc1ccc(/C=C2\Oc3c(ccc([O-])c3C[NH+]3CCCCCC3)C2=O)c(OC)c1OC,O,COc1ccc(/C=C2\Oc3c4ccc(c3C[NH+]3CCCCCC3)[O-]~O~C24=O)c(OC)c1OC,-3.6548564434051514,ok,
O=C(c1ccc2nc3c4ccccc4c4ccccc4c3nc2c1)N1CCOCC1,O,O=C1(c2ccc3nc4c5ccccc5c5ccccc5c4nc3c2)~O~O2CCN1CC2,-4.964631080627441,ok,
CCCCC[N+](CC)(CC)CCOc1ccc2c(c1)C(=O)c1cc(OCC[N+](CC)(CC)CCCCC)ccc1-2,O,CCCCC[N+](CC)(CC)CCOc1ccc2c(c1)C1(=O)~O~O(CC[N+](CC)(CC)CCCCC)c3ccc-2c1c3,-6.530553340911865,ok,
CN1C2CCC1C(=Cc1cccn1C)C(=O)C2=Cc1cccn1C,O,CN1C2CCC1C1=Cc3cccn3(C)~O~C1(=O)C2=Cc1cccn1C,-3.8280603885650635,ok,
CCCCN1C(=O)SC(=Cc2ccc(-c3ccc([N+](=O)[O-])cc3)o2)C1=O,O,CCCCN1C(=O)C2=Cc3ccc(-c4ccc([N+](=O)[O-])cc4)o3~O~C1(=O)S2,-6.63397741317749,ok,
Cc1cc2c3c(c1)C(C)CC(C)(C)N3C(=O)C2=C(C#N)C#N,O,Cc1cc2c3c(c1)C(C)CC(C)(C)N31~O~C1(=O)C2=C(C#N)C#N,-5.712830066680908,ok,
COc1ccc(N2CN=c3sc(=CC=Cc4ccccc4)c(=O)n3C2)cc1OC,O,COc1cc2ccc1O(C)~O~c1(=O)c(=CC=Cc3ccccc3)sc3n1CN2CN=3,-4.209850311279297,ok,
O=C([O-])C1=NN(c2ccc(S(=O)(=O)[O-])cc2)C(=O)C1/N=N/c1ccc(S(=O)(=O)[O-])cc1.[Na+].[Na+].[Na+],O,O=C([O-])C1=NN(c2ccc(S(=O)(=O)[O-]~O~[Na+])cc2)C(=O)C1/N=N/c1ccc(S(=O)(=O)[O-])cc1.[Na+].[Na+],-1.6292328834533691,ok,
Cc1ccc2c(c1)C=C/C(=C\c1sc3ccccc3[n+]1CCCS(=O)(=O)[O-])N2C,O,Cc1ccc2c(c1)C=C/C(=C\c13~O~[O-]S(=O)(=O)CCC[n+]1c1ccccc1s3)N2C,-3.7168519496917725,ok,
O=C1/C(=C\c2ccc(-c3ccc([N+](=O)[O-])cc3)o2)SC(=S)N1C1CCCCC1,O,O=C1/C(=C\c2ccc3o2~O~c2([N+](=O)[O-])ccc-3cc2)SC(=S)N1C1CCCCC1,-7.396962642669678,ok,
O=C1C(=Cc2ccc([N+](=O)[O-])cc2)C=C(c2ccccc2)N1c1ccc(F)cc1,O,O=C1C2=Cc3ccc([N+](=O)[O-])(~O~N1(c1ccc(F)cc1)C(c1ccccc1)=C2)cc3,-4.693211555480957,ok,
[NH2+]=C1/C(=C\c2ccc(Br)o2)C(=O)N=C2SC(c3ccc([O-])cc3)=NN12,O,[NH2+]=C12~O~[O-]c3ccc(cc3)C3=NN1C(=NC(=O)/C2=C/c1ccc(Br)o1)S3,-1.9438344240188599,ok,
CCN1CCN(CC)c2cc(-n3c(C(F)(F)F)nn(C)c3=S)ccc21,O,CCN1CCN2(CC)~O~C(F)(F)(F)c3nn(C)c(=S)n3-c3ccc2c1c3,-4.7837371826171875,ok,
N#CC(=Cc1ccc(-c2ccc([N+](=O)[O-])cc2Cl)o1)C(=O)N1CCCCC1,O,N#CC(=Cc1ccc2o1~O~c1([N+](=O)[O-])ccc-2c(Cl)c1)C(=O)N1CCCCC1,-6.804315090179443,ok,
CCCCNc1cc(N2CCN(C)CC2)c2noc3c2c1C(=O)c1ccccc1-3,O,CCCCN1~O~C2(=O)c3ccccc3-c3onc4c(N5CCN(C)CC5)cc1c2c34,-4.306286811828613,ok,
O=C1c2ccccc2C(=O)c2c1cc(Cl)cc2N1CCCCC1,O,O=C1c2ccccc2C2(=O)~O~N3(CCCCC3)c3cc(Cl)cc1c32,-6.049508094787598,ok,
CCCN1CCN(c2cc(NCC(C)C)c3c4c(onc24)-c2ccccc2C3=O)CC1,O,CCCN1CCN(c2cc3c4c5c(onc25)-c2ccccc2C4(=O)~O~N3CC(C)C)CC1,-4.304611682891846,ok,
CCOc1cc2c(cc1/C=C1\C(C)=C(C#N)c3nc(N)c(C#N)c(C)c31)OCO2,O,CCO1~O~C2Oc3cc(/C=C4\C(C)=C(C#N)c5nc(N)c(C#N)c(C)c54)c1cc3O2,-5.320353031158447,ok,
"CC(C)(C)C1=NN(C(=O)\C1=C/C1=C(SC2=NC=CC=C2)C=CC(=C1)[N+]([O-])=O)C1=CC=CC=C1 |c:12,17,19,22,24,32,34,t:4,15,30|",O,CC(C)(C)C1=NN(c2ccccc2)C2(~O~O=2)C1=Cc1cc([N+](=O)[O-])ccc1Sc1ccccn1,-4.027344703674316,ok,
O=C1Nc2ccccc2/C1=N/N=C/c1ccccc1O,O,O=C12~O~Oc3ccccc3/C=N/N=C\1c1ccccc1N2,-5.047324180603027,ok,
COc1ccc2c(c1)-c1c(ssc1=S)C(C)(C)N2C(=O)/C=C/c1ccc([N+](=O)[O-])cc1,O,CO1~O~c2([N+](=O)[O-])ccc(cc2)/C=C/C(=O)N2c3ccc1cc3-c1c(ssc1=S)C2(C)C,-7.225241661071777,ok,
CN(C)c1cc(NCCO)c2c3c(onc13)-c1ccccc1C2=O,O,CN(C)c1cc2c3c4c(onc14)-c1ccccc1C3(=O)~O~OCCN2,-4.053577423095703,ok,
CC1CCN(c2ccc(NC(=S)NC(=O)c3ccc(-c4cccc([N+](=O)[O-])c4)o3)cc2)CC1,O,CC1CCN(c2ccc(NC(=S)NC3(=O)~O~o4c(-c5cccc([N+](=O)[O-])c5)ccc43)cc2)CC1,-6.992055416107178,ok,
O=C(/C=C/c1ccc(-c2cccc(Cl)c2Cl)o1)N1CCN(c2ccc([N+](=O)[O-])c(N3CCCCC3)c2)CC1,O,O=C1/C=C/c2ccc(-c3cccc(Cl)c3Cl)o2~O~c2([N+](=O)[O-])ccc(cc2N2CCCCC2)N2CCN1CC2,-5.81706428527832,ok,
COc1cc(OC)c(/C=C/c2ccc3ccccc3[n+]2[O-])c(OC)c1,O,COc1cc(OC)c(/C=C/c2ccc3ccccc34~O~[O-][n+]24)c(OC)c1,-3.365319013595581,ok,
O=C1C(=Cc2ccc(-c3cc(Cl)ccc3Cl)o2)C=C(c2ccccc2)N1c1ccccc1O,O,O=C12~O~Oc3ccccc3N1C(c1ccccc1)=CC2=Cc1ccc(-c2cc(Cl)ccc2Cl)o1,-4.603081703186035,ok,
CN1C(=O)C(=Cc2ccc(-c3cc([N+](=O)[O-])ccc3Cl)o2)SC1=S,O,CN1C(=O)C(=Cc2ccc3o2~O~c2([N+](=O)[O-])ccc(Cl)c-3c2)SC1=S,-6.877808570861816,ok,
CCN1C(=Cc2ccc3ccccc3[n+]2CCCS(=O)(=O)[O-])C=Cc2ccccc21,O,CCN1C(=Cc2ccc3ccccc34~O~[O-]S(=O)(=O)CCC[n+]24)C=Cc2ccccc21,-4.160892486572266,ok,
C/N=c1\scc(-c2ccc([N+](=O)[O-])cc2)n1/N=C/c1ccc(C)o1,O,C/N=c1\scc2n1/N=C/c1ccc(C)o1~O~c1([N+](=O)[O-])ccc-2cc1,-5.0954484939575195,ok,
COc1cc([N+](=O)[O-])ccc1-c1ccc(C=C(C#N)Sc2nc3ccccc3s2)o1,O,CO1~O~c2([N+](=O)[O-])ccc(-c3ccc(C=C(C#N)Sc4nc5ccccc5s4)o3)c1c2,-6.345905303955078,ok,
CCN1C(=O)C(=C2C=Cc3cc(OC)ccc3N2C2CCCCC2)SC1=S,O,CCN1C(=S)SC2=C3C=Cc4cc(ccc4N3C3CCCCC3)O(C)~O~C21=O,-6.635091781616211,ok,
C=CCN1C(=O)/C(=C\C=C\c2ccccc2[N+](=O)[O-])SC1=S,O,C=CCN12~O~c3([N+](=O)[O-])ccccc3/C=C/C=C(/SC1=S)C2=O,-5.059637069702148,ok,
O=C1/C(=C\C=C\c2ccco2)SC(=S)N1c1ccc(Br)cc1,O,O=C12~O~o3cccc3/C=C/C=C\1SC(=S)N2c1ccc(Br)cc1,-6.524377346038818,ok,
CNC1CCc2cc(OC)c(OC)c(OC)c2-c2cc/c(=[N+](/C)CC(OC)OC)c([O-])cc21,O,CNC1CCc2cc(OC)c(OC)c(OC)c2-c2ccc3c(cc21)[O-]~O~C(OC)(OC)C[N+]=3C,-3.4152109622955322,ok,
COc1ccc(Nc2cc(NCCc3ccccc3)c3noc4c3c2C(=O)c2ccccc2-4)cc1,O,CO1~O~C2(=O)c3ccccc3-c3onc4c(NCCc5ccccc5)cc(c2c34)Nc2ccc1cc2,-6.315630912780762,ok,
COC(=O)c1ccccc1-c1c2ccc(N(C)C)cc2[o+]c2cc(N(C)C)ccc12,O,CN(C)c1ccc2c3c4ccc(N(C)C)cc4(~O~O(C)C(=O)c4ccccc4-3)[o+]c2c1,-7.8286004066467285,ok,
O=C1C(=Cc2ccc([N+](=O)[O-])cc2)C=C(c2ccccc2)N1c1ccc(Br)cc1,O,O=C1C2=Cc3ccc([N+](=O)[O-])(~O~N1(c1ccc(Br)cc1)C(c1ccccc1)=C2)cc3,-4.853546142578125,ok,
O=C(Nc1ccc(NC(=O)c2ccc(F)cc2)c2c1C(=O)c1ccccc1C2=O)c1ccc(F)cc1,O,O=C(Nc1ccc(N2~O~C2(=O)c2ccc(F)cc2)c2c1C(=O)c1ccccc1C2=O)c1ccc(F)cc1,-6.172074794769287,ok,
O=S(=O)([O-])CCCN1C(=Cc2ccc3ccccc3[n+]2CCCS(=O)(=O)[O-])C=Cc2ccccc21,O,O=S(=O)([O-])CCC[n+]1c2ccc3ccccc31~O~[O-]S(=O)(=O)CCCN1C(=C2)C=Cc2ccccc21,-4.620572090148926,ok,
CCOC(=O)C1CCCN(c2cc(NCCCC(=O)O)c3c4c(onc24)-c2ccccc2C3=O)C1,O,CCOC1(=O)~O~OC(=O)CCCNc2cc(c3noc4c3c2C(=O)c2ccccc2-4)N2CCCC1C2,-4.635483264923096,ok,
"[K+].F[B-](F)(F)C1=CC2=C(C=C1)C1=CC=CC=C1C2=O |c:6,8,13,15,t:4,11|",O,O=C1c2ccccc2-c2ccc([B-](F)(F)F~O~[K+])cc21,-2.925990343093872,ok,
[C]c1cc([C]=C(C#N)C#N)c([C])n1-c1ccc(N2[C][C]O[C][C]2)cc1,O,[C]c1cc([C]=C(C#N)C#N)c([C])n1-c1ccc(N2[C][C]O3~O~[C]3[C]2)cc1,-4.704245090484619,ok,
C=C1CCC(O)CC1=CC=C1CCCC2(C)C1CCC2C(C)CCCC(C)C,O,C=C1CCC2(~O~O2)CC1=CC=C1CCCC2(C)C1CCC2C(C)CCCC(C)C,-5.824467182159424,ok,
CN(C)c1ccc(NC(=O)c2ccc3nc(-c4ccccc4)c(-c4ccccc4)nc3c2)cc1,O,CN1(C)~O~C(=O)(c2ccc3nc(-c4ccccc4)c(-c4ccccc4)nc3c2)Nc2ccc1cc2,-5.169610500335693,ok,
O=C(CCCN1C(=O)c2cccc3cccc(c23)C1=O)Nc1ccc(N2CCOCC2)cc1,O,O=C1CCCN2C(=O)c3cccc4cccc(c34)C2(=O)~O~O2CCN(CC2)c2ccc(cc2)N1,-5.667967796325684,ok,
CCCOC(=O)c1cccc(-c2ccc(/C=C3\C(=O)N(CCO)C(=O)C(C#N)=C3C)o2)c1,O,CCCO1~O~C1(=O)c1cccc(-c2ccc(/C=C3\C(=O)N(CCO)C(=O)C(C#N)=C3C)o2)c1,-5.180087566375732,ok,
COc1cc(OC)c(OC)cc1/C=C/c1ccc2ccccc2[n+]1C,O,COc1cc2c(cc1OC)O(C)~O~c13ccccc1ccc([n+]3C)/C=C/2,-5.90425968170166,ok,
O=[N+]([O-])c1ccc(/C=N/c2ccc(Oc3ccccc3)cc2)s1,O,O=[N+]([O-])c12~O~O(c3ccccc3)c3ccc(cc3)/N=C/c(cc1)s2,-5.502178192138672,ok,
CCOc1cccc(N2C(=O)/C(=C\c3ccc(-c4ccc([N+](=O)[O-])cc4)o3)C(=O)N=C2S)c1,O,CCO1~O~C2(=O)N=C(S)N(C(=O)/C2=C\c2ccc(-c3ccc([N+](=O)[O-])cc3)o2)c2cccc1c2,-5.860805511474609,ok,
CN1CCN(c2ccc(NC(=O)c3ccc4c(c3)C(=O)c3ccccc3-4)cn2)CC1,O,CN1CCN2(~O~C(=O)(c3ccc4c(c3)C(=O)c3ccccc3-4)Nc3ccc2nc3)CC1,-5.515771865844727,ok,
O=C1C(=Cc2ccc(-c3cccc(Cl)c3)o2)SC(=S)N1CCc1ccccc1,O,O=C12~O~o3c(ccc3-c3cccc(Cl)c3)C=C1SC(=S)N2CCc1ccccc1,-7.21318244934082,ok,
COc1cccc(/C=C2\Oc3c(ccc([O-])c3C[NH+]3CCCCC3)C2=O)c1OC,O,COc1cccc(/C=C2\Oc3c4ccc(c3C[NH+]3CCCCC3)[O-]~O~C24=O)c1OC,-3.6170032024383545,ok,
CCN1C(=O)/C(=C/C=C2/Sc3c(ccc4c3CCCC4)N2CC)SC1=S,O,CCN1C(=S)S/C2=C\C=C3\Sc4c(ccc5c4CCCC5)N3(CC)~O~C21=O,-6.302306652069092,ok,
CCOC(=O)c1ccc(-c2ccc(/C=C3\C=C(c4ccccc4)N(c4ccc(Br)cc4)C3=O)o2)cc1,O,CCO1~O~C1(=O)c1ccc(-c2ccc(/C=C3\C=C(c4ccccc4)N(c4ccc(Br)cc4)C3=O)o2)cc1,-5.5746965408325195,ok,
CC[NH+](CC)Cc1c([O-])ccc2c1O/C(=C\c1ccccc1OC)C2=O,O,CC[NH+](CC)Cc1c2ccc3c1O/C(=C\c1ccccc1OC)C3(=O)~O~[O-]2,-4.21436882019043,ok,
CCC(C(=O)O)N1C(=O)C(=Cc2ccc(-c3ccc([N+](=O)[O-])cc3)o2)SC1=S,O,CCC(N1C(=O)C(=Cc2ccc(-c3ccc([N+](=O)[O-])cc3)o2)SC1=S)C1(=O)~O~O1,-4.659423828125,ok,
COC(=O)C1=C(c2ccccc2)S/C(=C2/C(=S)C(C)(C)Nc3ccc(OC)cc32)S1,O,COC1(=O)~O~O(C)c2ccc3c(c2)/C(=C2\SC(c4ccccc4)=C1S2)C(=S)C(C)(C)N3,-7.045934677124023,ok,
C=CCN1C(=O)/C(=C\c2ccc(-c3ccc([N+](=O)[O-])cc3C)o2)SC1=S,O,C=CCN1C(=O)/C(=C\c2ccc3o2~O~c2([N+](=O)[O-])ccc-3c(C)c2)SC1=S,-6.8259077072143555,ok,
CCCCCCCCCCOC(=O)C=Cc1ccc(-c2cccc([N+](=O)[O-])c2)o1,O,CCCCCCCCCCO1~O~C1(=O)C=Cc1ccc(-c2cccc([N+](=O)[O-])c2)o1,-6.7048773765563965,ok,
CCN(CC)c1ccc(/C=C2\S/C(=N/c3ccc(Cl)cc3)NC2=O)o1,O,CCN(CC)c1ccc2o1~O~C1(=O)N/C(=N\c3ccc(Cl)cc3)S/C1=C\2,-6.969576358795166,ok,
CCN(CC)c1ccc(/C=C\c2onc(C)c2[N+](=O)[O-])c(OCc2ccccc2)c1,O,CCN(CC)c1ccc2c(c1)O(Cc1ccccc1)~O~c1([N+](=O)[O-])c(C)noc1/C=C\2,-5.551816463470459,ok,
O=C1C(=Cc2ccc(-c3ccccc3F)o2)C(=O)c2ccccc21,O,O=C1C2=Cc3ccc(-c4ccccc4F)o3~O~C2(=O)c2ccccc21,-6.261514663696289,ok,
COc1cccc(/C=C2\Oc3c(ccc([O-])c3C[NH+]3CCCCC3C)C2=O)c1OC,O,COc1cccc(/C=C2\Oc3c4ccc(c3C[NH+]3CCCCC3C)[O-]~O~C24=O)c1OC,-3.6796627044677734,ok,
COc1ccc(-c2c3c(nc4sc(C(=O)c5ccccc5)c(N)c24)C(=O)c2ccccc2-3)cc1,O,CO1~O~C2(=O)c3ccccc3-c3c2nc2sc(C(=O)c4ccccc4)c(N)c2c3-c2ccc1cc2,-5.771949768066406,ok,
Cc1ccc2cc(C3=CC(=Cc4ccc([N+](=O)[O-])cc4)C(=O)O3)ccc2c1,O,Cc1ccc2cc(C3=CC(=Cc4ccc([N+](=O)[O-])cc4)C4(=O)~O~O34)ccc2c1,-5.150195121765137,ok,
CCC(=C\c1sc2ccc3ccccc3c2[n+]1CCCS(=O)(=O)[O-])/C=C1/Sc2ccc(OC)cc2N1CC,O,CCC(=C\c12~O~[O-]S(=O)(=O)CCC[n+]1c1c(ccc3ccccc31)s2)/C=C1/Sc2ccc(OC)cc2N1CC,-4.168467044830322,ok,
O=C1OC(c2ccc(Br)cc2)=N/C1=C\C=C\c1ccc([N+](=O)[O-])cc1,O,O=[N+]([O-])c1ccc(/C=C/C=C2\N=C(c3ccc(Br)cc3)O3~O~C23=O)cc1,-4.363490104675293,ok,
O=C1/C(=C/c2ccc([N+](=O)[O-])cc2)C=C(c2ccccc2)N1c1cccc(Cl)c1,O,O=C1/C2=C/c3ccc([N+](=O)[O-])(~O~N1(c1cccc(Cl)c1)C(c1ccccc1)=C2)cc3,-5.016671657562256,ok,
COc1ccc(OC)c(/C=N/N=C2\C(=O)Nc3ccccc32)c1,O,COc1ccc2cc1/C=N/N=C1/c3ccccc3NC1(=O)~O~O2C,-4.350516319274902,ok,
C(=Cc1cc[n+]2ccsc2n1)C=C1C=CN2C=CSC2=C1,O,C1=Cc2cc[n+]3ccsc3(~O~N34C=CSC3=CC(=C1)C=C4)n2,-3.703040361404419,ok,
CNc1ccc(C=C2CSc3ccccc3C2=O)cc1[N+](=O)[O-],O,CN1~O~c2([N+](=O)[O-])cc(C=C3CSc4ccccc4C3=O)ccc21,-4.913975715637207,ok,
O=C1/C(=C\C=C\c2ccco2)SC(=S)N1c1cccc(Br)c1,O,O=C12~O~o3cccc3/C=C/C=C\1SC(=S)N2c1cccc(Br)c1,-6.4948649406433105,ok,
CCOC(=O)c1ccc(-c2ccc(/C=C3\C=C(c4ccccc4)N(c4cccc(Cl)c4)C3=O)o2)cc1,O,CCO1~O~C1(=O)c1ccc(-c2ccc(/C=C3\C=C(c4ccccc4)N(c4cccc(Cl)c4)C3=O)o2)cc1,-5.467991352081299,ok,
Cc1ccc(Sc2ccc(C=C3COc4ccccc4C3=O)cc2[N+](=O)[O-])cc1,O,Cc1ccc(Sc2ccc3cc2([N+](=O)[O-])~O~O2CC(=C3)C(=O)c3ccccc32)cc1,-5.946465015411377,ok,
COc1cc(OC)c(OC)cc1/C=C1\Oc2c(ccc([O-])c2C[NH+]2CCCC(C)C2)C1=O,O,COc1cc(OC)c(OC)cc1/C=C1\Oc2c3ccc(c2C[NH+]2CCCC(C)C2)[O-]~O~C13=O,-4.091132640838623,ok,
COc1ccc(Nc2cc(N3CCN(Cc4cc(Cl)ccc4OC)CC3)c3noc4c3c2C(=O)c2ccccc2-4)cc1,O,COc1ccc(Cl)cc1CN1CCN(c2cc3c4c5c(onc25)-c2ccccc2C4(=O)~O~O(C)c2ccc(cc2)N3)CC1,-4.701417922973633,ok,
CC(C)c1ccc(-c2c(O)c3ccccc3c3nc4ccccc4nc23)cc1,O,CC(C)c1ccc(-c2c3nc4ccccc4nc3c3ccccc3c23~O~O3)cc1,,failed,Featurization failed: RDKit could not parse Smiles_Merged
COc1ccccc1N1C(=O)/C(=C/c2ccc(-c3ccc([N+](=O)[O-])cc3)o2)SC1=S,O,CO1~O~C2(=O)/C(=C/c3ccc(-c4ccc([N+](=O)[O-])cc4)o3)SC(=S)N2c2ccccc21,-5.8018693923950195,ok,
O=C1NC(=S)SC1=Cc1ccc(-c2ccc([N+](=O)[O-])cc2Cl)o1,O,O=C1NC(=S)SC1=Cc1ccc2o1~O~c1([N+](=O)[O-])ccc-2c(Cl)c1,-6.911835670471191,ok,
CCc1ccc(N2CN=c3sc(=C4C(=O)Nc5ccc(OC)cc54)c(=O)n3C2)cc1,O,CCc1ccc(N2CN=c3sc4c(=O)(~O~O(C)c5ccc6c(c5)C=4C(=O)N6)n3C2)cc1,-5.434101104736328,ok,
CCCCNC(=O)c1c(N)n(-c2ccc(N3CCOCC3)cc2)c2nc3ccccc3nc12,O,CCCCNC1(=O)~O~Nc2c1c1nc3ccccc3nc1n2-c1ccc(N2CCOCC2)cc1,-3.1416304111480713,ok,
CCN1C(=O)/C(=C/C=C2/Sc3ccc4ccccc4c3N2CCCS(=O)(=O)O)SC1=S,O,CCN1C(=S)S/C2=C\C=C3\Sc4ccc5ccccc5c4N3(CCCS(=O)(=O)O)~O~C21=O,-5.38902473449707,ok,
N#CC(C#N)=C([C]1[C][C]1)[C]1[C](c2ccccc2)[C](C(=O)[C]2[C][C]2)N2[C]1[C]=[C]c1ccccc12,O,N#CC(C#N)=C([C]1[C][C]1)[C]1[C](c2ccccc2)[C]2C(=O)([C]3[C][C]3)~O~N23[C]1[C]=[C]c1ccccc13,-4.654248237609863,ok,
O=C1C(=Cc2ccc(-c3cccc(C(F)(F)F)c3)o2)Sc2ccccc21,O,O=C1C(=Cc2ccc3o2~O~C(F)(F)(F)c2cccc-3c2)Sc2ccccc21,-7.265553951263428,ok,
N#CC(C#N)=Cc1ccc(-c2cc([N+](=O)[O-])ccc2Cl)o1,O,N#CC(C#N)=Cc1ccc2o1~O~c1([N+](=O)[O-])ccc(Cl)c-2c1,-6.213336944580078,ok,
COc1ccc(NC(=O)/C=C/c2ccc(-c3ccccc3[N+](=O)[O-])o2)cc1,O,CO1~O~c2([N+](=O)[O-])ccccc2-c2ccc(o2)/C=C/C(=O)Nc2ccc1cc2,-5.801048278808594,ok,
O=C(O)CCN1C(=O)/C(=C\c2ccc(-c3ccc([N+](=O)[O-])cc3Cl)o2)SC1=S,O,O=C1/C(=C\c2ccc(-c3ccc([N+](=O)[O-])cc3Cl)o2)SC(=S)N1CCC1(=O)~O~O1,-4.792727470397949,ok,
N#Cc1c(/N=C/c2cc([N+](=O)[O-])ccc2O)sc2c1C1CCN2CC1,O,N#Cc1c(/N=C/c2cc3([N+](=O)[O-])~O~Oc2cc3)sc2c1C1CCN2CC1,-4.590747833251953,ok,
CN(C)c1ccc(/C=C(\C#N)c2nc(-c3ccc(Br)cc3)cs2)cc1,O,CN1(C)~O~c2(nc(-c3ccc(Br)cc3)cs2)/C(C#N)=C/c2ccc1cc2,,failed,Featurization failed: RDKit could not parse Smiles_Merged
O=S(=O)(c1ccc(-c2ccc(C=Cc3nc4cc(Cl)ccc4o3)o2)cc1)N1CCOCC1,O,O=S1(=O)(N2CCOCC2)~O~o2c(C=Cc3nc4cc(Cl)ccc4o3)ccc2-c2ccc1cc2,-6.111024379730225,ok,
CCN(CC)c1ccc(C=C2CCC(C=NNC(=S)NC3CCCCC3)=C2N2CCOCC2)cc1,O,CCN(CC)c1ccc(C=C2CCC3=C2N2CCO(~O~C(=S)(NC4CCCCC4)NN=C3)CC2)cc1,-6.243308067321777,ok,
CN(C1=CC=CC=C1)/C=C/C=C/C=C2C(C=CC=C3)=C3C4=C2C=CC=C4,O,CN1(/C=C/C=C/C=C2c3ccccc3-c3ccccc32)~O~c12ccccc2,,failed,Featurization failed: RDKit could not parse Smiles_Merged
CN(/C=C/C=C/C=C1c2ccccc2-c2ccccc21)c1ccccc1,O,CN1(/C=C/C=C/C=C2c3ccccc3-c3ccccc32)~O~c12ccccc2,,failed,Featurization failed: RDKit could not parse Smiles_Merged
CCOc1cccc(N2C(=O)C(=Cc3ccc(-c4ccc([N+](=O)[O-])cc4C)o3)C(=O)NC2=S)c1,O,CCO1~O~C2(=O)C(=Cc3ccc(-c4ccc([N+](=O)[O-])cc4C)o3)C(=O)NC(=S)N2c2cccc1c2,-6.070073127746582,ok,
Cc1ccc(C(=O)N2CCN(c3ccc(NC(=O)/C=C/c4ccc(-c5ccccc5[N+](=O)[O-])o4)cc3)CC2)cc1,O,Cc1ccc(C(=O)N2CCN(c3ccc(NC(=O)/C=C/c4ccc5o4~O~c4([N+](=O)[O-])ccccc4-5)cc3)CC2)cc1,-5.160912036895752,ok,
CCOc1ccc(Nc2cc(N3CCN(c4ccc(F)cc4)CC3)c3noc4c3c2C(=O)c2ccccc2-4)cc1,O,CCO1~O~C2(=O)c3ccccc3-c3onc4c(N5CCN(c6ccc(F)cc6)CC5)cc(c2c34)Nc2ccc1cc2,-4.136277675628662,ok,
Cc1cccc(N2C(=O)/C(=C\C=C\c3ccco3)SC2=S)c1C,O,Cc1cccc(N2C(=S)S/C3=C/C=C/c4ccco4~O~C32=O)c1C,-6.388110160827637,ok,
N=C1SC(=Cc2ccc(-c3cccc([N+](=O)[O-])c3)o2)C(=O)N1c1ccc2c(c1)OCO2,O,N=C1SC2=Cc3ccc(-c4cccc([N+](=O)[O-])c4)o3~O~C2(=O)N1c1ccc2c(c1)OCO2,-5.965521812438965,ok,
CCCCCCN1C(=O)C(=CC2=Cc3ccccc3OC2C)SC1=S,O,CCCCCCN1C(=S)SC2=CC3=Cc4ccccc4O(~O~C21=O)C3C,-7.133671760559082,ok,
N#CC(=Cc1ccc(-c2ccc([N+](=O)[O-])cc2Cl)o1)C(=O)NC1CCCCC1,O,N#CC(=Cc1ccc2o1~O~c1([N+](=O)[O-])ccc-2c(Cl)c1)C(=O)NC1CCCCC1,-7.073723793029785,ok,
COc1ccc(N2C(=O)C(=C3C=CC=CN3C)SC2=S)cc1,O,CN1C=CC=CC1=C1SC(=S)N2c3ccc(cc3)O(C)~O~C12=O,-5.6923699378967285,ok,
CCOCCCN1C(=O)C(=CC2=Cc3ccccc3OC2)SC1=S,O,CCOCCCN1C(=S)SC2=CC3=Cc4ccccc4O(~O~C21=O)C3,-6.877677917480469,ok,
CCc1ccc(N2C(=O)NC(=O)/C(=C/c3ccc(-c4ccc([N+](=O)[O-])cc4)o3)C2=O)cc1,O,CCc1ccc(N2C(=O)/C3=C\c4ccc(-c5ccc([N+](=O)[O-])cc5)o4~O~C2(=O)NC3=O)cc1,-6.311594486236572,ok,
COc1cccc(N2C(=O)NC(=O)C(=Cc3ccc([N+](=O)[O-])s3)C2=O)c1,O,CO1~O~C2(=O)NC(=O)C(=Cc3ccc([N+](=O)[O-])s3)C(=O)N2c2cccc1c2,-5.714055061340332,ok,
O=C1/C(=C/c2ccc(-c3ccc(Cl)c(Cl)c3)o2)C=C(c2ccccc2)N1c1cccc(Br)c1,O,O=C12~O~o3c(ccc3-c3ccc(Cl)c(Cl)c3)/C=C/1C=C(c1ccccc1)N2c1cccc(Br)c1,-6.810421943664551,ok,
O=C1/C(=C/c2c[nH]c3ccccc23)Oc2c1ccc([O-])c2C[NH+]1CCOCC1,O,O=C12~O~[O-]c3ccc1c(c3C[NH+]1CCOCC1)O/C2=C\c1c[nH]c2ccccc12,-4.30732536315918,ok,
COC(=O)C(C#N)c1nc2ccccc2nc1NC1CCCC1,O,CO1~O~C1(=O)C(C#N)c1nc2ccccc2nc1NC1CCCC1,-4.592876434326172,ok,
CCOC(=O)C1CCCN(c2cc(Nc3ccc4c(c3)OCCO4)c3c4c(onc24)-c2ccccc2C3=O)C1,O,CCOC1(=O)~O~O2CCOc3cc(ccc32)Nc2cc(c3noc4c3c2C(=O)c2ccccc2-4)N2CCCC1C2,-5.320821762084961,ok,
O=C1/C(=C\c2ccc(-c3ccc([N+](=O)[O-])cc3)o2)SC(=S)N1N1CCOCC1,O,O=[N+]([O-])c1ccc(-c2ccc3o2~O~C2(=O)/C(=C\3)SC(=S)N2N2CCOCC2)cc1,-6.135275840759277,ok,
CC1=C(C#N)c2nc(N)c(C#N)c(C)c2C1=Cc1ccc(C)o1,O,CC1=C(C#N)c2nc3(N)~O~o4c(C)ccc4C=C1c2c(C)c3C#N,-6.125456809997559,ok,
CC(=O)N(c1nc(/C=C2/COc3ccccc3C2=O)cs1)c1ccccc1F,O,CC1(=O)~O~O2C/C(=C/c3csc(n3)N1c1ccccc1F)C(=O)c1ccccc12,-5.710880279541016,ok,
Nc1ccc(/N=N/c2ccccc2)c2ccccc12,O,c1ccc(/N=N/c23~O~Nc(cc2)c2ccccc23)cc1,-4.25146484375,ok,
O=[N+]([O-])c1ccc2oc(C=C3CCCCC3)c(N3CCOCC3)c2c1,O,O=[N+]([O-])c12~O~o3c(C=C4CCCCC4)c(N4CCOCC4)c(c1)c3cc2,-5.803642272949219,ok,
Cc1nc2sc(-c3ccc([N+](=O)[O-])cc3)c(N)c2c(C)c1Cl,O,Cc1nc2sc3c(c2c(C)c1Cl)N~O~c1([N+](=O)[O-])ccc-3cc1,-5.327577114105225,ok,
[N]C(=C(C#N)C#N)/C(=[C]/c1cccc(/[C]=C(\C#N)C([N])=C(C#N)C#N)c1)C#N,O,[N]C(=C(C#N)C#N)/C1=[C]/c2cccc(c2)/[C]=C(\C#N)C([N])=C(C#N)(C#N)~O~N#C1,-5.571572780609131,ok,
C=CCN1C(=O)C(=Cc2ccc(-c3cccc(F)c3)o2)SC1=S,O,C=CCN1C(=S)SC2=Cc3ccc(-c4cccc(F)c4)o3~O~C21=O,-6.745884895324707,ok,
O=C(C=Cc1ccc(-c2ccc([N+](=O)[O-])cc2Cl)o1)c1ccco1,O,O=C1C=Cc2ccc(o2)-c2ccc([N+](=O)[O-])(~O~o3cccc31)cc2Cl,-5.989829063415527,ok,
CCOC(=O)c1ccc(/C=C2/C=C(c3ccccc3)N(c3ccc(Nc4ccccc4)cc3)C2=O)cc1,O,CCO1~O~C1(=O)c1ccc(/C=C2/C=C(c3ccccc3)N(c3ccc(Nc4ccccc4)cc3)C2=O)cc1,-5.4170942306518555,ok,
CCN1C(=c2sc(=C3SC(=S)N(c4ccc(C)cc4)C3=O)n(-c3ccc(C)cc3)c2=O)C=Cc2ccccc21,O,CCN12~O~c3(=O)c(sc(=C4SC(=S)N(c5ccc(C)cc5)C4=O)n3-c3ccc(C)cc3)=C1C=Cc1ccccc12,-6.107538223266602,ok,
CC1(C)CC(N=C2C([N+](=O)[O-])=CC=C3NC4(CCCCC4)N=C32)CC(C)(C)N1,O,CC1(C)CC(N=C2C3=NC4(CCCCC4)N4~O~C2([N+](=O)[O-])=CC=C34)CC(C)(C)N1,-4.7867326736450195,ok,
CCOC(=O)COc1ccc2c(c1)O/C(=C\C1=Cc3ccccc3OC1C)C2=O,O,CCOC1(=O)~O~O2c3ccccc3C=C(/C=C3\Oc4cc(ccc4C3=O)OC1)C2C,-5.396986961364746,ok,
O=C([O-])c1ccccc1-c1c2cc(Br)c(=O)c(Br)c-2oc2c(Br)c([O-])c(Br)cc12.[Na+].[Na+],O,O=C([O-])c1ccccc1-c1c2cc(Br)c(=O)c(Br)c-2oc2c(Br)c([O-]~O~[Na+])c(Br)cc12.[Na+],-1.3443187475204468,ok,
COc1ccc2cc(/C=C3\N=C(c4ccccc4)OC3=O)c(N3CCCCC3)nc2c1,O,CO1~O~C2(=O)OC(c3ccccc3)=N/C2=C\c2cc3ccc1cc3nc2N1CCCCC1,-3.8183486461639404,ok,
O=[N+]([O-])c1ccc(-c2ccc(C=Nc3c(-c4ccco4)nc4ccccn34)o2)cc1,O,O=[N+]([O-])c12~O~o3cccc3-c3nc4ccccn4c3N=Cc3ccc(o3)-c(cc1)cc2,-3.9474728107452393,ok,
CCN(CC)c1ccc(/C=C2\N=C(c3ccccc3)OC2=O)cc1,O,CCN(CC)c1ccc(/C=C2\N=C(c3ccccc3)O3~O~C23=O)cc1,-4.354602336883545,ok,
O=C1OC(C2=CC=CC=C2)=N/C1=C\C(C=C3)=CC=C3N(CC)CC,O,CCN(CC)c1ccc(/C=C2\N=C(c3ccccc3)O3~O~C23=O)cc1,-4.354602813720703,ok,
O=C1c2ccccc2-c2onc3c(N4CCCC4)cc(Nc4ccc(Cl)cc4)c1c23,O,O=C12~O~N3(CCCC3)c3cc(Nc4ccc(Cl)cc4)c1c1c(onc31)-c1ccccc12,-6.0406389236450195,ok,
O=[N+]([O-])c1ccc(N2CCCCC2)c(/C=N/c2ccc(-c3ccccc3)cc2)c1,O,O=[N+]([O-])c12~O~N3(CCCCC3)c(cc1)c(/C=N/c1ccc(-c3ccccc3)cc1)c2,-5.156665802001953,ok,
O=C(O)CCN1C(=O)/C(=C\c2ccc(-c3ccc([N+](=O)[O-])cc3)o2)SC1=S,O,O=C1/C(=C\c2ccc(-c3ccc([N+](=O)[O-])cc3)o2)SC(=S)N1CCC1(=O)~O~O1,-4.510376453399658,ok,
C=CCSC1=N/C(=C\c2ccc(-c3ccc([N+](=O)[O-])cc3C)o2)C(=O)S1,O,C=CCSC1=N/C(=C\c2ccc3o2~O~c2([N+](=O)[O-])ccc-3c(C)c2)C(=O)S1,-5.570309162139893,ok,
O=C1OC(c2ccc(Br)cc2)=CC1=Cc1ccc(-c2cc([N+](=O)[O-])ccc2Cl)o1,O,O=[N+]([O-])c1ccc(Cl)c(-c2ccc3o2~O~C2(=O)OC(c4ccc(Br)cc4)=CC2=C3)c1,-6.011509418487549,ok,
O=C1c2ccccc2-c2onc3c(N4CCN(c5ccccn5)CC4)cc(NC4CCCCC4)c1c23,O,O=C12~O~N(C3CCCCC3)c3cc(N4CCN(c5ccccn5)CC4)c4noc(c4c31)-c1ccccc12,-3.443993330001831,ok,
CC1CC[NH+](Cc2c([O-])ccc3c2O/C(=C\c2cc4cc(Br)ccc4o2)C3=O)CC1,O,CC1CC[NH+](Cc2c3ccc4c2O/C(=C\c2cc5cc(Br)ccc5o2)C4(=O)~O~[O-]3)CC1,-3.13792085647583,ok,
CN(C)c1ccc(C(=O)Nc2ccc(-c3cn4ccsc4n3)cc2)cc1,O,CN1(C)~O~C(=O)(Nc2ccc(-c3cn4ccsc4n3)cc2)c2ccc1cc2,-5.643362998962402,ok,
CC1=C(C#N)c2nc(N)c(C#N)c(C)c2C1=Cc1ccc([N+](=O)[O-])cc1,O,CC1=C(C#N)c2nc3c(C#N)c(C)c2C1=Cc1ccc([N+](=O)[O-])(~O~N3)cc1,-5.2201762199401855,ok,
CCN(CC)c1ccc(-c2cc(C(=O)O)c3c(ccc4ccccc43)n2)cc1,O,CCN(CC)c1ccc(-c2cc(C3(=O)~O~O3)c3c(ccc4ccccc43)n2)cc1,-4.055722236633301,ok,
CCc1ccc(N2NC(=O)C(=Cc3ccc(-c4ccc(S(=O)(=O)Nc5nccs5)cc4)o3)C2=O)cc1,O,CCc1ccc(N2NC(=O)C3=Cc4ccc(-c5ccc(S(=O)(=O)Nc6nccs6)cc5)o4~O~C32=O)cc1,-7.3002543449401855,ok,
CC(C)N(c1ccccc1)c1ccc(NC(=O)c2ccccn2)cc1,O,CC(C)N1(c2ccccc2)~O~C(=O)(c2ccccn2)Nc2ccc1cc2,-4.443964004516602,ok,
O=C1C(=Cc2ccc(-c3cc(Cl)ccc3Cl)o2)C=C(c2ccccc2)N1c1ccc(O)cc1,O,O=C12~O~Oc3ccc(cc3)N1C(c1ccccc1)=CC2=Cc1ccc(-c2cc(Cl)ccc2Cl)o1,-5.75126838684082,ok,
CCOc1ccc2c(c1)SC(=Cc1ccc([N+](=O)[O-])cc1)C2=O,O,CCO1~O~c2([N+](=O)[O-])ccc(cc2)C=C2Sc3cc1ccc3C2=O,-5.944633483886719,ok,
O=C1/C(=C\c2ccc(-c3ccc([N+](=O)[O-])cc3)o2)Sc2ccccc21,O,O=C1/C(=C\c2ccc3o2~O~c2([N+](=O)[O-])ccc-3cc2)Sc2ccccc21,-6.496585845947266,ok,
Cc1ccccc1N1C(=O)/C(=C\C=C\c2ccco2)SC1=S,O,Cc1ccccc1N1C(=S)S/C2=C/C=C/c3ccco3~O~C21=O,-6.2166056632995605,ok,
O=C1C(=Cc2ccc([N+](=O)[O-])cc2)C=C(c2ccccc2)N1c1cccc(Br)c1,O,O=C1C2=Cc3ccc([N+](=O)[O-])(~O~N1(c1cccc(Br)c1)C(c1ccccc1)=C2)cc3,-4.865303993225098,ok,
O=C1/C(=C/c2ccc([N+](=O)[O-])cc2)Oc2c1ccc([O-])c2C[NH+]1CCCCC1,O,O=C1/C2=C/c3ccc([N+](=O)[O-])(~O~[O-]c4ccc1c(c4C[NH+]1CCCCC1)O2)cc3,-3.9052722454071045,ok,
O=[N+]([O-])c1ccc(-c2nc3ccc4ccccc4c3c3c2CCCC3)cc1,O,[O-][N+]1=O~O~c12ccc(-c1nc3ccc4ccccc4c3c3c1CCCC3)cc2,,failed,Featurization failed: RDKit could not parse Smiles_Merged
CN(C)c1ccc(/C=C/C(=O)C(C(=O)c2ccccc2)=C2SCCCCS2)cc1,O,CN1(C)~O~C(=O)(c2ccccc2)C(=C2SCCCCS2)C(=O)/C=C/c2ccc1cc2,-6.198526382446289,ok,
O=C1OC(c2ccc(Br)cc2)=CC1=Cc1ccc([N+](=O)[O-])cc1,O,O=[N+]([O-])c1ccc(C=C2C=C(c3ccc(Br)cc3)O3~O~C23=O)cc1,-5.088230133056641,ok,
CCCOc1ccc(Cc2nn3c(=O)/c(=C\c4ccc(N(CC)CC)cc4)sc3nc2=O)cc1,O,CCCO1~O~c2(=O)nc3s/c(=C/c4ccc(N(CC)CC)cc4)c(=O)n3nc2Cc2ccc1cc2,-5.925760269165039,ok,
CN(C)c1ccc(C(=O)Nc2cc3ccccc3cc2C(=O)c2ccc(N(C)C)cc2)cc1,O,CN(C)c1ccc(C2(=O)~O~N(C)(C)c3ccc(cc3)C(=O)c3cc4ccccc4cc3N2)cc1,-6.015500068664551,ok,
O=C1[N]c2ccc(S(=O)(=O)N3[C][C]C4([C][C]3)O[C][C]O4)cc2C1=C1[C][C][C][C]1,O,O=C12~O~O3[C][C]OC34[C][C]N([C][C]4)S(=O)(=O)c3ccc(c(c3)C1=C1[C][C][C][C]1)[N]2,-4.255838871002197,ok,
Cc1ccn2c(NC3CCCCC3)c(-c3ccc([N+](=O)[O-])o3)nc2c1,O,Cc1ccn2c(NC3CCCCC3)c(-c3ccc4([N+](=O)[O-])~O~o34)nc2c1,-5.227161884307861,ok,
O=C([O-])CCN1C(=O)/C(=C/c2ccc(-c3ccc([N+](=O)[O-])cc3)o2)SC1=S.[K+],O,O=C1/C(=C/c2ccc(-c3ccc([N+](=O)[O-])cc3)o2)SC(=S)N1CCC([O-])=O~O~[K+],-3.334118604660034,ok,
CC(C)CN1C(=O)/C(=C/C=C/c2ccccc2)SC1=S,O,CC(C)CN12~O~C1(=O)/C(=C/C=C/c1ccccc1)SC2=S,-6.112597465515137,ok,
Nc1ccc(N2CCOCC2)c2nonc12,O,c1cc(N2CCOCC2)c23~O~Nc1c2non3,-3.3459479808807373,ok,
Cc1cc(C(=O)O)ccc1-c1ccc(/C=C(/C#N)c2ccc([N+](=O)[O-])cc2)o1,O,Cc1cc(C2(=O)~O~O2)ccc1-c1ccc(/C=C(/C#N)c2ccc([N+](=O)[O-])cc2)o1,-4.257833957672119,ok,
COc1ccccc1C1=N/C(=C\c2ccc(N(C)C)c(Br)c2)C(=O)O1,O,CN(C)c1ccc(/C=C2\N=C3OC2(=O)~O~O(C)c2ccccc23)cc1Br,-4.415329933166504,ok,
CCOC(=O)Cn1cc(C=C2C(C)=C(C#N)c3nc(N)c(C#N)c(C)c32)c2ccccc21,O,CCO1~O~C1(=O)Cn1cc(C=C2C(C)=C(C#N)c3nc(N)c(C#N)c(C)c32)c2ccccc21,-4.174603462219238,ok,
Cc1[nH]c2ccccc2c1/C=C/c1cccc(C)[n+]1C,O,Cc1cccc2(~O~[nH]3c(C)c(c4ccccc43)/C=C/2)[n+]1C,,failed,Featurization failed: RDKit could not parse Smiles_Merged
O=C1c2ccccc2-c2onc3c(N4CCN(CCOc5ccc(Cl)cc5)CC4)cc(NCc4ccco4)c1c23,O,O=C12~O~O(c3ccc(Cl)cc3)CCN3CCN(CC3)c3cc(NCc4ccco4)c1c1c(onc31)-c1ccccc12,-4.395949363708496,ok,
[C]C(=O)N1[C][C]c2cc([N]C(=O)[C]=C([C]3[C][C]3)[C]3[C][C]3)ccc21,O,[C]C(=O)N12~O~C(=O)([C]=C([C]3[C][C]3)[C]3[C][C]3)[N]c3ccc1c(c3)[C][C]2,-3.7452492713928223,ok,
COc1ccc(C2=CC(=Cc3ccc([N+](=O)[O-])o3)C(=O)O2)cc1OC,O,COc1cc2ccc1O(C)~O~c1([N+](=O)[O-])ccc(o1)C=C1C=C2OC1=O,-4.980436325073242,ok,
C[n+]1c2cc3ccccc3cc2n2nc3c(cc21)c1cccc2cccc3c21,O,C[n+]12~O~c13cc1c4cccc5cccc(c1nn3c1cc3ccccc3cc12)c54,-6.5854597091674805,ok,
COC(=O)c1ccc(Nc2cc(N3CCC(C)CC3)c3noc4c3c2C(=O)c2ccccc2-4)cc1,O,CC1CCN(c2cc(Nc3ccc(C4(=O)~O~O4C)cc3)c3c4c(onc24)-c2ccccc2C3=O)CC1,-5.450030326843262,ok,
COc1ccc([N+](=O)[O-])cc1-c1ccc(C=C2C(=O)N(c3ccccc3)C(=S)N(c3ccc(C)c(C)c3)C2=O)o1,O,Cc1ccc(N2C(=O)C(=Cc3ccc(-c4cc5([N+](=O)[O-])~O~O(C)c4cc5)o3)C(=O)N(c3ccccc3)C2=S)cc1C,-5.550101280212402,ok,
CC(C)N1C(=O)/C(=C/C=C/c2ccc([N+](=O)[O-])cc2)SC1=S,O,CC(C)N12~O~c3([N+](=O)[O-])ccc(cc3)/C=C/C=C(\SC1=S)C2=O,-5.969104766845703,ok,
Nc1c(N2CCOCC2)cc(Nc2ccc(Cl)cc2)c2c1C(=O)c1ccccc1C2=O,O,O=C1c2ccccc2C2(=O)~O~Nc3c(N4CCOCC4)cc(Nc4ccc(Cl)cc4)c1c32,-5.379632472991943,ok,
N#Cc1ccc(C=Cc2nc3ccc([N+](=O)[O-])cc3s2)cc1,O,N#Cc1ccc(C=Cc2nc3ccc4(~O~O=[N+]4[O-])cc3s2)cc1,,failed,Featurization failed: RDKit could not parse Smiles_Merged
CNc1c(I)cc(C=C2C(=O)c3ccccc3C2=O)cc1I,O,CN1~O~C2(=O)C(=Cc3cc(I)c1c(I)c3)C(=O)c1ccccc12,-5.512773036956787,ok,
"[Cl-].CN(C)c1ccc(cc1)C(=C1C=CC(C=C1)=[N+](C)C)c1ccccc1 |c:12,15|",O,CN(C)c1ccc(C(=C2C=CC(~O~[Cl-])(=[N+](C)C)C=C2)c2ccccc2)cc1,-4.420780658721924,ok,
CCC(/C=C1\Sc2ccc(OC)cc2N1CC)=C1\N=C(c2ccccc2)OC1=O,O,CCC1=C2\N=C(c3ccccc3)OC2(=O)~O~O(C)c2ccc3c(c2)N(CC)/C(=C/1)S3,-4.748767375946045,ok,
O=C1/C(=C/c2ccc(-c3ccc(Br)cc3)o2)C=C(c2ccccc2)N1c1cccc(I)c1,O,O=C12~O~o3c(ccc3-c3ccc(Br)cc3)/C=C/1C=C(c1ccccc1)N2c1cccc(I)c1,-6.464931488037109,ok,
O=C1/C(=C/c2ccco2)Oc2c1ccc([O-])c2C[NH+]1CCOCC1,O,O=C12~O~[O-]c3ccc1c(c3C[NH+]1CCOCC1)O/C2=C\c1ccco1,-4.597644329071045,ok,
Cc1ccc(N2CCN(C3=NC(=O)/C(=C/c4ccc(-c5ccc(Cl)cc5[N+](=O)[O-])o4)S3)CC2)cc1Cl,O,Cc1ccc(N2CCN(C3=NC4(=O)~O~o5c(ccc5-c5ccc(Cl)cc5[N+](=O)[O-])/C=C/4S3)CC2)cc1Cl,-5.223934173583984,ok,
CCN1C(=O)/C(=C/c2ccc(-c3ccc([N+](=O)[O-])cc3)o2)N(C)C1=S,O,CCN1C(=S)N(C)/C2=C\c3ccc(-c4ccc([N+](=O)[O-])cc4)o3~O~C21=O,-5.872808456420898,ok,
CCC(/C=C1\Sc2ccc(OC)cc2N1CC)=C1\SC(=S)N(C)C1=O,O,CCC1=C2\SC(=S)N(C)C2(=O)~O~O(C)c2ccc3c(c2)N(CC)/C(=C/1)S3,-6.441662788391113,ok,
Nc1c(C(=O)c2ccccc2)sc2nc3c(cc12)N1CCC3CC1,O,O=C1(c2ccccc2)~O~Nc2c1sc1nc3c(cc21)N1CCC3CC1,-4.387192726135254,ok,
O=C1/C(=C\C=C\c2ccc3c(c2)OCO3)SC(=S)N1Cc1ccccc1,O,O=C12~O~O3COc4cc(ccc43)/C=C/C=C\1SC(=S)N2Cc1ccccc1,-6.045041084289551,ok,
CCc1cc(/N=N/c2ccc([N+](=O)[O-])cc2)ccc1N1Cc2ccccc2C1,O,CCc1cc2ccc1N1(~O~c3([N+](=O)[O-])ccc(cc3)/N=N/2)Cc2ccccc2C1,-5.414854049682617,ok,
CCC1=CC(/N=N/C2=CC=C([N+]([O-])=O)C=C2)=CC=C1N3CC(C=CC=C4)=C4C3,O,CCc1cc2ccc1N1(~O~c3([N+](=O)[O-])ccc(cc3)/N=N/2)Cc2ccccc2C1,-5.414854049682617,ok,
O=C(Nc1ccccc1)c1sc(N2CCCC2)nc1-c1ccc([N+](=O)[O-])cc1,O,O=C(Nc1ccccc1)c1sc2nc1-c1ccc([N+](=O)[O-])(~O~N23CCCC3)cc1,-5.169445991516113,ok,
CCOc1cc(Br)c(/C=C2/C(C)=C(C#N)c3nc(N)c(C#N)c(C)c32)cc1OC,O,CCOc12~O~O(C)c1cc(/C=C1/C(C)=C(C#N)c3nc(N)c(C#N)c(C)c31)c(Br)c2,-5.542512893676758,ok,
Cc1ccc(C)c(N2C(=O)/C(=C/c3ccc(-c4ccc(Cl)c(Cl)c4)o3)C=C2c2ccccc2)c1,O,Cc1ccc(C)c(N2C(c3ccccc3)=C/C3=C\c4ccc(-c5ccc(Cl)c(Cl)c5)o4~O~C32=O)c1,-6.798331260681152,ok,
O=C(CN1C(=O)S/C(=C\c2ccc(O)c([N+](=O)[O-])c2)C1=O)Nc1ccc(N2CCOCC2)cc1,O,O=C(CN1C(=O)S/C(=C\c2ccc3c([N+](=O)[O-])(~O~O3)c2)C1=O)Nc1ccc(N2CCOCC2)cc1,-4.954495429992676,ok,
c1ccc2cc3nc4c5ccccc5c5ccccc5c4nc3cc2c1,O,c1ccc2cc3c(cc2c1)nc1c2ccccc2c2ccccc2c12~O~n32,-5.576144218444824,ok,
COC(=O)c1ccc(-c2ccc(C=C3CC(C(=O)O)c4ccccc4C3=O)o2)cc1,O,COC1(=O)~O~OC(=O)C2CC(=Cc3ccc(o3)-c3ccc1cc3)C(=O)c1ccccc12,-4.096130847930908,ok,
Cc1cc([N+](=O)[O-])ccc1-c1ccc(C=C2SC(=S)N(c3cccc(C(F)(F)F)c3)C2=O)o1,O,Cc1cc([N+](=O)[O-])ccc1-c1ccc2o1~O~C(F)(F)(F)c1cccc(c1)N1C(=O)C(=C2)SC1=S,-7.710587024688721,ok,
CCCCCCN1C=CC(=CC=C(C#N)C(=O)Nc2ccccc2)c2ccccc21,O,CCCCCCN12~O~C(=O)(Nc3ccccc3)C(C#N)=CC=C(C=C1)c1ccccc12,-6.623091697692871,ok,
CN1c2c(ccc3cccnc23)C(C)(C)C12C=Cc1cc([N+](=O)[O-])ccc1O2,O,CN1c2c(ccc3cccnc23)C(C)(C)C12C=Cc1cc3([N+](=O)[O-])~O~O2c1cc3,-4.582530975341797,ok,
Cc1ccc(-c2nn3c4cc(N5CCOCC5)ccc4nc3c3ccccc23)cc1,O,Cc1ccc(-c2nn3c4cc5ccc4nc3(~O~O3CCN5CC3)c3ccccc23)cc1,-4.23792839050293,ok,
COc1cc2c3c(c1)-c1c(ssc1=S)C(C)(C)N3C(=O)/C2=C1\SC(S)=NC1=O,O,CO1~O~C2(=O)N=C(S)S/C2=C2\C(=O)N3c4c2cc1cc4-c1c(ssc1=S)C3(C)C,-7.0261993408203125,ok,
Cc1cccc(C2=N/C(=C/c3ccc(-c4ccc([N+](=O)[O-])cc4C)o3)C(=O)O2)c1,O,Cc1cccc(C2=N/C3=C/c4ccc(-c5ccc([N+](=O)[O-])cc5C)o4~O~C3(=O)O2)c1,-5.253786087036133,ok,
COc1cccc(Nc2cc(N3CCCC(C)C3)c3noc4c3c2C(=O)c2ccccc2-4)c1,O,CC1CCCN(c2cc3c4c5c(onc25)-c2ccccc2C4(=O)~O~O(C)c2cccc(c2)N3)C1,-5.660688877105713,ok,
O=C1NC(=S)NC1=Cc1ccc(-c2ccc([N+](=O)[O-])cc2Cl)o1,O,O=[N+]([O-])c1ccc(-c2ccc3o2~O~C2(=O)NC(=S)NC2=C3)c(Cl)c1,-6.698976516723633,ok,
COc1ccc2sc(/C=C/c3cccc([N+](=O)[O-])c3)[n+](C)c2c1,O,C[n+]1c2sc3ccc(cc31)O(C)~O~c1([N+](=O)[O-])cccc(c1)/C=C/2,-5.770881652832031,ok,
CCCCCCCCOC(=O)c1ccc2c(c1)C(=O)c1ccccc1C2=O,O,CCCCCCCCO1~O~C1(=O)c1ccc2c(c1)C(=O)c1ccccc1C2=O,-6.208258628845215,ok,
CCN1C(=O)C(=Cc2ccc(N3CCOCC3)o2)C(=O)N(CC)C1=S,O,CCN1C(=O)C2=Cc3ccc(N4CCOCC4)o3~O~C2(=O)N(CC)C1=S,-4.878012657165527,ok,
NOS(=O)c1ccc(-c2ccc(C=C3SC(=S)N(C4CCS(=O)(=O)C4)C3=O)o2)cc1,O,NOS(=O)c1ccc(-c2ccc3o2~O~C2(=O)C(=C3)SC(=S)N2C2CCS(=O)(=O)C2)cc1,-5.731716632843018,ok,
CC[NH+](CC)CCCC(C)Nc1nc(C=Cc2c(Cl)cc(Cl)cc2Cl)nc2ccc([N+](=O)[O-])cc12,O,CC[NH+](CC)CCCC(C)N1~O~c2([N+](=O)[O-])ccc3nc(C=Cc4c(Cl)cc(Cl)cc4Cl)nc1c3c2,-2.731205463409424,ok,
CCOc1ccc(NC2=NC(=O)C(=CC=Cc3ccco3)S2)cc1,O,CCO1~O~C2(=O)N=C(Nc3ccc1cc3)SC2=CC=Cc1ccco1,-5.532436370849609,ok,
O=c1/c(=C/C=C/c2ccccc2)sc2n1CN(c1cccc([N+](=O)[O-])c1)CN=2,O,O=[N+]([O-])c1cccc(N23~O~c4(=O)/c(=C/C=C/c5ccccc5)sc(n4C2)=NC3)c1,-4.198144912719727,ok,
O=[N+]([O-])c1ccc(Cl)c(/C=N/N=C/c2cc([N+](=O)[O-])ccc2Cl)c1,O,O=[N+]([O-])c12~O~O=[N+]([O-])c3ccc(Cl)c(c3)/C=N/N=C/c(c1)c(Cl)cc2,-5.012331962585449,ok,
Cc1ccc2cc(/C=C3\N=C(c4ccccc4)OC3=O)c(N(C)C)nc2c1,O,Cc1ccc2cc(/C=C3\N=C(c4ccccc4)O4~O~C34=O)c(N(C)C)nc2c1,-3.5967931747436523,ok,
O=[N+]([O-])c1c(N2CCOCC2)ccc2n[se]nc12,O,,,failed,"Pre-condition Violation
	bond already exists
	Violation occurred on line 334 in file Code/GraphMol/RWMol.cpp
	Failed Expression: !(boost::edge(atomIdx1, atomIdx2, d_graph).second)
	RDKIT: 2022.09.5
	BOOST: 1_78
"
COC(=O)c1cccc(-c2ccc(C=C3SC(=S)N(C4CCCCC4)C3=O)o2)c1,O,CO1~O~C1(=O)c1cccc(-c2ccc(C=C3SC(=S)N(C4CCCCC4)C3=O)o2)c1,-6.33543062210083,ok,
O=C1N/C(=N\c2cccc(Cl)c2)S/C1=C\c1ccc(N2CCCCC2)o1,O,O=C12~O~o3c(ccc3N3CCCCC3)/C=C/1S/C(=N/c1cccc(Cl)c1)N2,-6.581396102905273,ok,
CC1=C(C#N)c2nc(N)c(C#N)c(C)c2/C1=C\c1ccc(-c2ccc(F)cc2)o1,O,CC1=C(C#N)c2nc3(N)~O~o4c(ccc4-c4ccc(F)cc4)/C=C/1c2c(C)c3C#N,-6.579367637634277,ok,
CCOC(=O)C1CCN(c2cc(Nc3ccc(C(=O)OC)cc3)c3c4c(onc24)-c2ccccc2C3=O)CC1,O,CCO1~O~C(=O)(OC)c2ccc(cc2)Nc2cc(c3noc4c3c2C(=O)c2ccccc2-4)N2CCC(CC2)C1=O,-5.728115558624268,ok,
[C][C]C(/[C]=C1\Sc2ccc(O[C])cc2N1[C][C])=C(C#N)C#N,O,[C][C]C(/[C]=C1\Sc2ccc(O3~O~[C]3)cc2N1[C][C])=C(C#N)C#N,-5.33469820022583,ok,
CC1CCCC[NH+]1Cc1c([O-])ccc2c1O/C(=C\c1cc(Cl)cc3c1OCOC3)C2=O,O,CC1CCCC[NH+]1Cc1c2ccc3c1O/C(=C\c1cc(Cl)cc4c1OCOC4)C3(=O)~O~[O-]2,-3.6121809482574463,ok,
COc1ccc2c(C(F)(F)F)cc3sc(-c4ccccc4)c([O-])[n+]3c2c1,O,COc1ccc2c3cc4sc(-c5ccccc5)c([n+]4c2c1)[O-]~O~C3(F)(F)F,-3.91260027885437,ok,
CN1CCCc2cc(/C=C3/SC(=S)N(c4cccc(O)c4)C3=O)ccc21,O,CN1CCCc2cc(/C=C3/SC(=S)N4c5cccc(c5)O~O~C34=O)ccc21,-3.882585287094116,ok,
CCN(CC)c1ccc(/N=C2\S/C(=C3\Sc4ccccc4N3CC)C(=O)N2Cc2ccccc2)c(C)c1,O,CCN1/C(=C2/S/C3=N\c4ccc(cc4C)N(CC)(CC)~O~C2(=O)N3Cc2ccccc2)Sc2ccccc21,-4.957131862640381,ok,
O=C1C(=Cc2ccc(-c3ccc(Cl)c(Cl)c3)o2)C=C(c2ccccc2)N1c1ccc2ncccc2c1,O,O=C12~O~o3c(ccc3-c3ccc(Cl)c(Cl)c3)C=C1C=C(c1ccccc1)N2c1ccc2ncccc2c1,-6.501978874206543,ok,
Cc1cc(C)c(Nc2ccc(N)c3c2C(=O)c2ccccc2C3=O)c(C)c1,O,Cc1cc(C)c(Nc2ccc3c4c2C(=O)(~O~N3)c2ccccc2C4=O)c(C)c1,-5.728153228759766,ok,
Cc1cc([N+](=O)[O-])ccc1-c1ccc(C=C2SC(=S)N(CC(=O)O)C2=O)o1,O,Cc1cc([N+](=O)[O-])ccc1-c1ccc(C=C2SC(=S)N(CC3(=O)~O~O3)C2=O)o1,-4.371732711791992,ok,
CC1CCC[NH+](Cc2c([O-])ccc3c2O/C(=C\c2ccc(Cl)cc2Cl)C3=O)C1,O,CC1CCC[NH+](Cc2c3ccc4c2O/C(=C\c2ccc(Cl)cc2Cl)C4(=O)~O~[O-]3)C1,-3.435012102127075,ok,
CCN1C(=O)C(=Cc2ccc(-c3ccc(OC)cc3[N+](=O)[O-])o2)SC1=S,O,CCN1C(=O)C(=Cc2ccc(-c3ccc4cc3([N+](=O)[O-])~O~O4C)o2)SC1=S,-6.366375923156738,ok,
O=C1c2ccccc2C(=O)c2cc(NC(=S)NC(=O)C34CC5CC(CC(C5)C3)C4)ccc21,O,O=C1c2ccccc2C(=O)c2cc(N3~O~C(=O)(C45CC6CC(CC(C6)C4)C5)NC3=S)ccc21,-6.069508075714111,ok,
CCN1C(=O)/C(=C\c2ccc(COc3ccc([N+](=O)[O-])cc3)o2)SC1=S,O,CCN1C(=O)/C(=C\c2ccc(CO3~O~c4([N+](=O)[O-])ccc3cc4)o2)SC1=S,-6.203940391540527,ok,
O=C1c2ccccc2-c2onc3c(N4CCN(CCOc5ccc(Cl)cc5)CC4)cc(NCc4ccccc4)c1c23,O,O=C12~O~O(c3ccc(Cl)cc3)CCN3CCN(CC3)c3cc(NCc4ccccc4)c1c1c(onc31)-c1ccccc12,-4.288259506225586,ok,
CN(C)c1ccc(/C=C2\C(=O)c3ccccc3S(=O)(=O)N2CCO)cc1,O,CN(C)c1ccc(/C=C2\C(=O)c3ccccc3S3(=O)(=O)~O~OCCN23)cc1,-3.5317375659942627,ok,
COc1ccc(N2C(=O)C(=Cc3ccc(-c4ccccc4Cl)o3)SC2=S)cc1,O,CO1~O~C2(=O)C(=Cc3ccc(-c4ccccc4Cl)o3)SC(=S)N2c2ccc1cc2,-6.502120494842529,ok,
CCN1C(=O)/C(=C\c2cc(C)n(C)c2C)c2cc(S(=O)(=O)N3CCOCC3)ccc21,O,CCN1c2ccc3cc2/C(=C/c2cc(C)n(C)c2C)C1(=O)~O~O1CCN(CC1)S3(=O)=O,-4.980989933013916,ok,
CN(C)c1ccc(/C=C/c2nc3ccccc3c(=O)n2-c2cccc([N+](=O)[O-])c2)cc1,O,CN1(C)~O~c2([N+](=O)[O-])cccc(c2)-n2c(nc3ccccc3c2=O)/C=C/c2ccc1cc2,-4.950375080108643,ok,
CC1CSC(=C(C(=O)C=Cc2ccc(N(C)C)cc2)C(=O)C=Cc2ccc(N(C)C)cc2)S1,O,CC1CSC(=C(C(=O)C=Cc2ccc(N(C)C)cc2)C2(=O)~O~N(C)(C)c3ccc(cc3)C=C2)S1,-5.517480850219727,ok,
CCSC1=NC(=C(C=C2Sc3ccc(OC)cc3N2CC)CC)C(=O)S1,O,CCSC1=NC2=C(CC)C=C3Sc4ccc(cc4N3CC)O(C)~O~C2(=O)S1,-5.212751388549805,ok,
COc1ccc(OC)c(/C=C2\Oc3c(ccc([O-])c3C[NH+]3CCCC3)C2=O)c1,O,COc1ccc(OC)c(/C=C2\Oc3c4ccc(c3C[NH+]3CCCC3)[O-]~O~C24=O)c1,-3.8358898162841797,ok,
CCOc1ccc2c(c1)C(=c1sc3n(c1=O)CN(c1ccccc1)CN=3)C(=O)N2,O,CCO1~O~c2(=O)c(sc3n2CN(c2ccccc2)CN=3)=C2C(=O)Nc3ccc1cc32,-5.118964672088623,ok,
O=C(O)CCCN1C(=O)C(=Cc2ccc(-c3ccc([N+](=O)[O-])cc3Cl)o2)SC1=S,O,O=C1C(=Cc2ccc(-c3ccc([N+](=O)[O-])cc3Cl)o2)SC(=S)N1CCCC1(=O)~O~O1,-4.979450225830078,ok,
CCN(CC)c1ccc(C=C2CCC(C=NNc3ccccc3C(=O)O)=C2N2CCOCC2)cc1,O,CCN(CC)c1ccc(C=C2CCC(C=NNc3ccccc3C3(=O)~O~O3)=C2N2CCOCC2)cc1,-4.147055149078369,ok,
COCC[NH+](CCOC)Cc1c([O-])ccc2c1O/C(=C\C=C\c1ccccc1)C2=O,O,COCC[NH+](CCOC)Cc1c2ccc3c1O/C(=C\C=C\c1ccccc1)C3(=O)~O~[O-]2,-3.9455478191375732,ok,
CSCCC(C(=O)O)N1C(=O)C(=Cc2ccc(-c3ccc([N+](=O)[O-])cc3Cl)o2)SC1=S,O,CSCCC(N1C(=O)C(=Cc2ccc(-c3ccc([N+](=O)[O-])cc3Cl)o2)SC1=S)C1(=O)~O~O1,-4.782929420471191,ok,
O=C1N=C(N2CCN(c3cccc(C(F)(F)F)c3)CC2)S/C1=C/c1ccc(-c2ccc(Cl)c(Cl)c2)o1,O,O=C1N=C2S/C1=C/c1ccc(-c3ccc(Cl)c(Cl)c3)o1~O~C(F)(F)(F)c1cccc(c1)N1CCN2CC1,-6.662741184234619,ok,
CCN1CCN(c2cc(NCc3ccco3)c3c4c(onc24)-c2ccccc2C3=O)CC1,O,CCN1CCN(c2cc3c4c5c(onc25)-c2ccccc2C4(=O)~O~o2cccc2CN3)CC1,-4.544164657592773,ok,
CN(c1ccc(C=O)cc1)c1cccc2c1C(=O)c1ccccc1C2=O,O,CN1(c2ccc(C=O)cc2)~O~C2(=O)c3ccccc3C(=O)c3cccc1c32,-5.294286727905273,ok,
CN(C)c1ccc(C=CC2=[N+](C)c3ccc(Br)cc3C2(C)C)cc1,O,C[N+]1=C2C=Cc3ccc(cc3)N(C)(C)~O~c13ccc(Br)cc3C2(C)C,-6.328899383544922,ok,
CN1C=CC=C/C1=C1\N=C(c2ccccc2)OC1=O,O,CN1C=CC=C/C1=C1\N=C(c2ccccc2)O2~O~C12=O,-3.7225725650787354,ok,
O=C(O1)/C(N=C1C2=CC=CC=C2)=C3N(C)C=CC=C\3,O,CN1C=CC=C/C1=C1\N=C(c2ccccc2)O2~O~C12=O,-3.7225723266601562,ok,
CCN(CC)c1ccc(C=C2CCC(C=NNC(=S)Nc3ccccc3)=C2N2CCOCC2)cc1,O,CCN(CC)c1ccc(C=C2CCC3=C2N2CCO(~O~C(=S)(Nc4ccccc4)NN=C3)CC2)cc1,-5.920100688934326,ok,
O=S(=O)(c1ccc(-c2ccc(C=Cc3nc4ccccc4s3)o2)cc1)N1CCOCC1,O,O=S1(=O)(N2CCOCC2)~O~o2c(C=Cc3nc4ccccc4s3)ccc2-c2ccc1cc2,-6.513396263122559,ok,
CCN(CC)c1ccc(N2C(=O)/C(=C3/C(=O)Nc4ccccc43)SC2=S)cc1,O,CCN1(CC)~O~C2(=O)/C(=C3/C(=O)Nc4ccccc43)SC(=S)N2c2ccc1cc2,-6.417890548706055,ok,
CCCCn1c(=O)/c(=C/C=C2/Sc3ccccc3N2CC)s/c1=C1\SC(=S)N(NC(C)=O)C1=O,O,CCCCn1c(=O)\c2s/c1=C1\SC(=S)N(NC(C)=O)C1(=O)~O~N1(CC)/C(=C\C=2)Sc2ccccc21,-6.116427421569824,ok,
[C]c1ccc(N2C(=O)[C]3[C]([C]4[C]=[C][C]3C4=C3[C][C][C][C]3)C2=O)c([C])c1,O,[C]c1ccc(N2C(=O)[C]3[C]4[C]=[C][C]([C]3C23~O~O=3)C4=C2[C][C][C][C]2)c([C])c1,-2.881159543991089,ok,
Cc1ccc(Nc2cc(N(C)[C@H](C)[C@H](O)c3ccccc3)c3noc4c3c2C(=O)c2ccccc2-4)cc1,O,Cc1ccc(Nc2cc3c4noc5c4c2C(=O)(~O~O[C@H](c2ccccc2)[C@@H](C)N3C)c2ccccc2-5)cc1,-4.258842468261719,ok,
CN(C)c1ccc(C2OC34CCCCC3C(C#N)(C(=N)O4)C2(C#N)C#N)cc1,O,CN(C)c1ccc(C2OC345~O~O3C(=N)C(C#N)(C4CCCC5)C2(C#N)C#N)cc1,-5.887042999267578,ok,
CCc1ccc(N=C2SC(=Cc3ccc(-c4ccccc4Cl)o3)C(=O)N2c2ccc(CC)cc2)cc1,O,CCc1ccc(N=C2SC3=Cc4ccc(-c5ccccc5Cl)o4~O~C3(=O)N2c2ccc(CC)cc2)cc1,-7.086745262145996,ok,
CCCn1c(=C2SC(=S)N(c3ccccc3)C2=O)sc(=C2C=Cc3ccccc3N2CC)c1=O,O,CCCn1c2sc(c1=O)=C1C=Cc3ccccc3N1(CC)~O~C1(=O)C=2SC(=S)N1c1ccccc1,-6.742934226989746,ok,
CCCC[N+]1=C(C)c2cccc3c(Cl)ccc1c23,O,CCCC[N+]12~O~c13ccc(Cl)c1cccc(c13)C=2C,-6.799777030944824,ok,
O=C1/C(=C\c2ccc(-c3ccc([N+](=O)[O-])cc3)o2)SC(=S)N1Cc1ccccc1,O,O=C1/C(=C\c2ccc3o2~O~c2([N+](=O)[O-])ccc-3cc2)SC(=S)N1Cc1ccccc1,-6.8729095458984375,ok,
O=C1C(=Cc2ccc(-c3ccc(Cl)cc3)o2)SC(=S)N1Cc1cccnc1,O,O=C12~O~o3c(ccc3-c3ccc(Cl)cc3)C=C1SC(=S)N2Cc1cccnc1,-6.72258186340332,ok,
C[N+](C)([O-])CCNc1ccc(NCC[N+](C)(C)[O-])c2c1C(=O)c1c(O)ccc(O)c1C2=O,O,C[N+](C)([O-])CCNc1ccc2c3c1C(=O)c1c(O)ccc(O)c1C3(=O)~O~[O-][N+](C)(C)CCN2,-4.17152738571167,ok,
O=C1c2ccccc2C(=O)c2c(Nc3c4ccccc4nc4ccccc34)cccc21,O,O=C1c2ccccc2C2(=O)~O~N(c3c4ccccc4nc4ccccc34)c3cccc1c32,-6.417420387268066,ok,
COC(=O)c1cc([N+](=O)[O-])cc2c1-c1c(cc([N+](=O)[O-])cc1[N+](=O)[O-])/C2=C/c1ccc(N(C)C)cc1,O,CN(C)c1ccc(/C=C2/c3cc([N+](=O)[O-])cc([N+](=O)[O-])c3-c3c2cc([N+](=O)[O-])cc3C2(=O)~O~O2C)cc1,-5.306605339050293,ok,
CN(C)c1cc(NCCN2CCCC2)c2c3c(onc13)-c1ccccc1C2=O,O,CN(C)c1cc2c3c4c(onc14)-c1ccccc1C3(=O)~O~N2CCN1CCCC1,-5.017208099365234,ok,
COc1cccc(Nc2cc(N3CCN(C)CC3)c3noc4c3c2C(=O)c2ccccc2-4)c1,O,CN1CCN(c2cc3c4c5c(onc25)-c2ccccc2C4(=O)~O~O(C)c2cccc(c2)N3)CC1,-4.573774814605713,ok,
C=CC1=C(C)c2cc3[nH]c(cc4nc(cc5[nH]c(cc1n2)c(C)c5CCC(=O)O)C(CCC(=O)OC)=C4C)[C@@]1(C)C3=CC=C(C(=O)OC)[C@H]1C(=O)OC,O,C=CC1=C(C)c2cc3[nH]c4cc5nc(cc6[nH]c(cc1n2)c(C)c6CCC(=O)O~O~C(=O)(OC)C1=CC=C3[C@@]4(C)[C@@H]1C(=O)OC)C(CCC(=O)OC)=C5C,-4.738350868225098,ok,
O=C(O)CN1C(=O)C(=Cc2ccc(-c3cccc([N+](=O)[O-])c3)o2)SC1=S,O,O=C1C(=Cc2ccc(-c3cccc([N+](=O)[O-])c3)o2)SC(=S)N1CC1(=O)~O~O1,-4.32435417175293,ok,
O=C1N=C(N2CCN(c3ccccc3)CC2)S/C1=C\c1ccc(-c2ccc(Br)cc2)o1,O,O=C12~O~o3c(ccc3-c3ccc(Br)cc3)/C=C/1SC(N1CCN(c3ccccc3)CC1)=N2,-4.565077304840088,ok,
O=C1/C(=C/c2ccc(-c3ccc(Cl)c(Cl)c3)o2)C=C(c2ccccc2)N1c1cccc(Cl)c1,O,O=C12~O~o3c(ccc3-c3ccc(Cl)c(Cl)c3)/C=C/1C=C(c1ccccc1)N2c1cccc(Cl)c1,-7.013242721557617,ok,
Cc1ccc(C(=O)N/C(=C\c2ccc(-c3ccc([N+](=O)[O-])cc3)o2)C(=O)NC2CCS(=O)(=O)C2)cc1,O,Cc1ccc(C(=O)N/C(=C\c2ccc3o2~O~c2([N+](=O)[O-])ccc-3cc2)C(=O)NC2CCS(=O)(=O)C2)cc1,-6.120046615600586,ok,
O=C1c2ccccc2C(=O)c2c(NCCc3ccc(O)cc3)ccc(NCCc3ccc(O)cc3)c21,O,O=C1c2ccccc2C2(=O)~O~Oc3ccc(cc3)CCNc3ccc(NCCc4ccc(O)cc4)c2c31,-4.787132263183594,ok,
N#Cc1cc2c(-c3ccc(Cl)cc3)c(N)n(O)c2cc1C#N,O,N#Cc1cc2c(-c3ccc(Cl)cc3)c3(N)~O~On3c2cc1C#N,-5.329446792602539,ok,
COc1ccc(OC)c(/C=C/c2cccn[n+]2C)c1,O,COc1ccc2cc1/C=C/c1(~O~O2C)cccn[n+]1C,,failed,Featurization failed: RDKit could not parse Smiles_Merged
COc1ccc(CN2C(=O)/C(=C/c3ccc(-c4ccc(C(=O)O)cc4)o3)SC2=S)cc1,O,CO1~O~C(=O)(O)c2ccc(cc2)-c2ccc(o2)/C=C2\SC(=S)N(Cc3ccc1cc3)C2=O,-6.05683708190918,ok,
CCN(CC)c1ccc(/N=C2\S/C(=C3\Sc4ccc(OC)cc4N3CC)C(=O)N2Cc2ccccc2)c(C)c1,O,CCN(CC)c1ccc(/N=C2\S/C3=C4\Sc5ccc(cc5N4CC)O(C)~O~C3(=O)N2Cc2ccccc2)c(C)c1,-5.717171669006348,ok,
COCCN1C(=O)/C(=C/c2ccc(-c3ccc([N+](=O)[O-])cc3)o2)SC1=S,O,COCCN1C(=O)/C(=C/c2ccc3o2~O~c2([N+](=O)[O-])ccc-3cc2)SC1=S,-6.94984769821167,ok,
COc1cccc(Nc2cc(N3CCN(C4CCCCC4)CC3)c3noc4c3c2C(=O)c2ccccc2-4)c1,O,CO1~O~C2(=O)c3ccccc3-c3onc4c(N5CCN(C6CCCCC6)CC5)cc(c2c34)Nc2cccc1c2,-4.99446964263916,ok,
COc1ccc(-c2n[nH]cc2/C=C(\C#N)c2ccc([N+](=O)[O-])cc2)cc1,O,CO1~O~c2([N+](=O)[O-])ccc(cc2)/C(C#N)=C/c2c[nH]nc2-c2ccc1cc2,-6.025576114654541,ok,
CCCCCCCCCCCCCCCCCCNS(=O)(=O)c1ccc2c(c1)C(=O)c1ccccc1C2=O,O,CCCCCCCCCCCCCCCCCCNS1(=O)(=O)~O~O=C2c3ccccc3C(=O)c3cc1ccc32,-5.813478469848633,ok,
Cc1cccc2c1N(C(=O)/C=C/c1ccc([N+](=O)[O-])cc1)C(C)(C)c1ssc(=S)c1-2,O,Cc1cccc2c1N1(~O~c3([N+](=O)[O-])ccc(cc3)/C=C/C1=O)C(C)(C)c1ssc(=S)c1-2,-6.4220380783081055,ok,
CN1CCN(c2cc(NCCc3ccccc3)c3c(c2N)C(=O)c2ccccc2C3=O)CC1,O,CN1CCN(c2cc(NCCc3ccccc3)c3c4c2N~O~C4(=O)c2ccccc2C3=O)CC1,-4.888579368591309,ok,
N#CC(=[C]/[C]=[C]/[C]=[C]/[C]=C1N(c2ccccc2)c2ccccc2N1c1ccccc1)C#N,O,N#CC1(C#N)~O~N2(c3ccccc3)C(=[C]/[C]=[C]/[C]=[C]/[C]=1)N(c1ccccc1)c1ccccc12,-5.320050239562988,ok,
Cc1cc(-c2ccc(C=C3Sc4ccccc4C3=O)o2)c(C)c([N+](=O)[O-])c1,O,Cc1cc2c(C)c([N+](=O)[O-])(~O~o3c(C=C4Sc5ccccc5C4=O)ccc3-2)c1,-6.711694717407227,ok,
CCOc1ccc2nc3c4cccc5c(N6CCOCC6)ccc(c(=O)n3c2c1)c54,O,CCO1~O~c2(=O)c3ccc(N4CCOCC4)c4cccc(c43)c3nc4ccc1cc4n32,-4.27006721496582,ok,
ClC(/C(C=C/1Br)=C(C#N)/C2=CC=C(C)C=C2)=CC1=N/O,O,Cc1ccc(/C(C#N)=C2\C=C(Br)C3(~O~ON=3)C=C2Cl)cc1,-5.7111711502075195,ok,
Cc1ccc(/C(C#N)=C2\C=C(Br)/C(=N/O)C=C2Cl)cc1,O,Cc1ccc(/C(C#N)=C2\C=C(Br)C3(~O~ON=3)C=C2Cl)cc1,-5.7111711502075195,ok,
O=C(c1ccc(S(=O)(=O)C(F)F)cc1)N(c1ccc(SC(F)F)cc1)c1nc2ccccc2s1,O,O=S1(=O)c2ccc(cc2)C(N(c2ccc(SC(F)F)cc2)c2nc3ccccc3s2)=O~O~C1(F)F,-6.507312774658203,ok,
O=C(O)CCN1C(=O)/C(=C/C=C/c2ccc([N+](=O)[O-])cc2)SC1=S,O,O=C1/C(=C/C=C/c2ccc([N+](=O)[O-])cc2)SC(=S)N1CCC1(=O)~O~O1,-4.5092926025390625,ok,
COc1ccc(C2=C/C(=C/c3ccc([N+](=O)[O-])o3)C(=O)O2)cc1OC,O,COc1cc2ccc1O(C)~O~c1([N+](=O)[O-])ccc(o1)/C=C1/C=C2OC1=O,-4.870859622955322,ok,
COc1ccc(OC)c(/C=C2\Oc3cc(OC(=O)N(c4ccccc4)c4ccccc4)ccc3C2=O)c1,O,COc1ccc2cc1/C=C1\Oc3cc(ccc3C1=O)OC(=O)(N(c1ccccc1)c1ccccc1)~O~O2C,-5.294999122619629,ok,
O=C(C=Cc1ccc(-c2ccc([N+](=O)[O-])cc2)o1)Nc1ccc(Cl)cc1,O,O=C(C=Cc1ccc2o1~O~c1([N+](=O)[O-])ccc-2cc1)Nc1ccc(Cl)cc1,-6.563776016235352,ok,
CCN1C(=c2sc(=C3SC(=S)N(N)C3=O)n(CC)c2=O)C=Cc2cc(OC)ccc21,O,CCN1C2=c3sc(n(CC)c3=O)=C3SC(=S)N(N)C3(=O)~O~O(C)c3ccc1c(c3)C=C2,-5.676555633544922,ok,
O=C(O)CN1C(=O)S/C(=C\C=C2\SCCN2CCCS(=O)(=O)O)C1=S,O,O=C1S/C(=C\C=C2\SCCN2CCCS(=O)(=O)O)C(=S)N1CC1(=O)~O~O1,-4.791813373565674,ok,
CCN1C(=O)/C(=c2/s/c(=C3/N(C)c4ccccc4C3(C)C)c(=O)n2CC)SC1=S,O,CCN1C(=O)/C(=c2/sc3c(=O)(~O~N4(C)C=3C(C)(C)c3ccccc34)n2CC)SC1=S,-6.288613319396973,ok,
Cc1cc(C(=O)Nc2ccc3nc(N4CCCC4)sc3c2)ccc1[N+](=O)[O-],O,Cc1cc2ccc1([N+](=O)[O-])~O~N1(CCCC1)c1nc3ccc(cc3s1)NC2=O,-5.2695159912109375,ok,
O=C(/C=C/c1ccc([N+](=O)[O-])s1)N(Cc1ccccc1)Cc1ccccc1,O,O=C1/C=C/c2ccc([N+](=O)[O-])(~O~N1(Cc1ccccc1)Cc1ccccc1)s2,-5.799195766448975,ok,
O=C(O)c1cccc(-c2ccc(C=C3SC(=S)N(C4CCCCC4)C3=O)o2)c1,O,O=C1C(=Cc2ccc(-c3cccc(C4(=O)~O~O4)c3)o2)SC(=S)N1C1CCCCC1,-4.984313488006592,ok,
O=C(Nc1ccc(N2CCOCC2)cc1)c1ccc(-c2ccc(S(=O)(=O)N3CCCC3)s2)cc1,O,O=C1(c2ccc(-c3ccc(S(=O)(=O)N4CCCC4)s3)cc2)~O~O2CCN(CC2)c2ccc(cc2)N1,-5.898313522338867,ok,
C=CCN1C(=O)C(=Cc2ccc(-c3cc([N+](=O)[O-])ccc3Cl)o2)SC1=S,O,C=CCN1C(=O)C(=Cc2ccc3o2~O~c2([N+](=O)[O-])ccc(Cl)c-3c2)SC1=S,-7.001173496246338,ok,
[C][C]N1C(=O)C(=[C]c2ccc(-c3cccc(F)c3)o2)C(=O)N([C][C])C1=S,O,[C][C]N1C(=O)C2=[C]c3ccc(-c4cccc(F)c4)o3~O~C2(=O)N([C][C])C1=S,-5.978900909423828,ok,
O=C1C(=CC2=Cc3ccccc3OC2)SC(=S)N1N1CCOCC1,O,O=C12~O~O3CC(=Cc4ccccc43)C=C1SC(=S)N2N1CCOCC1,-5.222533702850342,ok,
Cc1ccc(N2CCN(C3=NC(=O)/C(=C\c4ccc(-c5cccc(C(F)(F)F)c5)o4)S3)CC2)cc1Cl,O,Cc1ccc(N2CCN(C3=NC(=O)/C(=C\c4ccc5o4~O~C(F)(F)(F)c4cccc-5c4)S3)CC2)cc1Cl,-6.465948104858398,ok,
Cc1cc(Br)ccc1N1C(=O)/C(=C/c2ccc([N+](=O)[O-])cc2)C=C1c1ccccc1,O,Cc1cc(Br)ccc1N12~O~c3([N+](=O)[O-])ccc(cc3)/C=C(\C=C1c1ccccc1)C2=O,-4.9456634521484375,ok,
Cc1ccc(/C=N/n2c3c(c4nc5ccccc5nc42)C(=O)[NH+](c2ccccc2)[CH-]N3)cc1,O,Cc1ccc(/C=N/n2c3c(c4nc5ccccc5nc42)C2(=O)~O~N3[CH-][NH+]2c2ccccc2)cc1,-3.7853164672851562,ok,
Cc1cccc(N2C(=O)C(=Cc3ccc(-c4ccc(C(=O)O)cc4)o3)SC2=S)c1,O,Cc1cccc(N2C(=O)C(=Cc3ccc(-c4ccc(C5(=O)~O~O5)cc4)o3)SC2=S)c1,-4.470104217529297,ok,
Cc1ccc(N2C(=O)/C(=C/c3ccc([N+](=O)[O-])cc3)C=C2c2ccccc2)c(Br)c1,O,Cc1ccc(N23~O~c4([N+](=O)[O-])ccc(cc4)/C=C(\C=C2c2ccccc2)C3=O)c(Br)c1,-4.989595413208008,ok,
O=C1/C(=C/c2ccc(Cl)cc2Cl)Oc2c1ccc([O-])c2C[NH+]1CCCCC1,O,O=C12~O~[O-]c3ccc1c(c3C[NH+]1CCCCC1)O/C2=C\c1ccc(Cl)cc1Cl,-3.4235429763793945,ok,
CCCN1C(=O)C(=c2sc(=C3C=Cc4ccccc4N3CC)c(=O)n2-c2ccc(C)cc2)SC1=S,O,CCCN1C(=O)C(=c2sc3c(=O)(~O~N4(CC)C=3C=Cc3ccccc34)n2-c2ccc(C)cc2)SC1=S,-6.624717712402344,ok,
CC1CCCN(c2cc(NCc3ccco3)c3c4c(onc24)-c2ccccc2C3=O)C1,O,CC1CCCN(c2cc3c4c5c(onc25)-c2ccccc2C4(=O)~O~o2cccc2CN3)C1,-5.449786186218262,ok,
O=C1c2ccc(Oc3cccc([N+](=O)[O-])c3)cc2C(=O)N1c1ccc(/N=N/c2ccccc2)cc1,O,O=C1c2ccc(O3~O~c4([N+](=O)[O-])cccc3c4)cc2C(=O)N1c1ccc(/N=N/c2ccccc2)cc1,-4.723434925079346,ok,
CC(C)(C)/C(=C/C1=C2CCCC3=NN(c4ccc([N+](=O)[O-])cc4)S(=C32)S1)Sc1ccc([N+](=O)[O-])cc1,O,CC(C)(C)/C1=C/C2=C3CCCC4=NN(c5ccc([N+](=O)[O-])(~O~O=[N+]([O-])c6ccc(cc6)S1)cc5)S(=C43)S2,-5.29499626159668,ok,
Cc1cc(C)cc(N2C(=O)/C(=C/C=C/c3ccc([N+](=O)[O-])cc3)SC2=S)c1,O,Cc1cc(C)cc(N2C(=S)S/C(=C\C=C\c3ccc([N+](=O)[O-])cc3)C23~O~O=3)c1,-4.837818145751953,ok,
CCOCCCNc1cc(N2CCN(CC)CC2)c2noc3c2c1C(=O)c1ccccc1-3,O,CCOCCCN1~O~C2(=O)c3ccccc3-c3onc4c(N5CCN(CC)CC5)cc1c2c34,-4.3566575050354,ok,
CCC(C)/[NH+]=c1/ccc2c(cc1[O-])[C@@H](NC)CCc1cc(OC)c(OC)c(OC)c1-2,O,CCC(C)/[NH+]=c1/ccc2c3cc1[O-]~O~c1(OC)c(OC)cc(c-2c1OC)CC[C@@H]3NC,-3.297816038131714,ok,
CCc1ccccc1N1C(=O)/C(=C/c2ccc(-c3ccc([N+](=O)[O-])cc3)o2)SC1=S,O,CCc1ccccc1N1C(=S)S/C2=C\c3ccc(-c4ccc([N+](=O)[O-])cc4)o3~O~C21=O,-7.070430278778076,ok,
[C][C]Oc1ccc(-n2c(-c3ccccc3)cc([C]=C3C(=O)c4ccccc4C3=O)c2-c2ccccc2)cc1,O,[C][C]1~O~O1c1ccc(-n2c(-c3ccccc3)cc([C]=C3C(=O)c4ccccc4C3=O)c2-c2ccccc2)cc1,-6.118612289428711,ok,
Cc1ccccc1N1CCN(C2=NC(=O)/C(=C\c3ccc(-c4cccc([N+](=O)[O-])c4)o3)S2)CC1,O,Cc1ccccc1N1CCN(C2=NC3(=O)~O~o4c(ccc4-c4cccc([N+](=O)[O-])c4)/C=C\3S2)CC1,-4.455606460571289,ok,
O=C(Nc1ccc(N2CCCCCC2)cc1)c1ccc(-c2cnco2)cc1,O,O=C1(Nc2ccc(N3CCCCCC3)cc2)~O~o2cncc2-c2ccc1cc2,-5.458535194396973,ok,
COCCN1C(=O)/C(=C/c2ccc(-c3ccc(Cl)cc3)o2)SC1=S,O,COCCN1C(=S)S/C2=C\c3ccc(-c4ccc(Cl)cc4)o3~O~C21=O,-7.393486022949219,ok,
O=C1OC(c2ccc(Br)cc2)=C/C1=C\c1ccc(-c2ccccc2[N+](=O)[O-])o1,O,O=[N+]([O-])c1ccccc1-c1ccc2o1~O~C1(=O)OC(c3ccc(Br)cc3)=C/C1=C\2,-5.69694709777832,ok,
CCOc1ccc(-c2ccc(/C=C/c3[nH]c(=O)[nH]c(=O)c3[N+](=O)[O-])o2)cc1,O,CCO1~O~c2([N+](=O)[O-])c([nH]c(=O)[nH]c2=O)/C=C/c2ccc(o2)-c2ccc1cc2,-6.1022233963012695,ok,
CCOc1ccc(N2C(=O)N=C(O)C(=Cc3ccc(-c4cc([N+](=O)[O-])ccc4OC)o3)C2=O)cc1,O,CCOc1ccc(N2C(=O)C3=Cc4ccc(o4)-c4cc([N+](=O)[O-])ccc4O(C)~O~C2(=O)N=C3O)cc1,-5.562688827514648,ok,
CCCCN1CCc2cc(C=C3C(=O)N(c4cc(OC)ccc4OC)C(=O)N=C3O)ccc21,O,CCCCN1CCc2cc(C=C3C(=O)N4c5cc(ccc5OC)O(C)~O~C4(=O)N=C3O)ccc21,-4.787539482116699,ok,
O=C1C(=Cc2ccc(N3CCOCC3)o2)SC(=S)N1Cc1ccccc1,O,O=C12~O~o3c(ccc3N3CCOCC3)C=C1SC(=S)N2Cc1ccccc1,-5.885321140289307,ok,
CC(C)Cn1cc(C=Cc2nc3cc(C(=O)O)cnc3s2)nn1,O,CC(C)Cn1cc(C=Cc2nc3cc(C4(=O)~O~O4)cnc3s2)nn1,-3.7494161128997803,ok,
Cc1ccsc1/C=C1/C(=O)/C(=C/c2sccc2C)C2CCC1N2C,O,Cc1ccsc1/C=C1\C2CCC3/C(=C\c4sccc4C)C1(=O)~O~N23C,-6.767253875732422,ok,
Cn1c(C=C(C#N)C#N)ccc1-c1cccc([N+](=O)[O-])c1,O,Cn12~O~c3([N+](=O)[O-])cccc(c3)-c1ccc2C=C(C#N)C#N,-5.207973957061768,ok,
COc1ccc(OC)c(C2=CC(=Cc3ccc(N(C)C)cc3)C(=O)O2)c1,O,COc1ccc2cc1C1=CC(=Cc3ccc(N(C)C)cc3)C(=O)(~O~O2C)O1,-5.130113124847412,ok,
COc1cc(OC)c(OC)cc1/C=C1\Oc2c(ccc([O-])c2C[NH+]2CCCCCC2)C1=O,O,COc1cc(OC)c(OC)cc1/C=C1\Oc2c3ccc(c2C[NH+]2CCCCCC2)[O-]~O~C13=O,-3.6866276264190674,ok,
O=C(/C=C/c1ccc([N+](=O)[O-])cc1)N1CCN(c2ccc(Cl)cc2)CC1,O,O=C1/C=C/c2ccc([N+](=O)[O-])(~O~N3(c4ccc(Cl)cc4)CCN1CC3)cc2,-4.896806716918945,ok,
CCN1/C(=C/c2ccc3ccc(C)cc3[n+]2CCCS(=O)(=O)[O-])Sc2cc(Cl)ccc21,O,CCN1/C(=C/c2ccc3ccc(C)cc34~O~[O-]S(=O)(=O)CCC[n+]24)Sc2cc(Cl)ccc21,-4.587003707885742,ok,
O=C1Nc2ccccc2/C1=N/N=C/c1ccc(-c2ccc([N+](=O)[O-])cc2)o1,O,O=[N+]([O-])c1ccc(-c2ccc3o2~O~C2(=O)Nc4ccccc4/C2=N/N=C/3)cc1,-4.93460750579834,ok,
Cc1ccccc1N1C(=O)/C(=C/c2ccc(-c3ccc(Cl)c(Cl)c3)o2)C=C1c1ccccc1,O,Cc1ccccc1N1C(c2ccccc2)=C/C2=C\c3ccc(-c4ccc(Cl)c(Cl)c4)o3~O~C21=O,-6.711178779602051,ok,
COc1cc(/C=C2/C(C)=C(C#N)c3nc(N)c(C#N)c(C)c32)ccc1OCc1ccc(F)cc1,O,CC1=C(C#N)c2nc(N)c(C#N)c(C)c2/C1=C\c1ccc2(OCc3ccc(F)cc3)~O~O(C)c2c1,-5.607162952423096,ok,
CC(C=Cc1ccc(N(C)C)cc1)=C1C(=O)N(c2ccccc2)N(c2ccccc2)C1=O,O,CC1=C2C(=O)N(c3ccccc3)N(c3ccccc3)C2(=O)~O~N(C)(C)c2ccc(cc2)C=C1,-4.844780921936035,ok,
CCOC(=O)c1ccc(-c2ccc(/C=C3\CCC/C(=C\c4ccc(-c5ccc(C(=O)OCC)cc5)o4)C3=O)o2)cc1,O,CCOC(=O)c1ccc(-c2ccc(/C=C3\CCC/C(=C\c4ccc(-c5ccc(C6(=O)~O~O6CC)cc5)o4)C3=O)o2)cc1,-5.79001522064209,ok,
CC1=C(C#N)c2nc(N)c(C#N)c(C)c2/C1=C\c1ccc(OCc2ccc([N+](=O)[O-])cc2)cc1,O,CC1=C(C#N)c2nc(N)c(C#N)c(C)c2/C1=C\c1ccc(O2~O~c3([N+](=O)[O-])ccc(cc3)C2)cc1,-5.166239261627197,ok,
O=C1C(=Cc2ccc(-c3ccc(F)cc3)o2)COc2ccccc21,O,O=C12~O~O(CC1=Cc1ccc(-c3ccc(F)cc3)o1)c1ccccc12,-5.972306251525879,ok,
O=C(O)CCCN1C(=O)SC(=CC=Cc2ccco2)C1=O,O,O=C1SC(=CC=Cc2ccco2)C(=O)N1CCCC1(=O)~O~O1,-4.566715240478516,ok,
CCC(C)/C=C(C)/C=C/C1=CC2=C(Cl)C(=O)C(C)(OC(C)=O)C(=O)C2=CN1,O,CCC(C)/C=C(C)/C=C/C1=CC2=C(Cl)C(=O)C(C)(O3~O~C3(C)=O)C(=O)C2=CN1,-5.599225997924805,ok,
O=C(O)CCCCN1C(=O)C(=Cc2ccc(-c3ccccc3F)s2)SC1=S,O,O=C1C(=Cc2ccc(-c3ccccc3F)s2)SC(=S)N1CCCCC1(=O)~O~O1,-5.222784519195557,ok,
O=C1SC(=Cc2ccc(-c3ccccc3Cl)o2)C(=S)N1Cc1ccccc1,O,O=C12~O~o3c(ccc3-c3ccccc3Cl)C=C(S1)C(=S)N2Cc1ccccc1,-7.07794713973999,ok,
O=c1/c(=C/C=C/c2ccccc2)sc2n1CN(c1ccc([N+](=O)[O-])cc1)CN=2,O,O=[N+]([O-])c1ccc(N23~O~c4(=O)/c(=C/C=C/c5ccccc5)sc(n4C2)=NC3)cc1,-4.176607131958008,ok,
Cc1ccc(C=Cc2nc3cc([N+](=O)[O-])ccc3s2)s1,O,Cc1ccc(C=Cc2nc3cc4(~O~O=[N+]4[O-])ccc3s2)s1,,failed,Featurization failed: RDKit could not parse Smiles_Merged
CCOC(=O)C1=C(C)NC(=Cc2ccc(-c3cc(Cl)cc(Cl)c3)o2)C1=O,O,CCO1~O~C1(=O)C1=C(C)NC(=Cc2ccc(-c3cc(Cl)cc(Cl)c3)o2)C1=O,-6.214417934417725,ok,
O=C1SC(SCc2ccc(Cl)cc2)=NC1=Cc1ccc(-c2ccc([N+](=O)[O-])cc2)o1,O,O=C1SC(SCc2ccc(Cl)cc2)=NC1=Cc1ccc2o1~O~c1([N+](=O)[O-])ccc-2cc1,-6.022120475769043,ok,
[O-]c1c(-c2ccccc2)sc2c3ccccc3cn[n+]12,O,c1ccc(-c2sc34~O~[O-]c2[n+]3ncc2ccccc24)cc1,-4.416740417480469,ok,
CCCN1C(=O)/C(=C/c2ccc(-c3ccc(Cl)cc3)o2)NC1=S,O,CCCN1C(=S)N/C2=C\c3ccc(-c4ccc(Cl)cc4)o3~O~C21=O,-7.179014205932617,ok,
O=C1N=C(S)N(c2ccccc2)C(=O)C1=Cc1cc2c3c(c1)CCCN3CCC2,O,O=C1C2=Cc3cc4c5c(c3)CCCN5(~O~C2(=O)N=C(S)N1c1ccccc1)CCC4,-5.799707412719727,ok,
O=C(C=Cc1ccc(-c2ccccc2[N+](=O)[O-])o1)Nc1ccc(NC(=O)c2ccccc2)cc1,O,O=C(C=Cc1ccc2o1~O~c1([N+](=O)[O-])ccccc1-2)Nc1ccc(NC(=O)c2ccccc2)cc1,-6.37044620513916,ok,
N#CC(=Cc1ccc(N2CCCCCC2)o1)c1ccc(F)cc1,O,N#CC(=Cc1ccc2(N3CCCCCC3)~O~o12)c1ccc(F)cc1,-6.649122714996338,ok,
CCN1C(=C2SC(=S)N(C)C2=O)C=Cc2cc(OC)ccc21,O,CCN1C2=C3SC(=S)N(C)C3(=O)~O~O(C)c3ccc1c(c3)C=C2,-5.8551025390625,ok,
O=C1C(Sc2ccc3c4c(cccc24)C(=O)N3)=CC(=NS(=O)(=O)c2ccccc2)c2ccccc21,O,O=C1C2=CC(=NS(=O)(=O)(c3ccccc3)~O~N3C(=O)c4cccc5c(ccc3c45)S2)c2ccccc21,-5.690938949584961,ok,
COc1ccc(N2C(=O)/C(=C/C=C/c3ccccc3)SC2=S)cc1,O,CO1~O~C2(=O)/C(=C/C=C/c3ccccc3)SC(=S)N2c2ccc1cc2,-6.071106433868408,ok,
COC(=O)CN(CC(=O)OC)CC1=C/C(=C(/c2cc(C)c(O)c(CN(CC(=O)OC)CC(=O)OC)c2)c2ccccc2S(=O)(=O)O)C=C(C)C1=O,O,COC(=O)CN(CC(=O)OC)Cc1cc2cc(C)c1O~O~C(=O)(OC)CN(CC(=O)OC)CC1=C/C(=C/2c2ccccc2S(=O)(=O)O)C=C(C)C1=O,-4.550859451293945,ok,
COc1ccc(N2CN=c3s/c(=C4\C(=O)Nc5ccc(Cl)cc54)c(=O)n3C2)cc1,O,CO1~O~c2(=O)/c(=C3/C(=O)Nc4ccc(Cl)cc43)sc3n2CN(CN=3)c2ccc1cc2,-5.467903137207031,ok,
CCN(CC)c1ccc(C=C(C#N)c2ccc(C#N)cc2)cc1,O,CCN1(CC)~O~C(#N)C(c2ccc(C#N)cc2)=Cc2ccc1cc2,-6.318366050720215,ok,
O=C(O)CCCN1C(=O)/C(=C\c2ccc(-c3ccc([N+](=O)[O-])cc3Cl)o2)SC1=S,O,O=C1/C(=C\c2ccc(-c3ccc([N+](=O)[O-])cc3Cl)o2)SC(=S)N1CCCC1(=O)~O~O1,-5.0076823234558105,ok,
Cc1ccc(N2C(=O)C(=Cc3ccc(-c4ccccc4[N+](=O)[O-])o3)SC2=S)cc1,O,Cc1ccc(N2C(=O)C(=Cc3ccc4o3~O~c3([N+](=O)[O-])ccccc3-4)SC2=S)cc1,-6.486274719238281,ok,
CN=C1SC(=Cc2ccc(-c3cc(Cl)ccc3OC)o2)C(=O)N1C,O,CN=C1SC2=Cc3ccc(o3)-c3cc(Cl)ccc3O(C)~O~C2(=O)N1C,-5.67164945602417,ok,
C/N=c1\scc(-c2ccc([N+](=O)[O-])cc2)n1/N=C/c1c[nH]c2ccccc12,O,C/N=c1\scc2n1/N=C/c1c[nH](~O~c3([N+](=O)[O-])ccc-2cc3)c2ccccc12,-5.898490905761719,ok,
O=C1c2c(n(/N=C/c3cccc(Br)c3)c3nc4ccccc4nc23)N[CH-][NH+]1c1ccccc1,O,O=C12~O~N([CH-][NH+]1c1ccccc1)c1c2c2nc3ccccc3nc2n1/N=C/c1cccc(Br)c1,-4.100063323974609,ok,
COc1ccc(N2CCN(c3cc(Nc4ccc(F)cc4)c4c5c(onc35)-c3ccccc3C4=O)CC2)cc1,O,CO1~O~C2(=O)c3ccccc3-c3onc4c(cc(Nc5ccc(F)cc5)c2c34)N2CCN(CC2)c2ccc1cc2,-4.0005412101745605,ok,
O=C1/C(=C\C=C\c2ccco2)SC(=S)N1c1ccc(Cl)cc1,O,O=C12~O~o3cccc3/C=C/C=C\1SC(=S)N2c1ccc(Cl)cc1,-6.559027671813965,ok,
COCCN1C(=O)/C(=C\C=C\c2ccco2)S/C1=N\c1ccccc1,O,COCCN1/C(=N/c2ccccc2)S/C2=C/C=C/c3ccco3~O~C21=O,-6.0483317375183105,ok,
O=[N+]([O-])c1ccc(C=CC2=NN(c3ccccc3)C(c3ccco3)C2)o1,O,O=[N+]([O-])c12~O~o3cccc3C3CC(=NN3c3ccccc3)C=Cc(cc1)o2,-4.115545272827148,ok,
Cc1ccc(-c2ccc(C=C3SC(=S)N(Cc4ccccc4)C3=O)o2)cc1,O,Cc1ccc(-c2ccc3o2~O~C2(=O)C(=C3)SC(=S)N2Cc2ccccc2)cc1,-6.78994083404541,ok,
CCOC(=O)c1ccc(/C=C2\C=C(c3ccccc3)N(c3ccc(Nc4ccccc4)cc3)C2=O)cc1,O,CCO1~O~C1(=O)c1ccc(/C=C2\C=C(c3ccccc3)N(c3ccc(Nc4ccccc4)cc3)C2=O)cc1,-5.458033561706543,ok,
O=C(/C=C/c1ccc(-c2ccc(Br)cc2)o1)c1ccc(N2CCOCC2)c(F)c1,O,O=C1(c2ccc(N3CCOCC3)c(F)c2)~O~o2c(ccc2-c2ccc(Br)cc2)/C=C/1,-5.674757957458496,ok,
CN1C(=O)/C(=C/c2ccc(-c3cccc(C(F)(F)F)c3)o2)N(C)C1=S,O,CN1C(=O)/C(=C/c2ccc3o2~O~C(F)(F)(F)c2cccc-3c2)N(C)C1=S,-6.490403652191162,ok,
CCN(CC)S(=O)(=O)c1ccc(-c2ccc(C=C3C(=O)Nc4cc(Cl)ccc43)o2)cc1,O,CCN(CC)S(=O)(=O)c1ccc(-c2ccc3o2~O~C2(=O)Nc4cc(Cl)ccc4C2=C3)cc1,-6.959764003753662,ok,
N#CC(=Cc1ccc(N2CCCCCC2)o1)c1ccc(Cl)cc1,O,N#CC(=Cc1ccc2(N3CCCCCC3)~O~o12)c1ccc(Cl)cc1,-6.763566017150879,ok,
CC1Oc2ccccc2C=C1C=CC12N=C(O)CCN1c1ccccc1C2(C)C,O,CC1Oc2ccccc2C=C1C=CC12N=C3(~O~O3)CCN1c1ccccc1C2(C)C,-3.308783531188965,ok,
Nc1c(C(=O)c2cccc([N+](=O)[O-])c2)sc2nc(N3CCCC3)c3c(c12)CCCC3,O,O=C1c2cccc([N+](=O)[O-])(~O~Nc3c1sc1nc(N4CCCC4)c4c(c31)CCCC4)c2,-5.47279167175293,ok,
CC(C)(C)c1cc(-c2cccc3c2C(=O)c2ccccc2C3=O)cc(C(C)(C)C)c1O,O,CC(C)(C)c1cc2cc(C(C)(C)C)c1O~O~C1(=O)c3ccccc3C(=O)c3cccc-2c31,-5.883368968963623,ok,
CC1CC(C)CN(c2cc(Nc3ccc(F)cc3)c3c4c(onc24)-c2ccccc2C3=O)C1,O,CC1CC(C)CN2(~O~C3(=O)c4ccccc4-c4onc5c2cc(Nc2ccc(F)cc2)c3c45)C1,-5.896858215332031,ok,
CC(/C=C1\SC(=S)N(/N=C/c2cc([N+](=O)[O-])ccc2O)C1=O)=C\c1ccccc1,O,CC(/C=C1\SC(=S)N2/N=C/c3cc([N+](=O)[O-])ccc3O~O~C12=O)=C\c1ccccc1,-5.188358783721924,ok,
CCN1C(=O)/C(=C/c2ccc(-c3ccc(Cl)cc3Cl)o2)NC1=S,O,CCN1C(=S)N/C2=C\c3ccc(-c4ccc(Cl)cc4Cl)o3~O~C21=O,-7.281115531921387,ok,
CN(C)/N=C/C=C1/CC/C(=C\c2cccc(C(F)(F)F)c2)C1=O,O,CN1(C)~O~C(F)(F)(F)c2cccc(c2)/C=C2\CC/C(=C/C=N/1)C2=O,-4.190074920654297,ok,
Cc1ccc(N2C(=O)NC(=O)/C(=C/c3cc4c5c(c3)CCCN5CCC4)C2=O)cc1,O,Cc1ccc(N2C(=O)/C3=C\c4cc5c6c(c4)CCCN6(~O~C2(=O)NC3=O)CCC5)cc1,-5.035831928253174,ok,
Cc1ccc(NC(=O)C=Cc2ccc(-c3cccc([N+](=O)[O-])c3)o2)cc1,O,Cc1ccc(NC(=O)C=Cc2ccc3o2~O~c2([N+](=O)[O-])cccc-3c2)cc1,-6.360805988311768,ok,
CCN1C(=O)/C(=C/c2ccc(-c3cccc(C(F)(F)F)c3)o2)N(C)C1=S,O,CCN1C(=O)/C(=C/c2ccc3o2~O~C(F)(F)(F)c2cccc-3c2)N(C)C1=S,-6.848637580871582,ok,
[C]c1cc(/[C]=C(\C#N)C([N])=C(C#N)C#N)c([C])n1[C]1[C][C][C][C][C]1,O,[C]c1cc2c([C])n1([C]1[C][C][C][C][C]1)~O~C(C#N)(C#N)=C([N])/C(C#N)=[C]/2,-5.666031837463379,ok,
COC(=O)c1ccc(Nc2cc(N3CCN(C4CCCCC4)CC3)c3noc4c3c2C(=O)c2ccccc2-4)cc1,O,CO1~O~C1(=O)c1ccc(Nc2cc(N3CCN(C4CCCCC4)CC3)c3noc4c3c2C(=O)c2ccccc2-4)cc1,-4.98881721496582,ok,
N#C/C(=C\c1ccc(-c2ccc([N+](=O)[O-])cc2Cl)o1)c1nc(-c2ccc(F)cc2)cs1,O,N#C/C(=C\c1ccc2o1~O~c1([N+](=O)[O-])ccc-2c(Cl)c1)c1nc(-c2ccc(F)cc2)cs1,-7.307448863983154,ok,
C=CCc1cc(/C=C2\SC(=S)N(c3ccc(N(C)C)cc3)C2=O)cc(OCC)c1OCc1ccc(Br)cc1,O,C=CCc1cc2cc(c1OCc1ccc(Br)cc1)O(CC)~O~C1(=O)/C(=C/2)SC(=S)N1c1ccc(N(C)C)cc1,-5.818026542663574,ok,
CC1CCCN(CCCNc2cc3oc4ccccc4[nH]c3c3c(=O)c4ccccc4c(=O)c23)C1,O,CC1CCCN(CCCNc2cc3c4[nH]c5ccccc5o3~O~c3(=O)c5ccccc5c(=O)c2c43)C1,-7.142788887023926,ok,
O=C1c2ccccc2-c2onc3c(N4CCN(c5ccccc5F)CC4)cc(NC4CCCCC4)c1c23,O,O=C12~O~N(C3CCCCC3)c3cc(N4CCN(c5ccccc5F)CC4)c4noc(c4c31)-c1ccccc12,-3.79941725730896,ok,
Cc1ccc(N2C(=O)C(=Cc3ccc(-c4cc(Cl)ccc4Cl)o3)C=C2c2ccccc2)cc1[N+](=O)[O-],O,Cc1ccc2cc1([N+](=O)[O-])~O~o1c(ccc1-c1cc(Cl)ccc1Cl)C=C1C=C(c3ccccc3)N2C1=O,-6.8525261878967285,ok,
CCC(=O)Sc1[s+]sc2c1-c1cc(OC)ccc1NC2(C)C,O,CCC(=O)Sc1c2c3s[s+]1~O~O(C)c1ccc(c-2c1)NC3(C)C,-7.618200302124023,ok,
CN1C(=O)/C(=C\c2ccc(-c3ccc([N+](=O)[O-])cc3)o2)SC1=S,O,CN1C(=O)/C(=C\c2ccc3o2~O~c2([N+](=O)[O-])ccc-3cc2)SC1=S,-6.52046012878418,ok,
CN1C(=N)NC(=O)/C1=C/c1ccc(-c2ccc([N+](=O)[O-])cc2)o1,O,CN1C(=N)NC2(=O)~O~o3c(ccc3-c3ccc([N+](=O)[O-])cc3)/C=C\12,-6.40068244934082,ok,
CCOc1ccc(N2C(=O)NC(=O)/C(=C/c3ccc(N4CCCCC4)o3)C2=O)cc1,O,CCO1~O~C2(=O)NC(=O)/C(=C/c3ccc(N4CCCCC4)o3)C(=O)N2c2ccc1cc2,-5.984683990478516,ok,
CC(/C=C1\Sc2ccccc2N1CCCS(=O)(=O)[O-])=C\c1sc2ccccc2[n+]1CCCS(=O)(=O)[O-],O,CC1=C\c2(~O~[O-]S(=O)(=O)CCCN3/C(=C/1)Sc1ccccc13)sc1ccccc1[n+]2CCCS(=O)(=O)[O-],,failed,Featurization failed: RDKit could not parse Smiles_Merged
CNc1ccc(N2CCCCC2)c2c1C(=O)c1ccccc1C2=O,O,CN1~O~C2(=O)c3ccccc3C(=O)c3c1ccc(N1CCCCC1)c32,-5.453398704528809,ok,
CCNc1cc(N(C)C)c2noc3c2c1C(=O)c1ccccc1-3,O,CCN1~O~C2(=O)c3ccccc3-c3onc4c(N(C)C)cc1c2c34,-5.1592607498168945,ok,
CC(C)CCOc1ccc(C=Cc2nc3cc([N+](=O)[O-])ccc3s2)cc1,O,CC(C)CCO1~O~c2([N+](=O)[O-])ccc3sc(nc3c2)C=Cc2ccc1cc2,-7.0628767013549805,ok,
COc1ccc(-c2ccc(C=C(C#N)C#N)o2)c([N+](=O)[O-])c1,O,CO1~O~c2([N+](=O)[O-])cc1ccc2-c1ccc(C=C(C#N)C#N)o1,-5.3153910636901855,ok,
CC1CCN(c2cc(Nc3ccccc3C(=O)O)c3c4c(onc24)-c2ccccc2C3=O)CC1,O,CC1CCN(c2cc(Nc3ccccc3C3(=O)~O~O3)c3c4c(onc24)-c2ccccc2C3=O)CC1,-4.45095682144165,ok,
COc1cccc(Nc2cc(N3CCN(c4cccc(C(F)(F)F)c4)CC3)c3noc4c3c2C(=O)c2ccccc2-4)c1,O,CO1~O~C(F)(F)(F)c2cccc(c2)N2CCN(CC2)c2cc(c3c4c(onc24)-c2ccccc2C3=O)Nc2cccc1c2,-4.72723388671875,ok,
COc1ccc(N2C(=O)/C(=C\c3ccc(-c4ccc([N+](=O)[O-])cc4Br)o3)C(=O)NC2=S)cc1,O,CO1~O~c2([N+](=O)[O-])ccc(c(Br)c2)-c2ccc(o2)/C=C2/C(=O)NC(=S)N(C2=O)c2ccc1cc2,-6.0861382484436035,ok,
CN(Cc1ccccc1)Cc1c(O)ccc2c1O/C(=C\c1ccc([N+](=O)[O-])cc1)C2=O,O,CN(Cc1ccccc1)Cc1c2ccc3c1O/C(=C\c1ccc([N+](=O)[O-])(~O~O2)cc1)C3=O,-3.599917411804199,ok,
[C][C]N([C][C])c1ccc([C]=C2C(=O)N([C])C(=S)N([C])C2=O)o1,O,[C][C]N([C][C])c1ccc2o1~O~C1(=O)C(=[C]2)C(=O)N([C])C(=S)N1[C],-4.670254707336426,ok,
Cc1cc([N+](=O)[O-])ccc1-c1ccc(/C=C2/SC(=S)N(C)C2=O)o1,O,Cc1cc2([N+](=O)[O-])~O~o3c(/C=C4/SC(=S)N(C)C4=O)ccc3-c1cc2,-6.691074371337891,ok,
CN(C)c1ccc(/C=C2/C(=O)C(=O)c3ccccc32)cc1,O,CN1(C)~O~C2(=O)C(=O)c3ccccc3/C2=C\c2ccc1cc2,-5.105135917663574,ok,
CCCCn1c(=O)[nH]c2c(C(=O)N(C)CCC)snc2c1=O,O,CCCCn1c(=O)c2nsc3c2[nH]c1(=O)~O~N(C)(CCC)C3=O,-3.940664529800415,ok,
Cc1cc([N+](=O)[O-])ccc1-c1ccc(C=NN2CCN(C)CC2)o1,O,Cc1cc2([N+](=O)[O-])~O~o3c(C=NN4CCN(C)CC4)ccc3-c1cc2,-3.7628180980682373,ok,
COc1ccc(N(CCC#N)C(=O)/C(C#N)=C\c2ccc(-c3ccccc3[N+](=O)[O-])o2)cc1,O,CO1~O~c2([N+](=O)[O-])ccccc2-c2ccc(o2)/C=C(/C#N)C(=O)N(CCC#N)c2ccc1cc2,-5.533945083618164,ok,
C=CCN1C(=O)C(=CC=C2Sc3ccccc3N2CCCS(=O)(=O)O)SC1=S,O,C=CCN1C(=S)SC2=CC=C3Sc4ccccc4N3(CCCS(=O)(=O)O)~O~C21=O,-5.016544342041016,ok,
Cc1cc(C=C2C(=O)N(C)c3ccc(S(=O)(=O)N4CCOCC4)cc32)c(C)n1-c1ccc([N+](=O)[O-])cc1,O,Cc1cc2c(C)n1-c1ccc([N+](=O)[O-])(~O~O3CCN(CC3)S(=O)(=O)c3ccc4c(c3)C(=C2)C(=O)N4C)cc1,-5.268057823181152,ok,
NC(=O)C(C(=O)/C=C/c1ccc(Cl)cc1Cl)=C1SCS1,O,O=C(/C=C/c1ccc(Cl)cc1Cl)C(=C1SCS1)C1(=O)~O~N1,-5.594399452209473,ok,
c1cc2nsnc2c2c1Nc1nc3nonc3nc1N2,O,c1cc2nsnc2c2c1N1~O~c34nonc3nc1c(n4)N2,-5.6455583572387695,ok,
CN(C)c1ccc(/C=C2/C=C(c3ccccc3)OC2=O)cc1,O,CN(C)c1ccc(/C=C2/C=C(c3ccccc3)O3~O~C23=O)cc1,-4.672947883605957,ok,
CN(c1ccccc1)c1ccc(C=C(C#N)c2nc3ccccc3s2)cc1,O,CN1(c2ccccc2)~O~c2(nc3ccccc3s2)C(C#N)=Cc2ccc1cc2,,failed,Featurization failed: RDKit could not parse Smiles_Merged
CC[NH+](CC)Cc1c([O-])ccc2c1O/C(=C\c1c(F)cccc1Cl)C2=O,O,CC[NH+](CC)Cc1c2ccc3c1O/C(=C\c1c(F)cccc1Cl)C3(=O)~O~[O-]2,-4.085148334503174,ok,
COCCCN1C(=O)C(=Cc2ccc(-c3cccc(F)c3)o2)SC1=S,O,COCCCN1C(=S)SC2=Cc3ccc(-c4cccc(F)c4)o3~O~C21=O,-7.495658874511719,ok,
Cc1ccc(-c2ccc(C=C3OC(N4CCOCC4)=NC3=O)o2)cc1,O,Cc1ccc(-c2ccc3o2~O~C2(=O)N=C(N4CCOCC4)OC2=C3)cc1,-4.959836006164551,ok,
CCOC(=O)c1ccc(-c2ccc(/C=C3\C=C(c4ccccc4)N(c4ccc(C(=O)O)c(O)c4)C3=O)o2)cc1,O,CCOC(=O)c1ccc(-c2ccc(/C=C3\C=C(c4ccccc4)N(c4ccc5c(c4)O~O~C5(=O)O)C3=O)o2)cc1,-5.819057464599609,ok,
CCOC(=O)C1CCCN(c2cc(NCC(C)C)c3c4c(onc24)-c2ccccc2C3=O)C1,O,CCO1~O~C1(=O)C1CCCN(c2cc(NCC(C)C)c3c4c(onc24)-c2ccccc2C3=O)C1,-4.842877388000488,ok,
COc1ccc(CN2C(=O)C(=Cc3cnc(N4CCOCC4)s3)c3ccccc3C2=O)cc1,O,CO1~O~C2(=O)C(=Cc3cnc(N4CCOCC4)s3)c3ccccc3C(=O)N2Cc2ccc1cc2,-5.303686141967773,ok,
COC(=O)c1ccc2c(c1)C(C)(C)C(=CC=CC1=[N+](C)c3ccc(C(=O)OC)cc3C1(C)C)N2C,O,COC1(=O)~O~O(C)C(=O)c2ccc3c(c2)C(C)(C)C(=CC=CC2=[N+](C)c4ccc1cc4C2(C)C)N3C,-4.940127372741699,ok,
O=C1/C(=C/c2ccc(-c3cc(Cl)ccc3Cl)o2)C=C(c2ccccc2)N1c1ccccc1Cl,O,O=C12~O~o3c(ccc3-c3cc(Cl)ccc3Cl)/C=C/1C=C(c1ccccc1)N2c1ccccc1Cl,-7.043656349182129,ok,
O=C1/C(=C/C=C/c2ccccc2)Oc2cc(OC(=O)N(c3ccccc3)c3ccccc3)ccc21,O,O=C1/C(=C/C=C/c2ccccc2)O2~O~C(=O)(N(c3ccccc3)c3ccccc3)Oc3ccc1c2c3,-5.347192764282227,ok,
CN(C)CCCNc1cc(N2CCOCC2)c(N)c2c1C(=O)c1ccccc1C2=O,O,CN(C)CCCNc1cc(N2CCOCC2)c2c3c1C(=O)c1ccccc1C3(=O)~O~N2,-5.142177581787109,ok,
Cc1cc([O-])c(C[NH+]2CCCC2)c2c1C(=O)/C(=C/c1cccnc1)O2,O,Cc1cc2c(C[NH+]3CCCC3)c3c1C(=O)(~O~[O-]2)/C(=C/c1cccnc1)O3,-3.4878923892974854,ok,
N#Cc1cc(N2CCN(c3ccc4nnc(C(F)(F)F)n4n3)CC2)ccn1,O,N#Cc1cc(N23~O~C(F)(F)(F)c4nnc5ccc(nn45)N(CC2)CC3)ccn1,-3.169964075088501,ok,
O=c1[nH]c2ccc(/N=C/c3ccc(-c4ccc([N+](=O)[O-])cc4Cl)o3)cc2[nH]1,O,O=[N+]([O-])c1ccc(-c2ccc3o2~O~c2(=O)[nH]c4ccc(cc4[nH]2)/N=C/3)c(Cl)c1,-6.751163482666016,ok,
O=C1Nc2ccc(Br)cc2/C1=N/N=C/c1ccccc1,O,O=C12~O~N1c1ccc(Br)cc1/C2=N/N=C/c1ccccc1,-4.776162147521973,ok,
O=C(O)CN1C(=O)C(=CC=Cc2ccc(Br)c([N+](=O)[O-])c2)SC1=S,O,O=C1C(=CC=Cc2ccc(Br)c([N+](=O)[O-])c2)SC(=S)N1CC1(=O)~O~O1,-4.3862738609313965,ok,
O=C1C(=Cc2ccc([N+](=O)[O-])cc2)C=C(c2ccccc2)N1c1ccc(I)cc1,O,O=C1C2=Cc3ccc([N+](=O)[O-])(~O~N1(c1ccc(I)cc1)C(c1ccccc1)=C2)cc3,-4.896089553833008,ok,
Cc1cc([N+](=O)[O-])c(-c2ccc(C=C3Sc4ccccc4C3=O)o2)cc1Cl,O,Cc1cc2([N+](=O)[O-])~O~o3c(C=C4Sc5ccccc5C4=O)ccc3-c2cc1Cl,-6.8135576248168945,ok,
COc1ccc(N2CCN(c3cc(Nc4ccc5c(c4)OCO5)c4c5c(onc35)-c3ccccc3C4=O)CC2)cc1,O,CO1~O~C2Oc3ccc(cc3O2)Nc2cc(c3noc4c3c2C(=O)c2ccccc2-4)N2CCN(CC2)c2ccc1cc2,-4.931086540222168,ok,
CCNc1cc(N2CCN(C(=O)OCC)CC2)c(N)c2c1C(=O)c1ccccc1C2=O,O,CCNc1cc(N2CCN(C3(=O)~O~O3CC)CC2)c(N)c2c1C(=O)c1ccccc1C2=O,-4.89544677734375,ok,
N#C/C(=C\c1ccc(-c2cccc(Cl)c2)o1)c1ccc([N+](=O)[O-])cc1,O,N#C/C1=C\c2ccc(-c3cccc(Cl)c3)o2~O~c2([N+](=O)[O-])ccc1cc2,-6.632673263549805,ok,
O=C1C(=Cc2ccc([N+](=O)[O-])cc2)C=C(c2ccccc2)N1c1ccc(Cl)cc1Cl,O,O=C1C2=Cc3ccc([N+](=O)[O-])(~O~N1(c1ccc(Cl)cc1Cl)C(c1ccccc1)=C2)cc3,-5.451328277587891,ok,
CCCCC(C(=O)O)N1C(=O)C(=Cc2ccc(-c3ccc(OC)cc3)o2)SC1=S,O,CCCCC1N2C(=O)C(=Cc3ccc(o3)-c3ccc(cc3)O(C)~O~C1(=O)O)SC2=S,-6.647970676422119,ok,
O=C1NC(=S)SC1=Cc1ccc(-c2ccc(N=Nc3ccccc3)cc2)o1,O,O=C12~O~o3c(ccc3-c3ccc(N=Nc4ccccc4)cc3)C=C1SC(=S)N2,-6.220556259155273,ok,
CCOCCCNc1cc(N2CCN(c3ccc(OC)cc3)CC2)c2noc3c2c1C(=O)c1ccccc1-3,O,CCOCCCNc1cc2c3noc4c3c1C(=O)(~O~O(C)c1ccc(cc1)N1CCN2CC1)c1ccccc1-4,-4.194519996643066,ok,
CCN1C(=O)/C(=C\c2ccc(-c3ccc([N+](=O)[O-])cc3)o2)N(CC)C1=S,O,CCN1C(=S)N(CC)C2(=O)~O~o3c(ccc3-c3ccc([N+](=O)[O-])cc3)/C=C/12,-6.336014747619629,ok,
O=C(O)c1cc(/C=C/c2ccc(-c3ccc([N+](=O)[O-])cc3)o2)nc2ccccc12,O,O=[N+]([O-])c1ccc(-c2ccc(/C=C/c3cc(C4(=O)~O~O4)c4ccccc4n3)o2)cc1,-4.404468536376953,ok,
CN1C(=O)C(=Cc2ccc(-c3cc(Cl)ccc3Cl)o2)SC1=S,O,CN1C(=S)SC2=Cc3ccc(-c4cc(Cl)ccc4Cl)o3~O~C21=O,-7.135930061340332,ok,
CN1C(=O)/C(=C\C=C2\N(C)c3ccccc3C2(C)C)N(C)C1=S,O,CN1C(=S)N(C)C2(=O)~O~N3(C)C(=CC=C12)C(C)(C)c1ccccc13,-4.859073162078857,ok,
"N#CC(=CC1=CN=C(S1)N1CCN(CC1)C1=CC=CC=C1)C#N |c:6,19,21,t:4,17|",O,N#CC(C#N)=Cc1cnc2(~O~N3(c4ccccc4)CCN2CC3)s1,,failed,Featurization failed: RDKit could not parse Smiles_Merged
O=C1c2ccccc2-c2onc3c(N4CCCC4)cc(Nc4ccc5c(c4)OCO5)c1c23,O,O=C1c2ccccc2-c2onc3c(N4CCCC4)cc(Nc4ccc5c(c4)OC4~O~O54)c1c23,-5.583672523498535,ok,
CCc1ccc(N2C(=O)/C(=C/c3ccc(N4CCOCC4)o3)C(=O)NC2=S)cc1,O,CCc1ccc(N2C(=S)NC(=O)/C3=C\c4ccc(N5CCOCC5)o4~O~C32=O)cc1,-6.297190189361572,ok,
CCOc1cc2c3c(c1)C(=C(C#N)C#N)C(=O)N3C(C)(C)C=C2C,O,CCO1~O~C2(=O)C(=C(C#N)C#N)c3cc1cc1c3N2C(C)(C)C=C1C,-5.798677444458008,ok,
O=C1N/C(=N/c2ccc(Br)cc2)S/C1=C\c1ccc(N2CCCC2)o1,O,O=C12~O~o3c(ccc3N3CCCC3)/C=C/1S/C(=N\c1ccc(Br)cc1)N2,-6.213958740234375,ok,
N#C/C(=C\c1ccc(-c2ccc(Br)cc2)o1)c1cccc([N+](=O)[O-])c1,O,N#C/C1=C\c2ccc(-c3ccc(Br)cc3)o2~O~c2([N+](=O)[O-])cccc1c2,-6.473249435424805,ok,
O=C(C=Cc1nc2ccccc2s1)OCC(=O)c1ccc(S(=O)(=O)N2CCCCC2)cc1,O,O=C(CO1~O~C1(=O)C=Cc1nc2ccccc2s1)c1ccc(S(=O)(=O)N2CCCCC2)cc1,-5.69888973236084,ok,
[C]N1C(=O)C(=C2[C][C][C][C]2)c2cc(OS(=O)N3[C][C][C](N4[C][C][C][C][C]4)[C][C]3)ccc21,O,[C]N1C(=O)C(=C2[C][C][C][C]2)c2cc(O3~O~S3(=O)N3[C][C][C](N4[C][C][C][C][C]4)[C][C]3)ccc21,-3.3100669384002686,ok,
COCCN1C(=O)/C(=C/c2ccc(N3CCOCC3)o2)S/C1=N\c1ccccc1,O,COCCN1/C(=N/c2ccccc2)S/C2=C\c3ccc(N4CCOCC4)o3~O~C21=O,-5.344415187835693,ok,
Cc1cnc(C(=O)Nc2ccc(N(c3ccccc3)C(C)C)cc2)cn1,O,Cc1cnc(C2(=O)~O~N(c3ccccc3)(C(C)C)c3ccc(cc3)N2)cn1,-2.9397971630096436,ok,
CCSc1c(C(=O)Nc2ccc(C)cc2)ccc2c1C(=O)c1ccccc1C2=O,O,CCSc1c(C2(=O)~O~N2c2ccc(C)cc2)ccc2c1C(=O)c1ccccc1C2=O,-5.731927394866943,ok,
O=C1C(=Cc2ccc(-c3ccccc3[N+](=O)[O-])o2)SC(=S)N1Cc1cccnc1,O,O=C1C(=Cc2ccc3o2~O~c2([N+](=O)[O-])ccccc2-3)SC(=S)N1Cc1cccnc1,-6.146174430847168,ok,
Cc1ccc(/N=C2/NC(=O)/C(=C/c3ccc(N4CCCC4)o3)S2)c(C)c1,O,Cc1ccc(/N=C2/NC3(=O)~O~o4c(ccc4N4CCCC4)/C=C/3S2)c(C)c1,-6.043983459472656,ok,
O=C1OC(c2ccc(Cl)cc2)=N/C1=C/c1ccc(-c2ccc([N+](=O)[O-])cc2Br)o1,O,O=[N+]([O-])c1ccc(-c2ccc3o2~O~C2(=O)OC(c4ccc(Cl)cc4)=N/C2=C/3)c(Br)c1,-5.804485321044922,ok,
CCCCCCN1C(=O)c2c(n(/N=C/c3cccs3)c3nc4ccccc4nc23)NC1C,O,CCCCCCN1C(C)N2~O~C1(=O)c1c2n(/N=C/c2cccs2)c2nc3ccccc3nc12,-3.985140800476074,ok,
Cc1cc(-c2ccc(C=C3C(=O)NC(=S)N(Cc4ccco4)C3=O)o2)ccc1Br,O,Cc1cc(-c2ccc(C=C3C(=O)NC(=S)N4Cc5ccco5~O~C34=O)o2)ccc1Br,-6.86452579498291,ok,
Cc1ccc(C)n1N1C(=O)C(=Cc2ccc(-c3ccc([N+](=O)[O-])cc3)o2)SC1=S,O,Cc1ccc(C)n1N1C(=S)SC2=Cc3ccc(-c4ccc([N+](=O)[O-])cc4)o3~O~C21=O,-6.4047722816467285,ok,
[C]c1ccc([C][N]S(=O)(=O)c2ccc3c(c2)C(=C2[C][C][C][C]2)C(=O)[N]3)cc1,O,[C]c1ccc([C][N]S(=O)(=O)c2ccc3c(c2)C(=C2[C][C][C][C]2)C2(~O~O=2)[N]3)cc1,-2.6352529525756836,ok,
CC1CC(C)C[NH+](Cc2c([O-])ccc3c2O/C(=C\c2cccnc2)C3=O)C1,O,CC1CC(C)C[NH+](Cc2c3ccc4c2O/C(=C\c2cccnc2)C4(=O)~O~[O-]3)C1,-4.315760135650635,ok,
O=C(O)c1ccc(-c2ccc(C=C3SC(=S)N(c4cccc5ccccc45)C3=O)o2)cc1,O,O=C1C(=Cc2ccc(-c3ccc(C4(=O)~O~O4)cc3)o2)SC(=S)N1c1cccc2ccccc12,-4.818511962890625,ok,
O=C(O)CCC(C(=O)O)N1C(=O)/C(=C/C=C/c2ccco2)SC1=S,O,O=C1CCC(N2C(=O)/C(=C/C=C/c3ccco3)SC2=S)C(=O)(O)~O~O1,-4.301202297210693,ok,
CC[N+]1=C(C)SC2C=CC=CC21,O,CC[N+]12~O~C=1(C)SC1C=CC=CC12,-2.75464129447937,ok,
[N]C(=C(C#N)C#N)/C(=[C]/c1ccc(-c2ccc([N+](=O)[O-])cc2)o1)C#N,O,[N]C(=C(C#N)C#N)/C(=[C]/c1ccc2o1~O~c1([N+](=O)[O-])ccc-2cc1)C#N,-6.13986349105835,ok,
O=[N+]([O-])c1cccc(C2C3CCC/C(=C\c4ccco4)C3=NN2c2ccccc2)c1,O,O=[N+]([O-])c12~O~o3cccc3/C=C3\CCCC4C3=NN(c3ccccc3)C4c(ccc1)c2,-4.881901264190674,ok,
Cc1cc([O-])c(C[NH+]2CC(C)CC(C)C2)c2c1C(=O)/C(=C/c1cc3cc(Br)ccc3o1)O2,O,Cc1cc2c(C[NH+]3CC(C)CC(C)C3)c3c1C(=O)(~O~[O-]2)/C(=C/c1cc2cc(Br)ccc2o1)O3,-3.546571731567383,ok,
C=CC=C(C=CCCC)N(C(=O)NC1CCCCC1)C1=NCCCS1,O,C=CC=C(C=CCCC)N(C1=NCCCS1)C1(=O)~O~N1C1CCCCC1,-5.190304756164551,ok,
CCCCNc1cc(N2CCN(c3ccc(OC)cc3)CC2)c2noc3c2c1C(=O)c1ccccc1-3,O,CCCCNc1cc2c3noc4c3c1C(=O)(~O~O(C)c1ccc(cc1)N1CCN2CC1)c1ccccc1-4,-4.1122870445251465,ok,
CC[n+]1c(/C=C2\C=Cc3cccc(C)c3N2CCCS(=O)(=O)[O-])sc2ccccc21,O,CC[n+]1c2ccccc2sc12~O~[O-]S(=O)(=O)CCCN1/C(=C/2)C=Cc2cccc(C)c21,,failed,Featurization failed: RDKit could not parse Smiles_Merged
Cc1cccc2c1OCCC(=Cc1ccc([N+](=O)[O-])cc1)C2=O,O,Cc1cccc2c1O1~O~c3([N+](=O)[O-])ccc(cc3)C=C(CC1)C2=O,-5.299202919006348,ok,
O=C(Nc1ccccc1N1CCOCC1)c1ccc2c(c1)C(=O)c1ccccc1-2,O,O=C1c2ccccc2-c2ccc(C3(=O)~O~O4CCN(CC4)c4ccccc4N3)cc21,-5.625518798828125,ok,
COc1cccc(-c2c3ccc([N+](=O)[O-])cc3c(=O)n3c2[nH]c2ccc(C(F)(F)F)cc23)c1,O,CO1~O~C(F)(F)(F)c2ccc3[nH]c4c(c5ccc([N+](=O)[O-])cc5c(=O)n4c3c2)-c2cccc1c2,-7.517147541046143,ok,
COc1ccc(N2C(=O)c3ccc(C(=O)Nc4ccc(-c5cc(-c6ccc(NC(=O)c7ccc8c(c7)C(=O)N(c7ccc(OC)cc7)C8=O)cc6)nc(-c6ccccc6)n5)cc4)cc3C2=O)cc1,O,COc1ccc(N2C(=O)c3ccc4cc3C2(=O)~O~O(C)c2ccc(cc2)N2C(=O)c3ccc(cc3C2=O)C(=O)Nc2ccc(cc2)-c2cc(nc(-c3ccccc3)n2)-c2ccc(cc2)NC4=O)cc1,-9.178637504577637,ok,
Cc1ccc(N2C(=O)C(=Cc3ccc(-c4ccc(C(=O)O)cc4)o3)SC2=S)c(C)c1,O,Cc1ccc(N2C(=O)C(=Cc3ccc(-c4ccc(C5(=O)~O~O5)cc4)o3)SC2=S)c(C)c1,-4.481666564941406,ok,
CC1Oc2ccccc2C=C1/C=C1\Oc2cc(OC(=O)N3CCOCC3)ccc2C1=O,O,CC1C2=Cc3ccccc3O1~O~C(=O)(N1CCOCC1)Oc1ccc3c(c1)O/C(=C\2)C3=O,-5.438244819641113,ok,
CCOc1cccc(N2C(=O)C(=Cc3ccc(-c4ccc([N+](=O)[O-])cc4Cl)o3)C(=O)N=C2S)c1,O,CCO1~O~C2(=O)N=C(S)N(C(=O)C2=Cc2ccc(-c3ccc([N+](=O)[O-])cc3Cl)o2)c2cccc1c2,-6.083041191101074,ok,
O=C1/C(=C/c2ccc(-c3ccc(Br)cc3)o2)C=C(c2ccccc2)N1c1ccc(Cl)cc1Cl,O,O=C12~O~o3c(ccc3-c3ccc(Br)cc3)/C=C/1C=C(c1ccccc1)N2c1ccc(Cl)cc1Cl,-6.804105758666992,ok,
CC(=O)c1cccc(N2C(=O)C(=Cc3ccc(-c4ccc(Br)cc4)o3)C=C2c2ccccc2)c1,O,CC(=O)c1cccc(N2C(c3ccccc3)=CC3=Cc4ccc(-c5ccc(Br)cc5)o4~O~C32=O)c1,-6.251944541931152,ok,
Cc1cc(C)cc(N2CN=c3s/c(=C\C=C\c4ccccc4)c(=O)n3C2)c1,O,Cc1cc(C)cc(N23~O~c4(=O)/c(=C/C=C/c5ccccc5)sc(n4C2)=NC3)c1,-4.283200263977051,ok,
CN(C)c1ccc(/C=C2\N=C(c3cccc(Br)c3)OC2=O)cc1,O,CN(C)c1ccc(/C=C2\N=C(c3cccc(Br)c3)O3~O~C23=O)cc1,-4.089860439300537,ok,
O=C1C(=Cc2ccc(-c3cccc(F)c3)o2)SC(=S)N1CCc1ccccc1,O,O=C12~O~o3c(ccc3-c3cccc(F)c3)C=C1SC(=S)N2CCc1ccccc1,-7.035764694213867,ok,
O=[N+]([O-])c1ccc(C2Nc3ccc4ccccc4c3C3=C2CCCC3)cc1,O,O=[N+]([O-])c12~O~N3c4ccc5ccccc5c4C4=C(CCCC4)C3c(cc1)cc2,-5.9744391441345215,ok,
N#CC(C#N)=Cc1ccc(-c2ccc(N=Nc3ccccc3)cc2)o1,O,N#CC(C#N)=Cc1ccc2(-c3ccc(N=Nc4ccccc4)cc3)~O~o12,-5.341023921966553,ok,
CCN(CC)c1ccc(/C=C2\S/C(=N\c3ccc(Br)cc3)NC2=O)o1,O,CCN(CC)c1ccc2o1~O~C1(=O)N/C(=N/c3ccc(Br)cc3)S/C1=C\2,-6.669767379760742,ok,
Cc1ccc(N2C(=O)/C(=C\c3ccc(-c4cc(Cl)ccc4Cl)o3)C=C2c2ccccc2)cc1[N+](=O)[O-],O,Cc1ccc2cc1([N+](=O)[O-])~O~o1c(ccc1-c1cc(Cl)ccc1Cl)/C=C1/C=C(c3ccccc3)N2C1=O,-6.826866149902344,ok,
CCOc1ccc(-c2ccc(C=C3SC(=S)N(C)C3=O)o2)c([N+](=O)[O-])c1,O,CCO1~O~c2([N+](=O)[O-])cc1ccc2-c1ccc(C=C2SC(=S)N(C)C2=O)o1,-6.330792427062988,ok,
CCN1C(=O)/C(=C/C=C2/Sc3ccccc3N2CC)S/C1=N\c1ccc2ncccc2c1,O,CCN1/C(=N/c2ccc3ncccc3c2)S/C2=C\C=C3\Sc4ccccc4N3(CC)~O~C21=O,-4.545367240905762,ok,
CCCN1C(=O)C(=CC2=Cc3ccccc3OC2)SC1=S,O,CCCN1C(=S)SC2=CC3=Cc4ccccc4O(~O~C21=O)C3,-6.041762828826904,ok,
C=CCN1C(=O)/C(=C\C=C2\N(C)c3ccccc3C2(C)C)SC1=S,O,C=CCN1C(=S)SC2=CC=C3C(C)(C)c4ccccc4N3(C)~O~C21=O,-5.920907020568848,ok,
O=C1/C(=C\c2ccc(-c3ccc(F)c(Cl)c3)o2)SC(=S)N1c1ccc([N+](=O)[O-])cc1,O,O=[N+]([O-])c1ccc(N2C(=S)S/C3=C/c4ccc(-c5ccc(F)c(Cl)c5)o4~O~C32=O)cc1,-7.197747707366943,ok,
O=C1Nc2ccc(Br)cc2/C1=N/N=C/c1cc(Br)ccc1O,O,O=C12~O~Oc3ccc(Br)cc3/C=N/N=C\1c1cc(Br)ccc1N2,-5.76007080078125,ok,
CN1C(=O)/C(=C/c2ccc(-c3ccc(Cl)c(C(F)(F)F)c3)o2)N(C)C1=S,O,CN1C(=O)/C(=C/c2ccc3o2~O~C(F)(F)(F)c2cc-3ccc2Cl)N(C)C1=S,-7.09000825881958,ok,
Cc1cccc(C2=NC(=Cc3ccc(-c4ccc([N+](=O)[O-])cc4C)o3)C(=O)O2)c1,O,Cc1cccc(C2=NC3=Cc4ccc(-c5ccc([N+](=O)[O-])cc5C)o4~O~C3(=O)O2)c1,-5.253785610198975,ok,
O=C(NCCO)Nc1ccc2nc3c4ccccc4c4ccccc4c3nc2c1,O,O=C1(Nc2ccc3nc4c5ccccc5c5ccccc5c4nc3c2)~O~OCCN1,-3.659414529800415,ok,
COc1cc(/C=C2\CC/C(=C\c3cc(OC)c(OC(C)C)cc3Br)C2=O)c(Br)cc1OC(C)C,O,COc1cc(/C=C2\CC/C3=C\c4cc(c(OC(C)C)cc4Br)O(C)~O~C23=O)c(Br)cc1OC(C)C,-6.363836765289307,ok,
O=S(=O)([O-])CCC[n+]1c(/C=C/c2ccc3c(c2)OCCOCCOCCOCCO3)ccc2ccccc21,O,O=S1(=O)CCC[n+]2c(/C=C/c3ccc4c(c3)OCCOCCOCCOCCO4)ccc3ccccc32~O~[O-]1,-3.9040207862854004,ok,
CCC1=CC(C)(CC)N2C(=O)C(=C(C#N)C#N)c3cc(C)cc1c32,O,CCC1=CC(C)(CC)N23~O~C2(=O)C(=C(C#N)C#N)c2cc(C)cc1c23,-5.911904811859131,ok,
O=[N+]([O-])c1ccc(/C=C/C=N/c2ccccc2O)cc1,O,O=[N+]([O-])c12~O~Oc3ccccc3/N=C/C=C/c(cc1)cc2,-4.1093549728393555,ok,
CN1/C(=C\C=C(/C#N)c2nc3ccccc3s2)C(C)(C)c2ccccc21,O,CC1(C)C2=CC=C(C#N)c3(~O~N2(C)c2ccccc21)nc1ccccc1s3,,failed,Featurization failed: RDKit could not parse Smiles_Merged
COc1ccc2nc(/C=C3\SC(=S)N(c4ccc(NC(C)=O)cc4)C3=O)ccc2c1,O,CC(=O)Nc1ccc(N2C(=S)S/C3=C\c4ccc5cc(ccc5n4)O(C)~O~C32=O)cc1,-6.155440330505371,ok,
O=C1c2ccccc2C(=O)c2c1ccc(C(=O)N1CCC3(CC1)OCCO3)c2NCCO,O,O=C1c2ccccc2C(=O)c2c1ccc1c2NCCO~O~C1(=O)N1CCC2(CC1)OCCO2,-5.442795753479004,ok,
O=[N+]([O-])c1ccc(-c2csc(C=Cc3cccc(Cl)c3)n2)cc1,O,[O-][N+]1=O~O~c12ccc(-c1csc(C=Cc3cccc(Cl)c3)n1)cc2,,failed,Featurization failed: RDKit could not parse Smiles_Merged
[C][C][C][C][C][C][C][C][C][C][C][C][C][C][C][C]OC(=O)c1cc([N+](=O)[O-])cc2c1-c1ccc([N+](=O)[O-])cc1C2=C(C#N)C#N,O,[C][C][C][C][C][C][C][C][C][C][C][C][C][C][C][C]O1~O~C1(=O)c1cc([N+](=O)[O-])cc2c1-c1ccc([N+](=O)[O-])cc1C2=C(C#N)C#N,-5.798276901245117,ok,
Cc1ccsc1/C=C1\N=C(/C=C/c2ccc([N+](=O)[O-])cc2)OC1=O,O,Cc1ccsc1/C=C1\N=C(/C=C/c2ccc([N+](=O)[O-])cc2)O2~O~C12=O,-4.706693649291992,ok,
O=C1SC(SCc2ccccc2)=NC1=CC=Cc1ccco1,O,O=C12~O~o3cccc3C=CC=C1N=C(SCc1ccccc1)S2,-4.988624572753906,ok,
CCOC(=O)c1ccc(-c2ccc(/C=C3/C=C(c4ccccc4)N(c4ccc(C(=O)O)cc4)C3=O)o2)cc1,O,CCOC1(=O)~O~OC(=O)c2ccc(cc2)N2C(=O)/C(=C\c3ccc(o3)-c3ccc1cc3)C=C2c1ccccc1,-4.655221939086914,ok,
O=C(O)c1ccc2c(c1)C(=O)N(c1ccc(/N=N/c3ccccc3)cc1)C2=O,O,O=C1c2ccc(C3(=O)~O~O3)cc2C(=O)N1c1ccc(/N=N/c2ccccc2)cc1,-3.5722496509552,ok,
O=C1c2ccccc2-c2onc3c(N4CCN(c5cccc(C(F)(F)F)c5)CC4)cc(Nc4ccc5c(c4)OCO5)c1c23,O,O=C1c2ccccc2-c2onc3c4cc(c1c23)Nc1ccc2c(c1)OCO2~O~C(F)(F)(F)c1cccc(c1)N1CCN4CC1,-4.522008419036865,ok,
CC1(C)Nc2ccccc2C2=C1SC(=C(C(N)=O)C(N)=O)C2=S,O,CC1(C)C2=C3C(=S)C(=C(C(N)=O)C(N)(=O)~O~N1c1ccccc13)S2,-5.274592399597168,ok,
Cc1cc([N+](=O)[O-])ccc1-c1ccc(/C=C2/SC(=S)N(Cc3ccccc3)C2=O)o1,O,Cc1cc2([N+](=O)[O-])~O~o3c(/C=C4/SC(=S)N(Cc5ccccc5)C4=O)ccc3-c1cc2,-7.04303503036499,ok,
CC(=O)C1=C(c2ccccc2)S/C(=C2/C(=S)C(C)(C)Nc3c(C)cc(C)cc32)S1,O,Cc1cc(C)c2c(c1)/C1=C3\SC(c4ccccc4)=C(S3)C(C)(=O)~O~N2C(C)(C)C1=S,-6.643463134765625,ok,
Cc1ccc(Nc2cc(N3CCCCC3)c3noc4c3c2C(=O)c2ccccc2-4)cc1,O,Cc1ccc(Nc2cc3c4noc5c4c2C(=O)(~O~N32CCCCC2)c2ccccc2-5)cc1,-5.700840473175049,ok,
COc1ccc(CCNC(=O)c2c(N)n(-c3ccc(N(C)C)cc3)c3nc4ccccc4nc23)cc1OC,O,COc1cc2ccc1O(C)~O~C(=O)(c1c(N)n(-c3ccc(N(C)C)cc3)c3nc4ccccc4nc13)NCC2,-2.89125657081604,ok,
CCCN1/C(=C\C=C(/C#N)c2nc3ccccc3s2)Sc2ccccc21,O,CCCN12~O~c3(nc4ccccc4s3)C(C#N)=CC=C1Sc1ccccc12,,failed,Featurization failed: RDKit could not parse Smiles_Merged
CCN1C(c2ccccc2)=C(c2ccccc2)S/C1=C\C=c1/s/c(=C\c2sc(-c3ccccc3)c(-c3ccccc3)[n+]2CCCS(=O)(=O)[O-])n(CC)c1=O,O,CCN1C(c2ccccc2)=C(c2ccccc2)S/C1=C\C=c1/s/c2n(CC)c1(=O)~O~[O-]S(=O)(=O)CCC[n+]1c(sc(-c3ccccc3)c1-c1ccccc1)\C=2,-4.327404975891113,ok,
CCCn1c(=O)[nH]c2c(C(=O)N3CCN(C(C)C)CC3)snc2c1=O,O,CCCn1c(=O)c2nsc3c2[nH]c1(=O)~O~N1(CCN(C(C)C)CC1)C3=O,-3.611311912536621,ok,
O=[N+]([O-])c1c(NC2CCCCC2)ccc2nonc12,O,O=[N+]([O-])c12~O~N(C3CCCCC3)c1ccc1nonc12,-4.594728469848633,ok,
CCn1c(=O)/c(=C/C=C2\SC=C(c3ccccc3)N2CCCS(=O)(=O)[O-])s/c1=C\c1scc(-c2ccccc2)[n+]1CCCS(=O)(=O)[O-],O,CCn1/c(=C/c2scc(-c3ccccc3)[n+]2CCCS(=O)(=O)[O-])s/c2c1(=O)~O~[O-]S(=O)(=O)CCCN1C(c3ccccc3)=CS/C1=C\C=2,-5.025405406951904,ok,
Cc1ccc(N2CCN(C(=O)/C(C#N)=C\c3ccc(-c4ccc(Br)cc4)o3)CC2)cc1,O,Cc1ccc(N2CCN(C3(=O)~O~o4c(ccc4-c4ccc(Br)cc4)/C=C\3C#N)CC2)cc1,-4.814304351806641,ok,
CN1C(=O)/C(=C\C=C\C=C\c2ccc([N+](=O)[O-])cc2)SC1=S,O,CN12~O~c3([N+](=O)[O-])ccc(cc3)/C=C/C=C/C=C(/SC1=S)C2=O,-5.118900299072266,ok,
CCN1C=C/C(=C/C=c2\s/c(=C\c3sc(-c4ccccc4)c(-c4ccccc4)[n+]3CC)n(CC)c2=O)c2ccccc21,O,CCn1/c(=C/c2sc(-c3ccccc3)c(-c3ccccc3)[n+]2CC)s\c2c1(=O)~O~N1(CC)C=C/C(=C/C=2)c2ccccc21,-5.283090591430664,ok,
CCn1c(=O)/c(=C/C=C2\SC(c3ccccc3)=C(c3ccccc3)N2C)s/c1=C1/C(=O)N(c2ccccc2)N=C1C,O,CCn1c(=O)\c2s/c1=C1\C(C)=NN(c3ccccc3)C1(=O)~O~N1(C)C(c3ccccc3)=C(c3ccccc3)S/C1=C\C=2,-4.879419326782227,ok,
CCCCn1c(=O)[nH]c2c(C(=O)N3CCN(C4CCCCC4)CC3)snc2c1=O,O,CCCCn1c(=O)c2nsc3c2[nH]c1(=O)~O~N1(CCN(C2CCCCC2)CC1)C3=O,-5.3297038078308105,ok,
CCN1C(=O)/C(=C\C=C2/N(CC)c3ccc(-c4ccccc4)cc3C2(C)C)S/C1=N\c1ccc(C)cc1,O,CCN1/C(=N/c2ccc(C)cc2)SC2=CC=C3C(C)(C)c4cc(-c5ccccc5)ccc4N3(CC)~O~C21=O,-5.675712585449219,ok,
CN1/C(=C/C=C2\SC(=S)N(c3ccccc3)C2=O)C(C)(C)c2ccccc21,O,CC1(C)/C2=C\C=C3/SC(=S)N(c4ccccc4)C3(=O)~O~N2(C)c2ccccc21,-5.988039970397949,ok,
COc1ccc(N2CCN(C(=O)c3snc4c(=O)n(C5CC5)c(=O)[nH]c34)CC2)cc1,O,CO1~O~c2(=O)[nH]c3c(snc3c(=O)n2C2CC2)C(=O)N2CCN(CC2)c2ccc1cc2,-6.018465042114258,ok,
CCn1c(=O)/c(=C/C=C2/N(C)c3ccc(-c4ccccc4)cc3C2(C)C)s/c1=C1/C(=O)N(c2ccccc2)N=C1C,O,CCn1c(=O)/c2s/c1=C1\C(C)=NN(c3ccccc3)C1(=O)~O~N1(C)/C(=C/C=2)C(C)(C)c2cc(-c3ccccc3)ccc21,-4.737142562866211,ok,
CCN1C(=O)/C(=c2\s/c(=C/C=C3/Sc4ccc(OC)cc4N3CC)c(=O)n2CC)SC1=S,O,CCN1/C2=C\C=c3\s/c(n(CC)c3=O)=C3/SC(=S)N(CC)C3(=O)~O~O(C)c3ccc(c1c3)S2,-7.251464366912842,ok,
CCCCn1c(=O)[nH]c2c(C(=O)N3CCN(C(C)C)CC3)snc2c1=O,O,CCCCn1c(=O)c2nsc3c2[nH]c1(=O)~O~N1(CCN(C(C)C)CC1)C3=O,-3.806501626968384,ok,
CN1C(=O)/C(=C\C=C\c2ccco2)SC1=S,O,CN1C(=S)S/C2=C/C=C/c3ccco3~O~C21=O,-4.757255554199219,ok,
CCCn1c(=O)[nH]c2c(C(=O)N3CCN(c4ccccc4)CC3)snc2c1=O,O,CCCn1c(=O)c2nsc3c2[nH]c1(=O)~O~N1(c2ccccc2)CCN(CC1)C3=O,-5.300854682922363,ok,
O=C1NC(=S)S/C1=C/C=C/c1ccc([N+](=O)[O-])cc1,O,O=C1/C2=C\C=C\c3ccc([N+](=O)[O-])(~O~N1C(=S)S2)cc3,-5.395055770874023,ok,
CCCCCCCC(=O)N/N=C1/c2ccccc2-c2nc3ccccc3nc21,O,CCCCCCCC1(N/N=C2/c3ccccc3-c3nc4ccccc4nc32)~O~O=1,-3.879423141479492,ok,
CCN1C(=O)/C(=C2\C=Cc3ccccc3N2CC)S/C1=N\c1ccc(N2CCOCC2)cc1,O,CCN1/C(=C2\S/C3=N\c4ccc(cc4)N4CCO(~O~C2(=O)N3CC)CC4)C=Cc2ccccc21,-4.170802593231201,ok,
C[n+]1c(/C=C/c2ccc(-c3ccc([N+](=O)[O-])cc3)o2)ccc2ccccc21,O,C[n+]1c(/C=C/c2ccc3o2~O~c2([N+](=O)[O-])ccc-3cc2)ccc2ccccc21,-5.799522399902344,ok,
Nc1c(Sc2ccccc2)c(Sc2ccccc2)c(N)c2c1C(=O)c1ccccc1C2=O,O,Nc1c(Sc2ccccc2)c(Sc2ccccc2)c2c3c1C(=O)c1ccccc1C3(=O)~O~N2,-5.021288871765137,ok,
CCCCn1c(=O)[nH]c2c(C(=O)N3CCN(c4ccccn4)CC3)snc2c1=O,O,CCCCn1c(=O)c2nsc3c2[nH]c1(=O)~O~N1(c2ccccn2)CCN(CC1)C3=O,-5.245368957519531,ok,
Cc1ccc(N2CCN(C(=O)c3snc4c(=O)n(CC(C)C)c(=O)[nH]c34)CC2)cc1,O,Cc1ccc(N23~O~c4(=O)[nH]c5c(snc5c(=O)n4CC(C)C)C(=O)N(CC2)CC3)cc1,-5.283540725708008,ok,
CCCCn1c(=O)[nH]c2c(C(=O)N3CCC4(CC3)OCCO4)snc2c1=O,O,CCCCn1c(=O)c2nsc3c2[nH]c1(=O)~O~O1CCOC12CCN(CC2)C3=O,-4.914834022521973,ok,
CCCCn1c(=O)[nH]c2c(C(=O)N3CCN(c4ccc(OC)cc4)CC3)snc2c1=O,O,CCCCn1c(=O)c2nsc3c2[nH]c1(=O)~O~O(C)c1ccc(cc1)N1CCN(CC1)C3=O,-5.985227584838867,ok,
CCCCn1c(=O)[nH]c2c(C(=O)N3CCN(c4ccc(C)cc4)CC3)snc2c1=O,O,CCCCn1c(=O)c2nsc3c2[nH]c1(=O)~O~N1(c2ccc(C)cc2)CCN(CC1)C3=O,-5.563600063323975,ok,
CCN1C(=O)/C(=C\C=C2\Sc3ccc4sccc4c3N2CC)SC1=S,O,CCN1C(=S)S/C2=C/C=C3/Sc4ccc5sccc5c4N3(CC)~O~C21=O,-6.510870933532715,ok,
CN1/C(=C/C=C2\SC(=S)N(Cc3ccccc3)C2=O)C(C)(C)c2ccccc21,O,CC1(C)/C2=C\C=C3/SC(=S)N(Cc4ccccc4)C3(=O)~O~N2(C)c2ccccc21,-6.366413593292236,ok,
CCN1C=C/C(=C\c2ccc3ccc(C)cc3[n+]2C)c2ccccc21,O,CCN12~O~c34cc(C)ccc3ccc([n+]4C)/C=C(\C=C1)c1ccccc12,-6.364461898803711,ok,
CC(C)Cn1c(=O)[nH]c2c(C(=O)N3CCC4(CC3)OCCO4)snc2c1=O,O,CC(C)Cn1c(=O)c2nsc3c2[nH]c1(=O)~O~O1CCOC12CCN(CC2)C3=O,-4.86099100112915,ok,
CCCn1c(=O)[nH]c2c(C(=O)N3CCN(c4ccccn4)CC3)snc2c1=O,O,CCCn1c(=O)c2nsc3c2[nH]c1(=O)~O~N1(c2ccccn2)CCN(CC1)C3=O,-5.215815544128418,ok,
CCCn1c(=O)[nH]c2c(C(=O)N3CCN(c4ccc(OC)cc4)CC3)snc2c1=O,O,CCCn1c(=O)c2nsc3c2[nH]c1(=O)~O~O(C)c1ccc(cc1)N1CCN(CC1)C3=O,-5.937018871307373,ok,
COc1ccc(N2CCN(C(=O)c3snc4c(=O)n(CC(C)C)c(=O)[nH]c34)CC2)cc1,O,CC(C)Cn1c(=O)c2nsc3c2[nH]c1(=O)~O~O(C)c1ccc(cc1)N1CCN(CC1)C3=O,-5.7844014167785645,ok,
CN(C)c1ccc(/C=C2/N=C(/C=C\c3cccc([N+](=O)[O-])c3)OC2=O)cc1,O,CN(C)c1ccc(/C=C2/N=C(/C=C\c3cccc([N+](=O)[O-])c3)O3~O~C23=O)cc1,-3.9132208824157715,ok,
CCN(CC)c1ccc(C2=C(c3ccc(N(CC)CC)cc3)[S][Ni]3([S]2)[S]C(c2ccc(N(CC)CC)cc2)=C(c2ccc(N(CC)CC)cc2)[S]3)cc1,O,,,failed,"Pre-condition Violation
	bond already exists
	Violation occurred on line 334 in file Code/GraphMol/RWMol.cpp
	Failed Expression: !(boost::edge(atomIdx1, atomIdx2, d_graph).second)
	RDKIT: 2022.09.5
	BOOST: 1_78
"
N=C1C=Cc2ccc(N)c3cccc1c23,O,N=C12~O~Nc3ccc(c4c1cccc34)C=C2,-4.450046539306641,ok,
NC(=O)C1CCN(c2ccc(NC(=O)C=Cc3ccc(-c4ccccc4[N+](=O)[O-])s3)cc2)CC1,O,NC(=O)C1CCN2(~O~c3([N+](=O)[O-])ccccc3-c3ccc(s3)C=CC(=O)Nc3ccc2cc3)CC1,-5.700872421264648,ok,
CCOC(=O)CCN1CC(=Cc2ccc(C(=O)O)cc2)C(=O)C(=Cc2ccc(C(=O)O)cc2)C1,O,CCOC(=O)CCN1CC(=Cc2ccc(C(=O)O)cc2)C(=O)C(=Cc2ccc(C3(=O)~O~O3)cc2)C1,-4.720962047576904,ok,
O=C(C=c1[nH]c(=O)c(=Cc2ccc(-c3cccc([N+](=O)[O-])c3)o2)s1)c1ccco1,O,O=C1C=c2[nH]c(=O)c(s2)=Cc2ccc(o2)-c2cccc([N+](=O)[O-])(~O~o3cccc31)c2,-6.630820274353027,ok,
CCc1ccc(-c2ccc(C=C3SC(=S)N(CCC(=O)O)C3=O)o2)cc1,O,CCc1ccc(-c2ccc(C=C3SC(=S)N(CCC4(=O)~O~O4)C3=O)o2)cc1,-4.807194709777832,ok,
O=C(c1ccc2nsnc2c1)N1CCCC1C1CC1,O,O=C1(c2ccc3nsnc3c2)~O~N12CCCC2C1CC1,-5.38885498046875,ok,
CNc1ccc([N+](=O)[O-])s1,O,CN1~O~c2([N+](=O)[O-])ccc1s2,-2.5051636695861816,ok,
O=C1C(=Cc2cc(C(=O)O)cs2)CCC1=Cc1cc(C(=O)O)cs1,O,O=C1C(=Cc2cc(C(=O)O)cs2)CCC1=Cc1cc(C2(=O)~O~O2)cs1,-4.462700843811035,ok,
CCNC(=O)CNc1ccc2nsnc2c1,O,CCNC1(=O)~O~N(c2ccc3nsnc3c2)C1,-4.191830635070801,ok,
OC(CNc1ccc2nsnc2c1)C(F)F,O,FC1(F)~O~OC1CNc1ccc2nsnc2c1,-4.8819708824157715,ok,
FC(F)(F)c1ccc(CNc2ccc3nsnc3c2)nc1,O,FC1(F)(F)~O~N(c2ccc3nsnc3c2)Cc2ccc1cn2,-5.1950578689575195,ok,
Cc1ncsc1-c1ccc(CNC(=O)[C@@H]2C[C@@H](O)CN2C(=O)[C@@H](NC(=O)COCCOCCOCCOCCOCCNC(=O)CCCCC[N+]2=C(/C=C/C=C/C=C3/N(C)c4ccccc4C3(C)C)C(C)(C)c3ccccc32)C(C)(C)C)cc1,O,Cc1ncsc1-c1ccc(CNC(=O)[C@@H]2C[C@@H]3CN2C(=O)[C@H](C(C)(C)C)NC(=O)(COCCOCCOCCOCCOCCNC(=O)CCCCC[N+]2=C(/C=C/C=C/C=C4/N(C)c5ccccc5C4(C)C)C(C)(C)c4ccccc42)~O~O3)cc1,-3.395047426223755,ok,
Cn1cncc1C=Cc1cc[n+]([O-])c2ccccc12,O,Cn1cncc1C=Cc1cc[n+]2c3(~O~[O-]2)ccccc13,-2.4443657398223877,ok,
O=Cc1ccc(N(c2ccccc2)c2ccccc2)cc1C=O,O,O=Cc1ccc2cc1C(=O)~O~N2(c1ccccc1)c1ccccc1,-5.1090087890625,ok,
CC1CCCCN1c1ccc2c(c1)CCCN2C(=O)c1ccc2nsnc2c1,O,CC1CCCCN12~O~C(=O)(c1ccc3nsnc3c1)N1CCCc3cc2ccc31,-5.643426895141602,ok,
CC(C)Nc1c(-c2ccc3c(c2)OCC(=O)N3)nc2cc([N+](=O)[O-])ccn12,O,CC(C)Nc1c2nc3cc([N+](=O)[O-])(~O~O4CC(=O)Nc5ccc-2cc54)ccn13,-5.189499855041504,ok,
O=C(O)C1CC2(CC(Nc3ccc4nsnc4c3)C2)C1,O,O=C1(C2CC3(CC(Nc4ccc5nsnc5c4)C3)C2)~O~O1,-4.869584083557129,ok,
C[N+]1=C(/C=C/C=C/C=C2\N(CCCCCC(=O)NCCCCNC(=O)COc3cccc4c3CN(C3CCC(=O)NC3=O)C4=O)c3ccccc3C2(C)C)C(C)(C)c2ccccc21,O,C[N+]1=C(/C=C/C=C/C=C2\N(CCCCCC(=O)NCCCCNC3(=O)~O~O(c4cccc5c4CN(C4CCC(=O)NC4=O)C5=O)C3)c3ccccc3C2(C)C)C(C)(C)c2ccccc21,-6.21708869934082,ok,
CC(=CC(=O)N1CCCC1)/C=C/C=C(C)/C=C/C1=C(C)CCCC1(C)C,O,CC(=CC1(=O)~O~N12CCCC2)/C=C/C=C(C)/C=C/C1=C(C)CCCC1(C)C,-6.551350116729736,ok,
CCN1CCc2cc(C=C3CS(=O)(=O)c4ccccc4C3=O)ccc21,O,CCN12~O~C3(=O)C(=Cc4ccc1c(c4)CC2)CS(=O)(=O)c1ccccc13,-5.194414138793945,ok,
CC(C)(C)c1ncc(C=Cc2cc[n+]([O-])c3ccccc23)s1,O,CC(C)(C)c1ncc(C=Cc2cc[n+]3c4(~O~[O-]3)ccccc24)s1,-4.688091278076172,ok,
c1ccc(N2CCCCC2)c(-c2cccc3nonc23)c1,O,c1ccc2c(c1)-c1cccc3nonc13~O~N21CCCCC1,-4.469390869140625,ok,
O=CC1=C(N2CCOCC2)C(=Cc2ccc([N+](=O)[O-])cc2)CC1,O,O=CC1=C2C(=Cc3ccc([N+](=O)[O-])(~O~O4CCN2CC4)cc3)CC1,-4.481231689453125,ok,
O=CC1=C(N2CCOCC2)C(=Cc2cccc([N+](=O)[O-])c2)CC1,O,O=CC1=C2C(=Cc3cccc([N+](=O)[O-])(~O~O4CCN2CC4)c3)CC1,-4.294281482696533,ok,
O=C1C(=CC=Cc2ccco2)CCCC1=CC=Cc1ccco1,O,O=C12~O~o3cccc3C=CC=C1CCCC2=CC=Cc1ccco1,-5.592215538024902,ok,
C=CCN1C(=O)C(=Cc2ccc(-c3ccccc3)o2)SC1=S,O,C=CCN1C(=S)SC2=Cc3ccc(-c4ccccc4)o3~O~C21=O,-6.461847305297852,ok,
O=C(O)CCN1C(=O)C(=Cc2ccc(-c3cccc(Cl)c3)o2)SC1=S,O,O=C1C(=Cc2ccc(-c3cccc(Cl)c3)o2)SC(=S)N1CCC1(=O)~O~O1,-4.7822065353393555,ok,
O=C(O)CCCN1C(=O)C(=CC=Cc2ccccc2)SC1=S,O,O=C1C(=CC=Cc2ccccc2)SC(=S)N1CCCC1(=O)~O~O1,-4.772583484649658,ok,
CCN(CC)C(=O)C(C#N)=Cc1ccc(-c2ccc([N+](=O)[O-])cc2Br)o1,O,CCN(CC)C(=O)C(C#N)=Cc1ccc2o1~O~c1([N+](=O)[O-])ccc-2c(Br)c1,-6.673959255218506,ok,
O=C(O)CCCN1C(=O)C(=Cc2ccc(-c3cccc(Cl)c3)o2)SC1=S,O,O=C1C(=Cc2ccc(-c3cccc(Cl)c3)o2)SC(=S)N1CCCC1(=O)~O~O1,-4.961486339569092,ok,
O=C1C(=Cc2ccccc2)CCCC1=Cc1ccc([N+](=O)[O-])cc1,O,O=[N+]([O-])c12~O~O=C3C(=Cc4ccccc4)CCCC3=Cc(cc1)cc2,-5.940182685852051,ok,
N#CC(=CC1=C(N2CCOCC2)C(=Cc2ccc([N+](=O)[O-])cc2)CC1)C(=O)Nc1ccc(OC(F)F)cc1,O,N#CC(=CC1=C(N2CCOCC2)C(=Cc2ccc([N+](=O)[O-])cc2)CC1)C(=O)Nc1ccc(O2~O~C2(F)F)cc1,-7.020400524139404,ok,
Cc1cc(C=Cc2ccc3cc(N(C)C)ccc3[n+]2C)c(C)n1-c1ccccc1,O,Cc1cc(C=Cc2ccc3cc4ccc3(~O~N4(C)C)[n+]2C)c(C)n1-c1ccccc1,-6.503918647766113,ok,
CN(C)c1ccc(/C=C/C=C2C(=O)NC(=S)NC2=O)cc1,O,CN1(C)~O~C2(=O)NC(=S)NC(=O)C2=C/C=C/c2ccc1cc2,-5.441370964050293,ok,
O=C(CCl)NC1CC2CCCC(C1)N2C(=O)c1ccc2nsnc2c1,O,O=C(CCl)N1~O~C(=O)(c2ccc3nsnc3c2)N2C3CCCC2CC1C3,-5.9654059410095215,ok,
C=CC(=O)NC1CC2CCCC(C1)N2C(=O)c1ccc2nsnc2c1,O,C=CC(=O)N1~O~C(=O)(c2ccc3nsnc3c2)N2C3CCCC2CC1C3,-5.663867473602295,ok,
CCOC(=O)CCCOc1c(I)cc(C(=C2C=CC(=[N+](C)C)C=C2)c2ccc(N(C)C)cc2)cc1I,O,CCOC1(=O)~O~O(c2c(I)cc(C(=C3C=CC(=[N+](C)C)C=C3)c3ccc(N(C)C)cc3)cc2I)CCC1,-6.126316070556641,ok,
CN1C=CC(=CC=Cc2sc3ccccc3[n+]2CC(=O)[O-])c2ccccc21,O,CN1C=CC(=CC=Cc23~O~O=C([O-])C[n+]2c2ccccc2s3)c2ccccc21,-4.115495681762695,ok,
CCCN1C(=CC=C2CCCC(C=CC3=[N+](CCC)c4ccccc4C3(C)C)=C2N2CCN(S(=O)(=O)c3cccc4c(N(C)C)cccc34)CC2)C(C)(C)c2ccccc21,O,CCCN1C(=CC=C2CCCC(C=CC3=[N+](CCC)c4ccccc4C3(C)C)=C2N2CCN(S3(=O)(=O)~O~N(C)(C)c4cccc5c3cccc45)CC2)C(C)(C)c2ccccc21,-5.768077850341797,ok,
CCCN1C(=CC=C2CCCC(C=CC3=[N+](CCC)c4ccccc4C3(C)C)=C2N2CCN(S(=O)(=O)c3ccc([N+](=O)[O-])cc3[N+](=O)[O-])CC2)C(C)(C)c2ccccc21,O,CCCN1C(=CC=C2CCCC(C=CC3=[N+](CCC)c4ccccc4C3(C)C)=C2N23~O~c4([N+](=O)[O-])cc([N+](=O)[O-])ccc4S(=O)(=O)N(CC2)CC3)C(C)(C)c2ccccc21,-5.016744613647461,ok,
CC1(C)C(/C=C/C=C/C=C/C=C2/N(CCCCS(=O)(=O)[O-])c3ccc4ccccc4c3C2(C)C)=[N+](CCCCS(=O)(=O)[O-])c2ccc3ccccc3c21,O,CC1(C)C2=[N+](CCCCS(=O)(=O)[O-])c3(~O~[O-]S(=O)(=O)CCCCN4/C(=C/C=C/C=C/C=C/2)C(C)(C)c2c4ccc4ccccc24)ccc2ccccc2c31,-4.231391429901123,ok,
O=[N+]([O-])c1ccc2c(c1)Sc1cc(OCCF)ccc1N2,O,O=[N+]([O-])c12~O~O(CCF)c3ccc4c(c3)Sc(c1)c(cc2)N4,-6.308349132537842,ok,
CN(C)c1ccc(/C=C/C=C/C=C(C#N)C#N)cc1,O,CN1(C)~O~C(C#N)(C#N)=C/C=C/C=C/c2ccc1cc2,-5.280010223388672,ok,
N#CCCN(C(=O)CCl)c1ccc2c(c1)OCCN2,O,N#CCCN1c2ccc3c(c2)O(~O~C1(=O)CCl)CCN3,-4.459744453430176,ok,
O=C(CSc1cccc[n+]1[O-])Nc1cc2c(cc1Cl)C(=O)c1ccccc1C2=O,O,O=C(CSc12~O~[O-][n+]1cccc2)Nc1cc2c(cc1Cl)C(=O)c1ccccc1C2=O,-4.115279197692871,ok,
O=C(O)c1ccc(C=Cc2nc3ccc([N+](=O)[O-])cc3s2)cc1,O,O=[N+]([O-])c1ccc2nc(C=Cc3ccc(C4(=O)~O~O4)cc3)sc2c1,-4.346493244171143,ok,
O=[N+]([O-])c1ccc(-c2ccc(C=Cc3ccc4ccccc4n3)o2)c(Br)c1,O,O=[N+]([O-])c12~O~o3c(C=Cc4ccc5ccccc5n4)ccc3-c(cc1)c(Br)c2,-6.321246147155762,ok,
O=C(O)c1c2c(nc3ccccc13)C(=Cc1ccc(-c3ccc([N+](=O)[O-])cc3Br)o1)CCC2,O,O=[N+]([O-])c1ccc(-c2ccc(C=C3CCCc4c3nc3ccccc3c4C3(=O)~O~O3)o2)c(Br)c1,-4.599518775939941,ok,
O=[N+]([O-])c1ccc(-c2csc(NC3CCCC3)n2)cc1,O,O=[N+]([O-])c12~O~N(C3CCCC3)c3nc(cs3)-c(cc1)cc2,-5.705406188964844,ok,
CN1C(=CC=C2CCCC(=CC=C3N(C)c4ccccc4C3(C)C)C2=O)C(C)(C)c2ccccc21,O,CN1C(=CC=C2CCCC3=CC=C4C(C)(C)c5ccccc5N4(C)~O~C23=O)C(C)(C)c2ccccc21,-5.924921989440918,ok,
CC[n+]1c(C=Cc2ccc3c(c2)C(C)(C)C(C)N3C)ccc2ccccc21,O,CC[n+]1c2ccc3ccccc31~O~N1(C)c3ccc(cc3C(C)(C)C1C)C=C2,-7.176077842712402,ok,
CCN1C(=O)C(=CC=C(C=C2Sc3ccccc3N2CC)c2ccccc2)SC1=S,O,CCN1C(=S)SC2=CC=C(c3ccccc3)C=C3Sc4ccccc4N3(CC)~O~C21=O,-7.112598419189453,ok,
CCC(=Cc1sc2ccc(-c3ccccc3)cc2[n+]1CCCS(=O)(=O)[O-])C=C1Sc2cc(OC)c3ccsc3c2N1CCCS(=O)(=O)O,O,CCC1=Cc2sc3ccc(-c4ccccc4)cc3[n+]2CCCS(=O)(=O)[O-]~O~S(=O)(=O)(O)CCCN2C(=C1)Sc1cc(OC)c3ccsc3c12,-4.801298141479492,ok,
CN1C(=CC=C2C(=O)c3ccccc3C2=O)Sc2ccccc21,O,CN12~O~C3(=O)C(=CC=C1Sc1ccccc12)C(=O)c1ccccc13,-5.5051493644714355,ok,
CCC(=Cc1sc2ccc(-c3ccccc3)cc2[n+]1CC)C=C1Sc2ccc3sccc3c2N1CCCS(=O)(=O)[O-],O,CCC1=Cc2(~O~[O-]S(=O)(=O)CCCN3C(=C1)Sc1ccc4sccc4c13)sc1ccc(-c3ccccc3)cc1[n+]2CC,,failed,Featurization failed: RDKit could not parse Smiles_Merged
CN(C)c1ccc(C=Cc2cc(C=Cc3ccc(N(C)C)cc3)[n+]3ccccc3n2)cc1,O,CN(C)c1ccc(C=Cc2cc3[n+]4ccccc4(~O~N(C)(C)c4ccc(cc4)C=C3)n2)cc1,-4.815415382385254,ok,
CN(C)N=CC=C1CCC(=Cc2ccc(C(F)(F)F)cc2)C1=O,O,CN1(C)~O~C(F)(F)(F)c2ccc(cc2)C=C2CCC(=CC=N1)C2=O,-4.269090175628662,ok,
O=[N+]([O-])c1cccc(C=C2CCC(C=NN=Cc3ccc(-c4ccc(SC(F)F)cc4)o3)=C2N2CCOCC2)c1,O,O=[N+]([O-])c1cccc(C=C2CCC(C=NN=Cc3ccc4o3~O~C(F)(F)Sc3ccc-4cc3)=C2N2CCOCC2)c1,-7.568139553070068,ok,
CN1C=CC=CC1=C(C#N)C(=O)NC1CCCCC1,O,CN12~O~C(=O)(NC3CCCCC3)C(C#N)=C1C=CC=C2,-4.007405757904053,ok,
C(=NN=CC1=C(N2CCOCC2)C(=Cc2ccccc2)CC1)C1=C(N2CCOCC2)C(=Cc2ccccc2)CC1,O,C(=NN=CC1=C(N2CCO3~O~C3C2)C(=Cc2ccccc2)CC1)C1=C(N2CCOCC2)C(=Cc2ccccc2)CC1,-4.533486366271973,ok,
Cc1[nH]c2ccccc2c1C=NN=CC1=C(N2CCOCC2)C(=Cc2ccc([N+](=O)[O-])cc2)CC1,O,Cc1[nH]c2ccccc2c1C=NN=CC1=C2C(=Cc3ccc([N+](=O)[O-])(~O~O4CCN2CC4)cc3)CC1,-4.887712478637695,ok,
COC(=O)c1c(N)n(-c2ccc(N3CCOCC3)cc2)c2nc3ccccc3nc12,O,CO1~O~C1(=O)c1c(N)n(-c2ccc(N3CCOCC3)cc2)c2nc3ccccc3nc12,-2.5072147846221924,ok,
CC1=C(C#N)C(=O)N(C2CCS(=O)(=O)C2)C(=O)C1=Cc1ccc(-c2cccc([N+](=O)[O-])c2)o1,O,CC1=C(C#N)C2(=O)~O~o3c(ccc3-c3cccc([N+](=O)[O-])c3)C=C1C(=O)N2C1CCS(=O)(=O)C1,-5.52596378326416,ok,
N#CC(=Cc1ccc(N2CCCCC2)o1)C(=O)c1c[nH]c2ccccc12,O,N#CC1=Cc2ccc(N3CCCCC3)o2~O~C1(=O)c1c[nH]c2ccccc12,-4.520735740661621,ok,
O=C(O)CC(=Cc1ccc(-c2ccc([N+](=O)[O-])cc2)o1)c1nc2ccccc2o1,O,O=[N+]([O-])c1ccc(-c2ccc(C=C(CC3(=O)~O~O3)c3nc4ccccc4o3)o2)cc1,-4.023223400115967,ok,
CC[n+]1c(C=CN(C)C)sc2ccccc21,O,CC[n+]1c2ccccc2sc12~O~N(C)(C)C=C2,,failed,Featurization failed: RDKit could not parse Smiles_Merged
Nc1ccc(C=Cc2ccc([N+](=O)[O-])cc2)cc1,O,O=[N+]([O-])c12~O~Nc3ccc(cc3)C=Cc(cc1)cc2,-4.455685615539551,ok,
c1ccc2c(c1)Oc1ccccc1N2c1cccc2nccnc12,O,c1ccc2c(c1)N(c1cccc3nccnc13)c1ccccc13~O~O23,-3.013458251953125,ok,
O=C(Nc1ccc2nc(N3CCOCC3)sc2c1)N1C2CCNCC1CC2,O,O=C1(N2C3CCNCC2CC3)~O~O2CCN(CC2)c2nc3ccc(cc3s2)N1,-4.133784770965576,ok,
CN(C)/C=C/C=C/C=C/C1=[N+](C)c2ccccc2C1(C)C,O,C[N+]1=C2/C=C/C=C/C=C/N(C)(C)~O~c13ccccc3C2(C)C,-4.624998092651367,ok,
CCN1/C(=C\C=C2/CC(C)CC(/C=C/c3sc4ccccc4[n+]3CC)=C2Cl)Sc2ccccc21,O,CC[n+]1c2ccccc2sc12~O~N1(CC)/C(=C\C=C3/CC(C)CC(=C3Cl)/C=C/2)Sc2ccccc21,,failed,Featurization failed: RDKit could not parse Smiles_Merged
COc1ccc2c(/C=C/C=C3C=C(c4ccccc4)OC(c4ccccc4)=C3)c3ccc(OC)cc3[o+]c2c1,O,COc1ccc2c(/C=C/C=C3C=C(c4ccccc4)OC(c4ccccc4)=C3)c3ccc4cc3[o+]c2(~O~O4C)c1,-9.768823623657227,ok,
CC(C)(C)C1=CC(=CC2=C([O-])/C(=C\c3cc(C(C)(C)C)[o+]c(C(C)(C)C)c3)C2=S)C=C(C(C)(C)C)O1,O,CC(C)(C)C1=CC(=CC2=C3[O-]~O~c4(C(C)(C)C)cc(cc(C(C)(C)C)[o+]4)/C=C\3C2=S)C=C(C(C)(C)C)O1,-9.483072280883789,ok,
CCCCN1/C(=C/C2=C([S-])/C(=C/C3=[N+](CCCC)c4ccccc4C3(C)C)C2=S)C(C)(C)c2ccccc21,O,CCCCN1/C(=C/C2=C3[S-]~O~c45ccccc4C(C)(C)C(=[N+]5CCCC)\C=C\3C2=S)C(C)(C)c2ccccc21,-7.024674892425537,ok,
CC(C)(C)C1=C/C(=C\C=C\c2cc(C(C)(C)C)cc(-c3ccccc3)[s+]2)SC(c2ccccc2)=C1,O,CC(C)(C)C1=C/C2=C\C=C\c3cc(C(C)(C)C)cc(-c4ccccc4)(~O~S2C(c2ccccc2)=C1)[s+]3,-9.581231117248535,ok,
O=CC(=C\C=C1C=C(c2ccccc2)SC(c2ccccc2)=C1)/C=C/c1cc(-c2ccccc2)[s+]c(-c2ccccc2)c1,O,C1=O~O~c2(-c3ccccc3)cc(cc(-c3ccccc3)[s+]2)/C=C/C1=C/C=C1C=C(c2ccccc2)SC(c2ccccc2)=C1,-8.587023735046387,ok,
CCN1/C(=C/C2=CC(c3ccccc3)=C/C(=C\c3sc4ccccc4[n+]3CC)O2)Sc2ccccc21,O,CCN1/C(=C/C2=CC(c3ccccc3)=CC3=Cc4(~O~O32)sc2ccccc2[n+]4CC)Sc2ccccc21,,failed,Featurization failed: RDKit could not parse Smiles_Merged
Oc1cccc(-c2ccc3nsnc3c2)c1,O,c1cc(-c2ccc3nsnc3c2)cc2(~O~O2)c1,,failed,Featurization failed: RDKit could not parse Smiles_Merged
Cc1ccc(N)c(-c2ccc3nsnc3c2)c1,O,Cc1ccc2c(c1)-c1ccc3nsnc3(~O~N2)c1,-5.372328758239746,ok,
COc1cc(N)ccc1-c1ccc2nsnc2c1,O,CO1~O~c12cc(N)ccc2-c1ccc2nsnc2c1,,failed,Featurization failed: RDKit could not parse Smiles_Merged
C[N+]1=C(/C=C/C=C/C=C2/N(CCCCCC(=O)NCCOc3cccc4c3C(=O)N(C3CCC(=O)NC3=O)C4=O)c3ccccc3C2(C)C)C(C)(C)c2ccccc21,O,C[N+]1=C(/C=C/C=C/C=C2/N(CCCCCC(=O)NCCO3~O~C4(=O)c5c(cccc53)C(=O)N4C3CCC(=O)NC3=O)c3ccccc3C2(C)C)C(C)(C)c2ccccc21,-5.869797229766846,ok,
C[N+]1=C(/C=C/C=C/C=C2/N(CCCCCC(=O)NCCCc3ccc4c(c3)C(=O)N(C3CCC(=O)NC3=O)C4=O)c3ccccc3C2(C)C)C(C)(C)c2ccccc21,O,C[N+]1=C(/C=C/C=C/C=C2/N(CCCCCC(=O)N3~O~C4(=O)c5cc(ccc5C(=O)N4C4CCC(=O)NC4=O)CCC3)c3ccccc3C2(C)C)C(C)(C)c2ccccc21,-6.0921854972839355,ok,
CC(Nc1ccc2nsnc2c1)c1ccc(S(C)(=O)=O)cc1,O,CC1c2ccc(cc2)S(C)(=O)(=O)~O~N1c1ccc2nsnc2c1,-5.432581901550293,ok,
CNc1ccc(N)c2nonc12,O,CNc1ccc2c3nonc13~O~N2,-2.22145676612854,ok,
O=[N+]([O-])c1ccc2n[se]nc2c1,O,,,failed,"Pre-condition Violation
	bond already exists
	Violation occurred on line 334 in file Code/GraphMol/RWMol.cpp
	Failed Expression: !(boost::edge(atomIdx1, atomIdx2, d_graph).second)
	RDKIT: 2022.09.5
	BOOST: 1_78
"
N#CC(C#N)=CC=Cc1cc(C#N)c(N)o1,O,N#CC(C#N)=CC=Cc1cc(C#N)c2(N)~O~o12,-4.668147563934326,ok,
CC(C=CN(C)C)=CC=[N+](C)C,O,CC1=CC(=[N+](C)C)~O~N(C)(C)C=C1,-0.5841849446296692,ok,
O=C1C(=CC=Cc2ccccc2)SC(=S)N1Cc1ccccc1,O,O=C12~O~N1(Cc1ccccc1)C(=S)SC2=CC=Cc1ccccc1,-5.5497026443481445,ok,
O=C(O)CCN1C(=O)C(=CC=Cc2ccccc2)SC1=S,O,O=C1C(=CC=Cc2ccccc2)SC(=S)N1CCC1(=O)~O~O1,-4.5767059326171875,ok,
CN(C)c1ccc(C=Cc2cc(C(=O)O)c3cc(Br)ccc3n2)cc1,O,CN(C)c1ccc(C=Cc2cc(C3(=O)~O~O3)c3cc(Br)ccc3n2)cc1,-4.301791191101074,ok,
O=C1C(=Cc2csnn2)CCC(C2CC2)C1=Cc1csnn1,O,C(=C1CCC(C2CC2)C(=Cc2csnn2)C12~O~O=2)c1csnn1,-4.867642879486084,ok,
COC(=O)c1cc([N+](=O)[O-])ccc1Nc1ccc(N2CCC(O)CC2)cc1,O,CO1~O~C1(=O)c1cc([N+](=O)[O-])ccc1Nc1ccc(N2CCC(O)CC2)cc1,-4.79620885848999,ok,
COc1cc2sc(C=CC3=Cc4ccccc4OC3)[n+](CCCS(=O)(=O)[O-])c2c2sccc12,O,COc1cc2sc3(C=CC4=Cc5ccccc5OC4)~O~[O-]S(=O)(=O)CCC[n+]3c2c2sccc12,-4.12762451171875,ok,
COc1ccccc1C=CC=Cc1nc2cc([N+](=O)[O-])ccc2s1,O,CO1~O~c2([N+](=O)[O-])ccc3sc(nc3c2)C=CC=Cc2ccccc21,-5.857201099395752,ok,
CCOC(=O)C1CC(=Cc2ccc(C(=O)O)cc2)C(=O)C(=Cc2ccc(C(=O)O)cc2)C1,O,CCOC(=O)C1CC(=Cc2ccc(C(=O)O)cc2)C(=O)C(=Cc2ccc(C3(=O)~O~O3)cc2)C1,-4.344553470611572,ok,
CCC(CC)N1CC(=Cc2ccc(C(=O)O)cc2)C(=O)C(=Cc2ccc(C(=O)O)cc2)C1,O,CCC(CC)N1CC(=Cc2ccc(C(=O)O)cc2)C(=O)C(=Cc2ccc(C3(=O)~O~O3)cc2)C1,-4.780511856079102,ok,
CCOC(=O)CCN1CC(=Cc2ccc([N+](=O)[O-])cc2)C(=O)C(=Cc2ccc([N+](=O)[O-])cc2)C1,O,CCO1~O~C1(=O)CCN1CC(=Cc2ccc([N+](=O)[O-])cc2)C(=O)C(=Cc2ccc([N+](=O)[O-])cc2)C1,-5.031670093536377,ok,
COC(=O)c1cnc(C=Cc2csc([N+](=O)[O-])c2)s1,O,CO1~O~C1(=O)c1cnc(C=Cc2csc([N+](=O)[O-])c2)s1,-5.697680473327637,ok,
O=[N+]([O-])c1ccc(Nc2ccc(N3CCC(O)CC3)cc2)nc1,O,O=[N+]([O-])c12~O~OC3CCN(CC3)c3ccc(cc3)Nc(cc1)nc2,-3.377661943435669,ok,
Cn1ncc2c1CCC(=CC=Cc1ccccc1[N+](=O)[O-])C2=O,O,Cn1ncc2c1CCC1=CC=Cc3ccccc3([N+](=O)[O-])~O~O=C12,-4.7334699630737305,ok,
O=C1C(=CC2=Cc3cc(Cl)cc(Cl)c3OC2)SC(=S)N1c1cccnc1,O,O=C12~O~O3CC(=Cc4cc(Cl)cc(Cl)c43)C=C1SC(=S)N2c1cccnc1,-6.214542388916016,ok,
CN(C)c1ccc(NC(=O)c2ccc3c(c2)S(=O)(=O)c2ccccc2C3=O)cc1,O,CN1(C)~O~C(=O)(c2ccc3c(c2)S(=O)(=O)c2ccccc2C3=O)Nc2ccc1cc2,-5.6805219650268555,ok,
CC1(C)C2CCC1(C)C(NC(=O)CC(=Cc1ccc([N+](=O)[O-])cc1)c1nc3ccccc3s1)C2,O,CC1(C)C2CCC1(C)C(N1~O~c3([N+](=O)[O-])ccc(cc3)C=C(c3nc4ccccc4s3)CC1=O)C2,-6.37845516204834,ok,
O=C(C=Cc1ccc([N+](=O)[O-])cc1)Nc1ccc(N2CCOCC2)cc1,O,O=C1C=Cc2ccc([N+](=O)[O-])(~O~O3CCN(CC3)c3ccc(cc3)N1)cc2,-4.777368545532227,ok,
Cc1ccc(C2=NC(=CC=C3N(C)c4ccccc4C3(C)C)C(=O)O2)s1,O,Cc1ccc(C2=NC(=CC=C3N(C)c4ccccc4C3(C)C)C3(=O)~O~O23)s1,-4.503996849060059,ok,
CCN1C(=O)C(=CC=Cc2ccccc2)SC1=S,O,CCN12~O~C1(=O)C(=CC=Cc1ccccc1)SC2=S,-5.3565168380737305,ok,
O=C1Nc2ccccc2C1=CC=Cc1ccccc1[N+](=O)[O-],O,O=C1C2=CC=Cc3ccccc3([N+](=O)[O-])~O~N1c1ccccc12,-5.546103477478027,ok,
O=C1C(=Cc2ccc(-c3ccc([N+](=O)[O-])cc3Br)o2)SC(=S)N1Cc1ccco1,O,O=C1C2=Cc3ccc(o3)-c3ccc([N+](=O)[O-])(~O~o4cccc4CN1C(=S)S2)cc3Br,-6.7567138671875,ok,
O=C1C(=CC=Cc2ccccc2)SC(=S)N1Cc1ccco1,O,O=C12~O~o3cccc3CN1C(=S)SC2=CC=Cc1ccccc1,-6.1432037353515625,ok,
CCN1C(=O)C(=Cc2ccc(N(C)c3ccccc3)cc2)SC1=S,O,CCN1C(=S)SC2=Cc3ccc(cc3)N(C)(c3ccccc3)~O~C21=O,-6.072361946105957,ok,
O=C1NC(=S)SC1=Cc1ccc(-c2ccc(S(=O)(=O)N3CCOCC3)cc2)o1,O,O=C12~O~o3c(ccc3-c3ccc(S(=O)(=O)N4CCOCC4)cc3)C=C1SC(=S)N2,-6.636571884155273,ok,
CN1C(=O)C(=Cc2ccc(-c3cccc([N+](=O)[O-])c3)o2)c2ccccc21,O,CN1C(=O)C(=Cc2ccc3o2~O~c2([N+](=O)[O-])cccc-3c2)c2ccccc21,-5.9536895751953125,ok,
O=C(O)CCCCCN1C(=O)C(=Cc2ccc(-c3ccc([N+](=O)[O-])cc3)o2)SC1=S,O,O=C1C(=Cc2ccc(-c3ccc([N+](=O)[O-])cc3)o2)SC(=S)N1CCCCCC1(=O)~O~O1,-5.07668924331665,ok,
CCN1C(=O)C(=Cc2ccc(C)s2)SC1=S,O,CCN12~O~C1(=O)C(=Cc1ccc(C)s1)SC2=S,-5.72859001159668,ok,
COc1ccccc1C=CC=C1SC(=S)N(CCC(=O)O)C1=O,O,CO1~O~C(=O)(O)CCN2C(=O)C(=CC=Cc3ccccc31)SC2=S,-5.362934112548828,ok,
CC(C)C(=O)C(C#N)=Cc1ccc(-c2ccc([N+](=O)[O-])cc2)o1,O,CC(C)C(=O)C(C#N)=Cc1ccc2o1~O~c1([N+](=O)[O-])ccc-2cc1,-6.3780107498168945,ok,
CCN1CC(=Cc2ccc([N+](=O)[O-])cc2)C(=O)C(=Cc2ccc([N+](=O)[O-])cc2)C1,O,CCN12~O~c3([N+](=O)[O-])ccc(cc3)C=C(C1)C(=O)C(=Cc1ccc([N+](=O)[O-])cc1)C2,-5.391573905944824,ok,
O=C(C=Cc1ccc(N(c2ccccc2)c2ccccc2)cc1)c1cc2ccccc2o1,O,O=C1(C=Cc2ccc(N(c3ccccc3)c3ccccc3)cc2)~O~o2c1cc1ccccc12,-6.009336471557617,ok,
O=C1C(=Cc2ccc(-c3cccc([N+](=O)[O-])c3)o2)Cc2ccccc21,O,O=C1C(=Cc2ccc3o2~O~c2([N+](=O)[O-])cccc-3c2)Cc2ccccc21,-6.155439376831055,ok,
CCN(CC)c1ccc(C=Cc2sc3cc(OC)c4ccsc4c3[n+]2CCCS(=O)(=O)[O-])cc1,O,CCN(CC)c1ccc(C=Cc23~O~[O-]S(=O)(=O)CCC[n+]2c2c(cc(OC)c4ccsc42)s3)cc1,-4.386716842651367,ok,
O=C1C(=Cc2ccc(C(=O)O)cc2)CCC1=Cc1ccc(C(=O)O)cc1,O,O=C1C(=Cc2ccc(C(=O)O)cc2)CCC1=Cc1ccc(C2(=O)~O~O2)cc1,-4.29347562789917,ok,
CC1CC(=Cc2cccc([N+](=O)[O-])c2)C(=O)C(=Cc2cccc([N+](=O)[O-])c2)C1,O,CC1CC(=Cc2cccc([N+](=O)[O-])c2)C2=O~O~c3([N+](=O)[O-])cccc(c3)C=C2C1,-5.110897064208984,ok,
CC1CC(=Cc2ccc([N+](=O)[O-])cc2)C(=O)C(=Cc2ccc([N+](=O)[O-])cc2)C1,O,CC1CC(=Cc2ccc([N+](=O)[O-])cc2)C2=O~O~c3([N+](=O)[O-])ccc(cc3)C=C2C1,-6.415317535400391,ok,
O=C1C(=Cc2ccc(C(=O)O)cc2)CCCC1=Cc1ccc(C(=O)O)cc1,O,O=C1C(=Cc2ccc(C(=O)O)cc2)CCCC1=Cc1ccc(C2(=O)~O~O2)cc1,-4.36955451965332,ok,
O=C(O)c1c2c(nc3ccccc13)C(=Cc1ccc(-c3cccc([N+](=O)[O-])c3)o1)CN(Cc1ccccc1)C2,O,O=[N+]([O-])c1cccc(-c2ccc(C=C3CN(Cc4ccccc4)Cc4c3nc3ccccc3c4C3(=O)~O~O3)o2)c1,-4.265450477600098,ok,
Cc1cc(C)c2c(c1)C(=O)C(=Cc1ccc(-c3ccc([N+](=O)[O-])cc3)o1)CC2,O,Cc1cc(C)c2c(c1)C(=O)C(=Cc1ccc3o1~O~c1([N+](=O)[O-])ccc-3cc1)CC2,-6.4960784912109375,ok,
O=S(=O)([O-])CCC[n+]1c(C=Cc2c(Cl)nc3sccn23)sc2ccccc21,O,O=S1(=O)CCC[n+]2c3ccccc3sc2(C=Cc2c(Cl)nc3sccn23)~O~[O-]1,-4.192176818847656,ok,
O=C1C(=Cc2cccc([N+](=O)[O-])c2)CCCCC1=Cc1cccc([N+](=O)[O-])c1,O,O=[N+]([O-])c1cccc(C=C2CCCCC3=Cc4cccc([N+](=O)[O-])(~O~O=C23)c4)c1,-4.956361770629883,ok,
O=C1C(=Cc2ccc(-c3ccc([N+](=O)[O-])cc3Br)o2)CCc2ccccc21,O,O=C1C(=Cc2ccc3o2~O~c2([N+](=O)[O-])ccc-3c(Br)c2)CCc2ccccc21,-6.5449538230896,ok,
O=C(C=Cc1ccc(-c2ccccc2Cl)o1)c1ccc(N2CCOCC2)cc1,O,O=C1(c2ccc(N3CCOCC3)cc2)~O~o2c(ccc2-c2ccccc2Cl)C=C1,-5.871413707733154,ok,
O=C(C=Cc1ccc(-c2ccc([N+](=O)[O-])cc2)o1)c1ccc(N2CCOCC2)cc1,O,O=C(C=Cc1ccc2o1~O~c1([N+](=O)[O-])ccc-2cc1)c1ccc(N2CCOCC2)cc1,-5.720480918884277,ok,
O=[N+]([O-])c1cc(C=Cc2nc3c(ccc4ccccc43)s2)ccc1N1CCCC1,O,O=[N+]([O-])c12~O~N3(CCCC3)c1ccc(C=Cc1nc3c(ccc4ccccc43)s1)c2,-6.1298651695251465,ok,
O=[N+]([O-])c1ccc(-c2ccc(C=Cc3nc4ccccc4s3)o2)c(Br)c1,O,O=[N+]([O-])c12~O~o3c(C=Cc4nc5ccccc5s4)ccc3-c(cc1)c(Br)c2,-6.9635090827941895,ok,
O=C1C(=Cc2ccc(-c3cccc([N+](=O)[O-])c3)o2)COc2ccccc21,O,O=C1C2=Cc3ccc(o3)-c3cccc([N+](=O)[O-])(~O~O(C2)c2ccccc21)c3,-5.497631549835205,ok,
O=[N+]([O-])c1ccc2nc(C=Cc3cccc(C=Cc4nc5ccc([N+](=O)[O-])cc5s4)c3)sc2c1,O,O=[N+]([O-])c1ccc2nc(C=Cc3cccc(C=Cc4nc5ccc6(~O~O=[N+]6[O-])cc5s4)c3)sc2c1,,failed,Featurization failed: RDKit could not parse Smiles_Merged
O=[N+]([O-])c1cc(C=Cc2nc3c(ccc4ccccc43)s2)ccc1N1CCCCC1,O,O=[N+]([O-])c12~O~N3(CCCCC3)c1ccc(C=Cc1nc3c(ccc4ccccc43)s1)c2,-6.2822723388671875,ok,
CC(C)(C)C1CC(=Cc2ccc(-c3cccc([N+](=O)[O-])c3)o2)c2nc3ccccc3c(C(=O)O)c2C1,O,CC(C)(C)C1CC(=Cc2ccc(-c3cccc([N+](=O)[O-])c3)o2)c2nc3ccccc3c(C3(=O)~O~O3)c2C1,-4.111913204193115,ok,
O=[N+]([O-])c1ccc(N2CCCCC2)c(C=Cc2nc3ccccc3s2)c1,O,O=[N+]([O-])c12~O~N3(CCCCC3)c(cc1)c(C=Cc1nc3ccccc3s1)c2,-5.490858554840088,ok,
CSc1ccc(C=Cc2nc3cc([N+](=O)[O-])ccc3s2)cc1,O,CSc1ccc(C=Cc2nc3cc4(~O~O=[N+]4[O-])ccc3s2)cc1,,failed,Featurization failed: RDKit could not parse Smiles_Merged
O=[N+]([O-])c1ccc2nc(C=Cc3ccc(N4CCCCC4)c([N+](=O)[O-])c3)sc2c1,O,O=[N+]([O-])c1ccc2nc(C=Cc3ccc4c([N+](=O)[O-])(~O~N45CCCCC5)c3)sc2c1,-6.114653587341309,ok,
CCN1CC(=Cc2ccc(-c3ccc(Cl)cc3[N+](=O)[O-])o2)c2nc3ccccc3c(C(=O)O)c2C1,O,CCN1CC(=Cc2ccc(-c3ccc(Cl)cc3[N+](=O)[O-])o2)c2nc3ccccc3c(C3(=O)~O~O3)c2C1,-4.18837833404541,ok,
CCN1CC(=Cc2ccc(-c3ccc(OC)cc3[N+](=O)[O-])o2)c2nc3ccccc3c(C(=O)O)c2C1,O,CCN1CC2=Cc3ccc(o3)-c3ccc(cc3[N+](=O)[O-])O(C)~O~C(=O)(O)c3c(c2nc2ccccc32)C1,-4.918637275695801,ok,
CCN1CC(=Cc2ccc([N+](=O)[O-])cc2)c2nc3ccccc3c(C(=O)O)c2C1,O,CCN1CC(=Cc2ccc([N+](=O)[O-])cc2)c2nc3ccccc3c(C3(=O)~O~O3)c2C1,-3.7675387859344482,ok,
O=C(O)c1cc(C=Cc2ccc(-c3ccc([N+](=O)[O-])cc3)o2)nc2ccccc12,O,O=[N+]([O-])c1ccc(-c2ccc(C=Cc3cc(C4(=O)~O~O4)c4ccccc4n3)o2)cc1,-4.404367923736572,ok,
CC(C)(C)C(=O)C=c1[nH]c(=O)c(=Cc2ccc(-c3ccc(S(=O)(=O)N4CCOCC4)cc3)o2)s1,O,CC(C)(C)C(=O)C=c1[nH]c2(=O)~O~o3c(ccc3-c3ccc(S(=O)(=O)N4CCOCC4)cc3)C=c2s1,-6.799064636230469,ok,
CC(C)(C)C(=O)C=c1[nH]c(=O)c(=Cc2ccc(-c3cccc([N+](=O)[O-])c3)o2)s1,O,CC(C)(C)C(=O)C=c1[nH]c(=O)c(=Cc2ccc3o2~O~c2([N+](=O)[O-])cccc-3c2)s1,-6.948385715484619,ok,
CC(C)(C)C(=O)C=c1[nH]c(=O)c(=Cc2ccc(-c3ccc([N+](=O)[O-])cc3Br)o2)s1,O,CC(C)(C)C(=O)C=c1[nH]c(=O)c(=Cc2ccc3o2~O~c2([N+](=O)[O-])ccc-3c(Br)c2)s1,-7.275394439697266,ok,
N#CC1(c2ccccc2)CC(=Cc2ccc([N+](=O)[O-])cc2)C(=O)C(=Cc2ccc([N+](=O)[O-])cc2)C1,O,N#CC1(c2ccccc2)CC(=Cc2ccc([N+](=O)[O-])cc2)C2=O~O~c3([N+](=O)[O-])ccc(cc3)C=C2C1,-6.629097938537598,ok,
N#CC1(c2ccccc2)CC(=Cc2ccc(C(=O)O)cc2)C(=O)C(=Cc2ccc(C(=O)O)cc2)C1,O,N#CC1(c2ccccc2)CC(=Cc2ccc(C(=O)O)cc2)C(=O)C(=Cc2ccc(C3(=O)~O~O3)cc2)C1,-4.418585777282715,ok,
CCN(CC)S(=O)(=O)c1ccc(-c2ccc(C=c3sc(=C(C#N)C(=O)C(C)(C)C)n(CC4CCCO4)c3=O)o2)cc1,O,CCN(CC)S(=O)(=O)c1ccc(-c2ccc3o2~O~c2(=O)c(sc(=C(C#N)C(=O)C(C)(C)C)n2CC2CCCO2)=C3)cc1,-6.877484321594238,ok,
COC(=O)CCCN1CC(=Cc2csc([N+](=O)[O-])c2)C(=O)C(=Cc2csc([N+](=O)[O-])c2)C1,O,CO1~O~c2([N+](=O)[O-])cc(cs2)C=C2CN(CCCC1=O)CC(=Cc1csc([N+](=O)[O-])c1)C2=O,-5.962527751922607,ok,
CN(c1ccccc1)c1ccc(C=NNc2cccc([N+](=O)[O-])c2)cc1,O,CN1(c2ccccc2)~O~c2([N+](=O)[O-])cccc(c2)NN=Cc2ccc1cc2,-4.958669662475586,ok,
O=C(C=Cc1ccc([N+](=O)[O-])o1)Nc1ccc(N2CCOCC2)cc1,O,O=C(C=Cc1ccc2([N+](=O)[O-])~O~o12)Nc1ccc(N2CCOCC2)cc1,-5.140683174133301,ok,
Cc1cc(C=Cc2sc3ccccc3[n+]2CCCS(=O)(=O)[O-])c(C)n1-c1ccc(I)cc1,O,Cc1cc(C=Cc23~O~[O-]S(=O)(=O)CCC[n+]2c2ccccc2s3)c(C)n1-c1ccc(I)cc1,-3.8480474948883057,ok,
CCN(CC)c1ccc(N=Nc2c(Br)cc([N+](=O)[O-])cc2Br)cc1,O,CCN1(CC)~O~c2([N+](=O)[O-])cc(Br)c(c(Br)c2)N=Nc2ccc1cc2,-5.651206016540527,ok,
O=C1C(=Cc2cc([N+](=O)[O-])ccc2OC(F)F)CCCC1=Cc1cc([N+](=O)[O-])ccc1OC(F)F,O,O=C1C(=Cc2cc([N+](=O)[O-])ccc2OC(F)F)CCCC1=Cc1cc([N+](=O)[O-])ccc1O1~O~C1(F)F,-6.916130065917969,ok,
CCOC(C=C1Sc2c(ccc3c2CCCC3)N1CC)=C1SC(=S)N(CC)C1=O,O,CCN1C(=CC2=C3SC(=S)N(CC)C3(=O)~O~O2CC)Sc2c1ccc1c2CCCC1,-7.328223705291748,ok,
COc1cc2sc(C=CC=C3N(C)c4ccccc4C3(C)C)[n+](CCCS(=O)(=O)[O-])c2c2sccc12,O,COc1cc2sc3(C=CC=C4N(C)c5ccccc5C4(C)C)~O~[O-]S(=O)(=O)CCC[n+]3c2c2sccc12,-3.9151599407196045,ok,
NC(=S)N1N=C2C(=Cc3ccc([N+](=O)[O-])cc3)CCCC2C1c1ccc([N+](=O)[O-])cc1,O,O=[N+]([O-])c1ccc(C2C3CCCC4=Cc5ccc([N+](=O)[O-])(~O~NC(=S)N2N=C43)cc5)cc1,-5.039703845977783,ok,
CCCCN1C(=CC=C2SC(=S)N(CC)C2=O)Sc2ccccc21,O,CCCCN12~O~C3(=O)C(=CC=C1Sc1ccccc12)SC(=S)N3CC,-6.254436492919922,ok,
CN(C)c1ccc(C=C2CCCC(=Cc3cccs3)C2=O)cc1,O,CN1(C)~O~C2(=O)C(=Cc3ccc1cc3)CCCC2=Cc1cccs1,-5.935092926025391,ok,
CCN(CC)c1ccc(N2C(=O)C(=Cc3ccc(C(=O)O)cc3)SC2=S)cc1,O,CCN(CC)c1ccc(N2C(=O)C(=Cc3ccc(C4(=O)~O~O4)cc3)SC2=S)cc1,-4.534806251525879,ok,
O=C1c2ccccc2C2=Nc3ccc4c5c(ccc(c35)N12)CC4,O,c1ccc2c(c1)C1=Nc3ccc4c5c(ccc(c35)N1C21~O~O=1)CC4,-3.841240167617798,ok,
CCN1C(=CC=c2sc(=Cc3sc(-c4ccccc4)c(-c4ccccc4)[n+]3CC)n(CC)c2=O)SC(c2ccccc2)=C1c1ccccc1,O,CCn1c(=Cc2sc(-c3ccccc3)c(-c3ccccc3)[n+]2CC)sc2c1(=O)~O~N1(CC)C(=CC=2)SC(c2ccccc2)=C1c1ccccc1,-6.203269004821777,ok,
C(=C1C=C(c2ccccc2)SC(c2ccccc2)=C1)c1cc(-c2ccccc2)[s+]c(-c2ccccc2)c1,O,C1=C2C=C(c3ccccc3)S(~O~c3(-c4ccccc4)cc1cc(-c1ccccc1)[s+]3)C(c1ccccc1)=C2,-8.681405067443848,ok,
CN1C(=CC=CC2=[N+](C)c3ccc([N+](=O)[O-])cc3C2(C)C)C(C)(C)c2cc([N+](=O)[O-])ccc21,O,C[N+]1=C2C=CC=C3C(C)(C)c4cc([N+](=O)[O-])ccc4N3(C)~O~c3([N+](=O)[O-])ccc1c(c3)C2(C)C,-5.925846099853516,ok,
Cc1ccc(N=C2C(Nc3ccc(C)cc3)=CC(=O)c3oc4ccc(Nc5ccc(C)cc5)cc4c32)cc1,O,Cc1ccc(N=C2C(Nc3ccc(C)cc3)=CC3(=O)~O~o4c3c2c2cc(Nc3ccc(C)cc3)ccc24)cc1,-6.328278541564941,ok,
CN(C)c1ccc(C=CC2=[N+](C)c3ccc(P(=O)(c4ccccc4)c4ccccc4)cc3C2(C)C)cc1,O,C[N+]1=C2C=Cc3ccc(cc3)N(C)(C)~O~c13ccc(P(=O)(c1ccccc1)c1ccccc1)cc3C2(C)C,-6.167957305908203,ok,
CN1C(=CC2=CC3=CC(=C(C#N)C#N)CCC3CC2)Sc2ccccc21,O,CN12~O~C(C#N)(C#N)=C3C=C4C=C(C=C1Sc1ccccc12)CCC4CC3,-6.113938331604004,ok,
CC(=O)N(C=CC=Cc1sc2ccccc2[n+]1C)c1ccccc1,O,CC(=O)N1(c2ccccc2)~O~c2(sc3ccccc3[n+]2C)C=CC=C1,,failed,Featurization failed: RDKit could not parse Smiles_Merged
CC1N(C)c2ccc(C=Cc3sc4ccccc4[n+]3C)cc2C1(C)C,O,CC1C(C)(C)c2cc3ccc2N1(C)~O~c1(sc2ccccc2[n+]1C)C=C3,,failed,Featurization failed: RDKit could not parse Smiles_Merged
CC1CC(=CC2=C(N3CCOCC3)C(=Cc3cccc([N+](=O)[O-])c3)CC2)C(=O)C(=CC2=C(N3CCOCC3)C(=Cc3cccc([N+](=O)[O-])c3)CC2)C1,O,CC1CC(=CC2=C(N3CCOCC3)C(=Cc3cccc([N+](=O)[O-])c3)CC2)C(=O)C(=CC2=C3C(=Cc4cccc([N+](=O)[O-])(~O~O5CCN3CC5)c4)CC2)C1,-6.180598258972168,ok,
CC(=O)C=Cc1ccc(-c2ccc([N+](=O)[O-])cc2)o1,O,CC(=O)C=Cc1ccc2o1~O~c1([N+](=O)[O-])ccc-2cc1,-5.353486061096191,ok,
CCOC(=O)C1C(=O)C=C(C=Cc2ccc(N(C)C)cc2)CC1c1ccccc1,O,CCO1~O~C1(=O)C1C(=O)C=C(C=Cc2ccc(N(C)C)cc2)CC1c1ccccc1,-5.102266311645508,ok,
CCC(=Cc1sc2ccc(C)cc2[n+]1CCCS(=O)(=O)[O-])C=C1Sc2ccc(C)cc2N1CCO,O,CCC(=Cc12~O~[O-]S(=O)(=O)CCC[n+]1c1cc(C)ccc1s2)C=C1Sc2ccc(C)cc2N1CCO,-3.7117042541503906,ok,
CC1N(C)c2ccc(C=C(C#N)C#N)cc2C1(C)C,O,CC1C(C)(C)c2cc3ccc2N1(C)~O~C(C#N)(C#N)=C3,-5.715611457824707,ok,
C=CC[n+]1c(C=Cc2ccc(N(C)C)cc2)ccc2ccccc21,O,C=CC[n+]1c2ccc3ccccc31~O~N(C)(C)c1ccc(cc1)C=C2,-6.250141143798828,ok,
CCCCn1c(=C2SC(=S)N(CCCCCC(=O)OCC)C2=O)sc(=CC=C2SC(c3ccccc3)=C(c3ccccc3)N2CC)c1=O,O,CCCCn1c(=C2SC(=S)N(CCCCCC3(=O)~O~O3CC)C2=O)sc(=CC=C2SC(c3ccccc3)=C(c3ccccc3)N2CC)c1=O,-6.640195846557617,ok,
Cn1c(=NN=CC2=C(N3CCOCC3)C(=Cc3ccc([N+](=O)[O-])cc3)CC2)sc2ccccc21,O,Cn1c(=NN=CC2=C3C(=Cc4ccc([N+](=O)[O-])(~O~O5CCN3CC5)cc4)CC2)sc2ccccc21,-4.706387996673584,ok,
COc1ccc(OC)c(C=NN=CC2=C(N3CCOCC3)C(=Cc3ccc([N+](=O)[O-])cc3)CC2)c1,O,COc1ccc2cc1C=NN=CC1=C(N3CCOCC3)C(=Cc3ccc([N+](=O)[O-])(~O~O2C)cc3)CC1,-3.462817907333374,ok,
CN(C)N=CC=C1CCC(=CC=NN(C)C)C1=O,O,CN(C)N=CC=C1CCC2=CC=NN(C)(C)~O~C12=O,-1.8901787996292114,ok,
CN(C)N=CC=C1CCC(=Cc2ccco2)C1=O,O,CN(C)N=CC=C1CCC2=Cc3ccco3~O~C12=O,-3.1530990600585938,ok,
CCN(CCOC)c1ccc(N=Nc2ccc([N+](=O)[O-])cc2S(=O)(=O)C(F)F)cc1,O,CCN1CCO(C)~O~C(F)(F)S(=O)(=O)c2cc([N+](=O)[O-])ccc2N=Nc2ccc1cc2,-4.944304466247559,ok,
CN(C)N=Cc1ccc(P(c2ccc(C=NN(C)C)o2)c2ccc(C=NN(C)C)o2)o1,O,CN(C)N=Cc1ccc(P2c3ccc(C=NN(C)C)(~O~o4c(C=NN(C)C)ccc42)o3)o1,-3.161410331726074,ok,
O=[N+]([O-])c1cccc(C=C2CCC(C=NNc3ccccc3)=C2N2CCOCC2)c1,O,O=[N+]([O-])c12~O~O3CCN(CC3)C3=C(C=NNc4ccccc4)CCC3=Cc(ccc1)c2,-5.2442402839660645,ok,
O=[N+]([O-])c1cccc(C=C2CCC(C=NN=Cc3cccs3)=C2N2CCOCC2)c1,O,O=[N+]([O-])c12~O~O3CCN(CC3)C3=C(C=NN=Cc4cccs4)CCC3=Cc(ccc1)c2,-4.941051006317139,ok,
N#CC(C#N)=C1C=C2C=C(N3CCN(c4ccccc4)CC3)CCC2CC1,O,N#CC1(C#N)~O~N2(CCN(c3ccccc3)CC2)C2=CC3=CC=1CCC3CC2,-5.181563377380371,ok,
CCN(CC)c1ccc(C=C2CCC(=CC=NN(C)C)C2=O)cc1,O,CCN1(CC)~O~C2(=O)C(=CC=NN(C)C)CCC2=Cc2ccc1cc2,-4.406231880187988,ok,
CN(C)c1ccc(N=Nc2ccc([N+](=O)[O-])cc2C(F)(F)F)cc1,O,CN1(C)~O~C(F)(F)(F)c2cc([N+](=O)[O-])ccc2N=Nc2ccc1cc2,-4.384061813354492,ok,
CCN(CC)c1ccc(C=C2CCC(C=NN=CC3=C(N4CCOCC4)C(=Cc4ccccc4)CC3)=C2N2CCOCC2)cc1,O,CCN(CC)c1ccc(C=C2CCC(C=NN=CC3=C(N4CCO5~O~C5C4)C(=Cc4ccccc4)CC3)=C2N2CCOCC2)cc1,-4.946875095367432,ok,
O=C1C(=CC2=C(N3CCOCC3)C(=Cc3cccc([N+](=O)[O-])c3)CC2)N=C2CCCCCN12,O,O=[N+]([O-])c1cccc(C=C2CCC3=C2N2CCO(~O~C4(=O)C(=C3)N=C3CCCCCN34)CC2)c1,-4.736998558044434,ok,
CC1=C(C#N)c2nc(N)c(C#N)c(C)c2C1=Cc1ccc(-c2ccc(C)cc2Br)o1,O,CC1=C(C#N)c2nc3(N)~O~o4c(ccc4-c4ccc(C)cc4Br)C=C1c2c(C)c3C#N,-6.749319553375244,ok,
CCOC(=O)c1ccc(-c2ccc(C=C3C(C)=C(C#N)c4nc(N)c(C#N)c(C)c43)o2)cc1,O,CCO1~O~C1(=O)c1ccc(-c2ccc(C=C3C(C)=C(C#N)c4nc(N)c(C#N)c(C)c43)o2)cc1,-4.613883018493652,ok,
CCN(CC)c1ccc(C=C2CCC(C=NN=C3C(=O)Nc4ccc(Br)cc43)=C2N2CCOCC2)cc1,O,CCN(CC)c1ccc(C=C2CCC3=C2N2CCO(~O~C4(=O)Nc5ccc(Br)cc5C4=NN=C3)CC2)cc1,-3.8201916217803955,ok,
O=C1C(=CC=Cc2ccc([N+](=O)[O-])cc2)SC(=S)N1c1cccc(Br)c1,O,O=[N+]([O-])c1ccc(C=CC=C2SC(=S)N(c3cccc(Br)c3)C23~O~O=3)cc1,-4.9459028244018555,ok,
O=[N+]([O-])c1cccc(C=C2CCC(C=NN=Cc3ccc(Br)cc3)=C2N2CCOCC2)c1,O,O=[N+]([O-])c12~O~O3CCN(CC3)C3=C(C=NN=Cc4ccc(Br)cc4)CCC3=Cc(ccc1)c2,-4.797524452209473,ok,
CN(C)N=CC=C1CCCC(=Cc2cc(Br)cs2)C1=O,O,CN1(C)~O~C2(=O)C(=CC=N1)CCCC2=Cc1cc(Br)cs1,-4.983165264129639,ok,
CCN(CC)c1ccc(C=C2CCC(C=C(C#N)c3nc4ccccc4s3)=C2N2CCOCC2)cc1,O,CCN(CC)c1ccc(C=C2CCC3=C2N2CCO(~O~c4(nc5ccccc5s4)C(C#N)=C3)CC2)cc1,,failed,Featurization failed: RDKit could not parse Smiles_Merged
CCN(CC)c1ccc(C=C2CCC(C=NN=Cc3ccc(-c4ccc(SC(F)F)cc4)o3)=C2N2CCOCC2)cc1,O,CCN(CC)c1ccc(C=C2CCC(C=NN=Cc3ccc4o3~O~C(F)(F)Sc3ccc-4cc3)=C2N2CCOCC2)cc1,-7.814999103546143,ok,
O=[N+]([O-])c1ccc(C=C2CCC(C3=CCCC3)=C2N2CCOCC2)cc1,O,O=[N+]([O-])c12~O~O3CCN(CC3)C3=C(C4=CCCC4)CCC3=Cc(cc1)cc2,-5.400296211242676,ok,
O=C1C(=CC=Cc2ccc([N+](=O)[O-])cc2)SC(=S)N1c1ccccc1Cl,O,O=[N+]([O-])c1ccc(C=CC=C2SC(=S)N(c3ccccc3Cl)C23~O~O=3)cc1,-5.120678424835205,ok,
O=C1Nc2ccc([N+](=O)[O-])cc2C1=NN=CC1=C(N2CCOCC2)C(=Cc2cccc([N+](=O)[O-])c2)CC1,O,O=[N+]([O-])c1cccc(C=C2CCC3=C2N2CCO(~O~C4(=O)Nc5ccc([N+](=O)[O-])cc5C4=NN=C3)CC2)c1,-3.833775758743286,ok,
O=C1C(=CC(Cl)=Cc2ccc([N+](=O)[O-])cc2)SC(=S)N1c1ccccc1Br,O,O=[N+]([O-])c1ccc(C=C(Cl)C=C2SC(=S)N(c3ccccc3Br)C23~O~O=3)cc1,-5.468690872192383,ok,
CN(C)N=CC=C1CCC(=Cc2ccccc2C(F)(F)F)C1=O,O,CN1(C)~O~C(F)(F)(F)c2ccccc2C=C2CCC(=CC=N1)C2=O,-4.116236686706543,ok,
O=[N+]([O-])c1cccc(C=C2CCC(C=NN=Cc3ccccc3Cl)=C2N2CCOCC2)c1,O,O=[N+]([O-])c12~O~O3CCN(CC3)C3=C(C=NN=Cc4ccccc4Cl)CCC3=Cc(ccc1)c2,-5.117155075073242,ok,
CN(C)N=CC=C1CCCC(=Cc2ccc([N+](=O)[O-])cc2)C1=O,O,CN1(C)~O~c2([N+](=O)[O-])ccc(cc2)C=C2CCCC(=CC=N1)C2=O,-3.830104351043701,ok,
C1=C(N2CCCC2)CCCC1=[N+]1CCCC1,O,C1=C2CCCC1(=[N+]1CCCC1)~O~N21CCCC1,-2.524172067642212,ok,
CN(C)N=CC=C1CCCC(=CC=NN(C)C)C1=O,O,CN(C)N=CC=C1CCCC2=CC=NN(C)(C)~O~C12=O,-2.0294246673583984,ok,
O=C1OC(c2cccs2)=NC1=CC1=C(N2CCOCC2)C(=Cc2cccc([N+](=O)[O-])c2)CC1,O,O=[N+]([O-])c1cccc(C=C2CCC(C=C3N=C(c4cccs4)O4~O~C34=O)=C2N2CCOCC2)c1,-4.557738780975342,ok,
CCCCCN1C(=O)C(=CC=Cc2ccccc2)SC1=S,O,CCCCCN12~O~C1(=O)C(=CC=Cc1ccccc1)SC2=S,-6.204206466674805,ok,
O=C(COC(=O)CCN1C(=O)C(=CC=Cc2ccccc2)SC1=S)NC1CCCCCC1,O,O=C(CO1~O~C1(=O)CCN1C(=O)C(=CC=Cc2ccccc2)SC1=S)NC1CCCCCC1,-6.13308048248291,ok,
O=[N+]([O-])c1cccc(C=C2CCC(C=NN=CC3=C(N4CCOCC4)C(=Cc4cccc([N+](=O)[O-])c4)CC3)=C2N2CCOCC2)c1,O,O=[N+]([O-])c1cccc(C=C2CCC(C=NN=CC3=C4C(=Cc5cccc([N+](=O)[O-])(~O~O6CCN4CC6)c5)CC3)=C2N2CCOCC2)c1,-4.995083332061768,ok,
CCN(CC)c1ccc(C=C2CCC(C=C3N=C(c4cccs4)OC3=O)=C2N2CCOCC2)cc1,O,CCN(CC)c1ccc(C=C2CCC(C=C3N=C(c4cccs4)O4~O~C34=O)=C2N2CCOCC2)cc1,-4.706500053405762,ok,
CCOC(=O)c1ccc(-c2ccc(C=C3C=C(c4ccccc4)N(c4cccc(Cl)c4)C3=O)o2)cc1,O,CCO1~O~C1(=O)c1ccc(-c2ccc(C=C3C=C(c4ccccc4)N(c4cccc(Cl)c4)C3=O)o2)cc1,-5.471578121185303,ok,
CC1CC(=CC2=C(N3CCOCC3)C(=Cc3ccccc3)CC2)C(=O)C(=CC2=C(N3CCOCC3)C(=Cc3ccccc3)CC2)C1,O,CC1CC(=CC2=C(N3CCOCC3)C(=Cc3ccccc3)CC2)C2(=O)~O~O3CCN(CC3)C3=C(C=C2C1)CCC3=Cc1ccccc1,-6.015399932861328,ok,
COCCN1C(=O)C(=CC2=Cc3ccccc3OC2)SC1=S,O,COCCN1C(=S)SC2=CC3=Cc4ccccc4O(~O~C21=O)C3,-6.107486248016357,ok,
CC(C)N(c1ccccc1)c1ccc(NC(=O)c2ccc3c(c2Cl)C(=O)c2ccccc2C3=O)cc1,O,CC(C)N1(c2ccccc2)~O~C(=O)(c2ccc3c(c2Cl)C(=O)c2ccccc2C3=O)Nc2ccc1cc2,-5.75516414642334,ok,
O=[N+]([O-])c1cccc(C=C2CCC(C=NN=Cc3cnc4ccccc4n3)=C2N2CCOCC2)c1,O,O=[N+]([O-])c12~O~O3CCN(CC3)C3=C(C=NN=Cc4cnc5ccccc5n4)CCC3=Cc(ccc1)c2,-2.8685972690582275,ok,
COc1cccc(C=NN=CC2=C(N3CCOCC3)C(=Cc3ccc([N+](=O)[O-])cc3)CC2)c1OC,O,COc1c2cccc1O(C)~O~c1([N+](=O)[O-])ccc(cc1)C=C1CCC(=C1N1CCOCC1)C=NN=C2,-3.416086435317993,ok,
CCN(CC)c1ccc(C=C2CCC(C=NN=Cc3ccc([N+](=O)[O-])cc3)=C2N2CCOCC2)cc1,O,CCN(CC)c1ccc(C=C2CCC3=C2N2CCO(~O~c4([N+](=O)[O-])ccc(cc4)C=NN=C3)CC2)cc1,-3.84191632270813,ok,
O=C1C(=CC=Cc2ccco2)SC(=S)N1c1ccccc1,O,O=C12~O~o3cccc3C=CC=C1SC(=S)N2c1ccccc1,-5.564784049987793,ok,
CN(C=CC=C1CCC(=CC=CN(C)c2ccccc2)C1=O)c1ccccc1,O,CN(C=CC=C1CCC2=CC=CN(C)(c3ccccc3)~O~C12=O)c1ccccc1,-4.875405311584473,ok,
O=[N+]([O-])c1ccc(C=NN=CC2=C(N3CCOCC3)C(=Cc3cccc([N+](=O)[O-])c3)CC2)cc1,O,O=[N+]([O-])c1ccc(C=NN=CC2=C3C(=Cc4cccc([N+](=O)[O-])(~O~O5CCN3CC5)c4)CC2)cc1,-4.631422996520996,ok,
C=C(C)CN=c1scc(-c2ccc([N+](=O)[O-])cc2)n1N=Cc1ccc(N(CC)CC)cc1,O,C=C(C)CN=c1scc2n1N=Cc1ccc(cc1)N(CC)(CC)~O~c1([N+](=O)[O-])ccc-2cc1,-4.622727394104004,ok,
CSC(SC)=C1CCC(=Cc2ccc(N(C)C)cc2)C1=O,O,CSC(SC)=C1CCC2=Cc3ccc(cc3)N(C)(C)~O~C21=O,-5.103235244750977,ok,
O=C(CCN1C(=O)C(=CC=Cc2ccccc2)SC1=S)OCc1ccc(Br)cc1,O,O=C1C(=CC=Cc2ccccc2)SC(=S)N1CCC1(=O)~O~O1Cc1ccc(Br)cc1,-5.785438537597656,ok,
CN(C)c1ccc(C=C2CCCC(=Cc3ccccc3)C2=O)cc1,O,CN1(C)~O~C2(=O)C(=Cc3ccccc3)CCCC2=Cc2ccc1cc2,-5.558337688446045,ok,
CC(C)N1C(=O)C(=CC=Cc2ccc([N+](=O)[O-])cc2)SC1=S,O,CC(C)N12~O~c3([N+](=O)[O-])ccc(cc3)C=CC=C(SC1=S)C2=O,-5.822516441345215,ok,
O=C1C(=C2C(c3ccccc3)=Cc3[o+]c4ccccc4cc32)C([O-])=C1c1c(-c2ccccc2)cc2oc3ccccc3cc1-2,O,O=C1C2=C3C(c4ccccc4)=Cc4(~O~[O-]C2=C1c1c(-c2ccccc2)cc2oc5ccccc5cc1-2)[o+]c1ccccc1cc43,-10.090062141418457,ok,
CC1CCC(=Cc2ccc([N+](=O)[O-])cc2)C(=O)C1=Cc1ccc([N+](=O)[O-])cc1,O,CC1CCC(=Cc2ccc([N+](=O)[O-])cc2)C2=O~O~c3([N+](=O)[O-])ccc(cc3)C=C21,-6.412993907928467,ok,
O=[N+]([O-])c1ccc(Nc2ccc3nc(N4CCOCC4)sc3c2)c(Cl)c1,O,O=[N+]([O-])c12~O~O3CCN(CC3)c3nc4ccc(cc4s3)Nc(cc1)c(Cl)c2,-5.546065330505371,ok,
COc1ccc(C=C2CCC(=Cc3cccc([N+](=O)[O-])c3)C2=O)cc1,O,CO1~O~c2([N+](=O)[O-])cccc(c2)C=C2CCC(=Cc3ccc1cc3)C2=O,-5.471406936645508,ok,
O=C(O)CC(=Cc1ccc(-c2ccc([N+](=O)[O-])cc2Br)o1)c1nc2ccccc2o1,O,O=[N+]([O-])c1ccc(-c2ccc(C=C(CC3(=O)~O~O3)c3nc4ccccc4o3)o2)c(Br)c1,-4.271537780761719,ok,
CCCCN1c2ccccc2Sc2cc(C=C3C(=O)N(c4cccc(Cl)c4)N=C3C)ccc21,O,CCCCN12~O~C3(=O)C(=Cc4ccc1c(c4)Sc1ccccc12)C(C)=NN3c1cccc(Cl)c1,-6.470566749572754,ok,
CN(c1ccccc1)c1ccc(C=Cc2ccc3c4ccccc4ccc3[n+]2-c2ccc(O)cc2)cc1,O,CN(c1ccccc1)c1ccc(C=Cc2ccc3c4ccccc4ccc34~O~Oc3ccc(cc3)-[n+]24)cc1,-6.3976898193359375,ok,
CCN1C(=CC=Cc2sc3ccc(-c4nc5ccc6ccccc6c5s4)cc3[n+]2CC)Sc2ccc(-c3nc4ccc5ccccc5c4s3)cc21,O,CC[n+]1c2cc(-c3nc4ccc5ccccc5c4s3)ccc2sc12~O~N1(CC)C(=CC=C2)Sc2ccc(-c3nc4ccc5ccccc5c4s3)cc21,,failed,Featurization failed: RDKit could not parse Smiles_Merged
COc1ccc(-c2ccc(C=C3SC(=S)N(C4CCCC4)C3=O)o2)cc1,O,CO1~O~C2(=O)C(=Cc3ccc(o3)-c3ccc1cc3)SC(=S)N2C1CCCC1,-6.834877967834473,ok,
O=C(O)CCCCCN1C(=O)C(=Cc2ccc(-c3ccccc3C(F)(F)F)o2)SC1=S,O,O=C1CCCCCN2C(=O)C(=Cc3ccc(o3)-c3ccccc3C(F)(F)(F)~O~O1)SC2=S,-4.774658203125,ok,
CN1C(=O)C(=Cc2ccc(-c3ccc([N+](=O)[O-])cc3Cl)o2)SC1=S,O,CN1C(=O)C(=Cc2ccc3o2~O~c2([N+](=O)[O-])ccc-3c(Cl)c2)SC1=S,-6.870996475219727,ok,
COc1ccc2cc(C=Cc3ncc([N+](=O)[O-])cc3C(=O)O)ccc2c1,O,CO1~O~C(=O)(O)c2cc([N+](=O)[O-])cnc2C=Cc2ccc3cc1ccc3c2,-5.091368675231934,ok,
O=[N+]([O-])c1ccc(Nc2ccc3nc(N4CCCC4)sc3c2)nc1,O,O=[N+]([O-])c12~O~N3(CCCC3)c3nc4ccc(cc4s3)Nc(cc1)nc2,-4.503905296325684,ok,
O=C(C=Cc1cc([N+](=O)[O-])cc2c1OCOC2)Nc1ccc(N2CCCCC2)cc1,O,O=C(C=Cc1cc2([N+](=O)[O-])~O~O3COCc(c2)c13)Nc1ccc(N2CCCCC2)cc1,-5.966056823730469,ok,
O=C(C=CC=Cc1ccco1)c1ccc(N2CCOCC2)cc1,O,O=C1(c2ccc(N3CCOCC3)cc2)~O~o2cccc2C=CC=C1,-4.882214069366455,ok,
O=C(C=CC1=Cc2cc(Cl)ccc2OC1)c1ccc(N2CCOCC2)cc1,O,O=C1(c2ccc(N3CCOCC3)cc2)~O~O2CC(=Cc3cc(Cl)ccc32)C=C1,-5.538763999938965,ok,
COc1ccc2c(c1)C(=O)C(=Cc1ccc([N+](=O)[O-])cc1)CO2,O,CO1~O~c2([N+](=O)[O-])ccc(cc2)C=C2COc3ccc1cc3C2=O,-4.9929609298706055,ok,
O=C(C=Cc1ccc(-c2ccccc2[N+](=O)[O-])s1)NC1CC1,O,O=C1C=Cc2ccc(s2)-c2ccccc2([N+](=O)[O-])~O~N1C1CC1,-5.729687213897705,ok,
CSCCCN1C(=O)C(=Cc2ccc(-c3ccccc3Cl)o2)SC1=S,O,CSCCCN1C(=S)SC2=Cc3ccc(-c4ccccc4Cl)o3~O~C21=O,-7.453560829162598,ok,
CCN(CC)S(=O)(=O)c1ccc(-c2ccc(C=CC(=O)c3cccc(N4CCOCC4)c3)o2)cc1,O,CCN(CC)S1(=O)(=O)~O~o2c(C=CC(=O)c3cccc(N4CCOCC4)c3)ccc2-c2ccc1cc2,-6.581122398376465,ok,
COC(=O)c1ccc(C=C2CCCC(=Cc3ccc(C(=O)OC)o3)C2=O)o1,O,COC(=O)c1ccc(C=C2CCCC(=Cc3ccc(C4(=O)~O~O4C)o3)C2=O)o1,-5.1375732421875,ok,
Cn1cc(C=C2CCC(=Cc3cccc([N+](=O)[O-])c3)C2=O)cn1,O,Cn1cc(C=C2CCC3=Cc4cccc([N+](=O)[O-])(~O~O=C23)c4)cn1,-3.6817219257354736,ok,
CN1C(=CC=C2CCCCC2=O)C(C)(C)c2ccccc21,O,CC1(C)C2=CC=C3CCCCC3(=O)~O~N2(C)c2ccccc21,-4.464110374450684,ok,
CCN1C(=O)C(=Cc2ccc(Cl)s2)SC1=S,O,CCN12~O~C1(=O)C(=Cc1ccc(Cl)s1)SC2=S,-6.046816825866699,ok,
CCN1C(=O)C(=Cc2ccc(-c3ccccc3)s2)C(=O)N(CC)C1=S,O,CCN1C(=O)C(=Cc2ccc(-c3ccccc3)s2)C2(=O)~O~N2(CC)C1=S,-6.118830680847168,ok,
O=C1NC(=S)SC1=CC=Cc1ccc([N+](=O)[O-])cc1,O,O=C1C2=CC=Cc3ccc([N+](=O)[O-])(~O~N1C(=S)S2)cc3,-5.053459167480469,ok,
CN1C=CC=CC1=C1N=C(c2ccco2)OC1=O,O,CN1C=CC=CC1=C1N=C2OC1(=O)~O~o1cccc12,-3.1675288677215576,ok,
Cc1ccc(-c2csc(C(C#N)=C3C=CC=CN3C)n2)cc1,O,Cc1ccc(-c2csc3(~O~N4(C)C=CC=CC4=C3C#N)n2)cc1,,failed,Featurization failed: RDKit could not parse Smiles_Merged
CN1C(=O)C(=CC=Cc2ccco2)SC1=S,O,CN1C(=S)SC2=CC=Cc3ccco3~O~C21=O,-4.122160911560059,ok,
O=C1C(=Cc2csnn2)CCCCCC1=Cc1csnn1,O,C(=C1CCCCCC(=Cc2csnn2)C12~O~O=2)c1csnn1,-4.776525020599365,ok,
CC1CC(=Cc2csnn2)C(=O)C(=Cc2csnn2)C1,O,CC1CC(=Cc2csnn2)C2(~O~O=2)C(=Cc2csnn2)C1,-4.700897216796875,ok,
O=C1C(=Cc2ccsc2)CCC1=Cc1cccc([N+](=O)[O-])c1,O,O=[N+]([O-])c12~O~O=C3C(=Cc4ccsc4)CCC3=Cc(ccc1)c2,-4.6898369789123535,ok,
COc1ccc(C=C2CCC(=Cc3cccc([N+](=O)[O-])c3)C2=O)cc1O,O,COc1ccc2cc1O~O~c1([N+](=O)[O-])cccc(c1)C=C1CCC(=C2)C1=O,-5.016855716705322,ok,
COc1cccc(C=C2CCC(=Cc3cccc([N+](=O)[O-])c3)C2=O)c1,O,CO1~O~c2([N+](=O)[O-])cccc(c2)C=C2CCC(=Cc3cccc1c3)C2=O,-5.660312652587891,ok,
COc1cc(C=C2CCC(=Cc3cccc([N+](=O)[O-])c3)C2=O)cc2c1OCCO2,O,CO1~O~c2([N+](=O)[O-])cccc(c2)C=C2CCC(=Cc3cc4c(c1c3)OCCO4)C2=O,-4.6457061767578125,ok,
COc1ccc(C=C2CCC(=Cc3cccc([N+](=O)[O-])c3)C2=O)cc1OC,O,COc1cc2ccc1O(C)~O~c1([N+](=O)[O-])cccc(c1)C=C1CCC(=C2)C1=O,-5.2545552253723145,ok,
CCN1CC(=Cc2csnn2)C(=O)C(=Cc2csnn2)C1,O,CCN12~O~C(=O)(C(=Cc3csnn3)C1)C(=Cc1csnn1)C2,-5.632923126220703,ok,
O=C1C(=Cc2csnn2)CCCC1=Cc1csnn1,O,C(=C1CCCC(=Cc2csnn2)C12~O~O=2)c1csnn1,-4.653298377990723,ok,
O=C1C(=Cc2ccc(C(=O)O)cc2)CN(c2ccccn2)CC1=Cc1ccc(C(=O)O)cc1,O,O=C1C(=Cc2ccc(C(=O)O)cc2)CN(c2ccccn2)CC1=Cc1ccc(C2(=O)~O~O2)cc1,-4.2393999099731445,ok,
O=C1C(=Cc2cccc([N+](=O)[O-])c2)CCC1=Cc1cc(F)ccc1F,O,O=[N+]([O-])c12~O~O=C3C(=Cc(ccc1)c2)CCC3=Cc1cc(F)ccc1F,-4.755212783813477,ok,
O=C1C(=Cc2cnc(N3CCCC3)nc2)CCC1=Cc1cccc([N+](=O)[O-])c1,O,O=C1C2=Cc3cnc(nc3)N3(~O~c4([N+](=O)[O-])cccc(c4)C=C1CC2)CCCC3,-3.6359825134277344,ok,
O=C1C(=Cc2cccc([N+](=O)[O-])c2)CCC1=Cc1csc(-c2ccccn2)n1,O,O=[N+]([O-])c12~O~O=C3C(=Cc(ccc1)c2)CCC3=Cc1csc(-c2ccccn2)n1,-4.243991851806641,ok,
S=C1NC(=S)C(=CC=Cc2ccco2)S1,O,S=C1NC2(=S)~O~o3cccc3C=CC=C1S2,-5.909996509552002,ok,
O=C1C(=Cc2cccc([N+](=O)[O-])c2)CC(O)(C(F)(F)F)CC1=Cc1cccc([N+](=O)[O-])c1,O,O=C1C(=Cc2cccc([N+](=O)[O-])c2)CC2(CC1=Cc1cccc([N+](=O)[O-])c1)O~O~C2(F)(F)F,-4.308695316314697,ok,
O=C1C(=Cc2ccc([N+](=O)[O-])cc2)CC(O)(C(F)(F)F)CC1=Cc1ccc([N+](=O)[O-])cc1,O,O=C1C(=Cc2ccc([N+](=O)[O-])cc2)CC2(CC1=Cc1ccc([N+](=O)[O-])cc1)O~O~C2(F)(F)F,-4.206734657287598,ok,
O=C1C(=Cc2ccc(C(=O)O)cc2)CC(O)(C(F)(F)F)CC1=Cc1ccc(C(=O)O)cc1,O,O=C1C(=Cc2ccc(C(=O)O)cc2)CC2(O)CC1=Cc1ccc(cc1)C(=O)O~O~C2(F)(F)F,-3.6896040439605713,ok,
O=[N+]([O-])c1ccc(C2=Nc3ccc(Br)cc3C(c3ccc([N+](=O)[O-])cc3)=Nc3ccc(Br)cc32)cc1,O,O=[N+]([O-])c1ccc(C2=Nc3ccc(Br)cc3C(c3ccc4(~O~O=[N+]4[O-])cc3)=Nc3ccc(Br)cc32)cc1,,failed,Featurization failed: RDKit could not parse Smiles_Merged
O=C(O)C=Cc1cnc(C=Cc2csc([N+](=O)[O-])c2)s1,O,O=[N+]([O-])c1cc(C=Cc2ncc(C=CC3(=O)~O~O3)s2)cs1,-4.561548233032227,ok,
Cc1cc(C=C2CCC(=Cc3cccc([N+](=O)[O-])c3)C2=O)cc(C)c1O,O,Cc1cc2cc(C)c1O~O~c1([N+](=O)[O-])cccc(c1)C=C1CCC(=C2)C1=O,-3.819842576980591,ok,
COc1cc(C=C2CCC(=Cc3cccc([N+](=O)[O-])c3)C2=O)cc(OC)c1O,O,COc1cc2cc(OC)c1O~O~c1([N+](=O)[O-])cccc(c1)C=C1CCC(=C2)C1=O,-3.4310691356658936,ok,
O=C(O)/C=C/c1ccc(-c2ccccc2[N+](=O)[O-])s1,O,O=[N+]([O-])c1ccccc1-c1ccc(/C=C/C2(=O)~O~O2)s1,-4.103278160095215,ok,
CC[n+]1c(/C=C2/C=C(/C=C3\Sc4ccccc4N3CCCS(=O)(=O)[O-])CC(C)(C)C2)sc2ccc3ccccc3c21,O,CC[n+]1c2c(ccc3ccccc32)sc12~O~[O-]S(=O)(=O)CCCN1/C(=C/C3=C/C(=C/2)CC(C)(C)C3)Sc2ccccc21,,failed,Featurization failed: RDKit could not parse Smiles_Merged
CCN1/C(=C/C2=C/C(=C/c3sc4ccc(OC)cc4[n+]3CC)CC(C)(C)C2)Sc2ccccc21,O,CCN1/C(=C/C2=C/C(=C/c34~O~O(C)c5ccc(s3)c(c5)[n+]4CC)CC(C)(C)C2)Sc2ccccc21,-7.514578819274902,ok,
CCSC1=C(/C=C/C2=[N+](C)c3ccccc3C2(C)C)CCC/C1=C\C=C1\N(C)c2ccccc2C1(C)C,O,CCSC1=C2/C=C/C3=[N+](C)c4(~O~N5(C)/C(=C/C=C/1CCC2)C(C)(C)c1ccccc15)ccccc4C3(C)C,-7.387088775634766,ok,
CCCCCCCCCCN1C=CC(=CC2=CC(=C3C(=O)c4ccccc4C3=O)CCC2)C=C1,O,CCCCCCCCCCN12~O~C3(=O)C(=C4C=C(C=C(C=C1)C=C2)CCC4)C(=O)c1ccccc13,-6.6107401847839355,ok,
CC(C)(C)C1=C/C(=C\C2=C([O-])/C(=C\c3cc(C(C)(C)C)c4ccccc4[o+]3)C2=O)Oc2ccccc21,O,CC(C)(C)C1=C/C(=C\C2=C3[O-]~O~c45ccccc4c(C(C)(C)C)cc([o+]5)/C=C\3C2=O)Oc2ccccc21,-10.352927207946777,ok,
CCCn1c2ccccc2c2cc(/C=C/C3=CC(=C(C#N)C#N)C=C(c4ccccc4)O3)ccc21,O,CCCn1c2ccccc2c2cc(/C=C/C3=CC4=C(C#N)(C#N)~O~O3C(c3ccccc3)=C4)ccc21,-6.797747611999512,ok,
CC[n+]1c(/C=C2/C=C(/C=C3\Sc4ccccc4N3CCCS(=O)(=O)[O-])CC(C)(C)C2)sc2cc(OC)c(C)cc21,O,CC[n+]1c2cc(C)c(OC)cc2sc12~O~[O-]S(=O)(=O)CCCN1/C(=C/C3=C/C(=C/2)CC(C)(C)C3)Sc2ccccc21,,failed,Featurization failed: RDKit could not parse Smiles_Merged
CC(=O)N(/C=C1\SC=CC1=S)/C=C1/SC=CC1=S,O,CC1(=O)~O~N1(/C=C1\SC=CC1=S)/C=C1/SC=CC1=S,-5.814284324645996,ok,
CCO/C=C(C)\C=C\C1=C/C(=C/c2sc3ccccc3[n+]2CC)CC(C)(C)C1,O,CC[n+]1c2ccccc2sc12~O~O(CC)/C=C(C)\C=C\C1=C/C(=C/2)CC(C)(C)C1,,failed,Featurization failed: RDKit could not parse Smiles_Merged
CC1CC(C)(C)N(C)c2ccc(C=C3C(=O)c4ccccc4C3=O)cc21,O,CC1CC(C)(C)N2(C)~O~C3(=O)C(=Cc4ccc2c1c4)C(=O)c1ccccc13,-5.979128360748291,ok,
COc1ccc(-c2ccc(C=C3C(=O)c4ccccc4C3=O)o2)c([N+](=O)[O-])c1,O,CO1~O~c2([N+](=O)[O-])cc1ccc2-c1ccc(C=C2C(=O)c3ccccc3C2=O)o1,-5.826488018035889,ok,
Cc1ccc(Nc2cc(N3CCCCC3)c(N)c3c2C(=O)c2ccccc2C3=O)cc1,O,Cc1ccc(Nc2cc(N3CCCCC3)c3c4c2C(=O)c2ccccc2C4(=O)~O~N3)cc1,-5.3394670486450195,ok,
CCOC(=O)CCN1/C(=C\C=C2/SC(=S)N(C)C2=O)Sc2ccc(OC)cc21,O,CCOC1(=O)~O~O(C)c2ccc3c(c2)N(CC1)/C(=C\C=C1/SC(=S)N(C)C1=O)S3,-6.251269340515137,ok,
O=C1NC(=S)S/C1=C/C=C/c1cccc([N+](=O)[O-])c1,O,O=C1/C2=C\C=C\c3cccc([N+](=O)[O-])(~O~N1C(=S)S2)c3,-5.385942459106445,ok,
O=[N+]([O-])c1ccc(-c2ccc(/C=C\c3nc4ccccc4o3)o2)cc1,O,O=[N+]([O-])c12~O~o3c(/C=C\c4nc5ccccc5o4)ccc3-c(cc1)cc2,-5.665280342102051,ok,
CSCCC(C(=O)O)N1C(=O)/C(=C\c2ccc(-c3ccc([N+](=O)[O-])cc3)o2)SC1=S,O,CSCCC(N1C(=O)/C(=C\c2ccc(-c3ccc([N+](=O)[O-])cc3)o2)SC1=S)C1(=O)~O~O1,-4.539746284484863,ok,
CN(C)c1ccc(NC(=O)c2ccc3nsnc3c2)cc1,O,CN1(C)~O~C(=O)(c2ccc3nsnc3c2)Nc2ccc1cc2,-5.69993782043457,ok,
O=C1N=C(N2CCN(c3cccc(Cl)c3)CC2)S/C1=C\c1ccc(-c2ccc([N+](=O)[O-])cc2)o1,O,O=[N+]([O-])c1ccc(-c2ccc3o2~O~C2(=O)N=C(N4CCN(c5cccc(Cl)c5)CC4)S/C2=C\3)cc1,-4.800014495849609,ok,
O=C1/C(=C\C=C\c2cccc(Br)c2)SC(=S)N1Cc1ccccc1,O,O=C12~O~N1(Cc1ccccc1)C(=S)S/C2=C/C=C/c1cccc(Br)c1,-5.89855432510376,ok,
O=C1SC(SCc2ccc(Cl)cc2)=N/C1=C\c1ccc(-c2ccc([N+](=O)[O-])cc2)o1,O,O=C1SC(SCc2ccc(Cl)cc2)=N/C1=C\c1ccc2o1~O~c1([N+](=O)[O-])ccc-2cc1,-6.0199079513549805,ok,
N#C/C(=C/c1ccc(N2CCCC2)cc1F)c1ccc(C(=O)O)cc1,O,N#C/C(=C/c1ccc(N2CCCC2)cc1F)c1ccc(C2(=O)~O~O2)cc1,-3.9756486415863037,ok,
CCN1/C(=C/C=C/C=C/C=O)Sc2ccccc21,O,CCN12~O~C(=O)/C=C/C=C/C=C/1Sc1ccccc12,-4.923120975494385,ok,
CCN1C(=O)/C(=C/C=C2/N(CC)c3ccc(-c4ccccc4)cc3C2(C)C)S/C1=N\c1ccc(/C=C/c2ccccc2)cc1,O,CCN1/C(=N/c2ccc(/C=C/c3ccccc3)cc2)SC2=CC=C3C(C)(C)c4cc(-c5ccccc5)ccc4N3(CC)~O~C21=O,-6.0207319259643555,ok,
O=C(O)CCC(C(=O)O)N1C(=O)/C(=C/C(Cl)=C\c2ccc([N+](=O)[O-])cc2)SC1=S,O,O=C1CCC(N2C(=O)/C(=C/C(Cl)=C\c3ccc([N+](=O)[O-])cc3)SC2=S)C(=O)(O)~O~O1,-4.256164073944092,ok,
CN(C)/C=C/C=C/C=C/C(=O)/C=C/C=C/N(C)C,O,CN(C)/C=C/C=C/C1(=O)~O~N(C)(C)/C=C/C=C/C=C/1,-2.4412691593170166,ok,
CN(C)/C=C/C=C/C1=CC(=O)/C(=C/C=C/N(C)C)CC1,O,CN(C)/C=C/C=C1\CCC2=CC1(=O)~O~N(C)(C)/C=C/C=C/2,-3.029245376586914,ok,
CC(=O)C(=C/C=C/C=C/N(C)C)C(C)=O,O,CC(=O)C1=C/C=C/C=C/N(C)(C)~O~C1(C)=O,-1.1184543371200562,ok,
CC1CC/C(=C\C=C\N(C)C)C(=O)/C1=C/C=C/N(C)C,O,CC1CCC2=CC=CN(C)(C)~O~C2(=O)/C1=C/C=C/N(C)C,-3.2705140113830566,ok,
CN(C)/C=C/C=C/C(=O)c1ccc(/C=C/C=C/N(C)C)o1,O,CN(C)/C=C/C=C/c1ccc2o1~O~C2(=O)/C=C/C=C/N(C)C,-4.639134407043457,ok,
COC(=O)CCNc1ccc(NCCC(=O)OC)c2c1C(=O)c1ccccc1C2=O,O,COC(=O)CCNc1ccc(NCCC2(=O)~O~O2C)c2c1C(=O)c1ccccc1C2=O,-5.809063911437988,ok,
CN1C=CC=C/C1=C\C=C1\C=Nc2ccccc21,O,CN12~O~c34ccccc3/C(=C\C=C\1C=CC=C2)C=N4,-4.148152828216553,ok,
CCN(CC)c1ccc(/C=C/c2ccc([N+](=O)[O-])cc2)cc1,O,CCN1(CC)~O~c2([N+](=O)[O-])ccc(cc2)/C=C/c2ccc1cc2,-5.854012489318848,ok,
COc1ccc([N+](=O)[O-])cc1-c1ccc(/C=C/c2cc(C(F)(F)F)nc(=O)[nH]2)o1,O,CO1~O~C(F)(F)(F)c2cc([nH]c(=O)n2)/C=C/c2ccc(o2)-c2cc([N+](=O)[O-])ccc21,-6.759740829467773,ok,
Cc1ccc(S(=O)(=O)/C(=C/C=C2/N(C)c3ccccc3C2(C)C)c2sc3ccccc3[n+]2C)cc1,O,Cc1ccc(S(=O)(=O)C2=CC=C3C(C)(C)c4ccccc4N3(C)~O~c23sc2ccccc2[n+]3C)cc1,,failed,Featurization failed: RDKit could not parse Smiles_Merged
O=[N+]([O-])c1cccc(/C=N/N(c2ccccc2)c2ccccc2)c1,O,[O-][N+]1=O~O~c12cccc(/C=N/N(c1ccccc1)c1ccccc1)c2,,failed,Featurization failed: RDKit could not parse Smiles_Merged
N=C1NC(=O)/C(=C/C=C/c2ccc([N+](=O)[O-])o2)S1,O,N=C1NC(=O)/C(=C/C=C/c2ccc3([N+](=O)[O-])~O~o23)S1,-5.13413143157959,ok,
CCCCN1C(=O)/C(=c2/s/c(=C/C=C3\SC(c4ccccc4)=C(c4ccccc4)N3CC)c(=O)n2CCCC)SC1=S,O,CCCCN1C(=S)S/C2=c3\s/c(c(=O)n3CCCC)=C/C=C3\SC(c4ccccc4)=C(c4ccccc4)N3(CC)~O~C21=O,-7.16489315032959,ok,
CCOC(=O)N1CCN(C(=S)Nc2ccc3nc4c5ccccc5c5ccccc5c4nc3c2)CC1,O,CCO1~O~C1(=O)N1CCN(C(=S)Nc2ccc3nc4c5ccccc5c5ccccc5c4nc3c2)CC1,-4.35216760635376,ok,
O=C1OC(c2ccccc2)=C/C1=C/c1ccc(-c2ccc([N+](=O)[O-])cc2)o1,O,O=[N+]([O-])c1ccc(-c2ccc3o2~O~C2(=O)OC(c4ccccc4)=C/C2=C/3)cc1,-5.53695821762085,ok,
Cc1cc(-c2ccc(/C=C3\Sc4ccccc4C3=O)o2)cc([N+](=O)[O-])c1C,O,Cc1cc2cc([N+](=O)[O-])(~O~o3c(/C=C4\Sc5ccccc5C4=O)ccc3-2)c1C,-6.631464958190918,ok,
Cc1ccc(C2=C/C(=C/c3ccc(-c4ccc([N+](=O)[O-])cc4)o3)C(=O)O2)cc1,O,Cc1ccc(C2=C/C3=C/c4ccc(-c5ccc([N+](=O)[O-])cc5)o4~O~C3(=O)O2)cc1,-5.533286094665527,ok,
CCOC(=O)CN1C(=O)S/C(=C/C=C/c2ccc(N(C)C)cc2)C1=O,O,CCO1~O~C1(=O)CN1C(=O)S/C(=C/C=C/c2ccc(N(C)C)cc2)C1=O,-5.286747932434082,ok,
O=C(Nc1ccc(N2CCOCC2)cc1)Nc1ccc2nsnc2c1,O,O=C1(Nc2ccc3nsnc3c2)~O~O2CCN(CC2)c2ccc(cc2)N1,-5.451277732849121,ok,
CCN(CC)c1ccc(/C=C(/C#N)c2cccc([N+](=O)[O-])c2)c(OC)c1,O,CCN(CC)c1ccc2c(c1)O(C)~O~c1([N+](=O)[O-])cccc(c1)/C(C#N)=C\2,-6.396891117095947,ok,
N#C/C(=C/c1ccc(N2CCCC2)cc1)c1cccc([N+](=O)[O-])c1,O,N#C/C1=C/c2ccc(cc2)N2(~O~c3([N+](=O)[O-])cccc1c3)CCCC2,-5.259038925170898,ok,
N#C/C(=C/c1ccc(N2CCCCCC2)o1)c1ccc(F)cc1,O,N#C/C(=C/c1ccc2(N3CCCCCC3)~O~o12)c1ccc(F)cc1,-6.66015100479126,ok,
O=C1/C(=C\C=C(Cl)Cl)CC/C1=C\C=C(Cl)Cl,O,ClC(Cl)=C/C=C1/CC/C(=C\C=C(Cl)Cl)C12~O~O=2,-5.226744174957275,ok,
CC(=O)Nc1ccc2sc(/C=C/C=C/C=C/N(C)c3ccccc3)[n+](CCO)c2c1,O,CC(=O)Nc1ccc2sc3(/C=C/C=C/C=C/N(C)c4ccccc4)~O~OCC[n+]3c2c1,-4.502120018005371,ok,
O=C1c2ccccc2C(=O)c2cc(Nc3ccccc3)ccc21,O,O=C1c2ccccc2C2(=O)~O~N(c3ccccc3)c3ccc1c2c3,-5.798554420471191,ok,
O=c1cc2oc3c4c5c(cc3nc-2c2ccccc12)CCCN5CCC4,O,O=c12~O~o3c(c1)-c(nc1cc4c5c(c13)CCCN5CCC4)c1ccccc12,-4.968494415283203,ok,
O=C1/C(=C/C=C/c2cccc([N+](=O)[O-])c2)Sc2ccccc21,O,O=[N+]([O-])c12~O~O=C3/C(=C/C=C/c(ccc1)c2)Sc1ccccc13,-4.917840003967285,ok,
Cc1cc([N+](=O)[O-])c(-c2ccc(C=C3C(=O)c4ccccc4C3=O)o2)cc1Cl,O,Cc1cc2([N+](=O)[O-])~O~o3c(C=C4C(=O)c5ccccc5C4=O)ccc3-c2cc1Cl,-6.460246562957764,ok,
NC(=O)N(CC(=O)O)/N=C/C=C/c1ccc([N+](=O)[O-])o1,O,NC(=O)N1CC(=O)O~O~c2([N+](=O)[O-])ccc(o2)/C=C/C=N/1,-4.145852088928223,ok,
Cc1ccc(NC(=O)/C=C/c2ccc(-c3cccc([N+](=O)[O-])c3)o2)cc1,O,Cc1ccc(NC(=O)/C=C/c2ccc3o2~O~c2([N+](=O)[O-])cccc-3c2)cc1,-6.400809288024902,ok,
COc1ccc(N2C(=O)/C(=C\C=C\c3ccc(N(C)C)cc3)SC2=S)cc1,O,CN(C)c1ccc(/C=C/C=C2/SC(=S)N3c4ccc(cc4)O(C)~O~C23=O)cc1,-6.002930164337158,ok,
O=C1/C(=C/c2ccc(-c3ccc(Cl)cc3[N+](=O)[O-])o2)Sc2ccccc21,O,O=C1/C(=C/c2ccc3o2~O~c2([N+](=O)[O-])cc(Cl)ccc2-3)Sc2ccccc21,-6.647673606872559,ok,
Cc1cccc(N2CCN(C3=NC(=O)/C(=C/c4ccc(-c5cccc([N+](=O)[O-])c5)o4)S3)CC2)c1,O,Cc1cccc(N2CCN(C3=NC4(=O)~O~o5c(ccc5-c5cccc([N+](=O)[O-])c5)/C=C/4S3)CC2)c1,-4.49700403213501,ok,
CN(C1=NC(=O)/C(=C\C(Cl)=C\c2ccc([N+](=O)[O-])cc2)S1)c1ccc(O)cc1,O,CN1C2=NC(=O)(~O~Oc3ccc1cc3)/C(=C\C(Cl)=C\c1ccc([N+](=O)[O-])cc1)S2,-3.4669601917266846,ok,
O=C1/C(=C\c2ccc(-c3ccc([N+](=O)[O-])cc3Br)o2)SC(=S)N1Cc1ccccc1,O,O=C1/C(=C\c2ccc3o2~O~c2([N+](=O)[O-])ccc-3c(Br)c2)SC(=S)N1Cc1ccccc1,-7.184874534606934,ok,
C=CCN1C(=O)S/C(=C\C=C\c2ccc(N(C)C)cc2)C1=O,O,C=CCN1C(=O)/C2=C/C=C/c3ccc(cc3)N(C)(C)~O~C1(=O)S2,-4.789336204528809,ok,
CCCSC1=N/C(=C\C=C\c2ccco2)C(=O)S1,O,CCCSC1=N/C2=C\C=C\c3ccco3~O~C2(=O)S1,-4.362581253051758,ok,
N#C/C(=C/c1ccc(-c2ccc([N+](=O)[O-])cc2Br)o1)c1ccc2c(c1)OCO2,O,N#C/C(=C/c1ccc2o1~O~c1([N+](=O)[O-])ccc-2c(Br)c1)c1ccc2c(c1)OCO2,-5.9297614097595215,ok,
C[n+]1ccccc1C(=O)/C=C/C=C(Cl)Cl,O,C[n+]1ccccc12~O~O=C2/C=C/C=C(Cl)Cl,,failed,Featurization failed: RDKit could not parse Smiles_Merged
c1ccc2c(c1)N=c1cc3c(cc1O2)=Nc1ccccc1O3,O,c1ccc2c(c1)N=c1cc3c4cc1(~O~O3c1ccccc1N=4)O2,-3.834120035171509,ok,
CNc1ccc(Nc2ccc(C)cc2)c2c1C(=O)c1ccccc1C2=O,O,Cc1ccc(Nc2ccc3c4c2C(=O)(~O~N3C)c2ccccc2C4=O)cc1,-5.742022514343262,ok,
O=C1C(Cl)=C(N2CCCCC2)C(=O)C(Cl)=C1/C=C/N1CCCCC1,O,O=C1C(Cl)=C(N2CCCCC2)C2(=O)~O~N3(C=CC1=C2Cl)CCCCC3,-5.272423267364502,ok,
Nc1nonc1N/N=C/c1ccc2nsnc2c1,O,C(=N/Nc12~O~Nc1non2)\c1ccc2nsnc2c1,-4.921444892883301,ok,
O=C1C2=C3C=CC(S(=O)(=O)O)=CC3CC=C2S/C1=C1\Sc2ccc3cc(S(=O)(=O)O)ccc3c2C1=O,O,O=C1/C2=C3/SC4=CCC5C=C(S(=O)(=O)O)C=CC5=C4C3=O~O~S(=O)(=O)(O)c3ccc4c1c(ccc4c3)S2,-5.749361038208008,ok,
COc1cc([N+](=O)[O-])ccc1-c1ccc(C=C(C#N)C#N)o1,O,CO1~O~c2([N+](=O)[O-])ccc(-c3ccc(C=C(C#N)C#N)o3)c1c2,-5.308466911315918,ok,
CCN(CC)S(=O)(=O)c1ccc2nsnc2c1,O,CCN(CC)S1(=O)(c2ccc3nsnc3c2)~O~O=1,-4.409170150756836,ok,
COc1ccc(NC(=O)/C(C#N)=C/c2ccc(-c3ccc([N+](=O)[O-])cc3OC)o2)cc1,O,COc1cc2([N+](=O)[O-])~O~O(C)c3ccc(cc3)NC(=O)/C(C#N)=C/c3ccc(o3)-c1cc2,-5.466959476470947,ok,
O=C1NC(=S)S/C1=C/c1ccc(-c2ccc([N+](=O)[O-])cc2Br)o1,O,O=C1NC(=S)S/C1=C/c1ccc2o1~O~c1([N+](=O)[O-])ccc-2c(Br)c1,-6.974213600158691,ok,
CC(C)(C)c1ccc(C2=C/C(=C/c3ccc(-c4cc([N+](=O)[O-])ccc4Cl)o3)C(=O)O2)cc1,O,CC(C)(C)c1ccc(C2=C/C3=C/c4ccc(-c5cc([N+](=O)[O-])ccc5Cl)o4~O~C3(=O)O2)cc1,-6.520659923553467,ok,
CC1=C(C#N)c2nc(N)c(C#N)c(C)c2/C1=C/c1ccc(-c2ccc([N+](=O)[O-])cc2C)o1,O,CC1=C(C#N)c2nc(N)c(C#N)c(C)c2/C1=C/c1ccc2o1~O~c1([N+](=O)[O-])ccc-2c(C)c1,-5.620370388031006,ok,
CN(C)c1ccc(/C=C/C=C/c2cc[n+](CCCS(=O)(=O)[O-])cc2)cc1,O,CN(C)c1ccc(/C=C/C=C/c2cc[n+]3c(~O~[O-]S(=O)(=O)CCC3)c2)cc1,-4.1905517578125,ok,
Cc1ccc(N2C(=O)NC(=O)/C(=C\c3ccc(N4CCCC4)o3)C2=O)cc1,O,Cc1ccc(N2C(=O)/C3=C/c4ccc(N5CCCC5)o4~O~C2(=O)NC3=O)cc1,-5.643077850341797,ok,
O=[N+]([O-])c1ccc(-c2ccc(/C=C/c3cc(O)c4ccccc4n3)o2)cc1,O,O=[N+]([O-])c12~O~Oc3cc(nc4ccccc34)/C=C/c3ccc(o3)-c(cc1)cc2,-4.234047889709473,ok,
O=C1NC(=S)NC(=O)C1=C/C=C/C=C/c1c(O)[nH]c(=S)[nH]c1=O,O,O=C1NC(=S)NC2(=O)~O~Oc3[nH]c(=S)[nH]c(=O)c3/C=C/C=C/C=C12,-5.497854232788086,ok,
CCC(/C=C1\Sc2ccccc2N1CCCS(=O)(=O)[O-])=C\c1sc2ccc(OC)cc2[n+]1CCCS(=O)(=O)[O-],O,CCC1=C\c2(~O~[O-]S(=O)(=O)CCCN3/C(=C/1)Sc1ccccc13)sc1ccc(OC)cc1[n+]2CCCS(=O)(=O)[O-],,failed,Featurization failed: RDKit could not parse Smiles_Merged
Cc1ccc(N(C=O)c2ccc(Nc3ccc(C)cc3Br)c3c2C(=O)c2ccccc2C3=O)cc1,O,Cc1ccc(N2c3ccc(c4c3C(=O)c3ccccc3C4=O)N(c3ccc(C)cc3Br)~O~C2=O)cc1,-6.349627494812012,ok,
O=C(O)c1cccc(-c2ccc(C=C3C(=O)c4ccccc4C3=O)o2)c1,O,O=C1C(=Cc2ccc(-c3cccc(C4(=O)~O~O4)c3)o2)C(=O)c2ccccc21,-4.819640159606934,ok,
O=C1C(=Cc2ccc(-c3ccc([N+](=O)[O-])cc3)o2)C(=O)c2ccccc21,O,O=C1C(=Cc2ccc3o2~O~c2([N+](=O)[O-])ccc-3cc2)C(=O)c2ccccc21,-6.224917411804199,ok,
CCN(CC)c1ccc(/C=C(/C#N)c2ccc([N+](=O)[O-])cc2)cc1,O,CCN1(CC)~O~c2([N+](=O)[O-])ccc(cc2)/C(C#N)=C\c2ccc1cc2,-6.244414806365967,ok,
O=[N+]([O-])c1ccc(O)c(/C=N/N=C/c2ccccc2O)c1,O,O=[N+]([O-])c12~O~Oc3ccccc3/C=N/N=C/c(c1)c(O)cc2,-2.7997262477874756,ok,
Cc1ccc(C2=NC(=O)/C(=C/C=C/c3ccc([N+](=O)[O-])o3)S2)cc1,O,Cc1ccc(C2=NC(=O)/C(=C/C=C/c3ccc4([N+](=O)[O-])~O~o34)S2)cc1,-5.012503623962402,ok,
CC(C)(C)c1ccc(N(/C=C/c2ccccc2)c2ccc3c(c2O)C(=O)c2ccccc2C3=O)cc1,O,CC(C)(C)c1ccc(N(/C=C/c2ccccc2)c2ccc3c4c2O~O~C4(=O)c2ccccc2C3=O)cc1,-5.428639888763428,ok,
CCCCN1C(=O)/C(=C\C=C2\Sc3ccccc3N2CCC(=O)OCC)SC1=S,O,CCCCN1C(=O)/C(=C\C=C2\Sc3ccccc3N2CCC2(=O)~O~O2CC)SC1=S,-6.30348014831543,ok,
CCN(CC)c1ccc(/C=C2/SC(=S)N(Cc3ccccc3)C2=O)c(O)c1,O,CCN(CC)c1ccc2c(c1)O~O~C1(=O)/C(=C\2)SC(=S)N1Cc1ccccc1,-4.647894859313965,ok,
CC1=NN(c2ccc(C)cc2)C(=O)/C1=C/C=C/c1ccc([N+](=O)[O-])o1,O,CC1=NN(c2ccc(C)cc2)C(=O)/C1=C/C=C/c1ccc2([N+](=O)[O-])~O~o12,-4.317392826080322,ok,
CN(c1ccccc1)c1ccc(/C=C2/C(=O)ON=C2c2ccc([N+](=O)[O-])cc2)cc1,O,CN1(c2ccccc2)~O~C2(=O)ON=C(c3ccc([N+](=O)[O-])cc3)/C2=C\c2ccc1cc2,-4.4753570556640625,ok,
COc1ccc(N2C(=O)/C(=C/c3ccc(-c4ccc([N+](=O)[O-])cc4Cl)o3)SC2=S)cc1,O,CO1~O~c2([N+](=O)[O-])ccc(c(Cl)c2)-c2ccc(o2)/C=C2\SC(=S)N(C2=O)c2ccc1cc2,-6.30211067199707,ok,
CC1=C(C#N)c2nc(N)c(C#N)c(C)c2/C1=C\c1ccc(I)o1,O,CC1=C(C#N)c2nc(N)c(C#N)c(C)c2/C1=C\c1ccc2(I)~O~o12,-5.947739601135254,ok,
O=C1N=C(Nc2ccc(O)cc2)S/C1=C/C(Cl)=C/c1ccc([N+](=O)[O-])cc1,O,O=[N+]([O-])c1ccc(/C=C(Cl)/C=C2/SC3=NC2(=O)~O~Oc2ccc(cc2)N3)cc1,-3.93393611907959,ok,
O=C1/C(=C/C(Cl)=C/c2ccc([N+](=O)[O-])cc2)SC(=S)N1c1ccc(O)cc1,O,O=[N+]([O-])c1ccc(/C=C(Cl)/C=C2\SC(=S)N3c4ccc(cc4)O~O~C23=O)cc1,-5.894707202911377,ok,
CCCSC1=N/C(=C\c2ccc(-c3ccc([N+](=O)[O-])cc3Cl)o2)C(=O)S1,O,CCCSC1=N/C(=C\c2ccc3o2~O~c2([N+](=O)[O-])ccc-3c(Cl)c2)C(=O)S1,-6.312267780303955,ok,
CCN(CC)c1ccc(/C=C(/C#N)c2ccc([N+](=O)[O-])cc2)c(OC)c1,O,CCN(CC)c1ccc2c(c1)O(C)~O~c1([N+](=O)[O-])ccc(cc1)/C(C#N)=C\2,-6.390066146850586,ok,
CCN1C=C/C(=C\C=C\c2ccc3ccccc3[n+]2CC)c2ccccc21,O,CC[n+]1c2ccc3ccccc31~O~N1(CC)C=C/C(=C\C=C\2)c2ccccc21,-6.409879684448242,ok,
CC[N+]1=C(/C=C/N(C)C)c2cccc3cccc1c23,O,CC[N+]1=C2(~O~N(C)(C)C=C2)c2cccc3cccc1c23,-4.572467803955078,ok,
CC[n+]1c(/C=C/C=C/C=C/N(C(C)=O)c2ccccc2)sc2ccc3ccccc3c21,O,CC[n+]1c2c(ccc3ccccc32)sc12~O~N(C(C)=O)(c1ccccc1)/C=C/C=C/C=C/2,,failed,Featurization failed: RDKit could not parse Smiles_Merged
Cn1c(-c2ccccc2)c(/C(=C/C=C2/C(c3ccccc3)=[N+](C)c3ccccc32)c2ccccc2)c2ccccc21,O,C[N+]1=C2(c3ccccc3)~O~n3(C)c(-c4ccccc4)c(c4ccccc43)/C(c3ccccc3)=C/C=C/2c2ccccc21,-6.446089267730713,ok,
CC1OC/C(=C\C=C\N(C)C)C(=O)/C1=C/C=C/N(C)C,O,CC1OCC2=CC=CN(C)(C)~O~C2(=O)/C1=C/C=C/N(C)C,-2.86125111579895,ok,
O=C(Nc1ccc(Nc2ccccc2)c2c1C(=O)c1ccccc1C2=O)c1ccccc1,O,O=C1c2ccccc2C(=O)c2c3ccc(c21)NC(=O)(c1ccccc1)~O~N3c1ccccc1,-6.4540605545043945,ok,
CCCCCCCNc1ccc(NC(=O)c2ccccc2)c2c1C(=O)c1ccccc1C2=O,O,CCCCCCCN1~O~C(=O)(c2ccccc2)Nc2ccc1c1c2C(=O)c2ccccc2C1=O,-6.239684581756592,ok,
O=C1c2ccccc2C(=O)c2c1cc(NC1CCCCC1)c1nsnc21,O,O=C1c2ccccc2C2(=O)~O~N(C3CCCCC3)c3cc1c2c1nsnc31,-6.16600227355957,ok,
N#C/C(=C\C=C(/Cl)c1ccc([N+](=O)[O-])cc1)c1nc(-c2ccc3c(c2)OCO3)cs1,O,N#C/C1=C\C=C(/Cl)c2ccc([N+](=O)[O-])(~O~O3COc4cc(ccc43)-c3csc1n3)cc2,-6.056900978088379,ok,
C=CCn1c(=O)/c(=C/C=C2\C=CN(CC)c3ccccc32)s/c1=C\c1sc(-c2ccccc2)c(-c2ccccc2)[n+]1CC,O,C=CCn1/c(=C/c2sc(-c3ccccc3)c(-c3ccccc3)[n+]2CC)s/c2c1(=O)~O~N1(CC)C=C/C(=C\C=2)c2ccccc21,-5.223559379577637,ok,
CCCCN1C(=O)/C(=C\C=C2\C=CN(CC)c3ccccc32)SC1=S,O,CCCCN1C(=S)S/C2=C/C=C3/C=CN(CC)(~O~C21=O)c1ccccc13,-6.711883068084717,ok,
O=C1OC(c2ccccc2)=C/C1=C/c1ccc(-c2ccc([N+](=O)[O-])cc2Br)o1,O,O=[N+]([O-])c1ccc(-c2ccc3o2~O~C2(=O)OC(c4ccccc4)=C/C2=C/3)c(Br)c1,-5.768285751342773,ok,
CCN1C(=O)/C(=C/C=C2\C=CN(CC)c3ccccc32)SC1=S,O,CCN1C(=S)S/C2=C\C=C3/C=CN(CC)(~O~C21=O)c1ccccc13,-6.353228569030762,ok,
O=C1SC(SCc2ccccc2)=N/C1=C\C=C\c1ccc([N+](=O)[O-])o1,O,O=C1SC(SCc2ccccc2)=N/C1=C\C=C\c1ccc2([N+](=O)[O-])~O~o12,-5.063809394836426,ok,
CC[n+]1c(/C=C/C=C2/C=C(/C=C/N(C(C)=O)c3ccccc3)CC(C)(C)C2)sc2ccccc21,O,CC[n+]1c2ccccc2sc12~O~N(C(C)=O)(c1ccccc1)/C=C/C1=C/C(=C/C=C/2)CC(C)(C)C1,,failed,Featurization failed: RDKit could not parse Smiles_Merged
CCN1/C(=C/C=C(C)/C=C/c2sc3ccccc3[n+]2CC)Sc2ccccc21,O,CC[n+]1c2ccccc2sc12~O~N1(CC)/C(=C/C=C(C)/C=C/2)Sc2ccccc21,,failed,Featurization failed: RDKit could not parse Smiles_Merged
CN(C)/C=C\C=C\C=C\C(=O)/C=C/C=C/C=C/N(C)C,O,CN(C)/C=C/C=C/C=C/C1(=O)~O~N(C)(C)/C=C\C=C\C=C\1,-3.3843958377838135,ok,
COC(=O)C(=C/C=C/C=C/N(C)C)C(=O)OC,O,COC(=O)C(=C/C=C/C=C/N(C)C)C1(=O)~O~O1C,-3.0512213706970215,ok,
O=C1C2=C/C(=C\NC3CCCCC3)C(=O)N2c2ccccc21,O,O=C1C2=CC3=CN(C4CCCCC4)~O~C3(=O)N2c2ccccc21,-4.973274230957031,ok,
CN1C=CC(=C/C=C2/C=Nc3ccccc32)C=C1,O,CN12~O~c34ccccc3/C(=C\C=C(C=C1)C=C2)C=N4,-3.098562002182007,ok,
CN(C)/C=C/C=C/C=[N+](C)C,O,C[N+](C)=C1~O~N(C)(C)C=CC=C1,-0.11038965731859207,ok,
O=C1NC(=S)S/C1=C/c1ccc(-c2ccc([N+](=O)[O-])cc2Cl)o1,O,O=C1NC(=S)S/C1=C/c1ccc2o1~O~c1([N+](=O)[O-])ccc-2c(Cl)c1,-6.9331769943237305,ok,
O=C1C(Cl)=C(N2CCOCC2)C(=O)C(Cl)=C1/C=C/N1CCOCC1,O,O=C1C(Cl)=C(N2CCOCC2)C2(=O)~O~O3CCN(/C=C/C1=C2Cl)CC3,-3.5650112628936768,ok,
CN(C)c1ccc(/C=C/C=C/c2ccc([N+](=O)[O-])cc2)cc1,O,CN1(C)~O~c2([N+](=O)[O-])ccc(cc2)/C=C/C=C/c2ccc1cc2,-5.794613361358643,ok,
CN(C)c1ccc(NC(=O)c2ccc3nc4c5ccccc5c5ccccc5c4nc3c2)cc1,O,CN1(C)~O~C(=O)(c2ccc3nc4c5ccccc5c5ccccc5c4nc3c2)Nc2ccc1cc2,-5.468034744262695,ok,
CCCCN1C(=O)/C(=C\C=C2/SC(c3ccccc3)=C(c3ccccc3)N2CC)SC1=S,O,CCCCN1C(=S)S/C2=C/C=C3\SC(c4ccccc4)=C(c4ccccc4)N3(CC)~O~C21=O,-7.00991153717041,ok,
O=C1Nc2ccccc2/C1=N/N=C/c1cccs1,O,O=C12~O~N1c1ccccc1/C2=N/N=C/c1cccs1,-4.974958419799805,ok,
COc1ccc(C2=C/C(=C/c3ccc(-c4cccc([N+](=O)[O-])c4)o3)C(=O)O2)cc1,O,CO1~O~C2(=O)OC(=C/C2=C/c2ccc(-c3cccc([N+](=O)[O-])c3)o2)c2ccc1cc2,-5.321685791015625,ok,
COc1cc([N+](=O)[O-])ccc1-c1ccc(/C=C2/C=C(c3ccc(C(C)(C)C)cc3)OC2=O)o1,O,CO1~O~C2(=O)OC(c3ccc(C(C)(C)C)cc3)=C/C2=C/c2ccc(o2)-c2ccc([N+](=O)[O-])cc21,-5.969482421875,ok,
Cc1ccccc1N1C(=O)C(=Cc2ccc(-c3ccc(C(=O)O)cc3)o2)SC1=S,O,Cc1ccccc1N1C(=O)C(=Cc2ccc(-c3ccc(C4(=O)~O~O4)cc3)o2)SC1=S,-4.504963397979736,ok,
Cc1ccsc1/C=N/N=C1\C(=O)Nc2ccccc21,O,Cc1ccsc1/C=N/N=C1/c2ccccc2N2~O~C12=O,-5.12406063079834,ok,
O=C1SC(SCc2ccccc2)=N/C1=C\C=C\c1ccco1,O,O=C12~O~o3cccc3/C=C/C=C/1N=C(SCc1ccccc1)S2,-5.210818290710449,ok,
CCN1C(=O)/C(=c2\s/c(=C3/C=Cc4ccccc4N3CC)c(=O)n2CC)SC1=S,O,CCN1C(=O)/C(=c2\s/c3c(=O)(~O~N4(CC)\C=3C=Cc3ccccc34)n2CC)SC1=S,-6.782583236694336,ok,
CC[n+]1c(/C=C/C=C2/C=C(/C=C/N(C)c3ccccc3)CC(C)(C)C2)sc2ccccc21,O,CC[n+]1c2ccccc2sc12~O~N(C)(c1ccccc1)/C=C/C1=C/C(=C/C=C/2)CC(C)(C)C1,,failed,Featurization failed: RDKit could not parse Smiles_Merged
O=S(=O)([O-])CCCN1CCS/C1=C\C=C\C1=[N+](CCCS(=O)(=O)[O-])CCS1,O,O=S(=O)([O-])CCC[N+]1=C2(~O~[O-]S(=O)(=O)CCCN3CCS/C3=C\C=C\2)SCC1,-4.362081527709961,ok,
CN1/C(=C/C=C/C2=[N+](C)c3ccc4ccccc4c3C2(C)C)C(C)(C)c2c1ccc1ccccc21,O,C[N+]1=C2/C=C/C=C3\C(C)(C)c4c(ccc5ccccc45)N3(C)~O~c13ccc1ccccc1c3C2(C)C,-6.93204402923584,ok,
CN(C)/C=C/C=C1/CCC(/C=C/N(C)C)=CC1=O,O,CN(C)/C=C/C1=CC2(=O)~O~N(C)(C)/C=C/C=C\2CC1,-2.321460008621216,ok,
CN(C)/C=C/C=C1/CC/C(=C/C=C/N(C)C)C(=O)C1=O,O,CN(C)/C=C/C=C1/CC/C2=C/C=C/N(C)(C)~O~C1(=O)C2=O,-1.8571568727493286,ok,
O=[N+]([O-])c1ccc(/C=N/N=C/c2ccccc2O)o1,O,O=[N+]([O-])c12~O~Oc3ccccc3/C=N/N=C/c(cc1)o2,-4.175745964050293,ok,
N#Cc1cc2ccc(N3CCOCC3)cc2cc1C#N,O,N#Cc1cc2ccc3cc2cc1C(#N)~O~O1CCN3CC1,-5.173803329467773,ok,
Cc1ccc(Nc2cc(NC3CCCCC3)c3noc4c3c2C(=O)c2ccccc2-4)cc1,O,Cc1ccc(Nc2cc3c4noc5c4c2C(=O)(~O~N3C2CCCCC2)c2ccccc2-5)cc1,-5.680571556091309,ok,
N#C/C(=C\C=C\c1ccc([N+](=O)[O-])cc1)c1nc(-c2ccc3c(c2)OCO3)cs1,O,N#C/C1=C\C=C\c2ccc([N+](=O)[O-])(~O~O3COc4cc(ccc43)-c3csc1n3)cc2,-5.657224655151367,ok,
CCN1/C(=C/C=C/C=C/c2ccc3ccc4ccoc4c3[n+]2CC)C=Cc2ccc3ccoc3c21,O,CCN1/C2=C/C=C/C=C/c3ccc4ccc5ccoc5c4(~O~o4ccc5ccc(c1c54)C=C2)[n+]3CC,-6.91248893737793,ok,
O=C1/C(=C\c2ccc(-c3ccc([N+](=O)[O-])cc3Br)o2)Sc2ccccc21,O,O=C1/C(=C\c2ccc3o2~O~c2([N+](=O)[O-])ccc-3c(Br)c2)Sc2ccccc21,-6.809300422668457,ok,
O=C1OC(c2ccc(Br)cc2)=C/C1=C/c1ccc(-c2ccc([N+](=O)[O-])cc2)o1,O,O=[N+]([O-])c1ccc(-c2ccc3o2~O~C2(=O)OC(c4ccc(Br)cc4)=C/C2=C/3)cc1,-5.704662322998047,ok,
O=C1NC(=S)NC(=O)C1=Cc1ccc(-c2ccc(S(=O)(=O)Nc3nccs3)cc2)o1,O,O=C1NC(=S)NC(=O)C1=Cc1ccc2o1~O~S(=O)(=O)(Nc1nccs1)c1ccc-2cc1,-7.405896186828613,ok,
Cc1cc(/C=C2/SC(=S)NC2=O)c(C)n1-c1ccc(N2CCOCC2)cc1,O,Cc1cc2c(C)n1-c1ccc(cc1)N1CCO(~O~C3(=O)NC(=S)S/C3=C/2)CC1,-5.321051597595215,ok,
CN(C)c1ccc(/N=C/c2ccc([N+](=O)[O-])cc2)cc1,O,CN1(C)~O~c2([N+](=O)[O-])ccc(cc2)/C=N/c2ccc1cc2,-4.537131309509277,ok,
CN(C)/C=C/C=C/C=C/C(=O)c1ccc(C(=O)/C=C/C=C/C=C/N(C)C)cc1,O,CN(C)/C=C/C=C/C=C/C(=O)c1ccc(C2(=O)~O~N(C)(C)/C=C/C=C/C=C/2)cc1,-5.6579694747924805,ok,
S=C1NC(=S)/C(=C\c2ccc(-c3ccc(Br)cc3)o2)S1,O,S=C1NC2(=S)~O~o3c(ccc3-c3ccc(Br)cc3)/C=C\1S2,-7.285425186157227,ok,
O=c1c(Cl)c2oc3cc(N4CCOCC4)ccc3nc-2c2ccccc12,O,O=c12~O~o3c(c1Cl)-c(nc1ccc(N4CCOCC4)cc13)c1ccccc12,-4.752926826477051,ok,
O=C(c1ccc2nsnc2c1)N1CCC2(CC1)CC2(F)F,O,O=C(c1ccc2nsnc2c1)N12~O~C3(F)(F)CC3(CC1)CC2,-5.5366692543029785,ok,
O=C(c1ccc2nsnc2c1)N1CCN(C2CCS(=O)(=O)CC2)CC1,O,O=C1(c2ccc3nsnc3c2)~O~N12CCN(C1CCS(=O)(=O)CC1)CC2,-5.22129487991333,ok,
O=C(c1ccc2nsnc2c1)N1C2CCC1CC(F)C2,O,O=C1(c2ccc3nsnc3c2)~O~N12C1CCC2CC(F)C1,-5.57623291015625,ok,
C=C1CC2CCC(C1)N2C(=O)c1ccc2nsnc2c1,O,C=C1CC2CCC(C1)N21~O~C1(=O)c1ccc2nsnc2c1,-5.221272945404053,ok,
CC=C1CC2CCC(C1)N2C(=O)c1ccc2nsnc2c1,O,CC=C1CC2CCC(C1)N21~O~C1(=O)c1ccc2nsnc2c1,-5.310559272766113,ok,
CC(C)Cn1c(=O)[nH]c2c(C(=O)N3CCOCC3)snc2c1=O,O,CC(C)Cn1c(=O)c2nsc3c2[nH]c1(=O)~O~O1CCN(CC1)C3=O,-4.061939239501953,ok,
O=C(c1ccc2nsnc2c1)N1CC2CC1CS2(=O)=O,O,O=C1(c2ccc3nsnc3c2)~O~N12CC1CC2CS1(=O)=O,-5.181982040405273,ok,
CC(C)Cn1c(=O)[nH]c2c(C(=O)N3CCN(C(C)C)CC3)snc2c1=O,O,CC(C)Cn1c(=O)c2nsc3c2[nH]c1(=O)~O~N1(CCN(C(C)C)CC1)C3=O,-3.8543272018432617,ok,
O=C(c1ccc2nsnc2c1)N1C2C=CCC1CC2,O,O=C1(c2ccc3nsnc3c2)~O~N12C1C=CCC2CC1,-5.140497207641602,ok,
CS(=O)(=O)C1CCN(C(=O)c2ccc3nsnc3c2)CC1,O,CS(=O)(=O)C1CCN2(~O~C2(=O)c2ccc3nsnc3c2)CC1,-5.195611000061035,ok,
CSC1CC2CCC(C1)N2C(=O)c1ccc2nsnc2c1,O,CSC1CC2CCC(C1)N21~O~C1(=O)c1ccc2nsnc2c1,-5.437911510467529,ok,
O=C(c1ccc2nsnc2c1)N1CCN(CC(O)C2CC2)CC1,O,O=C1(c2ccc3nsnc3c2)~O~OC(C2CC2)CN2CCN1CC2,-4.23628044128418,ok,
COC1CCN(C(=O)c2ccc3nsnc3c2)CC1,O,CO1~O~C(=O)(c2ccc3nsnc3c2)N2CCC1CC2,-4.835806846618652,ok,
O=C(c1ccc2nsnc2c1)N1CCN(c2cnsn2)CC1,O,O=C1(c2ccc3nsnc3c2)~O~N2(c3cnsn3)CCN1CC2,-5.0432939529418945,ok,
O=C(c1ccc2nsnc2c1)N1C2CCC1CC(n1cccn1)C2,O,O=C1(c2ccc3nsnc3c2)~O~N12C1CCC2CC(n2cccn2)C1,-4.988082408905029,ok,
O=C(c1ccc2nsnc2c1)N1C2CCC1CC(n1ccnn1)C2,O,O=C1(c2ccc3nsnc3c2)~O~N12C1CCC2CC(n2ccnn2)C1,-4.912570476531982,ok,
Nc1nc(-c2ccc3nsnc3c2)cs1,O,c1cc2nsnc2cc1-c1csc2(~O~N2)n1,,failed,Featurization failed: RDKit could not parse Smiles_Merged
C[N+]1=C(/C=C/C=C2\Sc3ccccc3N2CCCS(=O)(=O)[O-])SCC1,O,C[N+]1=C2(~O~[O-]S(=O)(=O)CCCN3/C(=C/C=C/2)Sc2ccccc23)SCC1,-3.522247552871704,ok,
O=C1N=C(N2CCOCC2)S/C1=C\C=C\c1ccc([N+](=O)[O-])cc1,O,O=[N+]([O-])c1ccc(/C=C/C=C2\SC3=NC2(=O)~O~O2CCN3CC2)cc1,-4.714723110198975,ok,
[N-]=[N+]=NC1CCN(C(=O)c2ccc3nsnc3c2)CC1,O,[N-]=[N+]=NC1CCN2(~O~C2(=O)c2ccc3nsnc3c2)CC1,-4.9018144607543945,ok,
O=C1C=C(Cl)C2C=CC3=C4C2=C1C=CC4C(Cl)=CC3=O,O,O=C1C=C(Cl)C2C=CC3=C4C2=C1C=CC4C(Cl)=CC31~O~O=1,-4.537337303161621,ok,
O=C(c1ccc2nsnc2c1)N1CCC2(CC1)OCCCO2,O,O=C1(c2ccc3nsnc3c2)~O~O2CCCOC23CCN1CC3,-5.405767440795898,ok,
O=C(c1ccc2nsnc2c1)N1CCC(CSCc2ccco2)CC1,O,O=C1(c2ccc3nsnc3c2)~O~o2cccc2CSCC2CCN1CC2,-6.074504852294922,ok,
Cc1ccc(NC(=O)/C=C/c2ccc([N+](=O)[O-])s2)cc1,O,Cc1ccc(N2~O~c3([N+](=O)[O-])ccc(s3)/C=C/C2=O)cc1,-5.5020318031311035,ok,
CN1CCc2cc(C(O)CNC(=O)c3ccc4nsnc4c3)ccc21,O,CN1CCc2cc(C3CNC(=O)(c4ccc5nsnc5c4)~O~O3)ccc21,-4.078590393066406,ok,
Cc1ccc(N=C2C=C(SC#N)C(=O)C(SC#N)=C2)cc1,O,Cc1ccc(N=C2C=C(SC#N)C3(~O~O=3)C(SC#N)=C2)cc1,-4.271486282348633,ok,
Cc1ccc(N=C2C=C(Cl)C(=O)C(Cl)=C2)cc1,O,Cc1ccc(N=C2C=C(Cl)C3(~O~O=3)C(Cl)=C2)cc1,-4.1468987464904785,ok,
COc1ccc(N2C(=O)/C(=C/C=C/c3ccco3)SC2=S)cc1,O,CO1~O~C2(=O)/C(=C/C=C/c3ccco3)SC(=S)N2c2ccc1cc2,-6.074864387512207,ok,
O=C1/C(=C/C=C/c2ccco2)SC(=S)N1c1ccccc1F,O,O=C12~O~o3cccc3/C=C/C=C/1SC(=S)N2c1ccccc1F,-6.131902694702148,ok,
O=C1/C(=C/c2ccc(Br)o2)CC/C1=C\c1ccc(Br)o1,O,O=C12~O~o3c(Br)ccc3/C=C/1CC/C2=C\c1ccc(Br)o1,-6.106860160827637,ok,
CN(C)c1ccc(C2=C([O-])C(=C3C=CC(=[N+](C)C)C=C3)C2=O)cc1,O,CN(C)c1ccc(C2=C3[O-]~O~C4(=[N+](C)C)C=CC(=C3C2=O)C=C4)cc1,-3.7114791870117188,ok,
CCCCN(CCCC)c1ccc(C2=C([O-])/C(=C3\C=CC(=[N+](CCCC)CCCC)C=C3O)C2=O)c(O)c1,O,CCCCN(CCCC)c1ccc(C2=C3[O-]~O~C4(=[N+](CCCC)CCCC)C=C/C(=C\3C2=O)C(O)=C4)c(O)c1,-4.741591453552246,ok,
CC1(C)C(/C=C2/C(=O)C(/C=C3\N(CC(F)(F)F)c4ccc(OC(F)(F)F)cc4C3(C)C)=C2[O-])=[N+](CC(F)(F)F)c2ccc(OC(F)(F)F)cc21,O,CC1(C)C2=[N+](CC(F)(F)F)c3ccc(cc31)OC(F)(F)(F)~O~[O-]C1=C(/C=C3\N(CC(F)(F)F)c4ccc(OC(F)(F)F)cc4C3(C)C)C(=O)/C1=C/2,-5.714730739593506,ok,
O=C1/C(=C/C=C/c2ccccc2)SC(=S)N1c1cccc(O)c1,O,O=C12~O~Oc3cccc(c3)N1C(=S)S/C2=C\C=C\c1ccccc1,-4.0629191398620605,ok,
Cc1ccc(N2C(=O)/C(=C/C=C/c3ccco3)SC2=S)cc1,O,Cc1ccc(N2C(=S)S/C3=C\C=C\c4ccco4~O~C32=O)cc1,-6.117621421813965,ok,
Cc1cccc(N2C(=O)/C(=C/C=C/c3ccco3)SC2=S)c1C,O,Cc1cccc(N2C(=S)S/C3=C\C=C\c4ccco4~O~C32=O)c1C,-6.15838623046875,ok,
CCOc1ccc(N2C(=O)/C(=C/C=C/c3ccco3)SC2=S)cc1,O,CCO1~O~C2(=O)/C(=C/C=C/c3ccco3)SC(=S)N2c2ccc1cc2,-6.379183292388916,ok,
CCOc1ccccc1N1C(=O)/C(=C/C=C/c2ccco2)SC1=S,O,CCO1~O~C2(=O)/C(=C/C=C/c3ccco3)SC(=S)N2c2ccccc21,-6.015318870544434,ok,
CCN1/C(=C/C(=O)/C=C/C=C2/N(C)c3ccccc3C2(C)C)Sc2ccccc21,O,CCN1/C(=C/C2(=O)~O~N3(C)C(=CC=C2)C(C)(C)c2ccccc23)Sc2ccccc21,-5.765201091766357,ok,
CCN(CC)c1ccc(N2C(=O)/C(=C/C=C/c3ccco3)SC2=S)cc1,O,CCN(CC)c1ccc(N2C(=S)S/C3=C\C=C\c4ccco4~O~C32=O)cc1,-6.6573805809021,ok,
CCCCCCCCN1C=C/C(=C\C=C\c2sc3ccccc3[n+]2C)c2ccccc21,O,CCCCCCCCN12~O~c3(sc4ccccc4[n+]3C)/C=C/C=C(\C=C1)c1ccccc12,,failed,Featurization failed: RDKit could not parse Smiles_Merged
CCN1/C(=C/C=C/C=C/C2=[N+](CC)c3ccc4cc(S(=O)(=O)[O-])ccc4c3C2(C)C)C(C)(C)c2cc(CCC(=O)O)ccc21,O,CCN1/C2=C/C=C/C=C/C3=[N+](CC)c4ccc5cc(ccc5c4C3(C)C)S(=O)(=O)[O-]~O~C(=O)(O)CCc3ccc1c(c3)C2(C)C,-3.8485162258148193,ok,
O=C1/C(=C\c2ccc(-c3ccc([N+](=O)[O-])cc3)o2)SC(=S)N1CCS(=O)(=O)O,O,O=C1/C(=C\c2ccc3o2~O~c2([N+](=O)[O-])ccc-3cc2)SC(=S)N1CCS(=O)(=O)O,-5.780352592468262,ok,
O=C1/C(=C\c2ccc(-c3ccc([N+](=O)[O-])cc3Cl)o2)SC(=S)N1CCS(=O)(=O)O,O,O=C1/C(=C\c2ccc3o2~O~c2([N+](=O)[O-])ccc-3c(Cl)c2)SC(=S)N1CCS(=O)(=O)O,-5.941440582275391,ok,
Cc1c(-c2ccccc2)sc(/C=C/c2sc(-c3ccccc3)c(C)[n+]2C)[n+]1C,O,Cc1c(-c2ccccc2)sc2(~O~[n+]3(C)c(sc(-c4ccccc4)c3C)/C=C/2)[n+]1C,,failed,Featurization failed: RDKit could not parse Smiles_Merged
CCN1/C(=C/C=C/C=C/C2=[N+](CCCS(=O)(=O)[O-])c3ccc4ccccc4c3C2(C)C)C(C)(C)c2cc(CCC(=O)O)ccc21,O,CCN1/C2=C/C=C/C=C/C3=[N+](CCCS(=O)(=O)[O-]~O~C(=O)(O)CCc4ccc1c(c4)C2(C)C)c1ccc2ccccc2c1C3(C)C,-3.658909320831299,ok,
CC(C)(C)CN1/C(=C/C2=C([O-])/C(=C/C3=[N+](CC(C)(C)C)c4ccccc4C3(C)C)C2=O)C(C)(C)c2ccccc21,O,CC(C)(C)CN1/C(=C/C2=C3[O-]~O~c45ccccc4C(C)(C)C(=[N+]5CC(C)(C)C)\C=C\3C2=O)C(C)(C)c2ccccc21,-5.053725242614746,ok,
CN1/C(=C/C=C2/C=C(/C=C/C3=[N+](CCCCCC(=O)ON4C(=O)CCC4=O)c4ccccc4C3(C)C)CCC2)C(C)(C)c2ccccc21,O,CC1(C)C2=[N+](CCCCCC(=O)(ON3C(=O)CCC3=O)~O~N3(C)/C(=C/C=C4/C=C(/C=C/2)CCC4)C(C)(C)c2ccccc23)c2ccccc21,-5.150270462036133,ok,
CC1(C)C(/C=C/C=C/C=C2/N(CCCS(=O)(=O)O)c3ccc(CCC(=O)O)cc3C2(C)C)=[N+](CCCS(=O)(=O)[O-])c2ccc3ccccc3c21,O,CC1(C)C2=[N+](CCCS(=O)(=O)[O-]~O~C(=O)(O)CCc3ccc4c(c3)C(C)(C)/C(=C\C=C\C=C\2)N4CCCS(=O)(=O)O)c2ccc3ccccc3c21,-4.1349992752075195,ok,
CCN1/C(=C\C=C\C2=[N+](CCCCCC(=O)O)c3ccc(S(=O)(=O)[O-])cc3C2(C)C)C(C)(C)c2cc(S(=O)(=O)[O-])ccc21,O,CCN1/C2=C\C=C\C3=[N+](CCCCCC(=O)(O)~O~[O-]S(=O)(=O)c4ccc1c(c4)C2(C)C)c1ccc(S(=O)(=O)[O-])cc1C3(C)C,-3.8854963779449463,ok,
CCN1/C(=C/C=C2/C=C(/C=C/c3sc4ccc(OC)cc4[n+]3CC)COC2)Sc2ccc(OC)cc21,O,CCN1/C2=C/C=C3/C=C(/C=C/c4(~O~O(C)c5ccc(c1c5)S2)sc1ccc(OC)cc1[n+]4CC)COC3,,failed,Featurization failed: RDKit could not parse Smiles_Merged
CCN1/C(=C/C2=C/C(=C/c3sc4ccccc4[n+]3CC)CC(C)(C)C2)Sc2ccccc21,O,CC[n+]1c2ccccc2sc12~O~N1(CC)/C(=C/C3=C/C(=C/2)CC(C)(C)C3)Sc2ccccc21,,failed,Featurization failed: RDKit could not parse Smiles_Merged
CC(=O)N(/C=C/C=C/C1=[N+](CCCCCC(=O)O)c2ccc(S(=O)(=O)[O-])cc2C1(C)C)c1ccccc1,O,CC(=O)N(/C=C/C=C/C1=[N+]2CCCCCC(=O)(O)~O~[O-]S(=O)(=O)c3ccc2c(c3)C1(C)C)c1ccccc1,-4.097209930419922,ok,
COc1cccc(-c2csc(/C(C#N)=C/C=C/c3ccc([N+](=O)[O-])cc3)n2)c1,O,CO1~O~c2([N+](=O)[O-])ccc(cc2)/C=C/C=C(\C#N)c2nc(cs2)-c2cccc1c2,-6.0698699951171875,ok,
CN1/C(=C/C=C/C=C/C2=[N+](C)c3ccc(S(=O)(=O)[O-])cc3C2(C)C)C(C)(C)c2cc(S(=O)(=O)[O-])ccc21,O,CN1/C2=C/C=C/C=C/C3=[N+](C)c4(~O~[O-]S(=O)(=O)c5ccc1c(c5)C2(C)C)ccc(S(=O)(=O)[O-])cc4C3(C)C,-4.031347751617432,ok,
CCCCn1/c(=C/C2=C([O-])/C(=C/C3=[N+](CCCC)c4cccc5cccc3c45)C2=O)c2cccc3cccc1c32,O,CCCCn1/c(=C/C2=C3\[O-]~O~C4(=[N+](CCCC)c5cccc6cccc4c56)C=C3C2=O)c2cccc3cccc1c32,-5.137301921844482,ok,
CCCCOc1ccc2c3c(cccc13)C(/C=C/c1ccc(N(C)C)cc1)=[N+]2CCCC,O,CCCC[N+]1=C(/C=C/c2ccc(N(C)C)cc2)c2cccc3c4ccc1(~O~O4CCCC)c23,-7.02579402923584,ok,
CCN1/C(=C/C=C(/C=C/C2=[N+](CC)c3ccc4ccccc4c3C2(C)C)CCCO)C(C)(C)c2c1ccc1ccccc21,O,CCN1/C(=C/C=C2/C=C/C3=[N+](CC)c4(~O~OCCC2)ccc2ccccc2c4C3(C)C)C(C)(C)c2c1ccc1ccccc21,-6.009173393249512,ok,
CN1/C(=C/C=C2\CCCC(/C=C/C3=[N+](C)c4ccc5ccccc5c4C3(C)C)=C2Cl)C(C)(C)c2c1ccc1ccccc21,O,C[N+]1=C2/C=C/C3=C(Cl)/C(=C/C=C4\C(C)(C)c5c(ccc6ccccc56)N4(C)~O~c14ccc1ccccc1c4C2(C)C)CCC3,-7.620633602142334,ok,
CN1/C(=C/C=C/C2=C/C(=C/C=C/C3=[N+](C)c4ccc5ccccc5c4C3(C)C)CC(C)(C)C2)C(C)(C)c2c1ccc1ccccc21,O,C[N+]1=C2/C=C/C=C3/C=C(/C=C/C=C4\C(C)(C)c5c(ccc6ccccc56)N4(C)~O~c14ccc1ccccc1c4C2(C)C)CC(C)(C)C3,-7.639917373657227,ok,
C(/C=C/c1cc(-c2ccccc2)[s+]c(-c2ccccc2)c1)=C1C=C(c2ccccc2)SC(c2ccccc2)=C1,O,C1=C2C=C(c3ccccc3)S(~O~c3(-c4ccccc4)cc(cc(-c4ccccc4)[s+]3)/C=C/1)C(c1ccccc1)=C2,-8.7637357711792,ok,
CCCCCCCCn1/c(=C/C2=C([O-])/C(=C/C3=[N+](CCCCCCCC)c4cccc5cccc3c45)C2=O)c2cccc3cccc1c32,O,CCCCCCCCn1/c(=C/C2=C3\[O-]~O~C4(=[N+](CCCCCCCC)c5cccc6cccc4c56)C=C3C2=O)c2cccc3cccc1c32,-5.804802894592285,ok,
CC[N+]1=C(/C=C/C=C/C=C2/N(CCCS(=O)(=O)[O-])c3ccc(CCC(=O)O)cc3C2(C)C)C(C)(C)c2c1ccc1cc(S(=O)(=O)[O-])ccc21,O,CC[N+]1=C(/C=C/C=C/C=C2/N3CCCS(=O)(=O)[O-]~O~C(=O)(O)CCc4ccc3c(c4)C2(C)C)C(C)(C)c2c1ccc1cc(S(=O)(=O)[O-])ccc21,-4.104977607727051,ok,
CCN1/C(=C/C=C2\CC(C)CC(/C=C/c3sc4cc(Cl)ccc4[n+]3CC)=C2c2ccc(OC)cc2)Sc2cc(Cl)ccc21,O,CCN1/C(=C/C=C2\CC(C)CC3=C2c2ccc(cc2)O(C)~O~c2(sc4cc(Cl)ccc4[n+]2CC)/C=C/3)Sc2cc(Cl)ccc21,,failed,Featurization failed: RDKit could not parse Smiles_Merged
CCN1/C(=C\C=C\C2=[N+](CCCCCC(=O)ON3C(=O)CCC3=O)c3ccc(S(=O)(=O)[O-])cc3C2(C)C)C(C)(C)c2cc(S(=O)(=O)[O-])ccc21,O,CCN1/C2=C\C=C\C3=[N+](CCCCCC(=O)(ON4C(=O)CCC4=O)~O~[O-]S(=O)(=O)c4ccc1c(c4)C2(C)C)c1ccc(S(=O)(=O)[O-])cc1C3(C)C,-3.6426143646240234,ok,
CN1/C(=C\C=C2\C=C(/C=C/C3=[N+](CCCCCC(=O)ON4C(=O)CCC4=O)c4ccc5ccccc5c4C3(C)C)CCC2)C(C)(C)c2c1ccc1ccccc21,O,CC1(C)C2=[N+](CCCCCC(=O)(ON3C(=O)CCC3=O)~O~N3(C)/C(=C\C=C4\C=C(/C=C/2)CCC4)C(C)(C)c2c3ccc3ccccc23)c2ccc3ccccc3c21,-4.804441452026367,ok,
CCCCCCCCn1/c(=C/C2=C([O-])/C(=C/C3=[N+](CCCCCCCC)c4cc5c(c6cccc3c46)OC(C)C5)C2=O)c2cccc3c4c(cc1c32)CC(C)O4,O,CCCCCCCCn1/c(=C/C2=C3[O-]~O~c45cc6c(c7cccc(c74)C(=[N+]5CCCCCCCC)\C=C\3C2=O)OC(C)C6)c2cccc3c4c(cc1c32)CC(C)O4,-5.2740654945373535,ok,
CCn1/c(=C/C=C2\CCC(/C=C/C3=[N+](CC)c4ccc(Cl)c5cccc3c45)=C2c2ccccc2)c2cccc3c(Cl)ccc1c32,O,CC[N+]1=C2/C=C/C3=C(c4ccccc4)/C(=C/C=c4\c5cccc6c(Cl)ccc(c65)n4(CC)~O~c14ccc(Cl)c1cccc2c14)CC3,-7.913852691650391,ok,
CCCCn1/c(=C/C=C/C2=C/C(=C/C=C/C3=[N+](CCCC)c4cc5c(c6cccc3c46)OC(C)C5)CC(C)(C)C2)c2cccc3c4c(cc1c32)CC(C)O4,O,CCCCn1/c2c3cccc4c5c(cc1c43)CC(C)O5~O~c13cc4c(c5cccc(c51)C(=[N+]3CCCC)/C=C/C=C1/C=C(/C=C/C=2)CC(C)(C)C1)OC(C)C4,-7.628424644470215,ok,
CCCCn1/c(=C\C=C\C=C\C=C\C2=[N+](CCCC)c3cccc4cccc2c34)c2cccc3cccc1c32,O,CCCC[N+]1=C2/C=C/C=C/C=C/C=c3/c4cccc5cccc(c54)n3(CCCC)~O~c13cccc1cccc2c13,-7.558506011962891,ok,
CC1(C)C(/C=C/C=C/C=C2/N(CCCS(=O)(=O)[O-])c3ccc(CCC(=O)O)cc3C2(C)C)=[N+](CCCS(=O)(=O)[O-])c2ccc3ccccc3c21,O,CC1(C)C(/C=C/C=C/C=C2/N3CCCS(=O)(=O)[O-]~O~C(=O)(O)CCc4ccc3c(c4)C2(C)C)=[N+](CCCS(=O)(=O)[O-])c2ccc3ccccc3c21,-4.095971584320068,ok,
C(/C=C/C=C/c1cc(-c2ccccc2)[s+]c(-c2ccccc2)c1)=C1C=C(c2ccccc2)SC(c2ccccc2)=C1,O,C1=C2C=C(c3ccccc3)S(~O~c3(-c4ccccc4)cc(cc(-c4ccccc4)[s+]3)/C=C/C=C/1)C(c1ccccc1)=C2,-8.877653121948242,ok,
CN1/C(=C/C=C(/C=C/C2=[N+](C)c3ccc4ccccc4c3C2(C)C)CCCO)C(C)(C)c2c1ccc1ccccc21,O,CN1/C(=C/C=C2/C=C/C3=[N+](C)c4(~O~OCCC2)ccc2ccccc2c4C3(C)C)C(C)(C)c2c1ccc1ccccc21,-5.335563659667969,ok,
CCN1/C(=C/C=C(/C=C/C2=[N+](CC)c3ccc4cc(S(=O)(=O)[O-])ccc4c3C2(C)C)CCCO)C(C)(C)c2c1ccc1cc(S(=O)(=O)O)ccc21,O,CCN1/C2=C/C=C(CCCO)/C=C/C3=[N+](CC)c4ccc5cc(ccc5c4C3(C)C)S(=O)(=O)[O-]~O~S(=O)(=O)(O)c3ccc4c(c1ccc4c3)C2(C)C,-4.289571285247803,ok,
CCN1/C(=C/C=C(/C=C/C2=[N+](CC)c3ccc(-c4ccc(S(=O)(=O)[O-])cc4)cc3C2(C)C)CCCO)C(C)(C)c2cc(-c3ccc(S(=O)(=O)O)cc3)ccc21,O,CCN1/C2=C/C=C(CCCO)/C=C/C3=[N+](CC)c4ccc(cc4C3(C)C)-c3ccc(cc3)S(=O)(=O)[O-]~O~S(=O)(=O)(O)c3ccc(cc3)-c3ccc1c(c3)C2(C)C,-4.324098110198975,ok,
CCn1c(=O)/c(=C\C=C2/C=CN(CCS(=O)(=O)[O-])c3ccccc32)s/c1=C/c1scc(-c2ccccc2)[n+]1CCCS(=O)(=O)[O-],O,CCn1/c2s/c(=C/C=C3\C=CN(CCS(=O)(=O)[O-])c4ccccc43)c1(=O)~O~[O-]S(=O)(=O)CCC[n+]1c(-c3ccccc3)csc1\C=2,-4.575067043304443,ok,
CCCCCCCCn1/c(=C/C2=C([O-])/C(=C/C3=[N+](CCCCCCCC)c4ccc(OCCCC)c5cccc3c45)C2=O)c2cccc3c(OCCCC)ccc1c32,O,CCCCCCCCn1/c(=C/C2=C3[O-]~O~c45ccc(OCCCC)c6cccc(c64)C(=[N+]5CCCCCCCC)\C=C\3C2=O)c2cccc3c(OCCCC)ccc1c32,-5.763470649719238,ok,
O=S(=O)([O-])CCC[n+]1c(/C=C/C2=C(N(c3ccccc3)c3ccccc3)/C(=C/C=C3\Sc4ccccc4N3CCCS(=O)(=O)O)CC2)sc2ccccc21,O,O=S1(=O)CCC[n+]2c(sc3ccccc32)/C=C/C2=C(N(c3ccccc3)c3ccccc3)/C(=C/C=C3\Sc4ccccc4N3CCCS(=O)(=O)(O)~O~[O-]1)CC2,-4.005730628967285,ok,
CCCCn1/c(=C/C=C2\CCC(/C=C/C3=[N+](CCCC)c4ccc(Cl)c5cccc3c45)=C2N(c2ccccc2)c2ccccc2)c2cccc3c(Cl)ccc1c32,O,CCCC[N+]1=C2/C=C/C3=C(N(c4ccccc4)c4ccccc4)/C(=C/C=c4\c5cccc6c(Cl)ccc(c65)n4(CCCC)~O~c14ccc(Cl)c1cccc2c14)CC3,-8.358063697814941,ok,
C(/C=C1\CCC(/C=C/c2cc(-c3ccccc3)[s+]c(-c3ccccc3)c2)=C1c1ccccc1)=C1C=C(c2ccccc2)SC(c2ccccc2)=C1,O,C1=C2C=C(c3ccccc3)S(~O~c3(-c4ccccc4)cc(cc(-c4ccccc4)[s+]3)/C=C/C3=C(c4ccccc4)/C(=C/1)CC3)C(c1ccccc1)=C2,-9.094653129577637,ok,
CCCCOc1ccc(C2=C(/C=C/C3=[N+](CCCC)c4cccc5cccc3c45)CC(C)C/C2=C\C=c2/c3cccc4cccc(c43)n2CCCC)cc1,O,CCCCn1/c(=C/C=C2\CC(C)CC3=C2c2ccc(cc2)O(CCCC)~O~c24cccc5cccc(c52)C(=[N+]4CCCC)/C=C/3)c2cccc3cccc1c32,-8.296045303344727,ok,
O=S(=O)([O-])CCC[n+]1c(/C=C/C2=C(N(c3ccccc3)c3ccccc3)/C(=C/C=C3\Sc4ccc5ccccc5c4N3CCCS(=O)(=O)O)CC2)sc2ccc3ccccc3c21,O,O=S1(=O)CCC[n+]2c(sc3ccc4ccccc4c32)/C=C/C2=C(N(c3ccccc3)c3ccccc3)/C(=C/C=C3\Sc4ccc5ccccc5c4N3CCCS(=O)(=O)(O)~O~[O-]1)CC2,-4.117347240447998,ok,
CC1(C)C(/C=C/C=C/C=C2/N(CCCS(=O)(=O)[O-])c3ccc(CCC(=O)O)cc3C2(C)C)=[N+](CCCS(=O)(=O)[O-])c2ccc3cc(S(=O)(=O)[O-])ccc3c21,O,CC1(C)C(/C=C/C=C/C=C2/N3CCCS(=O)(=O)[O-]~O~C(=O)(O)CCc4ccc3c(c4)C2(C)C)=[N+](CCCS(=O)(=O)[O-])c2ccc3cc(S(=O)(=O)[O-])ccc3c21,-4.515474796295166,ok,
CCCCn1/c(=C\C=C\C=C\C2=[N+](CCCC)c3cccc4cccc2c34)c2cccc3cccc1c32,O,CCCC[N+]1=C2/C=C/C=C/C=c3/c4cccc5cccc(c54)n3(CCCC)~O~c13cccc1cccc2c13,-7.523349285125732,ok,
CC(C)(c1ccccc1)c1ccc2c(c1)C(=[N+]1CCOCC1)C=C(O)/C2=C1\C(=O)C(c2c(O)cc(N3CCOCC3)c3cc(C(C)(C)c4ccccc4)ccc23)=C1[O-],O,CC(C)(c1ccccc1)c1ccc2c(c1)C1(=[N+]3CCOCC3)~O~[O-]C3=C(c4c(O)cc(N5CCOCC5)c5cc(C(C)(C)c6ccccc6)ccc45)C(=O)/C3=C/2C(O)=C1,-3.5519230365753174,ok,
CC(C)CN1CCCc2cc(/C=C3/NC(=S)SC3=O)ccc21,O,CC(C)CN12~O~C3(=O)SC(=S)N/C3=C/c3ccc1c(c3)CCC2,-6.811755657196045,ok,
CN(C)C(/C=C/Nc1cc(C(F)(F)F)cc(C(F)(F)F)c1)=C(C#N)C#N,O,CN1(C)~O~C(F)(F)(F)c2cc(cc(C(F)(F)F)c2)N/C=C/C1=C(C#N)C#N,-7.591697692871094,ok,
COC(=O)c1cc([N+](=O)[O-])ccc1NC1CCCCC1,O,CO1~O~C1(=O)c1cc([N+](=O)[O-])ccc1NC1CCCCC1,-5.211246490478516,ok,
CN(C)c1ccc(/C=C/C=[N+]2\OC(=O)C(c3ncc(C(F)(F)F)cc3Cl)=C2[O-])cc1,O,CN(C)c1ccc(/C=C/C=[N+]2\OC3(=O)~O~[O-]C2=C3c2ncc(C(F)(F)F)cc2Cl)cc1,-3.039684534072876,ok,
CO/N=C(/C)c1ccc(/C(C#N)=C/N(C)C)s1,O,C/C(=N/O1~O~C1)c1ccc(/C(C#N)=C/N(C)C)s1,-4.145016193389893,ok,
CN(C)c1ccc(/C=C(\C#N)c2ccc(C(=O)c3ccccc3F)s2)cc1,O,CN1(C)~O~C(=O)(c2ccccc2F)c2ccc(s2)/C(C#N)=C/c2ccc1cc2,-6.332054138183594,ok,
COc1ccc2c(c1)C=C(C=C1C(=O)c3ccccc3C1=O)CO2,O,CO1~O~C2(=O)C(=CC3=Cc4cc1ccc4OC3)C(=O)c1ccccc12,-5.412481784820557,ok,
COc1ccc(OC)c(N/C=C/C(=C(C#N)C#N)N(C)C)c1,O,COc1ccc2cc1N/C=C/C(N(C)C)=C(C#N)(C#N)~O~O2C,-4.758021354675293,ok,
COC(=O)C1=C(C)N(CCc2ccccc2)C(=O)/C1=C\C=C/c1ccc(N(C)C)cc1,O,CC1=C(C2(=O)~O~O2C)/C(=C/C=C\c2ccc(N(C)C)cc2)C(=O)N1CCc1ccccc1,-4.952706813812256,ok,
CC(=O)c1c(/C=C/N(C)C)[n+]([O-])c2ccccc2[n+]1[O-],O,CC(=O)c12~O~[O-][n+](c1/C=C/N(C)C)c1ccccc1[n+]2[O-],-3.1623880863189697,ok,
Cc1cc(C)c(-c2c3nc(c(-c4c(C)cc(C)cc4C)c4ccc([nH]4)c(-c4c(C)cc(C)cc4C)c4nc(c(-c5c(C)cc(C)cc5C)c5ccc2[nH]5)C=C4)C=C3)c(C)c1,O,Cc1cc(C)c(-c2c3nc(c(-c4c(C)cc(C)cc4C)c4ccc5c(-c6c(C)cc(C)cc6C)c6nc(~O~[nH]45)(c(-c4c(C)cc(C)cc4C)c4ccc2[nH]4)C=C6)C=C3)c(C)c1,-6.743791103363037,ok,
CC(C)(C)c1cc(-c2c3nc(c(-c4cc(C(C)(C)C)cc(C(C)(C)C)c4)c4ccc([nH]4)c(-c4cc(C(C)(C)C)cc(C(C)(C)C)c4)c4nc(c(-c5cc(C(C)(C)C)cc(C(C)(C)C)c5)c5ccc2[nH]5)C=C4)C=C3)cc(C(C)(C)C)c1,O,CC(C)(C)c1cc(-c2c3nc(c(-c4cc(C(C)(C)C)cc(C(C)(C)C)c4)c4ccc5c(-c6cc(C(C)(C)C)cc(C(C)(C)C)c6)c6nc(~O~[nH]45)(c(-c4cc(C(C)(C)C)cc(C(C)(C)C)c4)c4ccc2[nH]4)C=C6)C=C3)cc(C(C)(C)C)c1,-6.736416339874268,ok,
COc1ccc(C=CC=C2C(=O)c3ccccc3C2=O)cc1,O,CO1~O~C2(=O)C(=CC=Cc3ccc1cc3)C(=O)c1ccccc12,-5.738461017608643,ok,
CCN1C(=O)C(=CC=Cc2ccc(OC)cc2)SC1=S,O,CCN1C(=S)SC2=CC=Cc3ccc(cc3)O(C)~O~C21=O,-5.709684371948242,ok,
Cc1ccc(C)n1-c1ccc(C=C(C#N)C#N)cc1,O,Cc1ccc(C)n12~O~C(C#N)(C#N)=Cc1ccc-2cc1,-5.037533283233643,ok,
N#CC1=CC(=C2C=CC=CC=C2)C=C1C#N,O,N#CC1=CC(=C2C=CC=CC=C2)C=C1C1~O~N#1,-4.193978786468506,ok,
CN(C)c1ccc(N=Nc2ccccc2C(=O)[O-])cc1,O,CN(C)c1ccc(N=Nc23~O~O=C([O-])c2cccc3)cc1,-3.5632271766662598,ok,
O=C1C(Cl)=CC(=Nc2ccc([O-])cc2)C=C1Cl,O,O=C12~O~[O-]c3ccc(cc3)N=C(C=C1Cl)C=C2Cl,-3.6837446689605713,ok,
COC1CC(=O)/C2=C\CCCC(C)OC(=O)C3=C(/C=C/C=C/C=C/C(=O)O)OC1C32,O,COC1CC(=O)/C2=C\CCCC(C)OC3(=O)~O~O4C(/C=C/C=C/C=C/C(=O)O)=C3C2C14,-6.5553789138793945,ok,
CN(C)\C=C\C=C\C=C1/c2ccccc2-c2ccc(cc12)[N+]([O-])=O,O,CN1(C)~O~c2([N+](=O)[O-])ccc3c(c2)/C(=C/C=C/C=C/1)c1ccccc1-3,-6.49431037902832,ok,
CN1C=C/C(=C/C=C(/C=C/c2cc[n+](C)c3ccccc23)c2ccccc2)c2ccccc21,O,C[n+]1ccc2c3ccccc31~O~N1(C)C=C/C(=C/C=C(c3ccccc3)/C=C/2)c2ccccc21,-6.352949619293213,ok,
CCCN(CCC)c1ccc(C(NC(C)C)=c2ccc(=C(C#N)C#N)cc2)cc1,O,CCCN(CCC)c1ccc(C2=c3ccc(cc3)=C(C#N)(C#N)~O~N2C(C)C)cc1,-6.26906681060791,ok,
CC[n+]1c(/C=C/C=C/C=C/N(C)c2ccccc2)sc2c(C)c(C)sc21,O,CC[n+]1c2sc3c(C)c(C)sc31~O~N(C)(c1ccccc1)/C=C/C=C/C=C/2,-7.557740211486816,ok,
CCN1/C(=C/C=C/C=C/C2=C/C(=C/c3sc4ccccc4[n+]3CC)CC(C)(C)C2)Sc2ccccc21,O,CC[n+]1c2ccccc2sc12~O~N1(CC)/C(=C/C=C/C=C/C3=C/C(=C/2)CC(C)(C)C3)Sc2ccccc21,,failed,Featurization failed: RDKit could not parse Smiles_Merged
CC[n+]1c(C=CC=C2C=C(C=CN(C)c3ccccc3)CC(C)(C)C2)sc2ccccc21,O,CC[n+]1c2ccccc2sc12~O~N(C)(c1ccccc1)C=CC1=CC(=CC=C2)CC(C)(C)C1,,failed,Featurization failed: RDKit could not parse Smiles_Merged
CN(C)c1ccc(/C=C2\CCCc3c2cc(-c2ccccc2)[o+]c3-c2ccccc2)cc1,O,CN1(C)~O~c2(-c3ccccc3)[o+]c(-c3ccccc3)cc3c2CCC/C3=C\c2ccc1cc2,-9.484893798828125,ok,
